Score	HelpfulnessRatio	ReviewLength	UserReviewCount	ProductReviewCount	Positive
5	0.5	657	1	55	1
4	0.3333333333333333	351	4	109	1
1	0.6190476190476191	657	16	18	0
5	0.0	676	8	209	1
5	0.0	155	1	11	1
3	0.6666666666666666	400	4	1	0
5	0.6666666666666666	890	1	18	1
4	0.0	118	1	15	1
5	0.75	523	3	11	1
5	0.3333333333333333	901	17	108	1
5	0.5	455	52	77	1
1	0.0	314	1	7	0
5	0.5	94	12	170	1
5	0.5	442	10	50	1
5	0.0	115	1	5	1
5	0.0	334	1	8	1
5	0.0	271	7	103	1
5	0.0	220	1	29	1
4	0.0	292	1	43	1
5	0.0	327	5	274	1
5	0.0	152	6	74	1
2	0.0	426	68	37	0
4	0.0	164	6	67	1
3	0.0	1210	32	3	0
5	0.6666666666666666	118	1	37	1
5	0.0	207	3	17	1
5	0.0	590	150	1	1
1	0.5	891	71	168	0
5	0.0	219	1	223	1
5	0.8333333333333334	350	1	22	1
5	0.0	897	365	69	1
5	0.0	1140	9	310	1
5	0.5	1191	11	106	1
5	0.8333333333333334	607	4	15	1
5	0.0	197	8	385	1
3	0.6363636363636364	184	6	50	0
5	0.0	143	7	238	1
5	0.0	224	1	6	1
5	0.9411764705882353	1112	107	178	1
5	0.0	112	9	35	1
5	0.0	277	37	1	1
5	0.0	126	3	1	1
2	0.0	326	1	1	0
5	0.0	298	22	93	1
5	0.5	126	1	3	1
1	0.3333333333333333	137	2	21	0
5	0.0	164	2	8	1
5	0.5	1013	1	4	1
1	0.0	317	1	1	0
4	0.3333333333333333	631	1	2	1
1	0.8333333333333334	373	3	39	0
5	0.6666666666666666	1563	8	131	1
3	0.0	163	5	632	0
4	0.9090909090909091	880	4	33	1
5	0.0	100	4	103	1
5	0.0	82	6	9	1
5	0.0	160	1	1	1
5	0.5	139	2	10	1
3	0.25	3300	14	39	0
5	0.0	118	15	15	1
5	0.0	252	5	176	1
4	0.0	248	19	82	1
4	0.0	217	1	5	1
5	0.3333333333333333	632	8	40	1
5	0.6	92	1	9	1
5	0.0	1145	5	96	1
5	0.0	355	4	37	1
5	0.5	343	5	18	1
5	0.0	356	2	49	1
3	0.0	415	1	23	0
3	0.0	161	23	158	0
3	0.5	357	11	455	0
5	0.0	209	9	59	1
5	0.0	343	6	21	1
1	0.25	750	51	491	0
3	0.0	101	10	4	0
5	0.0	113	1	1	1
5	0.0	194	1	74	1
3	0.0	819	21	206	0
5	0.0	221	2	26	1
5	0.0	109	1	34	1
5	0.5	152	5	11	1
5	0.0	1292	5	15	1
5	0.0	311	8	13	1
5	0.9	237	14	385	1
4	0.0	96	12	112	1
5	0.5	194	1	1	1
4	0.0	411	70	1	1
1	0.5	277	2	19	0
5	0.0	380	4	46	1
5	0.0	119	4	159	1
5	0.0	287	1	13	1
2	0.8181818181818182	840	46	57	0
5	0.5	292	1	1	1
5	0.0	213	1	1	1
5	0.0	254	1	4	1
5	0.0	310	1	30	1
5	0.0	263	48	12	1
5	0.8	190	1	8	1
5	0.0	589	7	8	1
5	0.8	261	1	26	1
5	0.0	108	4	2	1
5	0.5	214	1	8	1
5	0.8695652173913043	210	8	172	1
5	0.6	778	4	14	1
3	0.0	584	2	4	0
5	0.0	169	23	158	1
5	0.9090909090909091	851	1	14	1
5	0.0	531	12	103	1
5	0.0	290	14	60	1
5	0.0	116	5	4	1
4	0.8571428571428571	357	12	9	1
5	0.5	359	1	13	1
5	0.0	256	3	9	1
5	0.0	144	1	170	1
1	0.5555555555555556	369	1	23	0
5	0.0	104	5	251	1
5	0.5	346	54	5	1
5	0.5	625	1	25	1
5	0.0	246	18	455	1
5	0.0	93	3	2	1
1	0.5	249	1	19	0
4	0.0	140	2	4	1
4	0.0	1224	26	66	1
5	0.7209302325581395	3643	21	132	1
5	0.5	896	1	14	1
5	0.0	134	20	112	1
3	0.3333333333333333	83	4	5	0
4	0.0	406	25	170	1
4	0.6666666666666666	232	6	43	1
5	0.0	192	1	13	1
5	0.7142857142857143	408	27	170	1
3	0.5	664	4	137	0
1	0.7272727272727273	827	1	39	0
5	0.0	834	1	7	1
5	0.8333333333333334	124	9	69	1
5	0.6666666666666666	1009	31	356	1
5	0.0	496	28	104	1
5	0.0	344	2	45	1
5	0.6666666666666666	109	2	49	1
5	0.5	674	1	114	1
5	0.5	220	1	1	1
4	0.0	104	4	193	1
5	0.0	223	1	89	1
3	0.6666666666666666	1315	30	362	0
2	0.7272727272727273	782	6	167	0
1	0.3333333333333333	778	2	4	0
5	0.5	544	6	119	1
1	0.0	518	31	288	0
5	0.75	195	6	7	1
5	0.0	222	6	1	1
4	0.5	555	1	6	1
5	0.5	412	1	7	1
5	0.6666666666666666	196	1	36	1
5	0.0	189	3	45	1
5	0.6666666666666666	161	1	3	1
2	0.0	345	1	1	0
5	0.5	167	4	5	1
4	0.0	134	9	172	1
3	0.5	457	9	564	0
5	0.0	111	4	251	1
5	0.0	153	1	3	1
5	0.0	201	1	2	1
4	0.0	393	2	7	1
5	0.6666666666666666	301	8	67	1
5	0.5	1278	6	192	1
5	0.0	975	12	174	1
5	0.0	1060	71	1	1
2	0.0	138	8	385	0
2	0.5	369	1	34	0
1	0.0	275	4	121	0
4	0.5	1119	60	6	1
3	0.0	378	1	23	0
5	0.8	304	1	5	1
5	0.5	291	3	257	1
5	0.6666666666666666	950	7	130	1
5	0.8	192	2	10	1
5	0.0	703	8	52	1
2	0.14285714285714285	905	10	55	0
5	0.5	161	1	15	1
5	0.0	786	3	21	1
5	0.3333333333333333	933	4	20	1
5	0.0	135	15	269	1
4	0.0	253	18	69	1
5	0.5	185	1	85	1
1	0.16666666666666666	275	4	5	0
5	0.0	137	11	413	1
1	0.0	558	4	13	0
5	0.6	739	1	34	1
4	0.0	119	6	254	1
2	0.3333333333333333	565	4	14	0
5	0.5	170	1	12	1
4	0.0	280	1	9	1
5	0.0	543	2	260	1
5	0.0	104	5	151	1
5	0.0	449	2	5	1
3	0.5	539	14	218	0
2	0.0	931	2	556	0
4	0.0	120	10	455	1
3	0.0	580	14	3	0
5	0.8571428571428571	218	1	55	1
5	0.0	151	2	2	1
4	0.0	271	3	86	1
5	0.5	169	2	9	1
4	0.0	181	2	85	1
5	0.0	350	5	3	1
1	0.0	540	1	2	0
1	0.9565217391304348	944	59	27	0
5	0.5	240	2	3	1
5	0.0	260	1	43	1
5	0.6	216	3	24	1
5	0.0	186	1	26	1
5	0.0	591	4	413	1
5	0.8333333333333334	537	7	57	1
5	0.0	620	6	86	1
5	0.8	203	4	413	1
5	0.0	1628	23	184	1
1	0.75	630	1	4	0
5	0.5	522	7	25	1
1	0.5384615384615384	848	1	215	0
1	0.8571428571428571	461	1	31	0
5	0.0	133	3	20	1
5	0.0	349	5	65	1
5	0.0	506	68	13	1
5	0.0	99	7	172	1
5	0.5	116	12	27	1
4	0.0	153	10	15	1
5	0.6	125	1	121	1
1	0.625	127	2	15	0
5	0.0	462	5	387	1
5	0.8947368421052632	535	1	39	1
5	0.9090909090909091	1049	6	19	1
2	0.6666666666666666	262	1	4	0
5	0.0	197	1	132	1
5	0.0	222	3	36	1
5	0.0	254	4	167	1
3	0.0	154	5	41	0
3	0.3333333333333333	777	11	564	0
5	0.0	439	30	232	1
5	0.0	133	25	150	1
1	0.0	176	12	11	0
5	0.0	597	1	117	1
5	0.6666666666666666	185	7	5	1
1	0.2857142857142857	484	9	29	0
5	0.5	297	1	102	1
5	0.5	83	4	15	1
5	0.0	174	1	7	1
5	0.0	109	5	13	1
1	0.0	264	1	64	0
3	0.0	482	12	387	0
5	0.0	202	27	4	1
5	0.0	758	135	2	1
4	0.0	678	90	172	1
5	0.75	301	6	1	1
5	0.0	171	1	12	1
4	0.6666666666666666	267	3	2	1
5	0.0	129	7	424	1
5	0.5	127	1	57	1
3	0.6666666666666666	1347	36	455	0
4	0.5	284	2	34	1
5	0.0	170	2	8	1
5	0.0	333	4	131	1
5	0.6666666666666666	316	1	1	1
5	0.0	842	2	65	1
5	0.6	205	3	159	1
5	0.0	700	19	15	1
5	0.0	929	1	31	1
1	0.5	555	1	118	0
5	0.3333333333333333	231	25	39	1
3	0.8611111111111112	307	2	71	0
5	0.6666666666666666	637	1	134	1
5	0.6666666666666666	749	3	118	1
5	0.0	208	10	103	1
5	0.6666666666666666	710	6	128	1
5	0.0	185	4	53	1
5	0.0	146	5	5	1
5	0.0	225	4	121	1
5	0.0	711	1	6	1
2	0.0	731	27	10	0
4	0.0	139	20	2	1
2	0.0	509	16	487	0
4	0.875	326	51	59	1
5	0.0	626	1	2	1
3	0.0	123	4	13	0
5	0.6666666666666666	1123	1	2	1
5	0.5	91	12	170	1
5	0.75	473	1	2	1
4	0.0	202	1	2	1
5	0.0	177	3	18	1
5	0.0	1138	44	38	1
5	0.5	913	2	143	1
1	0.5714285714285714	743	9	107	0
5	0.5	345	5	202	1
4	0.0	878	2	5	1
5	0.3333333333333333	1133	17	192	1
5	0.0	285	1	99	1
3	0.0	305	4	32	0
5	0.0	132	1	5	1
5	0.0	169	2	25	1
5	0.0	127	11	1	1
5	0.0	397	9	118	1
5	0.0	183	1	128	1
5	0.0	119	4	632	1
5	0.0	206	5	86	1
5	0.0	793	1	28	1
5	0.0	741	15	60	1
5	0.5	543	1	14	1
5	0.0	98	3	20	1
1	0.875	452	2	254	0
5	0.5	221	1	17	1
2	0.0	422	10	13	0
5	0.0	179	1	5	1
5	0.6666666666666666	164	8	24	1
1	0.0	65	10	33	0
5	0.6666666666666666	738	16	385	1
5	0.6666666666666666	490	2	6	1
5	0.5	155	1	6	1
5	0.0	192	6	147	1
3	0.8888888888888888	388	6	254	0
5	0.0	142	9	455	1
5	0.5	1345	7	206	1
5	0.0	225	5	332	1
2	0.5	1963	1	2	0
4	0.0	220	4	99	1
5	0.0	422	1	30	1
5	0.9	266	1	5	1
5	0.0	240	7	340	1
1	0.0	162	6	93	0
4	0.0	111	1	8	1
1	0.5	111	3	138	0
5	0.0	397	1	96	1
5	0.5	422	9	564	1
5	0.0	415	1	9	1
5	0.0	474	6	45	1
3	0.0	567	1	10	0
5	0.0	143	1	3	1
4	0.0	739	1	22	1
5	0.5	515	1	16	1
5	0.0	1039	1	7	1
5	0.0	334	4	37	1
4	0.0	135	1	64	1
1	0.0	576	16	116	0
5	0.0	173	1	1	1
2	0.0	720	11	165	0
5	0.0	237	48	385	1
5	0.75	163	27	170	1
5	0.6666666666666666	151	1	15	1
5	0.0	1851	7	1	1
3	0.0	588	10	913	0
4	0.0	139	1	1	1
5	0.0	230	4	202	1
5	0.0	79	1	27	1
5	0.8	248	36	9	1
5	0.0	190	2	13	1
4	0.0	259	1	26	1
4	0.0	643	2	60	1
1	0.0	131	1	9	0
5	0.0	275	3	324	1
5	0.0	1418	46	23	1
5	0.0	307	18	159	1
5	0.0	252	6	2	1
4	0.7142857142857143	1987	25	24	1
5	0.0	350	2	103	1
3	0.0	1525	55	292	0
2	0.125	351	10	219	0
2	0.5	386	2	94	0
3	0.375	1020	1	84	0
5	0.5	317	1	30	1
5	0.0	109	1	3	1
5	0.5	1176	33	13	1
4	0.0	748	15	184	1
5	0.0	161	4	66	1
4	0.6	527	85	356	1
4	0.9411764705882353	1030	4	56	1
5	0.0	450	15	6	1
5	0.0	1518	2	57	1
1	0.25	305	2	29	0
5	0.3333333333333333	843	1	23	1
5	0.5	540	3	5	1
4	0.5	93	1	23	1
5	0.0	288	1	1	1
5	0.5	339	11	564	1
4	0.875	739	2	19	1
4	0.5	149	2	7	1
1	0.0	138	4	138	0
5	0.0	329	3	22	1
1	0.5	1349	5	2	0
5	0.0	187	1	188	1
5	0.0	749	7	192	1
5	0.0	134	9	14	1
5	0.0	203	1	5	1
5	0.0	572	2	17	1
5	0.0	165	7	172	1
5	0.8333333333333334	822	12	5	1
1	0.0	85	2	81	0
5	0.5	581	2	26	1
2	0.0	156	7	43	0
4	0.0	398	1	6	1
3	0.0	880	44	15	0
5	0.0	231	4	542	1
5	0.75	184	1	97	1
5	0.5	82	3	7	1
5	0.0	134	4	167	1
5	0.0	2479	18	295	1
5	0.5	569	1	7	1
5	0.5	602	1	10	1
5	0.0	1134	421	3	1
5	0.0	554	1	48	1
4	0.5	124	2	2	1
5	0.5	1223	7	27	1
5	0.5	258	4	3	1
4	0.875	929	7	41	1
1	0.6666666666666666	1435	1	14	0
5	0.5	165	3	257	1
5	0.0	147	8	209	1
5	0.5	275	114	198	1
5	0.6666666666666666	363	1	28	1
5	0.5	553	5	54	1
3	0.2	1606	31	387	0
5	0.0	298	6	14	1
4	0.0	158	2	73	1
5	0.0	511	29	4	1
4	0.0	107	4	301	1
5	0.75	1844	2	72	1
5	0.0	669	60	133	1
4	0.5	146	12	206	1
5	0.925	448	1	190	1
4	0.6666666666666666	137	1	1	1
5	0.5	193	49	32	1
5	0.0	234	1	2	1
5	0.0	147	2	122	1
5	0.6666666666666666	399	1	25	1
5	0.0	420	89	11	1
3	0.6666666666666666	317	8	69	0
5	0.5	347	4	33	1
5	0.0	428	4	632	1
5	0.5	185	5	301	1
5	0.0	312	1	28	1
3	0.0	258	4	4	0
4	0.3333333333333333	86	1	15	1
5	0.5	426	1	7	1
4	0.0	519	42	91	1
1	0.6888888888888889	438	16	55	0
1	0.7857142857142857	1999	13	34	0
5	0.5	331	22	65	1
5	0.0	196	4	63	1
4	0.625	93	1	10	1
5	0.5	1607	1	8	1
5	0.0	151	11	242	1
5	0.0	388	12	324	1
5	0.5	470	1	35	1
4	0.75	146	7	16	1
4	0.0	237	162	1	1
5	0.0	251	1	15	1
2	0.0	250	1	22	0
1	0.0	1259	1	160	0
5	0.5	445	75	81	1
5	0.0	139	5	47	1
1	0.5	439	3	172	0
5	0.0	298	3	19	1
5	0.0	299	3	10	1
4	0.6666666666666666	342	25	332	1
1	0.8333333333333334	164	2	12	0
5	0.0	104	4	542	1
5	0.0	452	10	6	1
5	0.0	1438	7	9	1
5	0.6	838	1	7	1
5	0.0	133	1	3	1
4	0.0	196	1	3	1
5	0.0	877	2	206	1
5	0.5	471	3	8	1
5	0.5	335	1	29	1
5	0.97	611	1	26	1
5	0.0	432	3	206	1
1	0.75	1270	61	246	0
3	0.0	572	2	556	0
5	0.0	204	1	305	1
5	0.8333333333333334	542	10	10	1
1	0.6666666666666666	915	4	8	0
3	0.0	155	1	913	0
4	0.5	2250	6	5	1
1	0.4	201	6	202	0
1	0.5	1746	21	15	0
1	0.0	985	8	130	0
5	0.6666666666666666	2309	18	49	1
5	0.0	235	5	12	1
5	0.0	126	1	5	1
5	0.0	149	4	274	1
5	0.8	221	5	1	1
5	0.5	287	14	218	1
5	0.0	108	1	142	1
5	0.0	175	23	1	1
4	0.0	111	4	52	1
4	0.8333333333333334	169	28	170	1
5	0.0	99	1	11	1
5	0.5	257	2	22	1
5	0.0	383	1	43	1
5	0.0	127	1	1	1
3	0.0	161	1	1	0
1	0.5	2623	6	20	0
5	0.0	348	1	97	1
5	0.9523809523809523	885	12	107	1
5	0.0	286	13	385	1
5	0.0	219	1	142	1
5	0.25	220	24	479	1
4	0.6	508	21	218	1
5	0.0	152	14	174	1
5	0.0	149	9	173	1
5	0.6666666666666666	238	1	1	1
5	0.5	544	9	8	1
3	0.0	449	3	146	0
5	0.0	325	12	170	1
5	0.8888888888888888	535	4	389	1
5	0.0	114	2	1	1
2	0.0	1798	1	50	0
5	0.0	171	2	165	1
5	0.5	681	1	23	1
3	0.5	527	1	3	0
4	0.0	594	9	72	1
5	0.75	450	2	64	1
4	0.3333333333333333	262	20	274	1
4	0.75	116	1	40	1
4	0.0	458	1	78	1
1	0.6	397	2	159	0
3	0.6666666666666666	546	1	12	0
5	0.0	103	6	67	1
1	0.0	327	1	88	0
3	0.6666666666666666	1110	2	163	0
4	0.0	284	7	205	1
1	0.0	400	1	5	0
5	0.0	105	1	3	1
1	0.0	118	4	1	0
5	0.0	602	7	55	1
5	0.875	130	1	75	1
5	0.0	264	28	217	1
4	0.5	629	1	22	1
5	0.0	159	2	29	1
5	0.0	478	12	66	1
4	0.3333333333333333	522	10	18	1
5	0.6666666666666666	367	2	2	1
3	0.0	752	6	246	0
5	0.0	123	1	150	1
5	0.0	1741	3	387	1
5	0.0	135	1	47	1
5	0.0	688	19	178	1
5	0.0	124	6	119	1
2	0.0	1460	25	479	0
5	0.7777777777777778	145	5	542	1
5	0.0	536	23	28	1
5	0.0	265	6	242	1
1	0.6363636363636364	1267	1	124	0
5	0.0	362	9	173	1
5	0.0	239	1	14	1
5	0.9565217391304348	1544	2	114	1
1	0.6	318	7	74	0
5	0.0	445	10	413	1
5	0.5	94	1	3	1
5	0.0	1223	1	9	1
1	0.5294117647058824	273	6	54	0
3	0.0	963	16	195	0
4	0.0	874	1	25	1
5	0.0	835	1	285	1
5	0.0	118	1	1	1
5	0.0	126	1	3	1
3	0.0	285	25	174	0
5	0.5	126	11	564	1
4	0.0	329	4	78	1
4	0.0	377	3	25	1
5	0.0	110	1	4	1
3	0.0	1273	7	284	0
4	0.3333333333333333	418	10	387	1
5	0.0	543	2	18	1
5	0.0	813	9	98	1
5	0.3333333333333333	487	6	13	1
5	0.0	108	1	3	1
5	0.0	613	18	1	1
5	0.0	562	9	171	1
4	0.0	314	12	11	1
5	0.3333333333333333	485	4	2	1
5	0.5	168	8	37	1
2	0.0	667	5	3	0
5	0.5	756	3	6	1
4	0.6666666666666666	429	2	9	1
2	0.6666666666666666	1053	13	362	0
5	0.0	1250	2	4	1
4	0.0	131	5	202	1
4	0.5	323	34	58	1
5	0.0	133	14	217	1
5	0.0	446	4	22	1
5	0.8	1780	3	10	1
5	0.0	572	4	413	1
5	0.6666666666666666	493	1	21	1
5	0.8	458	1	3	1
5	0.3333333333333333	101	9	564	1
5	0.0	343	1	1	1
4	0.0	234	1	3	1
5	0.0	248	3	2	1
2	0.5	1032	1	190	0
5	0.0	141	4	413	1
5	0.0	510	27	564	1
4	0.0	708	1	1	1
5	0.0	228	10	17	1
3	0.5	199	2	49	0
5	0.0	207	10	192	1
5	0.0	183	1	97	1
5	0.5	409	3	159	1
5	0.9166666666666666	511	11	7	1
1	0.0	1325	3	34	0
5	0.5	241	2	6	1
2	0.0	219	4	5	0
5	0.0	284	1	1	1
5	0.0	168	2	209	1
3	0.0	684	1	1	0
3	0.0	330	2	57	0
2	0.0	172	25	178	0
1	0.4	304	17	21	0
5	0.0	141	6	116	1
5	0.0	408	2	17	1
5	0.5	934	4	413	1
5	0.5	227	1	1	1
5	0.0	195	3	2	1
4	0.0	836	1	5	1
5	0.0	256	1	28	1
4	0.0	336	2	9	1
5	0.8	546	9	151	1
3	0.5	434	3	138	0
5	0.0	184	3	30	1
1	0.6666666666666666	119	1	16	0
5	0.75	711	75	159	1
5	0.75	660	16	111	1
3	0.0	212	23	457	0
2	0.5	118	3	172	0
4	0.75	215	5	15	1
5	0.3333333333333333	418	3	32	1
5	0.6666666666666666	609	256	1	1
5	0.9230769230769231	1080	2	8	1
5	0.0	256	18	246	1
4	0.5	319	1	39	1
3	0.0	1444	8	118	0
1	0.25	606	1	3	0
5	0.0	133	4	114	1
5	0.75	416	1	12	1
5	0.75	383	1	8	1
5	0.5	331	51	10	1
4	0.0	335	2	12	1
4	0.0	134	1	46	1
5	0.8571428571428571	840	1	108	1
5	0.0	147	5	55	1
1	0.6	277	5	295	0
5	0.5	180	1	6	1
4	0.0	606	1	219	1
3	0.0	552	12	195	0
5	0.6	1216	75	26	1
1	0.5	133	5	192	0
5	0.0	140	8	385	1
1	0.0	356	6	144	0
4	0.0	165	21	193	1
5	0.0	657	1	1	1
5	0.3333333333333333	135	10	114	1
5	0.8	924	58	11	1
5	0.0	254	1	100	1
5	0.0	215	4	63	1
1	0.0	462	1	25	0
5	0.0	132	11	18	1
5	0.5	133	4	2	1
4	0.5	903	1	3	1
5	0.0	286	4	172	1
5	0.9696969696969697	630	2	93	1
3	0.0	1268	59	251	0
2	0.0	326	13	128	0
1	0.6842105263157895	129	1	3	0
3	0.3333333333333333	1068	7	17	0
5	0.0	278	107	2	1
5	0.0	1217	3	29	1
5	0.0	173	27	3	1
5	0.0	126	1	16	1
5	0.8	314	1	9	1
5	0.0	125	9	127	1
5	0.6666666666666666	395	28	109	1
5	0.8333333333333334	3533	7	204	1
5	0.6666666666666666	556	4	17	1
5	0.5	324	1	2	1
4	0.0	327	95	137	1
3	0.75	735	3	20	0
5	0.0	143	14	105	1
4	0.75	439	5	7	1
3	0.3333333333333333	335	6	58	0
5	0.0	217	3	2	1
3	0.5	158	13	242	0
5	0.6666666666666666	519	1	11	1
4	0.0	141	2	5	1
1	0.0	379	1	23	0
2	0.5	1080	7	172	0
4	0.0	261	70	1	1
5	0.5	683	1	1	1
5	0.0	162	1	30	1
4	0.0	506	54	293	1
5	0.0	92	9	455	1
3	0.0	143	6	67	0
4	0.9565217391304348	763	1	17	1
5	0.8888888888888888	1162	30	3	1
1	0.5	862	4	6	0
5	0.6666666666666666	353	5	10	1
5	0.5	276	9	30	1
4	0.5	562	12	107	1
5	0.6666666666666666	595	1	20	1
5	0.967741935483871	1359	4	204	1
5	0.3333333333333333	224	2	1	1
4	0.8571428571428571	392	3	2	1
4	0.5	1252	59	2	1
5	0.0	218	5	95	1
5	0.8	279	8	52	1
5	0.0	493	389	1	1
3	0.0	424	1	3	0
5	0.0	273	9	564	1
1	0.04	267	1	41	0
1	0.5	145	1	3	0
5	0.0	279	1	6	1
5	0.0	341	4	10	1
4	0.5	403	29	295	1
5	0.0	194	11	94	1
5	0.8	354	110	6	1
5	0.6666666666666666	136	26	170	1
2	0.0	272	1	12	0
4	0.7142857142857143	757	44	6	1
4	0.5	632	2	7	1
5	0.0	185	4	172	1
5	0.0	408	2	108	1
3	0.8787878787878788	783	4	285	0
3	0.0	448	1	6	0
5	0.6	376	6	2	1
5	0.5	225	5	5	1
1	0.0	161	5	4	0
5	0.8	312	6	12	1
5	0.5294117647058824	2194	5	57	1
4	0.0	566	1	11	1
3	0.5	554	1	1	0
5	0.5	101	1	12	1
5	0.5	236	4	340	1
5	0.0	167	4	35	1
5	0.0	846	17	80	1
5	0.0	125	20	105	1
1	0.0	132	2	11	0
5	0.5	93	1	28	1
1	0.7	492	6	324	0
1	0.5	1227	5	457	0
5	0.0	783	50	464	1
5	0.0	249	11	56	1
5	0.5	121	1	11	1
5	0.6666666666666666	223	14	217	1
5	0.3333333333333333	548	1	5	1
4	0.0	140	10	455	1
5	0.0	1033	448	1	1
5	0.0	326	4	1	1
5	0.75	390	1	1	1
4	0.0	160	9	385	1
4	0.5	142	5	23	1
5	0.0	189	9	455	1
5	0.75	764	23	159	1
3	0.0	90	12	78	0
5	0.0	360	6	16	1
3	0.25	853	98	32	0
1	0.0	193	12	117	0
5	0.0	121	12	174	1
1	0.0	2137	1	21	0
4	0.0	1390	15	288	1
1	0.4	2364	1	190	0
1	0.8181818181818182	187	5	28	0
4	0.5	220	3	542	1
5	0.8	348	21	3	1
5	0.0	520	33	302	1
5	0.0	143	1	75	1
5	0.16666666666666666	381	4	389	1
3	0.5	791	1	50	0
5	0.5	338	3	171	1
1	0.6666666666666666	483	1	31	0
1	0.5	442	1	11	0
5	0.0	292	1	913	1
5	0.8181818181818182	1085	5	9	1
5	0.7647058823529411	111	3	30	1
1	0.3333333333333333	228	1	9	0
5	0.0	531	19	6	1
5	0.0	838	1	5	1
5	0.0	670	2	41	1
2	0.0	269	7	251	0
5	0.875	381	9	173	1
5	0.8333333333333334	915	30	10	1
2	0.75	351	1	20	0
5	0.0	1492	22	479	1
5	0.75	437	14	60	1
2	0.5	171	1	3	0
5	0.5	634	13	78	1
4	0.5	330	3	12	1
5	0.0	347	1	40	1
5	0.3333333333333333	215	1	8	1
5	0.8333333333333334	149	2	11	1
3	0.0	265	3	11	0
5	0.9302325581395349	952	154	52	1
4	0.0	86	9	455	1
2	0.0	619	17	14	0
5	0.0	289	5	62	1
1	0.5	458	2	73	0
4	0.0	1919	8	38	1
1	0.5	346	1	112	0
5	0.0	177	1	10	1
5	0.3333333333333333	106	25	170	1
4	0.5	260	44	38	1
5	0.0	550	3	542	1
5	0.5	167	3	7	1
5	0.0	109	1	65	1
5	0.0	2785	21	35	1
1	0.0	277	2	2	0
5	0.8	281	2	9	1
4	0.0	236	29	105	1
5	0.5	83	5	387	1
5	0.0	384	11	144	1
5	0.0	159	1	107	1
5	0.0	286	2	276	1
5	0.8333333333333334	453	88	12	1
5	0.5	152	11	19	1
2	0.0	94	1	12	0
5	0.0	413	62	99	1
5	0.0	720	22	452	1
5	0.875	1407	154	8	1
3	0.0	1225	5	102	0
4	0.0	382	53	188	1
1	0.0	274	25	170	0
5	0.6666666666666666	141	3	41	1
1	0.0	123	3	4	0
2	0.6666666666666666	441	1	8	0
5	0.0	141	2	165	1
5	0.5	399	1	12	1
5	0.6666666666666666	639	9	25	1
5	0.3333333333333333	190	4	121	1
5	0.5	203	2	2	1
5	0.3333333333333333	598	3	41	1
3	0.5	1526	10	72	0
5	0.0	192	2	4	1
5	0.0	223	1	3	1
2	0.5	487	1	5	0
5	0.5	187	1	2	1
4	0.5	548	12	5	1
4	0.0	726	1	1	1
5	0.0	309	5	12	1
5	0.0	471	22	127	1
4	0.6666666666666666	134	1	2	1
4	0.0	309	1	26	1
5	0.5	215	2	49	1
5	0.0	377	12	93	1
5	0.5	716	5	38	1
5	0.0	106	14	126	1
4	0.5	358	1	8	1
5	0.0	116	2	251	1
3	0.0	368	36	4	0
5	0.6666666666666666	85	2	185	1
5	0.5	252	1	9	1
1	0.0	191	3	7	0
1	0.0	386	10	101	0
2	0.92	327	1	9	0
5	0.0	181	1	220	1
5	0.5	326	1	28	1
3	0.5	392	1	5	0
5	0.5	113	3	38	1
5	0.6666666666666666	108	4	172	1
5	0.5	619	4	38	1
1	0.6	320	1	3	0
5	0.8333333333333334	1361	24	38	1
1	0.2	324	1	4	0
5	0.5	157	1	2	1
5	0.0	555	4	632	1
4	0.3333333333333333	1060	1	166	1
1	0.0	824	12	288	0
3	0.0	283	3	257	0
5	0.0	108	1	1	1
5	0.25	142	1	623	1
5	0.5	155	4	340	1
3	0.6666666666666666	146	3	159	0
5	0.0	183	14	172	1
4	0.6666666666666666	1126	3	4	1
4	0.75	408	1	3	1
5	0.5	171	1	2	1
5	0.5	149	1	2	1
5	0.0	700	20	332	1
5	0.5	159	5	149	1
1	0.5	308	2	82	0
1	0.0	318	1	3	0
5	0.5	413	26	170	1
5	0.5	307	1	11	1
2	0.4166666666666667	465	1	35	0
3	0.125	106	3	63	0
2	0.4782608695652174	1797	11	46	0
5	0.0	191	8	385	1
5	0.5	779	16	103	1
5	0.0	1201	7	10	1
3	0.0	193	5	6	0
5	0.0	153	1	35	1
4	0.0	494	1	13	1
5	0.5	346	18	5	1
5	0.0	299	3	389	1
4	0.5	142	9	10	1
5	0.75	196	7	310	1
5	0.0	317	1	1	1
4	0.0	143	1	80	1
4	0.0	224	2	17	1
5	0.0	598	1	320	1
2	0.0	672	6	19	0
5	0.0	298	2	59	1
1	0.6666666666666666	443	14	218	0
3	0.6	272	5	332	0
4	0.0	263	5	35	1
2	0.3333333333333333	62	26	101	0
5	0.7142857142857143	164	9	57	1
3	0.25	273	6	19	0
4	0.0	242	19	19	1
1	0.25	737	1	190	0
5	0.0	159	4	23	1
2	0.0	262	12	67	0
1	0.42857142857142855	571	1	5	0
5	0.5	221	1	4	1
1	0.5	445	4	61	0
5	0.0	125	1	14	1
5	0.5	203	3	24	1
5	0.0	531	4	5	1
5	0.5	239	1	3	1
5	0.0	247	3	9	1
2	0.6666666666666666	577	21	109	0
5	0.0	373	1	1	1
5	0.0	127	1	17	1
4	0.0	86	1	1	1
5	0.0	115	2	5	1
5	0.8333333333333334	215	2	5	1
4	0.0	1184	4	16	1
5	0.6666666666666666	525	1	75	1
5	0.5	101	1	1	1
5	0.0	130	2	130	1
5	0.0	286	1	8	1
5	0.75	142	3	3	1
5	0.5	1009	1	1	1
5	0.5	177	19	66	1
5	0.0	148	1	32	1
5	0.0	97	14	60	1
2	0.0	348	11	455	0
5	0.0	974	62	144	1
3	0.0	134	2	16	0
5	0.0	96	17	37	1
5	0.5	295	1	6	1
5	0.5	540	3	257	1
1	0.5	263	1	104	0
5	0.0	224	4	176	1
5	0.0	108	1	17	1
4	0.5	1245	12	246	1
4	0.25	666	1	32	1
5	0.0	246	7	269	1
1	0.0	434	1	44	0
1	0.6666666666666666	404	1	39	0
5	0.0	147	2	215	1
2	0.0	938	19	186	0
2	0.3333333333333333	544	13	254	0
5	0.6666666666666666	141	12	68	1
5	0.0	222	3	12	1
3	0.0	430	8	260	0
5	0.0	841	3	12	1
5	0.5	118	17	32	1
5	0.0	170	1	22	1
5	0.0	350	5	324	1
4	0.0	451	12	8	1
5	0.75	469	30	2	1
4	0.0	124	1	4	1
5	0.6666666666666666	442	7	66	1
2	0.0	253	1	2	0
5	0.0	120	5	332	1
1	0.0	214	1	42	0
4	0.4	1204	10	41	1
5	0.5	365	2	29	1
4	0.0	1342	36	387	1
5	0.0	603	4	4	1
5	0.5	227	6	98	1
5	0.0	452	4	6	1
5	0.3333333333333333	105	1	31	1
5	0.0	523	2	26	1
3	0.14285714285714285	164	2	17	0
4	0.0	399	17	209	1
5	0.0	363	39	22	1
5	0.0	580	5	86	1
5	0.75	874	6	69	1
1	0.5	231	2	22	0
5	0.6666666666666666	975	1	17	1
4	0.5	362	2	556	1
3	0.0	273	5	43	0
5	0.3333333333333333	689	30	7	1
5	0.0	281	14	23	1
1	0.0	96	1	8	0
5	0.9	738	5	632	1
5	0.5	150	1	232	1
1	0.6875	514	10	542	0
5	0.0	1076	17	288	1
5	0.0	392	12	174	1
2	0.0	440	2	14	0
5	0.0	313	17	218	1
5	0.8	869	3	6	1
5	0.0	901	3	46	1
5	0.0	358	2	276	1
4	0.0	367	6	75	1
5	0.5	1243	6	10	1
1	0.0	647	1	1	0
3	0.5	205	9	113	0
1	0.0	365	35	2	0
5	0.875	472	12	91	1
1	0.0	135	1	13	0
1	0.2	692	2	3	0
1	0.36363636363636365	257	1	111	0
5	0.0	733	1	26	1
4	0.0	133	1	2	1
1	0.0	314	1	60	0
5	0.6	122	2	3	1
5	0.0	671	1	3	1
5	0.0	167	1	1	1
2	0.3333333333333333	158	3	162	0
5	0.5	189	6	72	1
4	0.5714285714285714	319	15	54	1
5	0.0	305	1	8	1
5	0.8888888888888888	98	12	6	1
5	0.0	347	6	146	1
5	0.0	241	7	100	1
5	0.0	138	19	49	1
5	0.5	233	14	7	1
1	0.25	505	4	5	0
4	0.8	449	10	1	1
4	0.0	133	1	99	1
1	0.5	329	1	2	0
1	0.3333333333333333	155	3	1	0
4	0.9166666666666666	864	2	34	1
5	0.0	482	1	88	1
5	0.0	205	1	3	1
5	0.9655172413793104	531	123	65	1
4	0.0	325	26	14	1
5	0.0	195	16	1	1
2	0.3333333333333333	490	52	60	0
5	0.0	196	1	75	1
5	0.0	138	1	47	1
5	0.75	410	34	8	1
5	0.6666666666666666	1360	4	387	1
5	0.9090909090909091	218	4	5	1
5	0.0	164	1	4	1
5	0.0	756	16	80	1
5	0.0	242	2	5	1
4	0.0	701	3	4	1
4	0.0	439	30	246	1
5	0.0	78	14	60	1
5	0.5	516	10	91	1
5	0.0	90	1	1	1
5	0.0	166	9	455	1
5	0.0	433	1	33	1
5	0.8	374	3	7	1
5	0.0	159	5	54	1
3	0.3333333333333333	103	12	103	0
5	0.0	104	2	17	1
5	0.0	119	7	73	1
3	0.0	255	45	170	0
2	0.0	220	3	22	0
5	0.0	852	16	1	1
5	0.5	449	8	46	1
5	0.0	172	1	18	1
5	0.0	223	6	25	1
5	0.5	159	1	12	1
5	0.75	247	22	12	1
3	0.0	409	7	362	0
5	0.0	340	9	75	1
3	0.0	332	15	332	0
4	0.0	561	1	1	1
4	0.0	194	15	65	1
3	0.0	1142	1	55	0
5	0.6666666666666666	431	7	128	1
5	0.6666666666666666	221	1	1	1
5	0.5	216	18	34	1
5	0.0	146	2	5	1
5	0.4	287	13	3	1
1	0.0	643	2	22	0
1	0.0	226	1	12	0
2	0.5	774	1	30	0
5	0.0	386	8	75	1
5	0.0	289	7	166	1
3	0.25	179	5	192	0
1	0.0	194	1	2	0
5	0.6666666666666666	403	11	101	1
5	0.75	1565	6	50	1
5	0.0	214	5	1	1
2	0.5	297	5	6	0
5	0.0	317	2	93	1
5	0.0	390	5	178	1
4	0.0	769	49	19	1
5	0.6666666666666666	718	1	5	1
4	0.5	262	26	18	1
1	0.0	401	1	1	0
4	0.5	534	1	251	1
5	0.9166666666666666	472	5	8	1
1	0.4	375	1	24	0
4	0.8333333333333334	159	2	6	1
4	0.5	678	6	205	1
4	0.0	159	1	20	1
4	0.0	713	59	27	1
5	0.0	730	1	46	1
5	0.0	381	45	288	1
5	0.5	133	3	257	1
5	0.0	210	3	159	1
5	0.0	129	1	122	1
2	0.0	307	114	47	0
5	0.0	212	2	5	1
5	0.5	144	4	455	1
5	0.0	1176	6	101	1
2	0.5	1246	24	564	0
5	0.0	189	1	188	1
5	0.5	215	3	8	1
5	0.0	120	10	31	1
5	0.5	1205	2	556	1
5	0.0	215	2	1	1
5	0.0	336	52	60	1
5	0.8	126	1	8	1
5	0.0	135	2	21	1
3	0.5	269	1	5	0
5	0.7142857142857143	223	6	4	1
5	0.0	182	14	119	1
5	0.0	197	1	1	1
5	0.0	135	1	16	1
5	0.6666666666666666	243	6	5	1
5	0.0	121	15	105	1
4	0.0	473	12	103	1
5	0.0	131	5	332	1
4	0.0	94	1	57	1
4	0.25	108	1	542	1
5	0.0	424	1	8	1
4	0.5	231	1	16	1
5	0.0	796	1	2	1
5	0.5	569	1	8	1
5	0.0	644	43	2	1
5	0.0	210	1	9	1
4	0.5	327	6	97	1
5	0.875	958	5	151	1
4	0.0	273	1	285	1
4	0.6666666666666666	347	1	1	1
5	0.5	1718	22	2	1
4	0.0	85	1	42	1
5	0.0	331	5	242	1
5	0.0	381	41	101	1
5	0.0	82	1	4	1
5	0.0	308	1	8	1
5	0.0	208	1	267	1
5	0.9615384615384616	633	1	41	1
5	0.3333333333333333	110	1	7	1
5	0.0	294	20	11	1
5	0.0	163	14	98	1
3	0.0	276	9	455	0
5	0.0	288	4	172	1
5	0.0	2175	2	74	1
1	0.0	547	5	202	0
4	0.0	263	6	101	1
5	0.9090909090909091	685	1	11	1
5	0.5	967	19	28	1
3	0.6666666666666666	444	8	13	0
5	0.0	161	12	103	1
3	0.0	552	3	3	0
5	0.0	175	1	90	1
5	0.0	192	12	117	1
5	0.0	528	9	274	1
5	0.0	497	1	82	1
5	0.6666666666666666	250	1	10	1
5	0.0	716	1	14	1
5	0.0	118	1	1	1
5	0.0	184	2	2	1
5	0.3333333333333333	205	7	43	1
5	0.0	552	2	14	1
5	0.8	627	2	254	1
2	0.0	207	1	24	0
5	0.3333333333333333	96	3	9	1
5	0.0	321	1	24	1
5	0.0	422	4	632	1
2	0.0	273	18	31	0
5	0.5	375	1	40	1
5	0.75	1621	23	10	1
5	0.8	997	26	10	1
5	0.6666666666666666	548	4	15	1
4	0.0	305	3	5	1
5	0.0	344	6	77	1
5	0.0	95	25	170	1
2	0.0	210	1	9	0
1	0.0	268	1	13	0
5	0.0	70	3	1	1
5	0.75	467	3	5	1
1	0.3333333333333333	554	1	93	0
5	0.0	772	67	1	1
2	0.3333333333333333	324	9	9	0
5	0.8	513	34	60	1
5	0.0	166	2	1	1
3	0.5	253	2	4	0
5	0.5	640	2	84	1
5	0.0	465	1	14	1
5	0.7142857142857143	108	17	21	1
5	0.0	230	3	12	1
5	0.0	338	5	455	1
5	0.0	252	5	274	1
5	0.0	426	1	28	1
5	0.1076923076923077	301	1	16	1
3	0.8	997	6	22	0
2	0.0	361	1	2	0
5	0.0	202	1	8	1
5	0.0	299	5	9	1
1	0.6	203	1	19	0
1	0.0	399	3	4	0
3	0.0	645	5	149	0
5	0.5	200	10	413	1
2	0.5	653	256	10	0
4	0.5	137	1	7	1
5	0.0	492	4	5	1
4	0.0	208	14	116	1
5	0.6666666666666666	407	1	37	1
5	0.5	171	4	52	1
4	0.75	157	1	21	1
4	0.0	181	6	3	1
5	0.0	123	7	206	1
5	0.0	227	3	159	1
3	0.0	283	55	191	0
5	0.9166666666666666	241	9	46	1
5	0.0	262	15	126	1
5	0.0	228	3	9	1
5	0.5	83	33	112	1
2	0.0	281	1	12	0
5	0.5	127	2	14	1
5	0.0	603	113	105	1
5	0.0	177	1	2	1
5	0.0	420	1	1	1
5	0.0	265	1	1	1
5	0.0	154	9	564	1
5	0.5	431	27	170	1
1	0.8888888888888888	531	59	51	0
5	0.0	83	1	1	1
4	0.7777777777777778	140	2	60	1
5	0.0	123	1	28	1
5	0.0	93	1	27	1
5	0.6666666666666666	229	1	15	1
5	0.0	111	3	58	1
5	0.0	154	1	913	1
5	0.0	209	2	542	1
5	0.6666666666666666	712	4	65	1
1	0.0	407	18	8	0
5	0.0	333	2	4	1
5	0.0	203	16	62	1
5	0.5	188	25	170	1
1	0.16666666666666666	163	6	204	0
3	0.5	572	4	15	0
2	0.0	129	1	28	0
1	0.0	145	3	65	0
1	0.0	178	12	103	0
3	0.0	246	4	347	0
5	0.6666666666666666	334	11	1	1
5	0.6666666666666666	478	1	93	1
5	0.3333333333333333	85	1	10	1
5	0.6666666666666666	517	2	50	1
5	0.75	692	2	27	1
1	0.3333333333333333	155	15	8	0
5	0.5	295	12	174	1
5	0.0	126	1	224	1
5	0.5	87	1	93	1
5	0.0	425	12	10	1
5	0.0	159	26	21	1
5	0.8333333333333334	107	4	34	1
5	0.0	526	1	2	1
5	0.0	455	1	15	1
5	0.0	206	3	2	1
5	0.0	682	10	219	1
1	0.6666666666666666	249	11	117	0
5	0.0	116	1	3	1
5	0.0	375	1	6	1
2	0.0	265	6	18	0
1	0.0	227	3	159	0
3	0.5	465	8	1	0
2	0.5	672	15	108	0
5	0.9230769230769231	944	117	3	1
5	0.5	119	3	47	1
4	0.0	186	2	4	1
5	0.5	261	2	292	1
3	0.0	897	41	216	0
5	0.8333333333333334	187	8	137	1
5	0.5	236	12	204	1
4	0.6666666666666666	245	5	24	1
5	0.5	164	10	50	1
5	0.5	624	3	195	1
4	0.5	154	3	19	1
5	0.0	1165	142	9	1
5	0.6666666666666666	266	20	1	1
2	0.0	183	1	10	0
5	0.5	862	26	170	1
5	0.3333333333333333	204	1	623	1
1	0.8333333333333334	205	1	9	0
5	0.0	119	2	9	1
1	0.5	466	1	82	0
5	0.3333333333333333	87	4	1	1
5	0.0	220	1	2	1
4	0.0	264	1	27	1
5	0.5	185	2	1	1
5	0.5	1217	3	1	1
3	0.0	156	1	66	0
5	0.6666666666666666	117	8	5	1
5	0.0	614	24	95	1
5	0.0	180	2	23	1
5	0.0	132	1	7	1
5	0.0	296	7	23	1
5	0.75	680	1	12	1
5	0.8	374	8	209	1
5	0.5	415	1	7	1
5	0.5	169	3	74	1
5	0.75	407	53	6	1
1	0.5	400	3	1	0
3	0.5	659	12	166	0
5	0.0	130	3	1	1
3	0.25	273	6	19	0
5	0.0	129	23	632	1
5	0.5	214	5	3	1
5	0.875	524	6	6	1
4	0.0	240	1	36	1
5	0.75	838	1	12	1
2	0.0	462	22	112	0
5	0.3333333333333333	282	1	567	1
3	0.5	598	1	4	0
5	0.0	464	19	9	1
3	0.6666666666666666	1973	52	4	0
5	0.75	915	1	28	1
5	0.0	156	1	29	1
1	0.75	195	1	1	0
5	0.5	478	2	556	1
5	0.0	178	1	58	1
5	0.3333333333333333	107	3	6	1
1	0.0	168	3	43	0
2	0.0	184	15	104	0
5	0.0	194	8	632	1
4	0.0	888	31	564	1
5	0.8333333333333334	428	5	12	1
3	0.3333333333333333	138	1	305	0
5	0.25	156	2	362	1
5	0.0	119	1	10	1
3	0.8333333333333334	107	25	103	0
1	0.0	171	17	172	0
5	0.0	227	2	26	1
5	0.7857142857142857	1209	2	304	1
3	0.0	244	34	3	0
5	0.6666666666666666	162	14	12	1
4	0.0	616	1	26	1
3	0.0	1318	62	288	0
2	0.75	1084	3	57	0
5	0.5	445	1	5	1
5	0.0	111	2	530	1
1	0.5	424	1	5	0
5	0.0	124	3	3	1
1	0.3333333333333333	800	2	24	0
3	0.875	1494	10	219	0
1	0.5	544	1	1	0
5	0.5	169	1	4	1
5	0.0	449	1	47	1
5	0.0	146	8	53	1
5	0.9	593	113	8	1
5	0.0	144	4	238	1
4	0.0	118	3	1	1
5	0.8571428571428571	512	29	4	1
3	0.0	469	9	295	0
5	0.75	253	4	4	1
5	0.5	276	9	178	1
5	0.6666666666666666	1256	34	5	1
1	0.5	83	1	19	0
4	0.6	190	6	202	1
1	0.25	404	9	564	0
1	0.6666666666666666	281	1	2	0
5	0.0	300	6	77	1
5	0.0	114	3	20	1
4	0.0	241	2	4	1
5	0.0	439	1	79	1
5	0.3333333333333333	89	5	7	1
4	0.5	204	1	2	1
5	0.0	167	1	1	1
5	0.0	642	1	5	1
5	0.0	355	8	4	1
5	0.9090909090909091	519	1	7	1
5	0.0	670	17	170	1
4	0.5	358	11	112	1
1	0.0	338	1	5	0
2	0.3333333333333333	626	115	7	0
4	0.0	332	5	9	1
1	0.631578947368421	231	2	2	0
5	0.0	325	8	424	1
5	0.0	141	1	913	1
5	0.6666666666666666	149	1	21	1
5	0.0	139	1	25	1
5	0.75	454	8	165	1
5	0.2857142857142857	1673	4	58	1
5	0.0	413	5	5	1
5	0.0	327	32	81	1
5	0.3333333333333333	185	7	127	1
5	0.0	126	1	9	1
5	0.0	196	3	1	1
2	0.0	322	2	234	0
5	0.5	438	1	35	1
1	0.0	1639	26	80	0
5	0.6666666666666666	92	4	22	1
5	0.5	310	1	5	1
1	0.0	196	16	1	0
3	0.0	525	9	284	0
5	0.0	945	1	23	1
5	0.0	157	9	455	1
5	0.0	294	1	24	1
5	0.0	311	6	38	1
5	0.5	663	1	34	1
5	0.5	372	3	22	1
5	0.8888888888888888	514	9	14	1
5	0.0	364	2	10	1
5	0.6666666666666666	362	17	149	1
2	0.5	317	30	385	0
4	0.0	604	12	530	1
5	0.75	317	3	22	1
5	0.0	434	9	455	1
1	0.6666666666666666	267	3	77	0
5	0.0	436	4	103	1
4	0.5	89	3	23	1
5	0.5	174	1	18	1
3	0.9411764705882353	454	1	11	0
5	0.0	108	2	30	1
5	0.0	553	3	3	1
5	0.8	264	1	5	1
1	0.0	151	1	84	0
4	0.0	108	1	11	1
2	0.0	216	1	205	0
5	0.8888888888888888	116	1	623	1
1	0.3076923076923077	569	10	38	0
5	0.0	148	2	36	1
5	0.5	214	2	94	1
5	0.0	182	1	1	1
4	0.8	596	176	39	1
5	0.8571428571428571	348	1	13	1
1	0.0	336	3	22	0
5	0.75	157	12	103	1
2	0.0	862	1	95	0
5	0.0	156	5	271	1
5	0.0	268	1	3	1
2	0.0	330	1	21	0
2	0.25	985	5	5	0
5	0.0	275	6	424	1
5	0.75	106	7	8	1
1	0.0	218	4	7	0
5	0.3333333333333333	86	1	190	1
5	0.0	117	1	1	1
5	0.6666666666666666	347	15	47	1
3	0.8	583	201	5	0
5	0.0	164	1	21	1
4	0.0	626	8	48	1
2	0.6666666666666666	404	19	254	0
5	0.6666666666666666	213	3	14	1
5	0.0	130	5	4	1
5	0.875	1129	3	43	1
5	0.0	657	5	95	1
5	0.5	142	5	2	1
5	0.0	178	11	101	1
5	0.0	420	17	103	1
5	0.0	192	2	2	1
2	0.0	148	3	3	0
1	0.75	243	10	2	0
4	0.6666666666666666	170	1	10	1
5	0.0	251	4	103	1
5	0.75	106	1	16	1
4	0.0	525	3	186	1
2	0.0	148	1	8	0
5	0.90625	949	15	126	1
5	0.0	426	14	424	1
5	0.5	495	5	94	1
4	0.0	414	11	564	1
5	0.0	212	4	12	1
5	0.6666666666666666	430	1	4	1
3	0.5	617	6	9	0
5	0.3333333333333333	102	1	24	1
2	0.4	253	57	165	0
5	0.75	186	10	209	1
5	0.0	422	1	2	1
1	0.75	949	3	15	0
4	0.3333333333333333	454	3	26	1
4	0.5	150	2	251	1
4	0.0	451	24	324	1
1	0.0	227	1	38	0
5	0.8	196	1	7	1
5	0.0	395	1	15	1
5	0.0	179	3	6	1
5	0.0	141	4	171	1
1	0.9375	571	4	157	0
5	0.75	233	13	15	1
5	0.3333333333333333	148	1	18	1
4	0.0	114	14	60	1
1	0.6666666666666666	110	79	10	0
5	0.9333333333333333	293	8	27	1
4	0.0	332	1	5	1
2	0.0	147	3	2	0
5	0.0	410	11	2	1
5	0.0	143	14	105	1
5	0.0	117	21	8	1
5	0.5	777	9	25	1
5	0.0	344	1	24	1
1	0.5	359	3	50	0
5	0.0	159	2	2	1
5	0.8571428571428571	290	6	232	1
5	0.5	88	6	14	1
1	0.16666666666666666	1135	9	81	0
3	0.0	187	2	28	0
4	0.3333333333333333	194	3	97	1
5	0.0	988	6	223	1
5	0.0	196	5	3	1
5	0.0	153	6	128	1
5	0.7142857142857143	296	7	50	1
5	0.5	505	1	13	1
4	0.0	266	2	17	1
2	0.9	196	1	34	0
5	0.9333333333333333	540	7	52	1
5	0.0	454	1	11	1
3	0.5	154	1	10	0
5	0.5	132	3	3	1
1	0.0	170	25	170	0
4	0.0	330	9	22	1
5	0.75	163	1	3	1
5	0.5	541	24	9	1
4	0.0	349	12	137	1
3	0.5	346	54	81	0
5	0.0	294	1	172	1
5	0.0	543	7	455	1
4	0.0	494	27	387	1
5	0.0	977	1	9	1
5	0.0	206	1	63	1
5	0.5	310	1	25	1
5	0.0	238	1	6	1
3	0.0	347	3	57	0
4	0.0	569	16	207	1
1	0.4666666666666667	555	4	632	0
5	0.0	184	1	1	1
5	0.9090909090909091	145	1	13	1
5	0.0	233	14	101	1
1	0.75	232	2	6	0
5	0.0	1381	17	288	1
2	0.5	710	2	218	0
1	0.6666666666666666	123	1	35	0
3	0.0	487	32	288	0
5	0.75	407	4	137	1
5	0.0	775	4	413	1
5	0.0	233	19	332	1
4	0.0	351	78	9	1
2	0.0	239	5	257	0
5	0.5	211	6	19	1
5	0.8	361	5	324	1
1	0.5	360	2	4	0
5	0.0	151	7	74	1
5	0.0	168	9	413	1
5	0.6666666666666666	344	2	6	1
5	0.5	89	1	1	1
4	0.5	665	4	8	1
5	0.5	1953	1	4	1
5	0.0	297	12	8	1
1	0.4	151	1	3	0
5	0.8333333333333334	1135	25	170	1
5	0.0	344	1	2	1
5	0.5	510	18	25	1
1	0.6666666666666666	330	2	3	0
5	0.0	96	12	78	1
5	0.0	183	14	105	1
5	0.0	1265	4	2	1
5	0.4	123	1	104	1
2	0.0	820	3	556	0
1	0.9166666666666666	577	1	2	0
5	0.5	224	19	60	1
5	0.0	545	5	457	1
5	0.0	126	1	9	1
5	0.0	252	17	155	1
1	0.8	366	1	93	0
4	0.0	339	1	6	1
5	0.5	649	34	126	1
2	0.6666666666666666	162	1	2	0
5	0.0	140	1	18	1
5	0.0	1213	8	11	1
5	0.6666666666666666	508	10	101	1
4	0.0	602	31	206	1
4	0.8	472	5	59	1
4	0.0	91	10	41	1
5	0.0	229	1	8	1
4	0.0	707	157	5	1
3	0.7142857142857143	602	4	84	0
4	0.0	374	1	72	1
1	0.0	330	8	1	0
5	0.0	135	1	17	1
5	0.6666666666666666	270	5	55	1
1	0.5	647	1	3	0
1	0.2857142857142857	176	2	82	0
1	0.2	645	1	7	0
5	0.6666666666666666	242	4	5	1
5	0.5	347	1	5	1
5	0.5	501	4	10	1
3	0.0	857	1	3	0
5	0.0	105	5	46	1
3	0.0	201	3	35	0
5	0.6666666666666666	1046	3	257	1
5	0.5	327	1	3	1
5	0.0	222	2	114	1
4	0.0	768	59	43	1
5	0.0	387	8	73	1
5	0.0	315	1	13	1
2	0.0	381	2	27	0
5	0.0	816	1	3	1
4	0.0	472	1	3	1
5	0.0	318	2	2	1
5	0.0	473	4	218	1
5	0.0	300	13	332	1
5	0.5	396	83	14	1
5	0.0	121	11	94	1
5	0.0	406	3	9	1
1	0.6875	385	2	14	0
2	0.3333333333333333	467	19	488	0
5	0.0	223	1	23	1
3	0.625	3178	14	488	0
5	0.0	593	28	114	1
5	0.6666666666666666	944	127	170	1
4	0.8333333333333334	2755	3	46	1
5	0.75	445	9	340	1
2	0.9	622	1	7	0
5	0.0	298	1	8	1
5	0.9166666666666666	324	1	35	1
4	0.0	343	1	13	1
3	0.0	485	4	3	0
4	0.0	409	18	146	1
5	0.0	681	7	101	1
5	0.3333333333333333	170	25	170	1
4	0.0	164	1	1	1
5	0.0	247	8	72	1
5	0.0	217	1	3	1
1	0.2	330	73	118	0
3	0.6666666666666666	83	6	24	0
5	0.0	214	2	19	1
5	0.0	205	10	137	1
5	0.6666666666666666	353	1	3	1
5	0.0	872	4	274	1
5	0.0	791	1	98	1
1	0.0	159	1	3	0
5	0.0	213	1	198	1
5	0.0	491	6	98	1
5	0.3333333333333333	353	1	30	1
5	0.5	362	1	117	1
3	0.0	303	1	2	0
4	0.5	393	16	11	1
5	0.5	285	10	54	1
5	0.0	77	1	1	1
5	0.0	84	9	9	1
2	0.5	417	5	159	0
5	0.8571428571428571	174	4	9	1
5	0.9333333333333333	1283	1	28	1
5	0.3333333333333333	367	5	159	1
5	0.8333333333333334	643	3	389	1
3	0.0	100	5	3	0
5	0.0	275	6	424	1
5	0.5	1627	2	487	1
2	0.0	371	32	6	0
4	0.0	143	4	138	1
5	0.5	252	1	27	1
5	0.5	103	2	163	1
5	0.0	213	3	5	1
4	0.5	264	11	59	1
5	0.0	381	14	362	1
5	0.75	173	1	25	1
3	0.4444444444444444	135	1	2	0
5	0.5	168	8	385	1
5	0.0	429	1	20	1
5	0.0	280	4	57	1
4	0.0	481	3	530	1
5	0.6428571428571429	215	1	49	1
5	0.0	184	2	77	1
3	0.5714285714285714	535	7	632	0
3	0.8	686	1	19	0
2	0.043478260869565216	353	1	68	0
5	0.5	223	1	3	1
4	0.0	647	14	101	1
3	0.0	148	104	1	0
5	0.0	1250	42	88	1
5	0.0	157	2	33	1
1	0.0	289	4	301	0
5	0.5	220	1	30	1
4	0.0	244	8	209	1
1	0.42857142857142855	112	9	72	0
5	0.6666666666666666	932	18	3	1
1	0.0	1398	1	3	0
5	0.6	2029	60	2	1
2	0.5	327	14	60	0
2	0.0	452	17	15	0
1	0.0	208	7	19	0
1	0.6666666666666666	188	5	324	0
5	0.0	656	14	282	1
5	0.0	95	1	13	1
4	0.0	604	4	13	1
5	0.0	178	11	56	1
1	0.6666666666666666	222	1	50	0
5	0.0	144	2	24	1
1	0.7142857142857143	3340	1	232	0
5	0.0	78	1	18	1
5	0.0	112	1	1	1
5	0.5	546	5	56	1
4	0.0	937	3	295	1
5	0.5	272	1	7	1
5	0.0	169	1	232	1
3	0.75	1780	116	37	0
5	0.0	213	1	1	1
5	0.0	1055	11	9	1
5	0.6666666666666666	211	2	11	1
5	0.0	335	10	219	1
5	0.5	238	9	564	1
5	0.5	104	1	30	1
5	0.0	995	1	2	1
5	0.6666666666666666	606	3	206	1
5	0.5	316	4	542	1
5	0.0	270	6	1	1
5	0.5	133	1	7	1
4	0.0	205	5	202	1
4	0.0	294	69	274	1
5	0.875	1189	120	67	1
5	0.0	129	6	254	1
5	0.5	862	26	170	1
5	0.6	217	2	9	1
5	0.0	180	1	22	1
5	0.75	440	17	10	1
1	0.6666666666666666	148	2	24	0
5	0.0	466	58	19	1
4	0.0	156	1	6	1
5	0.0	135	28	3	1
5	0.0	132	7	67	1
3	0.5	678	2	5	0
5	0.0	571	3	96	1
4	0.5	793	25	455	1
5	0.0	465	43	66	1
5	0.5	155	1	5	1
5	0.0	263	4	8	1
3	0.0	171	5	251	0
5	0.0	797	52	288	1
2	0.0	135	2	2	0
5	0.0	189	2	1	1
5	0.0	211	6	192	1
5	0.0	113	1	18	1
5	0.5	197	8	385	1
5	0.0	122	1	3	1
1	0.0	97	3	118	0
5	0.3333333333333333	204	5	30	1
5	0.0	410	1	50	1
5	0.6666666666666666	579	2	17	1
4	0.0	279	2	9	1
5	0.75	448	7	130	1
4	0.6666666666666666	426	1	40	1
5	0.0	179	4	251	1
5	0.0	242	11	112	1
1	0.0	196	2	6	0
5	0.0	85	13	87	1
5	0.96	257	2	49	1
5	0.75	231	4	17	1
5	0.0	165	13	62	1
4	0.0	557	5	86	1
5	0.0	631	1	2	1
5	0.6666666666666666	359	4	542	1
5	0.75	1907	1	4	1
5	0.0	121	11	94	1
5	0.0	208	13	324	1
3	0.75	350	12	4	0
2	0.0	105	2	4	0
5	0.6666666666666666	213	6	39	1
2	0.8	240	2	5	0
4	0.0	179	3	159	1
5	0.8888888888888888	1135	31	30	1
5	0.3333333333333333	793	3	109	1
5	0.0	137	1	7	1
4	0.5	84	1	1	1
1	0.0	929	1	1	0
5	0.6666666666666666	234	4	194	1
5	0.0	164	21	25	1
5	0.0	143	1	10	1
4	0.0	240	3	138	1
5	0.0	221	1	10	1
1	0.75	283	1	46	0
5	0.5	452	2	7	1
1	0.0	238	1	6	0
5	0.0	237	5	487	1
1	0.25	984	16	18	0
5	0.5	471	1	2	1
5	0.0	350	4	114	1
5	0.0	1019	84	3	1
5	0.0	481	2	506	1
5	0.5	306	2	18	1
5	0.0	109	9	387	1
4	0.5	256	2	159	1
1	0.0	131	79	1	0
5	0.3333333333333333	215	125	288	1
4	0.0	314	1	251	1
5	0.0	296	2	10	1
5	0.6666666666666666	127	8	28	1
5	0.7142857142857143	803	10	5	1
2	0.0	850	2	3	0
5	0.0	199	25	170	1
5	0.3333333333333333	98	21	172	1
3	0.7142857142857143	744	2	32	0
4	0.0	937	3	295	1
5	0.0	163	4	274	1
2	0.6666666666666666	741	11	34	0
2	0.0	329	2	10	0
5	0.0	163	25	170	1
5	0.6666666666666666	127	10	310	1
4	0.0	105	1	35	1
1	0.6666666666666666	324	3	172	0
1	0.5	485	3	171	0
5	0.0	344	1	37	1
5	0.5	178	2	1	1
5	0.0	186	33	385	1
2	0.0	261	1	7	0
5	0.0	196	1	6	1
5	0.0	444	6	22	1
5	0.0	139	1	15	1
5	0.8333333333333334	161	1	16	1
4	0.0	510	2	1	1
5	0.0	452	3	2	1
4	0.0	175	1	5	1
5	0.6666666666666666	180	6	72	1
5	0.0	657	3	387	1
5	0.0	212	4	32	1
5	0.7272727272727273	2183	14	375	1
5	0.5	263	1	15	1
5	0.0	335	2	9	1
5	0.5	145	13	3	1
5	0.8	499	1	85	1
3	0.0	114	1	9	0
4	0.0	129	2	4	1
2	0.0	256	5	41	0
3	0.8571428571428571	297	121	2	0
5	0.0	128	2	14	1
5	0.0	336	1	52	1
5	0.6666666666666666	236	1	2	1
5	0.0	193	14	217	1
5	0.6666666666666666	495	8	18	1
1	0.0	867	1	5	0
5	0.0	153	1	15	1
3	0.0	1040	14	105	0
3	0.0	135	1	15	0
5	0.0	85	2	10	1
5	0.5	213	2	19	1
5	0.0	296	1	2	1
5	0.8181818181818182	259	1	38	1
1	0.0	547	1	2	0
5	0.8571428571428571	973	1	10	1
3	0.2	143	17	105	0
5	0.0	187	16	25	1
5	0.5	192	1	11	1
5	0.0	188	2	25	1
5	0.0	329	28	332	1
5	0.0	162	14	15	1
1	0.0	254	1	172	0
5	0.0	104	1	2	1
5	0.0	504	8	118	1
3	0.5	173	1	15	0
5	0.0	810	12	564	1
5	0.75	374	1	4	1
5	0.3333333333333333	323	4	238	1
5	0.0	220	40	52	1
5	0.625	194	2	26	1
5	0.5	1574	3	74	1
5	0.0	120	7	206	1
4	0.5	311	14	218	1
4	0.0	370	8	385	1
2	0.8	182	11	224	0
5	0.0	183	6	242	1
5	0.0	115	5	1	1
5	0.5	402	6	301	1
4	0.5	444	25	170	1
4	0.5	279	2	356	1
5	0.5	794	1	87	1
4	0.0	239	2	26	1
5	0.0	69	6	144	1
5	0.6666666666666666	435	1	16	1
5	0.6666666666666666	859	1	3	1
5	0.0	100	1	1	1
5	0.0	133	32	105	1
5	0.0	272	3	2	1
5	0.0	258	3	238	1
1	0.3333333333333333	277	10	162	0
5	0.0	456	16	24	1
5	0.5	520	79	1	1
3	0.6666666666666666	333	12	29	0
5	0.0	291	4	27	1
4	0.5	193	7	87	1
5	0.9	450	54	157	1
5	0.0	138	1	13	1
4	0.0	489	12	206	1
5	0.6666666666666666	557	6	6	1
4	0.0	269	5	302	1
5	0.6666666666666666	176	5	15	1
5	0.5	376	8	113	1
4	0.0	107	1	3	1
1	0.8	1500	12	7	0
5	0.5	533	1	22	1
1	0.55	476	11	18	0
4	0.16666666666666666	211	1	46	1
5	0.0	148	1	117	1
5	0.5	308	10	1	1
4	0.0	524	2	189	1
5	0.0	487	52	387	1
5	0.0	1044	4	165	1
3	0.0	272	1	160	0
5	0.5	154	2	32	1
4	0.0	914	3	16	1
5	0.6666666666666666	244	1	2	1
5	0.0	239	6	4	1
5	0.0	230	12	4	1
5	0.8	279	8	52	1
4	0.8333333333333334	395	17	385	1
5	0.5	1011	8	159	1
5	0.5	300	14	218	1
5	0.0	171	15	151	1
5	0.9154929577464789	459	5	55	1
5	0.5	224	1	25	1
5	0.0	363	1	49	1
4	0.6666666666666666	187	13	1	1
5	0.5	169	1	567	1
1	0.0	167	2	116	0
1	0.5	330	1	108	0
5	0.0	227	41	10	1
5	0.0	107	19	137	1
5	0.0	487	1	1	1
5	0.0	592	1	66	1
5	0.5	1028	15	128	1
1	0.0	1093	60	80	0
5	0.0	128	1	14	1
3	0.0	445	2	286	0
5	0.6666666666666666	277	1	202	1
2	0.5	563	23	3	0
5	0.0	453	48	66	1
4	0.5	347	42	170	1
5	0.0	510	4	50	1
2	0.0	400	1	5	0
5	0.5	415	7	8	1
4	0.0	355	22	17	1
5	0.8333333333333334	500	1	5	1
1	0.5	297	1	8	0
4	0.0	659	12	205	1
5	0.5	471	25	170	1
3	0.0	172	4	15	0
5	0.8	1341	2	7	1
4	0.5	837	53	170	1
5	0.6666666666666666	333	1	18	1
5	0.5	108	4	457	1
5	0.0	272	1	8	1
1	0.6	272	4	131	0
5	0.8666666666666667	376	62	122	1
4	0.5	875	40	1	1
5	0.0	114	5	178	1
2	0.0	476	2	2	0
5	0.5	111	1	69	1
5	0.0	108	13	8	1
5	0.0	228	10	7	1
3	0.0	266	6	488	0
5	0.0	137	1	5	1
5	0.5	715	43	77	1
1	0.0	483	6	56	0
2	0.0	159	1	20	0
5	0.0	220	3	389	1
5	0.0	220	4	542	1
3	0.0	291	8	385	0
3	0.5454545454545454	286	1	15	0
4	0.0	626	157	2	1
2	0.6153846153846154	449	3	87	0
1	0.0	304	2	51	0
5	0.5	639	6	5	1
5	0.0	406	28	170	1
5	0.0	598	13	165	1
5	0.6	393	3	6	1
3	0.6666666666666666	285	4	131	0
5	0.0	276	30	28	1
5	0.0	174	10	424	1
5	0.0	299	3	1	1
5	0.0	296	3	32	1
1	0.0	274	25	170	0
4	0.0	397	14	1	1
4	0.75	262	2	7	1
5	0.5	465	4	15	1
5	0.0	291	32	324	1
5	0.8	851	7	103	1
5	0.5	719	2	276	1
1	0.5714285714285714	716	1	13	0
5	0.0	497	27	3	1
5	0.5	484	8	69	1
5	0.0	891	3	29	1
5	0.0	258	1	47	1
5	0.6	87	25	170	1
5	0.5	248	1	30	1
4	0.0	144	2	86	1
2	0.0	144	1	3	0
5	0.0	599	1	3	1
1	0.75	4622	199	80	0
5	0.0	286	33	236	1
5	0.0	222	2	2	1
5	0.0	243	4	13	1
2	0.2857142857142857	330	113	15	0
4	0.0	486	8	385	1
5	0.5	143	20	27	1
5	0.0	294	2	12	1
5	0.5	500	4	80	1
5	0.3333333333333333	244	1	9	1
5	0.0	867	1	98	1
5	0.0	204	29	46	1
5	0.4	647	2	46	1
4	0.4	409	1	2	1
5	0.0	135	5	202	1
2	0.8333333333333334	379	2	22	0
5	0.6666666666666666	1092	4	5	1
5	0.75	660	6	69	1
1	0.3333333333333333	506	1	9	0
5	0.0	205	2	93	1
5	0.5	240	56	34	1
5	0.5	1885	135	8	1
5	0.75	267	4	176	1
5	0.0	223	4	632	1
5	0.75	149	13	8	1
3	0.0	318	1	2	0
5	0.42105263157894735	706	83	3	1
5	0.3333333333333333	110	9	23	1
5	0.5	579	1	37	1
5	0.6666666666666666	358	1	1	1
5	0.5	559	41	8	1
1	0.875	334	2	80	0
5	0.0	147	8	209	1
4	0.0	160	4	74	1
5	0.5	672	3	5	1
5	0.0	167	4	40	1
3	0.0	722	11	56	0
5	0.5	239	2	10	1
3	0.0	219	1	36	0
5	0.0	276	2	251	1
4	0.0	1783	32	7	1
5	0.0	143	1	148	1
5	0.0	1396	3	257	1
2	0.0	298	10	4	0
5	0.5	174	1	9	1
5	0.0	578	6	424	1
1	0.0	788	6	15	0
5	0.0	435	4	13	1
5	0.7142857142857143	119	5	5	1
5	0.0	142	2	5	1
5	0.0	251	4	23	1
4	0.0	492	29	340	1
5	0.5	267	1	1	1
2	0.0	459	7	11	0
5	0.8333333333333334	131	10	219	1
5	0.0	241	16	8	1
5	0.6666666666666666	231	10	41	1
4	0.0	1315	7	26	1
5	0.0	204	5	2	1
4	0.0	265	1	172	1
5	0.3333333333333333	119	1	148	1
5	0.0	107	4	28	1
5	0.0	224	1	16	1
5	0.5	280	2	17	1
5	0.0	135	1	9	1
3	0.8181818181818182	268	1	5	0
3	0.0	123	6	232	0
5	0.0	302	1	31	1
5	0.0	838	2	8	1
5	0.0	133	8	40	1
5	0.0	268	29	9	1
4	0.0	381	10	23	1
1	0.0784313725490196	326	1	50	0
4	0.0	940	13	61	1
5	0.0	587	4	457	1
5	0.0	310	1	37	1
5	0.0	138	13	137	1
4	0.0	442	53	488	1
1	0.18181818181818182	544	3	77	0
2	0.0	413	2	6	0
3	0.0	155	3	295	0
4	0.0	227	21	1	1
5	0.5	373	5	324	1
1	0.42857142857142855	707	2	120	0
2	0.0	109	5	32	0
4	0.0	745	8	146	1
1	0.8333333333333334	419	5	332	0
5	0.5	149	21	385	1
5	0.5	1052	1	4	1
5	0.5	738	5	178	1
5	0.0	192	17	8	1
5	0.6666666666666666	392	1	4	1
5	0.0	135	1	196	1
4	0.0	747	1	20	1
5	0.0	323	1	104	1
1	0.0	286	2	93	0
5	0.0	486	1	170	1
5	0.5	266	1	31	1
5	0.0	366	13	2	1
4	0.0	203	5	176	1
5	0.5	731	40	564	1
5	0.5	196	5	4	1
5	0.0	87	3	102	1
1	0.5	1290	9	424	0
4	0.5	350	6	276	1
4	0.0	537	8	385	1
5	0.0	142	3	159	1
3	0.9230769230769231	470	1	99	0
5	0.0	158	1	12	1
5	0.8	178	1	7	1
1	0.2727272727272727	108	5	12	0
5	0.0	387	9	6	1
5	0.7142857142857143	602	63	56	1
5	0.5	333	1	13	1
5	0.0	237	5	487	1
4	0.0	229	2	6	1
2	0.0	155	8	14	0
2	0.5	1006	4	38	0
5	0.0	65	3	31	1
1	0.0	503	2	34	0
1	0.5	1165	7	130	0
5	0.6666666666666666	285	1	4	1
5	0.5	356	3	12	1
5	0.0	243	1	95	1
2	0.6666666666666666	1616	1	65	0
5	0.0	127	1	3	1
5	0.5	439	1	542	1
5	0.6	93	6	19	1
3	0.0	239	1	2	0
5	0.0	662	155	10	1
5	0.0	234	6	242	1
5	0.0	483	5	178	1
5	0.6666666666666666	234	1	3	1
5	0.0	132	1	3	1
5	0.5	151	1	326	1
5	0.6666666666666666	198	1	9	1
5	0.0	585	17	295	1
5	0.6666666666666666	856	1	5	1
4	0.0	276	88	51	1
4	0.0	236	1	41	1
2	0.0	367	13	564	0
5	0.0	197	1	46	1
5	0.0	145	1	37	1
5	0.5	82	1	43	1
4	0.0	198	1	58	1
4	0.6666666666666666	212	1	15	1
5	0.5	620	2	163	1
5	0.0	663	38	5	1
2	0.0	736	20	76	0
2	0.8785714285714286	443	8	385	0
5	0.75	977	19	1	1
5	0.6666666666666666	982	4	389	1
5	0.0	114	5	176	1
5	0.0	171	4	46	1
5	0.3333333333333333	94	1	18	1
5	0.5	568	5	567	1
4	0.3333333333333333	348	1	143	1
5	0.0	308	1	50	1
4	0.0	257	1	124	1
4	0.5	436	4	131	1
5	0.0	117	1	5	1
5	0.0	195	3	295	1
5	0.0	128	4	43	1
5	0.0	552	7	332	1
5	0.3333333333333333	636	6	103	1
5	0.0	258	2	1	1
3	0.5	280	10	2	0
5	0.9444444444444444	488	1	30	1
5	0.5	254	1	4	1
5	0.6666666666666666	95	9	564	1
5	0.0	600	2	8	1
5	0.0	280	1	1	1
5	0.5	187	2	8	1
5	0.8	391	1	19	1
5	0.0	1018	172	1	1
4	0.5	1355	10	2	1
5	0.0	378	1	137	1
5	0.5	682	1	9	1
2	0.2857142857142857	175	3	12	0
3	0.0	687	7	261	0
5	0.0	215	14	105	1
5	0.5	53	1	4	1
5	0.0	123	2	15	1
5	0.7647058823529411	902	11	41	1
4	0.0	192	1	4	1
5	0.0	126	13	35	1
5	0.8	100	2	8	1
5	0.0	98	1	7	1
5	0.0	312	448	103	1
5	0.0	231	7	242	1
5	0.0	111	7	2	1
5	0.0	471	23	310	1
5	0.0	363	6	632	1
5	0.0	1220	5	9	1
4	0.0	466	8	150	1
5	0.8333333333333334	718	7	127	1
3	0.3333333333333333	186	1	11	0
4	0.5	812	2	7	1
2	0.0	917	1	183	0
5	0.0	537	1	3	1
3	0.0	707	1	6	0
2	0.0	198	3	2	0
5	0.9	609	3	389	1
5	0.0	292	11	251	1
5	0.5	319	1	2	1
4	0.5	603	105	479	1
4	0.5	271	3	61	1
5	0.9090909090909091	1614	75	46	1
5	0.0	370	1	2	1
5	0.5	266	23	184	1
5	0.0	228	16	292	1
4	0.0	272	1	17	1
3	0.5	392	57	137	0
2	0.0	531	4	1	0
5	0.0	393	4	5	1
4	0.0	211	12	170	1
5	0.6666666666666666	754	1	21	1
5	0.5	733	4	1	1
5	0.0	342	9	455	1
3	0.5	172	1	3	0
5	0.0	114	9	564	1
1	0.5	144	1	34	0
5	0.0	561	1	4	1
5	0.0	973	1	3	1
4	0.6666666666666666	168	22	27	1
5	0.6666666666666666	242	11	301	1
5	0.0	244	3	9	1
5	0.6666666666666666	308	1	30	1
5	0.0	496	13	288	1
5	0.0	554	31	207	1
2	0.0	414	38	102	0
5	0.5	513	1	1	1
5	0.6666666666666666	1595	3	238	1
5	0.0	201	1	148	1
5	0.5	132	2	4	1
5	0.0	317	448	11	1
5	0.6	247	1	35	1
1	0.3333333333333333	133	1	2	0
5	0.0	327	2	215	1
5	0.0	2219	6	147	1
5	0.8	371	1	40	1
4	0.5	141	14	19	1
5	0.5	121	4	93	1
1	0.5	1277	1	5	0
4	0.0	404	28	288	1
5	0.0	134	1	100	1
1	0.5555555555555556	256	1	30	0
5	0.0	193	42	1	1
3	0.0	637	12	16	0
5	0.0	520	7	242	1
1	0.42857142857142855	648	3	3	0
2	0.0	247	4	193	0
5	0.0	245	3	5	1
5	0.75	240	29	101	1
5	0.5	221	1	28	1
5	0.75	97	3	27	1
2	0.0	124	2	33	0
4	0.0	210	2	21	1
1	0.7	261	25	19	0
5	0.0	728	1	1	1
1	0.5	686	1	14	0
5	0.0	130	1	13	1
4	0.5	203	39	103	1
5	0.5	466	1	9	1
5	0.3333333333333333	116	5	16	1
5	0.0	262	7	15	1
5	0.0	144	4	45	1
5	0.0	292	6	9	1
2	0.0	311	3	251	0
3	0.75	1243	78	137	0
5	0.6666666666666666	196	1	3	1
5	0.0	142	1	1	1
5	0.0	692	8	178	1
5	0.6	1081	6	4	1
1	0.0	376	4	137	0
1	0.875	917	2	7	0
5	0.0	296	9	385	1
5	0.6666666666666666	161	20	27	1
5	0.0	1247	47	1	1
5	0.8888888888888888	108	1	27	1
3	0.0	155	9	2	0
5	0.6666666666666666	121	1	13	1
5	0.6666666666666666	430	8	102	1
5	0.0	183	1	14	1
5	0.9166666666666666	2134	9	37	1
5	0.75	267	2	89	1
1	0.5	305	1	1	0
2	0.2	136	2	62	0
5	0.5	144	1	43	1
3	0.0	221	6	31	0
5	0.0	154	16	74	1
4	0.5	137	1	30	1
5	0.0	202	8	209	1
5	0.25	116	4	542	1
5	0.0	1013	2	11	1
1	0.0	210	1	18	0
5	0.0	147	1	9	1
5	0.0	893	26	170	1
5	0.0	117	30	385	1
5	0.0	505	1	5	1
5	0.5	238	1	8	1
4	0.0	292	9	1	1
4	0.0	552	6	7	1
5	0.0	172	1	10	1
5	0.0	157	1	2	1
2	0.0	301	1	4	0
4	0.0	412	4	204	1
5	0.0	320	4	3	1
5	0.0	626	3	2	1
1	0.6	267	1	7	0
5	0.0	1707	13	16	1
1	0.0	155	2	26	0
5	0.5	408	25	170	1
5	0.5	457	3	17	1
4	0.0	896	9	1	1
5	0.6666666666666666	533	12	62	1
4	0.0	144	7	387	1
1	0.0	136	8	21	0
5	0.0	1081	1	12	1
5	0.9230769230769231	512	10	91	1
5	0.0	285	2	556	1
5	0.0	183	4	4	1
2	0.0	279	2	3	0
4	0.5	377	3	55	1
4	0.0	1475	18	288	1
4	0.5	224	12	158	1
1	0.0	180	1	1	0
5	0.6666666666666666	286	6	632	1
5	0.8333333333333334	89	1	12	1
5	0.0	114	1	72	1
5	0.0	504	1	12	1
5	0.3333333333333333	959	7	16	1
3	0.0	219	1	42	0
5	0.0	509	1	34	1
2	0.0	136	1	4	0
4	0.5	257	1	44	1
5	0.8333333333333334	687	20	12	1
4	0.6666666666666666	1121	5	41	1
5	0.0	246	8	155	1
4	0.6666666666666666	466	10	41	1
5	0.8333333333333334	277	5	73	1
5	0.5	150	6	424	1
5	0.0	457	9	564	1
5	0.0	727	2	9	1
5	0.8	399	3	257	1
5	0.0	359	95	20	1
5	0.75	434	7	25	1
1	0.3333333333333333	237	5	4	0
5	0.0	151	1	67	1
1	0.0	125	1	7	0
2	0.0	388	5	93	0
3	0.0	198	2	2	0
5	0.5	83	1	6	1
5	0.0	332	63	2	1
5	0.0	283	3	2	1
5	0.5	1425	78	1	1
5	0.0	872	4	274	1
5	0.0	145	58	14	1
1	0.8	172	4	455	0
5	0.0	385	3	6	1
5	0.0	1056	2	113	1
4	0.0	184	1	7	1
5	0.5	331	1	10	1
5	0.0	113	3	389	1
4	0.6	201	1	7	1
5	0.0	486	5	20	1
5	0.5	441	4	44	1
5	0.0	154	8	72	1
5	0.5	270	4	30	1
4	0.75	147	3	33	1
5	0.0	234	4	94	1
5	0.25	419	58	292	1
5	0.6	1604	59	122	1
3	0.0	906	20	31	0
5	0.6	178	2	21	1
5	0.6666666666666666	193	6	542	1
4	0.0	874	44	212	1
3	0.5	1578	94	101	0
3	0.0	1480	26	88	0
3	0.0	935	1	27	0
5	0.5	510	17	80	1
3	0.0	249	12	206	0
5	0.0	192	1	11	1
5	0.3333333333333333	85	1	9	1
5	0.0	189	1	11	1
5	0.9655172413793104	185	4	57	1
4	0.0	511	16	542	1
1	0.7	178	1	58	0
4	0.0	1366	98	14	1
5	0.0	89	1	3	1
5	0.0	413	7	72	1
1	0.0	789	48	159	0
1	0.5714285714285714	245	3	13	0
5	0.3333333333333333	118	12	37	1
5	0.0	119	3	48	1
5	0.5	357	11	4	1
2	0.4	158	1	100	0
5	0.6666666666666666	136	6	72	1
5	0.0	194	1	1	1
1	0.38461538461538464	777	3	356	0
5	0.75	324	3	4	1
1	0.0	129	1	77	0
4	0.0	1221	1	71	1
5	0.0	229	2	202	1
5	0.5	195	106	2	1
5	0.4	110	1	5	1
5	0.0	223	2	9	1
5	0.0	175	1	913	1
5	0.0	196	7	2	1
5	0.75	137	9	564	1
3	0.0	504	40	387	0
4	0.0	450	13	236	1
4	0.6666666666666666	1544	3	144	1
5	0.0	276	5	332	1
5	0.0	149	1	1	1
5	0.0	155	3	30	1
1	0.0	149	1	11	0
1	0.0	912	1	3	0
5	0.0	405	1	1	1
3	0.0	846	1	4	0
5	0.0	233	2	15	1
5	0.0	221	1	3	1
5	0.75	865	12	127	1
5	0.0	133	1	3	1
4	0.0	672	3	295	1
5	0.0	749	67	3	1
5	0.0	125	5	48	1
4	0.6666666666666666	141	4	67	1
1	0.35	123	5	85	0
3	0.0	523	5	4	0
1	0.4	516	98	2	0
5	0.0	1216	117	1	1
5	0.8	131	3	23	1
5	0.0	291	4	172	1
5	0.0	172	1	1	1
5	0.0	343	1	913	1
4	0.0	1438	63	54	1
5	0.0	112	2	21	1
1	0.5	788	1	20	0
4	0.5	588	59	2	1
5	0.0	140	1	29	1
5	0.5	1544	1	22	1
5	0.0	116	1	13	1
4	0.0	129	1	2	1
3	0.6666666666666666	267	26	27	0
4	0.5	324	5	9	1
5	0.6666666666666666	156	3	12	1
1	0.0	383	3	4	0
5	0.5	100	3	42	1
5	0.5	435	3	389	1
5	0.8333333333333334	1192	80	25	1
2	0.0	100	2	4	0
4	0.0	1208	6	4	1
5	0.0	128	1	13	1
5	0.0	1382	6	6	1
5	0.3333333333333333	169	1	49	1
3	0.0	579	6	35	0
5	0.0	672	2	54	1
4	0.0	215	17	46	1
5	0.0	275	1	20	1
4	0.6363636363636364	415	5	18	1
1	0.0	114	2	1	0
5	0.0	304	13	455	1
5	0.5	303	5	14	1
2	0.0	485	39	479	0
5	0.0	511	11	13	1
3	0.0	305	1	198	0
5	0.5	608	19	269	1
5	0.5	236	1	12	1
1	0.0	413	3	2	0
5	0.0	131	2	2	1
5	0.0	119	1	40	1
5	0.0	478	4	43	1
3	0.0	351	15	24	0
5	0.0	470	14	294	1
1	0.2857142857142857	295	20	218	0
4	0.5	427	1	9	1
5	0.0	131	2	4	1
5	0.0	337	2	31	1
4	0.0	317	1	488	1
1	0.0	464	2	556	0
5	0.0	108	4	47	1
4	0.75	487	4	171	1
1	0.0	235	12	119	0
5	0.5	387	4	138	1
4	0.0	320	8	178	1
5	0.8	502	18	36	1
1	0.3333333333333333	295	8	385	0
5	0.0	182	1	3	1
5	0.0	139	1	10	1
5	0.0	918	1	1	1
5	0.5	428	30	94	1
5	0.0	130	2	5	1
5	0.6666666666666666	306	2	165	1
3	0.875	647	1	30	0
1	0.0	431	3	413	0
5	0.6666666666666666	79	1	62	1
5	0.0	381	41	101	1
5	0.5	161	1	15	1
5	0.0	278	6	424	1
1	0.6666666666666666	225	6	72	0
5	0.6666666666666666	522	4	8	1
5	0.75	193	1	10	1
2	0.0	285	2	12	0
1	0.0	394	1	5	0
5	0.5	165	2	4	1
1	0.0	662	3	71	0
1	0.5	858	2	234	0
5	0.0	798	3	195	1
3	0.0	847	3	4	0
5	0.0	717	11	195	1
1	0.0	128	1	63	0
5	0.0	195	3	1	1
1	0.0	363	1	52	0
5	0.0	1169	1	35	1
3	0.75	1045	2	10	0
4	0.5	414	4	6	1
5	0.0	461	3	4	1
1	0.625	962	4	17	0
5	0.0	546	16	17	1
5	0.0	284	5	9	1
5	0.6666666666666666	230	3	41	1
5	0.3333333333333333	141	1	2	1
5	0.6666666666666666	146	6	72	1
3	0.0	496	4	101	0
2	0.0	156	2	3	0
1	0.14285714285714285	239	18	6	0
3	0.0	747	27	455	0
5	0.5	1124	2	66	1
4	0.4	510	4	55	1
5	0.0	396	9	14	1
3	0.5	209	2	31	0
5	0.0	541	26	151	1
5	0.0	256	5	202	1
5	0.5	142	2	276	1
5	0.0	562	8	118	1
3	0.0	224	1	2	0
3	0.6666666666666666	628	1	1	0
5	0.0	308	4	17	1
3	0.0	329	61	2	0
5	0.6666666666666666	146	11	41	1
5	0.8	513	34	60	1
5	0.875	498	1	7	1
5	0.0	325	2	9	1
3	0.3333333333333333	555	1	206	0
5	0.0	380	1	2	1
5	0.0	163	4	74	1
4	0.8333333333333334	1826	5	17	1
5	0.5	275	10	43	1
4	0.0	223	24	49	1
5	0.0	185	3	31	1
4	0.0	166	5	47	1
5	0.5	825	7	5	1
5	0.5	430	6	254	1
5	0.0	304	1	28	1
5	0.5	125	5	457	1
3	0.0	1436	3	387	0
1	0.8333333333333334	486	1	1	0
5	0.5	271	1	12	1
4	0.75	272	1	26	1
5	0.0	262	11	56	1
4	0.3333333333333333	686	40	166	1
1	0.08333333333333333	1670	4	58	0
5	0.8571428571428571	4016	7	3	1
5	0.5	597	1	11	1
5	0.5	354	14	33	1
4	0.0	122	1	5	1
4	0.8	217	1	12	1
5	0.0	161	1	39	1
5	0.9111111111111111	1050	11	238	1
5	0.8333333333333334	472	2	43	1
5	0.5	155	10	455	1
5	0.8	88	2	34	1
5	0.0	126	1	6	1
5	0.5	111	4	542	1
4	0.8333333333333334	365	1	1	1
5	0.0	300	5	110	1
5	0.0	170	2	8	1
5	0.8	349	1	11	1
5	0.0	225	2	3	1
4	0.0	317	3	10	1
4	0.8181818181818182	105	11	28	1
5	0.6666666666666666	649	20	35	1
2	0.5	393	1	16	0
4	0.0	157	9	30	1
5	0.7142857142857143	264	18	81	1
5	0.0	528	1	11	1
4	0.6666666666666666	524	63	246	1
5	0.3333333333333333	132	1	6	1
4	0.0	1248	38	1	1
2	0.0	327	44	15	0
5	0.0	149	1	1	1
5	0.5	301	4	387	1
5	0.0	258	1	47	1
5	0.972972972972973	1754	1	63	1
5	0.0	149	1	123	1
4	0.0	216	30	73	1
5	0.0	407	2	32	1
1	0.21428571428571427	110	1	5	0
5	0.8	606	2	356	1
5	0.0	444	5	274	1
4	0.0	372	14	100	1
5	0.0	345	1	139	1
5	0.0	93	8	12	1
3	0.8666666666666667	1777	1	63	0
5	0.5	284	1	19	1
2	0.5	275	7	172	0
4	0.0	80	3	74	1
5	0.8181818181818182	436	1	85	1
5	0.0	1046	18	288	1
3	0.5714285714285714	914	4	26	0
3	0.0	286	4	11	0
5	0.0	106	2	46	1
5	0.0	412	1	13	1
5	0.0	212	2	71	1
5	0.75	242	6	4	1
5	0.0	584	14	98	1
4	0.0	426	5	257	1
4	0.0	247	2	61	1
5	0.0	143	1	251	1
1	0.5	351	2	3	0
1	0.6	298	1	77	0
5	0.75	348	17	91	1
1	0.16666666666666666	312	1	14	0
5	0.6666666666666666	210	3	8	1
4	0.0	131	1	9	1
4	0.5	308	1	2	1
5	0.5	726	3	25	1
5	0.0	287	4	57	1
4	0.0	192	6	89	1
5	0.0	150	5	55	1
5	0.0	201	1	2	1
5	0.0	602	105	31	1
5	0.5	110	1	4	1
5	0.5	187	10	209	1
5	0.5	486	4	13	1
5	0.6666666666666666	176	1	50	1
4	0.0	554	1	69	1
5	0.0	690	6	3	1
5	0.6666666666666666	135	8	1	1
3	0.5	1505	8	1	0
5	0.0	178	4	632	1
1	0.6428571428571429	1635	1	3	0
4	0.75	593	6	387	1
4	0.0	295	1	5	1
1	0.9629629629629629	294	6	4	0
5	0.0	142	24	27	1
4	0.0	171	12	1	1
5	0.0	150	16	166	1
1	0.0	947	3	118	0
2	0.5	384	9	98	0
4	0.0	679	25	487	1
5	0.0	393	1	219	1
2	0.0	294	1	54	0
5	0.8333333333333334	4310	11	158	1
5	0.0	261	11	112	1
5	0.0	141	5	457	1
5	0.0	552	3	31	1
5	0.3333333333333333	108	2	14	1
5	0.8571428571428571	490	24	385	1
5	0.0	619	5	86	1
5	0.5	581	5	159	1
5	0.0	459	1	7	1
3	0.5	114	2	8	0
4	0.8888888888888888	802	1	11	1
5	0.0	257	1	224	1
3	0.0	638	2	1	0
2	0.5	245	10	15	0
1	0.0	873	1	6	0
5	0.0	740	3	10	1
5	0.0	214	5	151	1
3	0.5	479	2	49	0
3	0.0	309	2	21	0
3	0.0	119	2	1	0
5	0.5	292	6	7	1
5	0.5	267	3	310	1
5	0.5	299	7	102	1
5	0.8333333333333334	190	7	11	1
1	0.5333333333333333	1472	4	632	0
1	0.8888888888888888	137	1	8	0
1	0.6	357	14	90	0
5	0.0	214	1	143	1
4	0.6666666666666666	293	12	103	1
1	0.05	337	1	142	0
5	0.0	120	40	35	1
4	0.0	342	4	57	1
1	0.0	470	6	7	0
5	0.0	521	1	169	1
3	0.0	105	2	2	0
2	0.5	355	1	31	0
5	0.0	203	1	1	1
5	0.0	134	4	103	1
2	0.0	247	77	452	0
3	0.3333333333333333	322	18	65	0
5	0.8333333333333334	474	63	14	1
5	0.0	511	1	65	1
4	0.0	116	1	36	1
5	0.5	242	14	218	1
5	0.5	308	14	301	1
5	0.0	113	2	18	1
1	0.8333333333333334	489	28	82	0
5	0.0	365	53	7	1
5	0.5	128	6	5	1
5	0.5	214	9	564	1
5	0.0	538	2	286	1
5	0.8	283	1	6	1
3	0.0	248	11	455	0
5	0.6666666666666666	170	4	19	1
4	0.0	955	19	2	1
5	0.0	206	1	26	1
5	0.9166666666666666	628	12	170	1
4	0.0	196	6	117	1
5	0.0	1003	11	27	1
5	0.75	438	10	1	1
5	0.75	899	22	86	1
5	0.6666666666666666	1131	1	330	1
5	0.0	196	1	16	1
4	0.0	1448	6	424	1
5	0.0	155	8	192	1
5	0.0	345	4	27	1
5	0.0	99	1	7	1
5	0.0	363	4	104	1
5	0.5	479	2	17	1
4	0.0	215	1	61	1
3	0.9117647058823529	896	2	143	0
3	0.5	1458	3	11	0
4	0.75	121	1	45	1
5	0.75	235	3	2	1
5	0.6	130	1	64	1
5	0.0	128	4	57	1
5	0.0	2426	4	158	1
5	0.0	355	3	19	1
5	0.0	2479	18	295	1
5	0.0	145	1	9	1
4	0.0	179	2	556	1
4	0.5	583	3	159	1
5	0.0	324	3	144	1
5	0.0	354	1	2	1
5	0.3333333333333333	183	1	19	1
3	0.75	139	3	3	0
4	0.8928571428571429	1403	6	128	1
5	0.0	131	3	73	1
1	0.0	192	5	1	0
5	0.5	401	21	75	1
5	0.6666666666666666	224	3	155	1
4	0.0	510	19	90	1
4	0.75	555	1	21	1
5	0.0	282	2	234	1
5	0.5	161	1	9	1
5	0.0	392	1	52	1
4	0.0	112	9	254	1
5	0.5	210	6	7	1
5	0.0	167	1	202	1
1	0.0	469	17	7	0
5	0.8333333333333334	508	4	81	1
4	0.0	238	2	1	1
5	0.25	1484	18	362	1
1	0.5	378	2	1	0
5	0.0	110	1	13	1
5	0.6666666666666666	91	10	202	1
5	0.75	591	11	56	1
5	0.8	220	16	60	1
5	0.0	330	1	14	1
5	0.75	255	2	4	1
3	0.0	799	11	288	0
5	0.5	520	9	332	1
5	0.0	71	6	332	1
3	0.4	871	22	288	0
4	0.0	198	1	7	1
5	0.5	371	3	11	1
1	0.26666666666666666	301	2	38	0
4	0.0	203	5	28	1
5	0.5	251	1	61	1
5	0.0	138	22	455	1
5	0.6666666666666666	252	4	413	1
5	0.5	341	2	4	1
5	0.0	173	1	30	1
4	0.0	178	5	3	1
5	0.0	112	9	424	1
5	0.9024390243902439	1186	8	10	1
4	0.0	151	1	21	1
5	0.0	398	1	86	1
5	0.0	126	9	2	1
5	0.0	975	14	60	1
5	0.5	501	3	12	1
4	0.0	788	8	5	1
2	0.0	153	5	2	0
1	0.6666666666666666	481	1	3	0
5	0.0	105	1	6	1
5	0.5	319	8	147	1
1	0.5	210	1	6	0
1	0.6521739130434783	506	19	86	0
5	0.0	139	4	13	1
5	0.8333333333333334	570	8	385	1
5	0.0	552	1	6	1
5	0.0	153	1	1	1
4	0.5	361	1	285	1
1	0.0	122	6	5	0
5	0.5	394	1	14	1
2	0.6	735	20	76	0
5	0.5	455	3	238	1
5	0.0	306	1	5	1
4	0.0	151	3	28	1
5	0.0	1014	10	65	1
1	0.16666666666666666	519	10	632	0
5	0.0	331	21	332	1
5	0.5	282	11	4	1
5	0.0	116	1	6	1
5	0.0	173	10	36	1
5	0.6666666666666666	1055	1	9	1
1	0.5	142	1	14	0
5	0.0	295	67	1	1
5	0.0	328	2	44	1
5	0.0	463	5	37	1
1	0.3333333333333333	225	5	23	0
5	0.8	919	46	112	1
4	0.0	1771	51	170	1
5	0.0	271	2	6	1
5	0.9705882352941176	1535	7	50	1
5	0.6666666666666666	158	18	11	1
3	0.16666666666666666	255	11	158	0
5	0.0	168	1	23	1
5	0.0	137	1	7	1
5	0.3333333333333333	469	3	58	1
1	0.5862068965517241	1736	4	204	0
1	0.0	156	5	11	0
2	0.0	374	1	8	0
3	0.5	374	1	76	0
5	0.5	174	21	274	1
5	0.0	184	8	22	1
4	0.0	248	15	112	1
5	0.0	129	5	117	1
5	0.0	127	1	8	1
5	0.0	221	14	39	1
5	0.8571428571428571	502	3	30	1
1	0.2857142857142857	364	7	7	0
5	0.5	1639	15	118	1
3	0.5	1764	3	146	0
5	0.0	238	2	2	1
5	0.0	555	1	40	1
4	0.8333333333333334	923	2	27	1
3	0.0	256	2	4	0
2	0.0	309	3	17	0
2	0.0	105	1	1	0
5	0.5	190	1	4	1
5	0.5	431	4	2	1
3	0.6923076923076923	203	3	99	0
5	0.0	110	1	3	1
2	0.0	463	1	3	0
2	0.375	117	14	52	0
5	0.0	926	1	5	1
2	0.3333333333333333	132	7	165	0
2	0.6666666666666666	105	1	131	0
4	0.0	552	6	301	1
5	0.5	297	15	8	1
5	0.0	233	6	128	1
5	0.0	267	3	17	1
5	0.0	160	4	632	1
4	0.6666666666666666	540	421	103	1
5	0.0	946	9	173	1
5	0.3333333333333333	70	1	51	1
5	0.0	125	3	9	1
5	0.0	1015	27	288	1
3	0.0	181	3	162	0
2	0.0	130	1	63	0
5	0.0	124	4	5	1
5	0.0	284	8	10	1
1	0.5	622	162	4	0
5	0.25	337	1	208	1
3	0.0	642	54	530	0
4	0.0	184	6	16	1
5	0.5	182	7	80	1
4	0.0	354	1	20	1
5	0.5	211	7	50	1
5	0.6666666666666666	724	5	3	1
4	0.6	155	14	13	1
5	0.6666666666666666	604	35	7	1
5	0.0	618	58	56	1
1	0.25	294	3	16	0
5	0.9166666666666666	1073	13	26	1
3	0.0	320	54	101	0
5	0.7142857142857143	210	2	12	1
5	0.75	506	24	324	1
5	0.0	134	4	103	1
3	0.0	561	95	109	0
5	0.0	526	1	542	1
5	0.0	296	1	99	1
5	0.0	277	1	347	1
5	0.5	1118	12	4	1
5	0.0	487	1	2	1
5	0.6666666666666666	444	2	8	1
5	0.5	328	88	6	1
2	0.3333333333333333	508	3	11	0
4	0.0	264	16	302	1
3	0.0	560	54	288	0
4	0.0	213	5	12	1
5	0.0	190	1	8	1
5	0.0	288	1	4	1
3	0.0	134	1	87	0
3	0.7333333333333333	3108	1	12	0
3	0.0	328	9	455	0
5	0.0	528	68	246	1
4	0.0	138	1	5	1
5	0.0	191	1	24	1
5	0.6666666666666666	226	5	4	1
1	0.0	188	1	15	0
2	0.0	106	2	148	0
5	0.5	543	20	178	1
5	0.0	79	16	170	1
5	0.0	163	5	47	1
5	0.5	403	1	8	1
5	0.6666666666666666	213	6	39	1
1	0.5	732	8	479	0
5	0.0	300	2	8	1
5	0.5	377	1	67	1
5	0.0	1133	57	113	1
5	0.0	752	1	3	1
5	0.0	349	1	93	1
5	0.875	373	1	2	1
2	0.5	410	1	1	0
5	0.6666666666666666	175	1	40	1
5	0.5	326	8	209	1
5	0.0	351	1	2	1
3	0.6666666666666666	687	15	362	0
5	0.0	116	12	53	1
4	0.8333333333333334	497	8	159	1
5	0.0	148	2	247	1
5	0.0	1048	5	86	1
5	0.0	209	4	118	1
5	0.0	114	1	4	1
5	0.0	222	3	257	1
5	0.3333333333333333	134	4	11	1
5	0.0	841	2	93	1
4	0.75	643	17	80	1
5	0.6666666666666666	543	1	26	1
2	0.0	383	1	99	0
2	0.5	838	135	3	0
5	0.6666666666666666	237	1	32	1
5	0.875	169	26	19	1
5	0.0	374	40	6	1
5	0.0	289	6	193	1
5	0.6666666666666666	137	6	128	1
4	0.0	170	1	94	1
1	0.5	354	2	30	0
4	0.0	456	13	2	1
5	0.0	418	3	11	1
5	0.5	85	1	1	1
5	0.8571428571428571	974	1	4	1
1	0.2857142857142857	428	1	20	0
2	0.7	185	2	13	0
5	0.0	94	5	23	1
5	0.0	395	29	246	1
5	0.7777777777777778	226	1	14	1
5	0.0	165	2	1	1
3	0.978021978021978	1305	57	71	0
5	0.0	171	5	13	1
5	0.3333333333333333	1407	12	88	1
4	0.0	204	13	3	1
3	0.7777777777777778	1920	4	121	0
5	0.0	144	1	9	1
5	0.75	395	2	21	1
1	0.3333333333333333	143	5	14	0
5	0.8	460	2	6	1
4	0.0	145	1	15	1
3	0.4	234	1	14	0
5	0.8	108	3	17	1
5	0.5	336	4	137	1
5	0.5	357	6	69	1
5	0.0	497	1	97	1
4	0.0	291	1	330	1
5	0.9090909090909091	136	1	21	1
5	0.25	205	3	43	1
5	0.6666666666666666	99	15	41	1
4	0.6666666666666666	306	1	39	1
4	0.5	125	1	19	1
5	0.0	99	4	49	1
5	0.0	282	1	12	1
3	0.0	132	1	12	0
5	0.8	446	1	22	1
5	0.0	204	1	54	1
5	0.5714285714285714	357	16	16	1
5	0.5	862	26	170	1
4	0.8	348	73	4	1
3	0.75	497	1	80	0
3	0.6	1762	35	108	0
2	0.0	453	16	26	0
5	0.6666666666666666	558	1	2	1
5	0.0	141	6	2	1
5	0.0	289	10	46	1
5	0.0	196	1	1	1
3	0.6	811	2	6	0
5	0.0	191	1	2	1
5	0.0	96	4	632	1
2	0.0	919	2	1	0
5	0.6666666666666666	1009	365	4	1
5	0.0	123	1	1	1
5	0.0	260	1	67	1
5	0.8	117	3	27	1
4	0.0	123	3	83	1
5	0.8	132	1	15	1
3	0.5	372	34	288	0
5	0.0	91	2	4	1
5	0.0	151	1	21	1
1	0.6666666666666666	743	1	12	0
5	0.0	324	1	82	1
5	0.5	125	3	251	1
5	0.0	105	1	12	1
5	0.3333333333333333	553	113	21	1
1	0.75	1155	1	2	0
5	0.5	165	6	2	1
5	0.8571428571428571	434	43	117	1
3	0.9	830	4	3	0
5	0.0	604	3	1	1
4	0.0	82	10	110	1
2	0.3333333333333333	678	1	39	0
5	0.5	517	17	37	1
5	0.0	252	1	9	1
5	0.8333333333333334	1049	1	6	1
3	0.0	401	9	38	0
5	0.3333333333333333	359	45	178	1
5	0.5	319	4	182	1
5	0.8	497	22	14	1
5	0.5	345	1	16	1
5	0.6666666666666666	90	3	22	1
5	0.0	97	14	387	1
5	0.8333333333333334	625	7	14	1
2	0.0	403	1	8	0
5	0.3333333333333333	86	9	13	1
5	0.0	114	6	5	1
3	0.4	424	15	288	0
3	0.0	206	7	8	0
5	0.0	4041	12	10	1
5	0.5	281	1	9	1
5	0.6666666666666666	439	1	43	1
5	0.0	187	6	5	1
5	0.0	126	2	29	1
5	0.0	195	1	23	1
5	0.875	879	6	147	1
5	0.0	178	4	5	1
5	0.6666666666666666	191	4	2	1
5	0.9615384615384616	460	3	121	1
5	0.0	231	4	487	1
1	0.0	716	1	3	0
5	0.5714285714285714	156	25	170	1
5	0.0	145	19	564	1
5	0.0	175	1	3	1
2	0.7692307692307693	700	12	170	0
5	0.0	333	1	1	1
5	0.0	308	8	385	1
5	0.5	309	12	107	1
4	0.5	257	3	15	1
5	0.0	254	4	121	1
4	0.0	395	8	295	1
5	0.5	336	2	29	1
4	0.0	162	49	7	1
3	0.5	296	1	21	0
1	0.6666666666666666	215	1	2	0
5	0.0	1517	65	491	1
5	0.0	303	2	225	1
5	0.0	344	12	174	1
5	0.6	288	3	46	1
5	0.0	79	1	1	1
4	0.5	444	25	170	1
5	0.0	203	1	9	1
4	0.3333333333333333	347	13	288	1
5	0.5	221	1	37	1
5	0.0	549	43	6	1
5	0.5	315	10	101	1
4	0.0	593	4	144	1
3	0.6666666666666666	392	13	4	0
4	0.0	486	3	22	1
5	0.0	223	1	117	1
4	0.5	1452	18	288	1
2	0.0	312	3	70	0
5	0.0	164	8	52	1
1	0.0	323	1	9	0
4	0.5	517	2	13	1
4	0.0	265	34	1	1
5	0.0	113	26	170	1
5	0.75	417	13	158	1
5	0.0	125	3	37	1
5	0.9361702127659575	848	3	93	1
5	0.0	299	3	36	1
5	0.6	215	8	3	1
5	0.6666666666666666	851	8	118	1
1	0.75	753	1	44	0
5	0.0	639	22	6	1
5	0.5	133	3	4	1
5	0.5	165	4	158	1
5	0.0	211	4	75	1
4	0.5	469	4	67	1
5	0.75	870	60	7	1
5	0.5	376	7	5	1
5	0.8	271	1	3	1
3	0.3333333333333333	1424	12	34	0
5	0.0	112	2	220	1
5	0.0	155	1	9	1
5	0.5	316	1	98	1
5	0.0	391	4	3	1
5	0.0	914	40	102	1
4	0.0	1135	35	530	1
5	0.0	324	1	12	1
5	0.75	155	1	12	1
2	0.14285714285714285	1510	8	385	0
3	0.5	122	4	138	0
5	0.9	484	3	6	1
2	0.0	140	1	9	0
5	0.0	460	11	98	1
5	0.6666666666666666	710	2	8	1
4	0.5	2891	49	93	1
5	0.0	451	10	564	1
4	0.0	271	2	30	1
5	0.75	664	6	18	1
1	0.3333333333333333	118	2	18	0
5	0.6666666666666666	256	1	2	1
5	0.0	314	3	189	1
1	0.8235294117647058	1107	2	1	0
5	0.0	1723	5	1	1
5	0.9	573	9	389	1
4	0.6	74	1	13	1
4	0.0	331	3	10	1
4	0.9	770	2	251	1
5	0.0	264	16	69	1
4	0.0	164	1	1	1
5	0.6666666666666666	194	1	24	1
5	0.5	348	2	2	1
5	0.5	276	12	103	1
3	0.3333333333333333	187	1	1	0
4	0.6666666666666666	1118	3	6	1
5	0.5	251	1	24	1
3	0.7692307692307693	1215	12	117	0
5	0.0	473	4	455	1
5	0.6666666666666666	308	1	20	1
1	0.5	227	1	2	0
4	0.5	626	8	257	1
1	0.1875	506	5	7	0
4	0.0	629	365	129	1
5	0.6666666666666666	287	1	2	1
3	0.84	373	1	17	0
5	0.0	191	5	324	1
5	0.5	398	1	9	1
5	0.6666666666666666	569	9	14	1
5	0.0	463	2	15	1
5	0.75	414	1	21	1
1	0.3333333333333333	1123	1	15	0
4	0.0	444	28	3	1
5	0.0	1554	3	195	1
4	0.0	195	2	4	1
5	0.0	114	1	913	1
5	0.0	502	17	293	1
5	0.0	323	20	424	1
5	0.5	235	4	340	1
5	0.3333333333333333	1154	9	74	1
5	0.6666666666666666	301	46	209	1
4	0.0	390	4	11	1
5	0.0	209	1	83	1
5	0.8	379	3	35	1
2	0.8571428571428571	116	1	15	0
1	0.0	595	1	4	0
5	0.0	391	37	623	1
4	0.8	130	2	13	1
1	0.5	253	1	12	0
1	0.42857142857142855	338	10	107	0
4	0.6	413	3	10	1
5	0.8333333333333334	642	3	144	1
4	0.5	173	2	10	1
5	0.0	254	3	12	1
5	0.6666666666666666	171	5	3	1
4	0.0	216	4	3	1
5	0.5	719	7	10	1
5	0.5	113	12	46	1
4	0.5	735	17	33	1
5	0.0	208	1	5	1
5	0.0	428	1	87	1
4	0.0	134	8	10	1
1	0.0	140	6	2	0
5	0.0	154	6	632	1
5	0.0	170	1	7	1
5	0.0	110	4	2	1
5	0.8	132	1	16	1
5	0.5	217	10	3	1
5	0.0	181	11	3	1
3	0.3333333333333333	199	1	9	0
5	0.0	535	3	389	1
5	0.8571428571428571	212	1	131	1
5	0.0	491	6	98	1
5	0.6666666666666666	247	27	60	1
5	0.7272727272727273	445	13	13	1
5	0.0	482	8	172	1
5	0.0	175	14	60	1
5	0.0	1391	134	12	1
4	0.0	525	86	491	1
5	0.3333333333333333	105	1	53	1
5	0.2	769	6	18	1
5	0.5	184	12	170	1
5	0.0	259	7	7	1
4	0.6666666666666666	473	1	3	1
5	0.75	71	2	2	1
5	0.0	161	2	83	1
4	0.5	347	42	170	1
5	0.0	243	7	1	1
4	0.0	243	3	27	1
2	0.0	347	2	5	0
5	0.0	186	14	6	1
3	0.0	902	2	18	0
5	0.0	153	1	62	1
5	0.5	305	1	11	1
5	0.0	442	16	17	1
5	0.5	462	2	9	1
5	0.6666666666666666	134	2	11	1
5	0.0	160	4	632	1
5	0.0	246	4	26	1
4	0.6666666666666666	234	10	23	1
5	0.5	253	2	129	1
4	0.5	198	14	105	1
2	0.5	583	149	18	0
5	0.0	237	1	78	1
1	0.25	528	1	23	0
5	0.0	904	1	2	1
5	0.0	380	5	95	1
5	0.8571428571428571	239	1	6	1
3	0.0	590	18	169	0
5	0.6666666666666666	146	1	60	1
5	0.0	114	7	192	1
5	0.0	417	3	1	1
5	0.0	705	365	288	1
5	0.875	676	1	26	1
5	0.0	193	3	45	1
5	0.0	110	4	157	1
2	0.42857142857142855	449	44	60	0
5	0.7272727272727273	225	1	12	1
5	0.9	397	13	385	1
4	0.8571428571428571	781	5	14	1
5	0.0	136	1	1	1
5	0.5	504	4	19	1
5	0.0	150	2	92	1
4	0.5	1032	142	1	1
5	0.5	211	2	209	1
5	0.0	539	10	101	1
5	0.5	294	6	254	1
5	0.0	149	2	6	1
4	0.96	1203	1	11	1
5	0.0	329	4	3	1
4	0.3333333333333333	416	9	542	1
4	0.5	285	1	3	1
4	0.5	284	8	7	1
5	0.5	167	1	39	1
1	0.0	235	12	119	0
4	0.0	779	389	5	1
3	0.5	241	18	31	0
5	0.0	700	10	168	1
5	0.8	314	1	45	1
4	0.0	734	17	99	1
1	0.5	602	14	23	0
5	0.5	144	1	14	1
5	0.0	160	2	5	1
5	0.75	480	2	15	1
5	0.75	1008	3	293	1
5	0.0	594	6	424	1
3	0.0	357	11	158	0
4	0.0	340	1	23	1
5	0.0	277	1	1	1
3	0.5	262	16	158	0
3	0.0	612	10	246	0
5	0.0	271	1	335	1
3	0.3333333333333333	763	1	28	0
5	0.0	307	2	116	1
5	0.75	109	15	26	1
3	0.0	114	3	6	0
5	0.9411764705882353	755	7	16	1
5	0.0	136	1	27	1
1	0.0	271	1	3	0
5	0.6666666666666666	173	1	17	1
2	0.0	325	6	293	0
5	0.0	433	36	105	1
3	0.0	298	10	254	0
5	0.75	230	1	2	1
4	0.5	310	2	1	1
5	0.8888888888888888	732	6	21	1
5	0.6	340	118	10	1
5	0.0	331	3	1	1
5	0.0	96	7	176	1
5	0.0	829	10	424	1
5	0.8571428571428571	730	1	11	1
1	0.8823529411764706	268	1	36	0
5	0.9285714285714286	338	1	3	1
5	0.0	269	4	4	1
1	0.0	91	7	98	0
5	0.6666666666666666	793	2	24	1
1	0.5714285714285714	592	6	60	0
4	0.0	735	1	14	1
5	0.0	379	2	148	1
5	0.0	194	2	3	1
5	0.8	428	1	20	1
1	0.2	129	1	4	0
5	0.0	247	5	53	1
4	0.5	79	1	22	1
5	0.5	246	1	4	1
5	0.5	359	1	22	1
5	0.0	175	2	225	1
2	0.8333333333333334	358	3	7	0
5	0.75	951	9	254	1
5	0.0	1411	3	98	1
4	0.0	197	3	2	1
5	0.5	378	1	6	1
4	0.0	429	77	42	1
5	0.8333333333333334	627	3	1	1
5	0.6666666666666666	283	2	114	1
1	0.3333333333333333	223	25	170	0
5	0.5	355	20	7	1
5	0.0	262	2	13	1
5	0.75	494	16	67	1
2	0.8	466	1	8	0
5	0.0	292	1	55	1
5	0.6666666666666666	147	2	5	1
4	0.75	437	8	3	1
5	0.3333333333333333	170	25	170	1
5	0.0	302	17	5	1
5	0.0	247	6	254	1
5	0.0	186	1	3	1
1	0.6666666666666666	351	1	16	0
1	0.0	460	1	9	0
5	0.6666666666666666	194	1	18	1
5	0.0	735	1	16	1
3	0.8333333333333334	1057	6	188	0
5	0.6666666666666666	348	4	144	1
5	0.5	401	21	15	1
4	0.0	171	7	21	1
5	0.0	252	1	3	1
5	0.0	264	1	5	1
5	0.5	172	17	4	1
5	0.0	752	20	564	1
4	0.6666666666666666	260	1	22	1
5	0.0	796	2	506	1
5	0.75	102	25	170	1
5	0.0	542	35	80	1
3	0.0	292	4	57	0
5	0.6666666666666666	1506	2	556	1
4	0.0	215	3	1	1
5	0.5	274	1	2	1
1	0.3333333333333333	783	29	455	0
3	0.0	186	3	6	0
5	0.0	655	2	125	1
4	0.5	413	11	139	1
5	0.9014084507042254	983	1	160	1
5	0.3333333333333333	149	6	16	1
5	0.0	617	2	143	1
3	0.0	204	2	542	0
5	0.0	480	21	1	1
5	0.5	74	2	4	1
4	0.0	256	2	304	1
4	0.9411764705882353	407	24	126	1
5	0.0	209	4	114	1
5	0.0	96	1	61	1
4	0.0	505	2	27	1
5	0.5	142	2	64	1
5	0.0	384	111	1	1
4	0.3333333333333333	170	1	25	1
5	0.0	271	5	86	1
5	0.5	325	9	21	1
4	0.75	442	5	3	1
5	0.0	259	1	1	1
2	0.9545454545454546	639	1	4	0
5	0.0	199	1	20	1
1	0.06666666666666667	103	4	21	0
5	0.0	164	1	10	1
5	0.0	206	2	21	1
3	0.5	545	9	37	0
5	0.0	761	1	10	1
4	0.5	160	2	251	1
5	0.5	89	3	107	1
5	0.5	208	1	44	1
5	0.0	680	2	3	1
5	0.0	142	4	487	1
5	0.0	113	4	77	1
5	0.0	234	7	9	1
5	0.75	213	2	10	1
5	0.8	1052	2	29	1
1	0.0	148	16	564	0
5	0.0	172	2	28	1
5	0.0	102	8	12	1
5	0.0	340	9	173	1
4	0.0	436	39	49	1
4	0.0	150	14	385	1
5	0.3333333333333333	942	4	31	1
5	0.8	688	4	11	1
4	0.5	297	1	5	1
4	0.0	616	19	7	1
5	0.8333333333333334	153	2	18	1
5	0.0	60	1	73	1
5	0.8333333333333334	575	1	101	1
5	0.0	305	1	1	1
3	0.0	592	1	2	0
5	0.5	148	1	1	1
5	0.0	156	1	1	1
1	0.75	219	1	21	0
5	0.75	1178	13	15	1
1	0.0	129	3	40	0
4	0.0	1411	82	260	1
5	0.5	522	1	15	1
5	0.0	121	7	242	1
1	0.9090909090909091	1327	1	28	0
5	0.0	144	2	2	1
5	0.5	247	7	172	1
2	0.0	462	20	455	0
5	0.0	419	17	80	1
4	0.0	824	15	64	1
5	0.0	183	1	20	1
5	0.0	118	8	33	1
5	0.0	180	1	47	1
5	0.0	251	1	2	1
3	0.0	637	4	293	0
4	0.0	854	2	122	1
1	0.5	286	1	11	0
1	0.6666666666666666	412	1	3	0
5	0.0	126	2	11	1
5	0.5	74	12	112	1
4	0.0	1017	32	280	1
4	0.0	231	4	1	1
5	0.5	77	1	15	1
5	0.5	108	4	632	1
4	0.0	456	36	488	1
1	0.0	119	1	22	0
5	0.3333333333333333	191	1	64	1
5	0.5	326	8	209	1
5	0.0	610	3	257	1
5	0.8333333333333334	1164	2	14	1
5	0.8	192	1	7	1
5	0.0	462	1	6	1
3	0.5	742	1	1	0
3	0.0	257	4	632	0
5	0.0	434	1	3	1
5	0.0	668	1	311	1
5	0.5	341	4	257	1
5	0.4	212	2	77	1
1	0.6666666666666666	204	1	3	0
5	0.9	178	2	21	1
4	0.0	519	1	1	1
5	0.0	1029	389	1	1
4	0.8	180	20	385	1
2	0.0	142	5	59	0
5	0.0	341	1	98	1
2	0.8333333333333334	265	8	16	0
5	0.5	473	1	16	1
5	0.5	349	3	5	1
5	0.8	128	1	251	1
5	0.6666666666666666	293	1	22	1
5	0.0	102	36	174	1
5	0.0	259	1	4	1
5	0.75	596	4	55	1
4	0.3333333333333333	608	35	162	1
5	0.8181818181818182	741	4	144	1
5	0.5	507	7	196	1
5	0.25	289	61	362	1
5	0.0	173	1	219	1
3	0.0	78	1	8	0
3	0.0	214	4	131	0
4	0.3333333333333333	346	1	10	1
5	0.5	145	1	92	1
5	0.0	201	4	167	1
5	0.0	338	20	27	1
5	0.5	162	3	1	1
5	0.0	148	4	74	1
5	0.0	382	1	15	1
5	0.0	107	2	16	1
5	0.0	124	1	22	1
5	0.3333333333333333	1007	13	5	1
5	0.5	292	1	12	1
4	0.0	1159	18	288	1
5	0.0	121	1	49	1
5	0.0	123	2	276	1
5	0.0	270	1	12	1
1	0.5	310	1	47	0
5	0.6666666666666666	272	2	24	1
5	0.8	309	1	1	1
5	0.0	250	2	14	1
5	0.6666666666666666	444	1	5	1
2	0.0	392	4	24	0
4	0.0	131	2	14	1
5	0.0	297	14	217	1
2	0.0	1232	1	29	0
4	0.0	321	9	1	1
1	0.3333333333333333	173	1	71	0
4	0.9166666666666666	523	3	18	1
5	0.0	345	4	632	1
4	0.0	330	1	8	1
4	0.0	588	14	47	1
5	0.0	377	15	25	1
5	0.0	662	3	50	1
5	0.0	198	1	22	1
5	0.0	190	3	26	1
3	0.5	57	6	144	0
5	0.5	356	3	506	1
5	0.0	264	6	6	1
1	0.6666666666666666	178	1	24	0
2	0.0	104	6	119	0
5	0.6666666666666666	608	1	15	1
5	0.8	190	2	10	1
3	0.2	181	5	18	0
5	0.0	763	1	97	1
5	0.5	122	1	8	1
5	0.25	347	3	15	1
1	0.75	473	6	23	0
5	0.6666666666666666	155	1	128	1
5	0.6666666666666666	279	11	50	1
1	0.0	522	8	209	0
5	0.6666666666666666	206	3	19	1
5	0.0	464	4	251	1
3	0.0	113	1	5	0
5	0.0	311	1	37	1
5	0.5	209	2	14	1
5	0.3333333333333333	345	3	12	1
5	0.0	315	1	4	1
4	0.5	256	5	65	1
5	0.8888888888888888	1269	2	42	1
4	0.0	495	1	2	1
5	0.0	388	1	1	1
2	0.25	99	1	15	0
4	0.0	293	2	506	1
4	0.5	520	74	58	1
5	0.0	464	11	32	1
5	0.5	383	4	67	1
5	0.3333333333333333	436	3	14	1
5	0.6666666666666666	463	5	1	1
5	0.8	452	1	2	1
5	0.0	248	1	10	1
5	0.0	312	6	254	1
5	0.6666666666666666	530	5	17	1
5	0.0	125	25	137	1
4	0.9411764705882353	407	24	126	1
1	0.0	177	1	6	0
5	0.9310344827586207	423	1	25	1
5	0.0	252	3	44	1
5	0.90625	949	15	126	1
5	0.5	1320	10	424	1
3	0.0	900	29	49	0
5	0.9	386	1	10	1
5	0.0	237	1	57	1
5	0.0	137	11	112	1
5	0.0	330	1	1	1
4	0.0	133	1	2	1
5	0.0	144	1	5	1
1	0.0	311	4	162	0
5	0.0	174	1	3	1
5	0.0	163	1	79	1
5	0.0	163	1	5	1
4	0.6666666666666666	574	1	11	1
5	0.6666666666666666	397	11	40	1
5	0.6666666666666666	272	3	14	1
5	0.3333333333333333	323	4	238	1
5	0.5	270	1	93	1
5	0.5	229	2	542	1
3	0.0	177	1	102	0
5	0.0	228	6	7	1
5	0.0	204	9	251	1
4	0.5	690	3	257	1
1	0.25	187	2	4	0
5	0.8333333333333334	436	1	32	1
2	0.0	919	1	11	0
4	0.0	652	17	293	1
4	0.0	478	389	1	1
5	0.5	967	2	9	1
5	0.8928571428571429	193	3	48	1
4	0.6666666666666666	291	1	23	1
5	0.75	125	10	5	1
5	0.5	1320	10	424	1
5	0.5	347	59	3	1
5	0.0	256	40	66	1
5	0.0	541	1	188	1
5	0.0	167	15	324	1
3	0.5	505	87	114	0
5	0.0	100	5	192	1
5	0.6666666666666666	1881	23	13	1
2	0.5	445	5	324	0
5	0.6666666666666666	126	6	21	1
5	0.8	307	11	5	1
5	0.5	162	5	159	1
5	0.0	195	1	4	1
5	0.75	1218	5	19	1
5	0.0	2170	2	1	1
5	0.75	557	1	9	1
5	0.3333333333333333	192	1	56	1
5	0.5	151	2	58	1
5	0.0	255	2	86	1
2	0.7619047619047619	610	2	57	0
3	0.0	966	5	52	0
4	0.8333333333333334	433	6	3	1
5	0.0	127	14	254	1
5	0.8571428571428571	168	1	6	1
5	0.5	263	6	72	1
5	0.0	438	1	7	1
5	0.0	120	12	4	1
4	0.6666666666666666	214	1	2	1
2	0.3333333333333333	372	6	18	0
5	0.0	113	1	14	1
5	0.0	198	1	1	1
5	0.8461538461538461	182	2	28	1
5	0.8	659	3	72	1
4	0.5	308	3	74	1
5	0.0	152	1	6	1
3	0.19230769230769232	493	2	10	0
5	0.0	577	5	7	1
5	0.0	429	2	1	1
1	0.16	965	21	15	0
5	0.0	374	12	232	1
5	0.0	152	1	21	1
5	0.75	911	7	387	1
5	0.0	264	6	9	1
4	0.0	288	52	564	1
5	0.0	307	5	178	1
4	0.0	879	5	491	1
5	0.0	333	1	2	1
4	0.3333333333333333	689	59	57	1
5	0.5	664	1	52	1
5	0.0	415	5	2	1
1	0.8	155	1	3	0
5	0.0	312	10	19	1
2	0.0	510	30	324	0
4	0.75	3627	30	2	1
5	0.6666666666666666	331	3	4	1
1	0.5714285714285714	743	9	107	0
5	0.5	147	1	7	1
4	0.3333333333333333	244	1	5	1
5	0.6666666666666666	238	1	46	1
5	0.75	254	1	2	1
5	0.6666666666666666	113	1	80	1
5	0.0	253	11	101	1
5	0.0	1231	4	131	1
5	0.0	298	2	9	1
2	0.25	384	11	173	0
5	0.0	147	10	219	1
5	0.0	212	1	11	1
3	0.5	252	3	144	0
5	0.6666666666666666	165	7	51	1
1	0.25	551	3	118	0
5	0.0	251	1	23	1
1	0.7	279	1	1	0
2	0.4444444444444444	243	1	17	0
5	0.0	99	14	218	1
5	0.0	173	1	5	1
1	0.625	1422	4	28	0
5	0.0	145	9	455	1
5	0.0	169	18	2	1
4	0.0	595	90	12	1
3	0.75	246	1	14	0
5	0.6666666666666666	1083	1	26	1
5	0.0	385	37	288	1
3	0.0	273	1	6	0
4	0.5	171	10	52	1
5	0.8	130	3	5	1
5	0.3333333333333333	210	6	542	1
5	0.9	411	9	1	1
5	0.0	187	1	2	1
5	0.0	592	1	27	1
3	0.0	209	1	8	0
1	0.6666666666666666	268	7	21	0
1	0.6	825	22	158	0
5	0.0	238	5	76	1
5	0.0	116	1	16	1
3	0.0	230	8	67	0
1	0.5	506	1	12	0
5	0.5	90	1	12	1
5	0.5	262	9	12	1
5	0.0	306	1	118	1
5	0.9682539682539683	555	89	122	1
2	0.0	654	12	324	0
5	0.8333333333333334	902	3	567	1
5	0.0	355	5	91	1
5	0.0	230	4	3	1
1	0.6666666666666666	143	2	5	0
5	0.3333333333333333	459	24	282	1
5	0.0	134	3	1	1
1	0.0	427	1	3	0
5	0.0	302	43	284	1
5	0.0	131	1	42	1
5	0.6666666666666666	286	16	12	1
5	0.8571428571428571	1014	1	36	1
3	0.0	195	4	67	0
5	0.0	126	6	192	1
5	0.0	660	27	1	1
5	0.0	86	8	3	1
5	0.5	340	7	254	1
2	0.2	904	24	7	0
5	0.8333333333333334	904	1	8	1
5	0.0	287	6	38	1
2	0.0	472	1	227	0
2	0.8	850	1	3	0
5	0.3333333333333333	125	1	67	1
5	0.0	431	15	332	1
5	0.0	340	6	4	1
5	0.0	394	1	24	1
4	0.5	600	4	98	1
1	0.5	170	3	3	0
5	0.0	127	1	7	1
4	0.0	144	9	118	1
1	0.0	354	5	65	0
5	0.0	158	1	5	1
4	0.0	138	1	4	1
5	0.8	124	7	28	1
5	0.0	145	7	269	1
1	0.2	460	1	15	0
5	0.3333333333333333	215	11	19	1
3	0.4	1654	5	1	0
5	0.5	358	2	3	1
5	0.5	130	9	564	1
5	0.75	312	8	15	1
5	0.5	682	21	3	1
5	0.9545454545454546	1573	6	60	1
5	0.8	109	1	117	1
3	0.9285714285714286	327	1	3	0
5	0.0	251	12	103	1
5	0.6666666666666666	375	3	17	1
1	0.0	548	2	65	0
5	0.0	244	2	288	1
5	0.6666666666666666	485	7	23	1
5	0.5	361	11	310	1
4	0.0	1118	3	187	1
4	0.0	168	3	77	1
1	0.4	430	35	530	0
4	0.0	194	40	455	1
5	0.0	580	4	10	1
5	0.0	128	3	13	1
5	0.5	79	11	112	1
5	0.0	622	30	151	1
1	0.0	457	1	1	0
5	0.6666666666666666	380	2	3	1
4	0.5	502	10	206	1
3	0.5	168	6	131	0
4	0.0	904	15	379	1
5	0.5	307	1	10	1
5	0.0	1011	3	57	1
2	0.0	403	16	288	0
4	0.5	226	1	5	1
5	0.5	271	1	4	1
5	0.0	126	1	2	1
2	0.0	215	22	15	0
5	0.75	1633	5	159	1
5	0.5	393	1	1	1
5	0.0	335	1	3	1
4	0.0	126	1	29	1
5	0.75	498	20	27	1
5	0.6666666666666666	126	1	5	1
5	0.0	125	1	25	1
2	0.0	186	2	2	0
5	0.5	207	1	2	1
5	0.8571428571428571	162	5	413	1
5	0.0	209	1	22	1
5	0.5	75	2	56	1
5	0.0	137	4	193	1
5	0.5	752	1	3	1
5	0.0	1016	39	246	1
5	0.8333333333333334	220	2	57	1
5	0.0	202	19	64	1
5	0.6666666666666666	116	6	8	1
5	0.0	144	2	3	1
4	0.75	209	5	149	1
1	0.8571428571428571	212	1	18	0
4	0.5	367	48	10	1
5	0.5	628	3	257	1
5	0.5	105	19	1	1
5	0.8	276	12	103	1
3	0.8	1133	22	261	0
5	0.5	169	10	50	1
1	0.5	67	12	9	0
5	0.0	182	1	1	1
5	0.0	331	5	242	1
1	0.5	334	6	28	0
5	0.0	215	10	2	1
5	0.0	1547	80	1	1
5	0.0	153	2	27	1
5	0.0	298	16	62	1
5	0.0	281	1	4	1
3	0.0	617	5	38	0
4	0.0	117	17	251	1
5	0.0	678	175	12	1
5	0.9333333333333333	1422	1	29	1
4	0.5	324	12	219	1
5	0.6	675	4	16	1
4	0.0	574	6	424	1
1	0.3333333333333333	236	26	139	0
4	0.0	858	29	52	1
1	0.0	261	2	556	0
5	0.5	291	6	8	1
5	0.0	184	5	205	1
5	0.0	117	5	24	1
5	0.6666666666666666	149	26	3	1
3	0.5	287	25	260	0
5	0.0	164	13	9	1
3	0.0	294	1	4	0
4	0.5	346	1	132	1
5	0.0	1313	4	455	1
5	0.8	825	9	130	1
5	0.0	1014	37	81	1
1	0.375	459	4	413	0
1	0.0	413	1	1	0
5	0.0	431	1	75	1
5	0.0	138	8	251	1
5	0.0	132	5	94	1
5	0.9411764705882353	557	25	170	1
5	0.5	1188	2	38	1
4	0.6	671	1	11	1
3	0.0	299	14	212	0
5	0.5	509	2	89	1
1	0.5	286	2	2	0
5	0.5	114	1	3	1
5	0.0	142	23	21	1
5	0.0	457	9	564	1
5	0.8333333333333334	473	1	61	1
4	0.0	334	1	1	1
5	0.0	179	7	274	1
5	0.3333333333333333	185	1	104	1
4	0.0	1157	7	257	1
5	0.9615384615384616	443	1	87	1
5	0.6666666666666666	391	4	487	1
1	0.0	103	1	14	0
5	0.0	84	1	36	1
5	0.3333333333333333	528	10	74	1
5	0.75	191	88	192	1
5	0.0	380	1	1	1
4	0.0	216	3	25	1
2	0.07547169811320754	120	5	16	0
1	0.5	302	1	184	0
5	0.0	223	1	102	1
3	0.8	369	10	564	0
5	0.0	229	1	6	1
1	0.0	585	1	21	0
5	0.0	340	1	3	1
5	0.0	239	10	257	1
5	0.0	158	3	238	1
5	0.6666666666666666	175	1	18	1
5	0.5	83	1	15	1
1	0.0	156	5	11	0
1	0.0	510	9	564	0
5	0.0	191	6	148	1
5	0.75	116	11	94	1
5	0.0	102	1	219	1
4	0.0	286	8	74	1
3	0.75	198	1	1	0
4	0.6	192	1	104	1
5	0.5	179	3	21	1
5	0.0	542	5	35	1
1	0.5	580	6	78	0
5	0.8571428571428571	774	28	105	1
5	0.5	317	1	2	1
1	0.3684210526315789	655	1	252	0
5	0.0	227	1	3	1
1	0.3333333333333333	389	2	8	0
5	0.5	460	11	137	1
5	0.0	625	1	2	1
5	0.6666666666666666	100	4	35	1
1	0.5555555555555556	1230	4	487	0
5	0.0	145	1	107	1
5	0.0	177	4	8	1
2	0.0	585	4	131	0
5	0.0	158	6	254	1
4	0.0	769	27	95	1
3	0.0	264	1	29	0
5	0.75	381	1	4	1
5	0.3333333333333333	618	3	172	1
5	0.0	128	1	4	1
4	0.0	677	28	343	1
5	0.8888888888888888	345	8	209	1
5	0.0	91	1	10	1
5	0.8	547	5	18	1
5	0.5	160	1	99	1
5	0.5	218	2	556	1
5	0.75	945	1	28	1
5	0.0	242	1	247	1
5	0.0	179	2	276	1
4	0.6666666666666666	848	11	15	1
4	0.0	592	17	14	1
4	0.0	193	6	254	1
5	0.0	255	2	6	1
1	0.0	279	1	3	0
5	0.75	156	9	13	1
5	0.8571428571428571	302	13	192	1
3	0.0	1727	9	464	0
5	0.8333333333333334	548	1	10	1
5	0.5	174	1	10	1
2	0.5	638	1	111	0
5	0.0	183	8	288	1
3	0.0	902	15	126	0
5	0.75	338	6	7	1
1	0.5714285714285714	858	6	50	0
5	0.6666666666666666	116	3	5	1
5	0.0	222	1	1	1
4	0.0	423	8	3	1
3	0.0	134	54	109	0
5	0.75	545	1	17	1
5	0.0	262	8	18	1
5	0.9428571428571428	1374	11	75	1
5	0.8	144	2	70	1
5	0.0	101	1	60	1
5	0.5	521	1	52	1
3	0.0	136	17	385	0
5	0.5	421	1	32	1
5	0.0	429	22	564	1
2	0.5	794	22	165	0
5	0.0	128	2	121	1
2	0.3333333333333333	653	1	11	0
5	0.0	241	4	64	1
5	0.6	151	1	34	1
5	0.0	337	1	21	1
5	0.5	229	3	74	1
5	0.0	657	1	10	1
5	0.0	157	2	159	1
5	0.4	462	2	1	1
5	0.5	109	7	206	1
5	0.0	716	5	117	1
5	0.0	227	20	4	1
5	0.5	407	2	4	1
4	0.0	321	1	18	1
5	0.0	391	3	32	1
3	0.5	327	6	60	0
1	0.5454545454545454	357	11	117	0
4	0.5	425	13	69	1
4	0.0	191	204	96	1
5	0.0	2529	5	387	1
5	0.0	188	22	12	1
5	0.6666666666666666	643	13	2	1
5	0.0	239	4	19	1
2	0.7	297	9	3	0
5	0.5	306	18	564	1
3	0.0	769	25	212	0
4	0.3333333333333333	1954	48	6	1
5	0.0	117	1	6	1
5	0.0	124	6	76	1
5	0.0	374	1	10	1
4	0.0	605	4	3	1
5	0.0	912	9	206	1
5	0.875	359	2	78	1
5	0.6666666666666666	281	1	9	1
5	0.0	436	5	8	1
5	0.0	571	1	3	1
5	0.0	312	1	117	1
2	0.0	434	1	12	0
5	0.0	585	45	3	1
5	0.0	201	1	567	1
5	0.6666666666666666	117	2	13	1
2	0.0	1346	30	261	0
5	0.0	973	4	413	1
5	0.0	684	1	139	1
5	0.8	272	113	33	1
5	0.0	446	6	39	1
3	0.25	299	1	6	0
5	0.0	136	1	36	1
5	0.9310344827586207	747	3	29	1
5	0.75	423	1	4	1
1	0.6938775510204082	1513	1	232	0
4	0.8333333333333334	630	3	66	1
4	0.5	97	23	55	1
5	0.0	775	2	1	1
5	0.3333333333333333	486	3	11	1
5	0.5	138	1	31	1
5	0.0	167	1	33	1
1	0.0	646	4	251	0
2	0.0	124	6	4	0
1	0.0	139	1	2	0
5	0.0	128	10	3	1
4	0.0	909	6	143	1
5	0.6666666666666666	229	2	18	1
5	0.6666666666666666	249	5	159	1
4	0.0	292	12	28	1
1	0.18518518518518517	1036	1	185	0
5	0.0	254	9	564	1
5	0.6666666666666666	91	6	254	1
5	0.8979591836734694	345	2	165	1
5	0.0	736	8	174	1
5	0.6	255	1	19	1
5	0.3333333333333333	1491	80	16	1
5	0.0	81	1	13	1
3	0.0	194	7	324	0
5	0.3333333333333333	334	13	1	1
3	0.0	164	1	30	0
1	0.9090909090909091	394	2	254	0
5	0.0	246	2	5	1
3	0.6666666666666666	883	5	42	0
5	0.6666666666666666	191	2	5	1
1	0.8	250	14	1	0
1	0.3333333333333333	168	7	20	0
5	0.6	220	4	76	1
4	0.0	726	104	67	1
3	0.6666666666666666	824	7	94	0
4	0.3333333333333333	817	3	169	1
5	0.3333333333333333	186	4	51	1
5	0.0	295	1	6	1
1	0.0	764	13	464	0
5	0.0	232	3	82	1
5	0.0	154	6	128	1
4	0.6666666666666666	266	6	61	1
5	0.2	127	6	192	1
5	0.6666666666666666	156	2	1	1
1	0.3333333333333333	210	1	5	0
5	0.5	489	120	387	1
5	0.3333333333333333	241	2	7	1
5	0.0	235	1	10	1
5	0.5	718	2	2	1
5	0.0	376	2	4	1
2	0.0	485	2	1	0
5	0.3333333333333333	126	10	219	1
2	0.07692307692307693	440	1	4	0
4	0.5	400	2	18	1
5	0.0	357	6	332	1
3	0.6	570	4	172	0
5	0.0	157	1	170	1
5	0.0	373	1	44	1
5	0.0	119	6	98	1
5	0.5	326	8	209	1
4	0.0	346	4	50	1
5	0.8571428571428571	437	1	60	1
3	0.5714285714285714	471	17	10	0
3	0.0	314	6	119	0
5	0.0	151	4	1	1
5	0.0	319	4	257	1
5	0.0	371	1	8	1
5	0.0	361	13	260	1
5	0.0	143	1	2	1
5	0.0	353	1	26	1
5	0.0	591	1	52	1
4	0.6666666666666666	1133	2	41	1
5	0.5	408	4	14	1
5	0.0	183	1	27	1
5	0.6	475	1	23	1
4	0.0	281	2	14	1
1	0.6666666666666666	997	41	6	0
2	0.0	149	2	7	0
5	0.8333333333333334	346	1	16	1
5	0.3333333333333333	166	7	127	1
5	0.0	85	2	20	1
5	0.5	1152	71	94	1
4	0.5	496	1	19	1
5	0.3333333333333333	232	7	2	1
1	0.0	218	1	7	0
5	0.5	267	6	18	1
5	0.0	342	3	6	1
4	0.0	411	1	53	1
1	0.13636363636363635	2213	6	19	0
1	0.5	470	6	74	0
5	0.75	529	3	83	1
5	0.0	452	13	127	1
5	0.0	162	12	94	1
5	0.0	177	1	26	1
1	0.5	370	5	192	0
5	0.5	162	5	159	1
5	0.0	444	4	67	1
1	0.8333333333333334	711	35	165	0
5	0.0	329	1	1	1
3	0.0	627	19	88	0
5	0.0	486	4	251	1
5	0.6666666666666666	893	6	50	1
1	0.9333333333333333	89	1	3	0
4	0.0	302	8	424	1
5	0.0	277	1	139	1
5	0.6666666666666666	199	12	174	1
5	0.0	422	4	8	1
5	0.0	202	7	28	1
5	0.6666666666666666	227	2	143	1
1	0.0	288	1	1	0
5	0.0	694	6	103	1
3	0.6666666666666666	1831	23	126	0
4	0.0	233	1	1	1
5	0.0	437	19	2	1
5	0.3333333333333333	122	1	28	1
2	0.4166666666666667	265	1	42	0
5	0.0	647	4	257	1
4	0.0	90	2	8	1
5	0.0	982	3	3	1
5	0.0	253	4	9	1
5	0.75	1598	104	173	1
5	0.0	378	4	6	1
5	0.0	244	1	21	1
5	0.8888888888888888	1071	35	455	1
5	0.0	573	4	167	1
5	0.0	176	2	2	1
5	0.6666666666666666	132	1	13	1
5	0.0	421	1	9	1
5	0.0	158	9	173	1
2	0.0	164	3	11	0
5	0.0	111	7	124	1
5	0.0	174	4	3	1
1	0.0	255	9	455	0
2	0.0	279	2	15	0
5	0.7741935483870968	246	14	219	1
1	0.0	250	1	46	0
5	0.0	163	1	59	1
5	0.5	221	6	66	1
5	0.5	200	4	632	1
5	0.0	128	1	25	1
5	0.6666666666666666	359	4	542	1
5	0.0	193	7	74	1
2	0.6666666666666666	863	1	6	0
5	0.75	263	1	10	1
5	0.0	185	3	41	1
1	0.4	814	1	15	0
5	0.0	137	5	8	1
1	0.0	166	2	1	0
4	0.0	358	2	13	1
5	0.0	139	1	10	1
4	0.5	383	1	26	1
5	0.0	159	3	3	1
5	0.3333333333333333	734	2	163	1
3	0.0	533	1	208	0
5	0.5	97	6	74	1
5	0.0	118	17	105	1
4	0.25	407	77	170	1
5	0.8333333333333334	298	2	326	1
2	0.6666666666666666	741	5	157	0
5	0.0	520	6	66	1
5	0.4	391	1	77	1
5	0.6666666666666666	173	10	219	1
5	0.0	185	1	17	1
5	0.5	638	4	74	1
1	0.5	91	4	455	0
5	0.7222222222222222	695	5	413	1
4	0.0	320	1	1	1
5	0.8333333333333334	1467	1	15	1
5	0.5	227	2	62	1
5	0.8	471	13	178	1
4	0.0	149	1	6	1
4	0.75	1206	118	9	1
5	0.3333333333333333	312	4	112	1
1	0.5	346	3	3	0
5	0.0	139	8	1	1
5	0.6666666666666666	279	5	9	1
5	0.5	159	1	5	1
5	0.0	1243	4	16	1
5	0.0	1627	18	11	1
2	0.6	204	5	5	0
1	0.14285714285714285	2543	16	3	0
3	0.0	1831	124	198	0
1	0.625	141	4	455	0
5	0.6666666666666666	145	2	22	1
5	0.5	290	1	3	1
5	0.0	137	16	169	1
5	0.0	429	1	12	1
5	0.0	920	13	3	1
2	0.2	468	1	10	0
5	0.0	105	1	8	1
5	0.0	573	1	320	1
5	0.75	318	11	219	1
5	0.5	633	25	35	1
4	0.0	145	5	10	1
2	0.0	673	4	28	0
1	0.5	561	8	202	0
4	0.0	144	13	17	1
1	0.0	202	4	251	0
4	0.0	184	29	170	1
1	0.16666666666666666	285	1	57	0
4	0.9565217391304348	1921	1	1	1
4	0.6666666666666666	906	1	34	1
5	0.0	240	4	387	1
5	0.0	749	2	567	1
5	0.0	466	2	356	1
2	0.0	492	2	254	0
5	0.8571428571428571	169	72	35	1
4	0.0	325	1	1	1
5	0.0	94	9	173	1
1	0.5	400	1	131	0
1	0.0	254	1	4	0
2	0.0	246	1	33	0
1	0.5	351	4	29	0
4	0.9	770	1	13	1
2	0.5	469	1	247	0
4	0.5	395	8	39	1
4	0.8	704	9	232	1
5	0.8888888888888888	1093	2	13	1
5	0.5	253	12	170	1
5	0.0	1221	4	274	1
5	0.0	119	1	1	1
1	0.0	329	2	15	0
5	0.75	378	1	3	1
5	0.5	2347	29	47	1
4	0.8	431	1	49	1
5	0.0	165	1	9	1
4	0.1	283	5	4	1
4	0.6666666666666666	2029	16	1	1
3	0.0	72	2	1	0
5	0.0	102	2	30	1
5	0.0	250	1	5	1
5	0.0	169	4	251	1
4	0.5	419	2	16	1
4	0.0	435	4	301	1
5	0.0	258	2	3	1
3	0.0	213	1	46	0
5	0.5	125	1	1	1
5	0.8	490	1	6	1
3	0.6666666666666666	529	8	29	0
5	0.0	299	4	114	1
5	0.5	197	8	385	1
5	0.0	138	4	1	1
5	0.0	189	1	61	1
1	0.5	272	1	21	0
4	0.3333333333333333	497	14	174	1
5	0.75	449	20	66	1
5	0.6	200	44	9	1
4	0.4	722	2	13	1
5	0.5	387	1	4	1
5	0.5	79	1	17	1
5	0.0	305	1	20	1
5	0.0	345	10	91	1
5	0.6666666666666666	730	7	17	1
1	0.125	152	22	209	0
5	0.6666666666666666	492	27	36	1
5	0.0	529	10	487	1
5	0.0	80	1	1	1
5	0.0	775	3	257	1
4	0.980561555075594	1426	13	10	1
5	0.0	334	1	52	1
5	0.0	290	47	130	1
4	0.0	536	78	274	1
1	0.3333333333333333	149	2	556	0
5	0.0	252	6	254	1
5	0.5	334	4	137	1
3	0.5714285714285714	374	5	150	0
5	0.0	388	15	101	1
5	0.5	139	1	60	1
5	0.0	110	1	2	1
1	0.0	681	13	170	0
3	0.0	345	3	212	0
5	0.0	212	6	147	1
3	0.25	443	12	170	0
3	0.0	74	16	172	0
5	0.5	580	155	39	1
5	0.0	142	3	150	1
5	0.5	260	1	10	1
5	0.0	114	3	14	1
1	0.0	149	2	506	0
5	0.5	207	4	17	1
5	0.0	137	1	93	1
5	0.0	162	1	15	1
5	0.6666666666666666	124	3	18	1
5	0.0	157	1	103	1
1	0.5	475	4	387	0
3	0.7636363636363637	805	14	105	0
5	0.6666666666666666	1189	1	104	1
1	0.0	236	2	11	0
5	0.0	320	1	51	1
5	0.0	293	12	246	1
2	0.2	698	1	25	0
4	0.0	131	3	18	1
5	0.0	283	1	39	1
5	0.0	146	3	4	1
5	0.0	254	1	7	1
5	0.0	140	2	56	1
5	0.5	146	1	285	1
5	0.0	131	1	41	1
5	0.875	596	2	54	1
4	0.0	408	38	2	1
1	0.6	166	3	162	0
1	0.6666666666666666	997	41	6	0
3	0.2857142857142857	167	27	170	0
1	0.8461538461538461	9296	4	5	0
5	0.0	665	2	3	1
4	0.0	834	1	11	1
5	0.9090909090909091	659	1	11	1
5	0.0	207	14	65	1
5	0.5	188	8	385	1
1	0.5	298	2	6	0
5	0.9901960784313726	1784	1	132	1
5	0.0	283	15	35	1
5	0.0	217	2	12	1
2	0.0	390	32	288	0
1	0.0	518	2	17	0
5	0.5	202	23	424	1
2	0.14285714285714285	204	13	24	0
5	0.0	857	20	274	1
5	0.8571428571428571	1277	1	29	1
3	0.0	492	1	6	0
5	0.0	262	21	5	1
5	0.0	203	2	70	1
5	0.0	366	4	632	1
5	0.5	256	2	70	1
5	0.8333333333333334	121	3	17	1
5	0.0	219	1	10	1
5	0.0	330	1	7	1
1	0.0	447	1	29	0
5	0.5	349	56	5	1
5	0.0	251	4	4	1
5	0.0	337	1	251	1
5	0.6666666666666666	243	1	7	1
5	0.0	876	75	69	1
1	0.2857142857142857	269	1	112	0
5	0.5714285714285714	566	1	37	1
1	0.25	163	20	5	0
1	0.0	607	5	41	0
5	0.0	101	1	12	1
5	0.9444444444444444	555	23	172	1
1	0.5	418	1	126	0
5	0.9375	1058	2	176	1
3	0.5	907	1	66	0
5	0.9090909090909091	667	18	65	1
4	0.5	351	9	2	1
5	0.9	849	25	170	1
1	0.06666666666666667	329	1	117	0
3	0.0	116	8	29	0
5	0.0	192	6	77	1
5	0.8	306	2	32	1
5	0.8	299	37	12	1
5	0.6666666666666666	1602	24	7	1
5	0.0	150	3	3	1
5	0.75	348	5	413	1
2	0.4	419	1	6	0
5	0.0	353	1	5	1
4	0.0	115	4	159	1
4	0.3333333333333333	559	2	48	1
5	0.0	199	12	9	1
5	0.0	485	1	25	1
1	0.75	429	1	17	0
5	0.5	184	1	252	1
5	0.0	1013	6	192	1
5	0.875	677	3	46	1
4	0.8	870	1	2	1
5	0.5	205	31	174	1
4	0.0	232	1	4	1
4	0.0	86	47	59	1
5	0.0	628	18	379	1
5	0.92	396	1	61	1
5	0.0	215	10	455	1
3	0.0	866	10	91	0
3	0.42857142857142855	2284	39	19	0
5	0.5	125	1	28	1
5	0.6666666666666666	1092	4	5	1
5	0.3333333333333333	336	133	246	1
5	0.5	263	2	251	1
4	0.0	545	6	114	1
5	0.5	274	1	64	1
4	0.8	1897	6	16	1
5	0.5	260	2	542	1
5	0.0	103	1	5	1
5	0.5	317	6	124	1
4	0.0	460	18	34	1
5	0.75	161	25	170	1
5	0.0	448	1	123	1
2	0.3333333333333333	700	8	324	0
5	0.0	1509	3	1	1
5	0.5	213	1	16	1
5	0.0	238	1	12	1
5	0.0	126	2	59	1
5	0.0	195	1	34	1
5	0.0	875	2	234	1
5	0.0	162	5	172	1
5	0.0	227	3	169	1
5	0.0	181	1	16	1
5	0.8571428571428571	202	10	77	1
5	0.5	225	2	1	1
1	0.25	192	6	6	0
4	0.0	380	5	31	1
4	0.0	1444	126	146	1
5	0.0	546	5	542	1
2	0.0	590	2	286	0
5	0.3333333333333333	463	1	16	1
5	0.0	208	3	168	1
5	0.0	683	15	1	1
3	0.0	138	4	632	0
3	0.3333333333333333	217	5	12	0
5	0.5	329	3	3	1
5	0.0	282	4	5	1
5	0.6666666666666666	421	6	48	1
4	0.6666666666666666	376	18	178	1
5	0.0	110	4	387	1
5	0.0	246	9	117	1
1	0.2222222222222222	342	1	101	0
5	0.0	217	5	39	1
5	0.5	626	3	31	1
5	0.5	129	1	13	1
5	0.5	162	7	206	1
5	0.0	310	11	632	1
1	0.3333333333333333	451	2	4	0
1	0.6666666666666666	877	2	8	0
3	0.0	258	8	457	0
5	0.0	381	1	6	1
1	0.0	138	1	19	0
1	0.5	566	2	556	0
1	0.7142857142857143	85	1	16	0
5	0.6666666666666666	277	6	17	1
5	0.0	359	3	10	1
2	0.6666666666666666	384	73	66	0
5	0.0	92	6	242	1
1	0.0	1051	1	3	0
5	0.0	164	12	455	1
1	0.0	339	1	44	0
4	0.6666666666666666	375	1	12	1
5	0.0	147	4	16	1
5	0.0	385	1	5	1
1	0.0	378	1	9	0
5	0.0	224	1	23	1
3	0.0	145	21	66	0
1	0.0	166	1	9	0
5	0.0	116	1	25	1
5	0.0	196	1	7	1
4	0.0	379	1	7	1
5	0.0	407	1	9	1
4	0.9117647058823529	2719	116	30	1
4	0.0	1550	12	387	1
5	0.5	247	9	564	1
5	0.0	523	28	218	1
1	0.2	1496	1	9	0
5	0.0	133	1	15	1
1	0.5714285714285714	130	6	147	0
5	0.5	542	4	167	1
4	0.8181818181818182	329	1	18	1
5	0.0	417	24	3	1
1	0.0	237	2	13	0
5	0.0	613	5	14	1
5	0.0	177	3	5	1
5	0.375	334	3	67	1
5	0.4	339	1	45	1
5	0.3333333333333333	174	2	276	1
5	0.8888888888888888	160	6	16	1
3	0.0	1136	7	109	0
1	0.5	998	155	93	0
1	0.0	104	13	455	0
5	0.0	524	1	6	1
2	0.5	148	6	147	0
5	0.5	93	5	413	1
4	0.5	140	12	269	1
4	0.0	2352	6	67	1
5	0.0	131	1	14	1
5	0.0	443	20	188	1
5	0.0	663	1	117	1
5	0.6666666666666666	398	2	14	1
5	0.0	183	1	5	1
5	0.0	344	4	3	1
5	0.75	132	5	50	1
3	0.3333333333333333	1103	21	292	0
5	0.5	82	1	61	1
4	0.0	117	2	18	1
5	0.5	672	15	173	1
4	0.6666666666666666	281	5	18	1
5	0.0	374	3	542	1
5	0.0	279	14	60	1
4	0.6666666666666666	2502	1	190	1
5	0.8333333333333334	1070	5	30	1
5	0.5	622	1	22	1
5	0.6	1400	5	13	1
4	0.3333333333333333	339	16	150	1
4	0.5	429	27	14	1
5	0.0	168	2	17	1
5	0.5	151	1	12	1
4	0.0	397	44	92	1
5	0.0	741	3	3	1
2	0.0	1011	18	246	0
5	0.5	306	4	455	1
1	0.3333333333333333	308	1	6	0
2	0.0	134	1	77	0
5	0.0	283	2	2	1
4	0.0	439	1	623	1
4	0.0	534	63	164	1
4	0.0	746	30	151	1
5	0.5	241	2	1	1
5	0.0	110	8	2	1
5	0.5	232	2	56	1
5	0.5	99	12	2	1
5	0.7142857142857143	706	1	11	1
4	0.0	115	14	13	1
5	0.5	393	5	31	1
2	0.6666666666666666	1624	14	42	0
5	0.0	572	1	6	1
5	0.0	178	4	22	1
5	0.0	761	7	93	1
2	0.0	243	3	3	0
5	0.0	229	1	10	1
5	0.75	905	11	34	1
5	0.0	116	6	24	1
5	0.0	101	8	206	1
3	0.0	123	1	1	0
1	0.42857142857142855	1159	1	1	0
5	0.8333333333333334	307	1	1	1
5	0.5	496	51	9	1
5	0.0	139	11	18	1
4	0.0	189	1	2	1
5	0.0	313	30	9	1
5	0.6666666666666666	919	1	28	1
1	0.8333333333333334	1270	61	246	0
5	0.8571428571428571	795	87	41	1
5	0.6666666666666666	208	1	60	1
4	0.5	304	35	15	1
2	0.0	289	7	172	0
5	0.5	745	25	4	1
1	0.3235294117647059	310	1	34	0
4	0.0	193	5	6	1
3	0.5	317	5	70	0
5	0.8	183	5	11	1
5	0.0	388	1	48	1
5	0.0	146	30	455	1
5	0.6	274	1	30	1
3	0.5	195	5	77	0
5	0.5	218	9	107	1
5	0.0	304	1	25	1
5	0.0	151	23	8	1
5	0.0	285	28	10	1
5	0.6666666666666666	193	6	80	1
5	0.0	121	5	320	1
5	0.0	198	6	38	1
5	0.5	213	1	45	1
5	0.5	307	1	20	1
4	0.5	311	5	15	1
5	0.5384615384615384	501	1	12	1
1	0.5	1386	1	29	0
5	0.0	123	4	301	1
5	0.5	365	1	43	1
5	0.6666666666666666	1928	99	91	1
2	0.0	832	34	288	0
2	0.0	161	1	13	0
5	0.0	102	4	632	1
5	0.0	121	2	20	1
5	0.5	576	1	1	1
1	0.0	234	1	1	0
5	0.0	445	1	9	1
5	0.0	135	23	632	1
2	0.6666666666666666	242	1	7	0
5	0.6666666666666666	143	1	9	1
1	0.0	197	1	18	0
1	0.0	129	9	3	0
5	0.5	132	24	3	1
4	0.0	183	2	542	1
5	0.0	296	1	44	1
5	0.0	227	5	33	1
5	0.0	159	13	170	1
5	0.4	197	4	9	1
5	0.3333333333333333	537	4	413	1
5	0.3333333333333333	735	6	192	1
5	0.875	673	7	14	1
5	0.3333333333333333	135	3	310	1
5	0.0	502	1	1	1
5	0.0	115	1	83	1
5	0.8571428571428571	476	12	9	1
3	0.6666666666666666	197	3	81	0
5	0.0	100	4	67	1
5	0.6666666666666666	1221	9	1	1
5	0.8	2167	1	111	1
5	0.8	577	5	48	1
3	0.0	152	8	37	0
5	0.75	226	5	4	1
5	0.5	97	28	29	1
2	0.0	590	13	26	0
5	0.0	227	1	11	1
5	0.75	231	2	15	1
5	0.0	181	2	224	1
2	0.0	104	12	564	0
5	0.0	96	5	15	1
5	0.5	293	5	20	1
5	0.0	257	16	54	1
5	0.0	376	1	8	1
5	0.0	183	7	332	1
4	0.0	414	15	288	1
5	0.6666666666666666	143	7	242	1
5	0.0	117	8	178	1
1	0.5	196	2	121	0
5	0.75	248	8	28	1
5	0.6666666666666666	286	5	149	1
3	0.5	436	1	542	0
1	0.0	597	8	1	0
5	0.0	317	12	7	1
3	0.6666666666666666	540	16	27	0
5	0.0	211	25	170	1
5	0.0	315	1	1	1
4	0.5	543	8	137	1
3	0.0	590	10	94	0
4	0.0	185	23	178	1
5	0.0	500	15	33	1
5	0.5	129	1	18	1
5	0.0	421	10	50	1
5	0.0	303	2	20	1
5	0.0	214	11	173	1
4	0.0	248	1	177	1
5	0.0	219	1	45	1
5	0.5	555	1	5	1
3	0.9545454545454546	886	4	137	0
5	0.0	173	1	2	1
5	0.5	93	1	7	1
3	0.0	213	6	76	0
5	0.0	120	30	105	1
4	0.0	970	6	109	1
5	0.0	317	3	209	1
5	0.0	313	4	12	1
5	0.6666666666666666	430	3	303	1
5	0.0	489	3	13	1
4	0.6666666666666666	423	1	272	1
4	0.0	572	65	178	1
5	0.0	213	25	170	1
1	0.29411764705882354	165	4	103	0
5	0.3333333333333333	727	11	158	1
4	0.75	333	2	5	1
5	0.5	960	1	129	1
5	0.5	221	4	90	1
5	0.5	163	29	15	1
5	0.0	237	57	137	1
5	0.5714285714285714	778	17	80	1
5	0.0	274	4	23	1
2	0.0	1026	142	1	0
5	0.0	130	6	116	1
5	0.875	1129	2	147	1
5	0.0	538	9	137	1
5	0.5	699	28	50	1
5	0.9166666666666666	370	1	43	1
4	0.0	322	12	78	1
1	0.14285714285714285	456	14	105	0
5	0.5	279	1	6	1
4	0.0	186	5	2	1
5	0.0	303	7	73	1
3	0.25	309	7	375	0
5	0.0	309	4	301	1
5	0.0	207	12	174	1
5	0.0	315	1	5	1
5	0.5	302	1	6	1
4	0.0	390	10	82	1
5	0.5	423	1	27	1
5	0.0	278	4	17	1
5	0.0	478	14	379	1
4	0.0	1093	1	123	1
5	0.75	146	12	174	1
5	0.5	172	5	5	1
1	0.5	402	1	1	0
5	0.0	274	1	25	1
5	0.0	378	1	7	1
5	0.8	391	1	12	1
4	0.6	157	3	90	1
3	0.5	197	8	385	0
5	0.0	186	14	18	1
5	0.8	125	1	10	1
5	0.0	98	3	138	1
5	0.6666666666666666	132	14	2	1
5	0.6	162	1	7	1
5	0.0	356	3	29	1
5	0.0	548	7	166	1
5	0.0	380	11	147	1
5	0.5	497	9	564	1
5	0.0	884	14	56	1
5	0.5	161	9	173	1
5	0.0	172	7	269	1
1	0.25	522	2	251	0
3	0.0	1400	119	2	0
4	0.6666666666666666	124	6	15	1
5	0.0	124	6	78	1
5	0.0	519	4	8	1
5	0.0	205	1	16	1
5	0.75	246	5	38	1
5	0.0	730	19	81	1
5	0.5	298	1	3	1
4	0.0	383	46	5	1
5	0.8	489	7	1	1
5	0.0	279	6	455	1
5	0.0	489	30	62	1
1	0.7142857142857143	386	34	21	0
5	0.6666666666666666	179	3	57	1
5	0.0	140	2	6	1
4	0.0	683	10	236	1
5	0.0	259	1	3	1
5	0.0	268	14	126	1
5	0.6666666666666666	431	1	9	1
1	0.0	387	1	11	0
5	0.0	204	8	385	1
4	0.625	394	3	14	1
5	0.6666666666666666	1510	82	37	1
2	0.75	721	2	42	0
3	0.5	183	1	25	0
5	0.7142857142857143	1271	2	7	1
1	0.5555555555555556	491	6	24	0
5	0.5	233	3	2	1
5	0.0	134	5	202	1
4	0.3333333333333333	976	12	48	1
4	0.8	155	11	12	1
5	0.0	79	2	15	1
2	0.4	380	1	9	0
3	0.0	1724	19	1	0
5	0.0	183	3	159	1
4	0.0	228	1	83	1
4	0.3333333333333333	191	4	57	1
5	0.0	281	1	1	1
5	0.0	504	3	225	1
5	0.3333333333333333	139	25	170	1
5	0.6666666666666666	1592	178	217	1
4	0.0	308	2	43	1
4	0.75	224	4	413	1
1	0.3333333333333333	620	4	10	0
5	0.0	176	49	77	1
5	0.0	272	4	413	1
3	0.75	1214	19	3	0
1	0.5333333333333333	176	4	632	0
5	0.0	461	6	144	1
3	0.25	294	3	4	0
5	0.0	181	3	17	1
5	0.8	344	13	14	1
4	0.0	271	26	170	1
5	0.5	92	2	29	1
5	0.5	687	1	6	1
4	0.0	826	15	387	1
5	0.0	220	6	128	1
5	0.0	295	5	137	1
5	0.6666666666666666	821	11	8	1
4	0.0	294	8	385	1
5	0.0	174	3	58	1
5	0.0	198	8	2	1
5	0.75	281	8	149	1
1	0.3	185	3	103	0
5	0.0	175	8	269	1
2	0.7857142857142857	3024	2	234	0
5	0.6666666666666666	137	1	3	1
5	0.990990990990991	680	1	104	1
2	0.3333333333333333	312	2	148	0
5	0.5	231	11	127	1
5	0.5	416	2	23	1
2	0.6666666666666666	898	6	49	0
3	0.0	409	2	8	0
5	0.75	142	2	31	1
5	0.0	245	12	16	1
1	0.7857142857142857	240	3	310	0
5	0.0	363	1	2	1
1	0.14285714285714285	310	40	288	0
4	0.0	1012	1	38	1
5	0.8571428571428571	282	5	46	1
5	0.0	300	10	219	1
5	0.3333333333333333	420	1	9	1
5	0.0	391	1	311	1
5	0.0	131	5	55	1
5	0.0	334	1	1	1
3	0.0	233	5	33	0
5	0.0	692	3	5	1
4	0.0	1229	37	387	1
5	0.75	789	6	29	1
5	0.5	111	4	4	1
5	0.0	127	6	192	1
1	0.45454545454545453	519	1	22	0
1	0.0	137	1	83	0
4	0.5	116	2	2	1
5	0.0	109	7	7	1
5	0.0	121	5	5	1
5	0.0	298	3	209	1
5	0.6666666666666666	596	74	11	1
5	0.6	181	5	202	1
4	0.0	173	1	165	1
5	0.0	436	8	88	1
5	0.8	365	2	6	1
3	0.8888888888888888	450	5	6	0
5	0.8	593	1	12	1
5	0.75	247	1	28	1
5	0.75	396	4	8	1
5	0.0	122	1	2	1
1	0.3333333333333333	143	5	14	0
2	0.5	1292	1	2	0
1	0.6666666666666666	178	8	72	0
4	0.0	132	4	167	1
5	0.0	157	14	112	1
4	0.25	710	16	288	1
5	0.0	170	1	1	1
3	0.25	454	11	33	0
5	0.0	275	1	19	1
2	0.0	182	13	170	0
5	0.6666666666666666	97	12	170	1
5	0.6666666666666666	1946	1	7	1
5	0.6666666666666666	1152	6	192	1
5	0.8	216	2	38	1
5	0.0	824	1	232	1
5	0.0	134	1	28	1
5	0.5	336	1	2	1
5	0.0	222	5	55	1
4	0.5	279	8	4	1
4	0.0	474	10	131	1
1	0.8571428571428571	411	1	17	0
5	0.0	425	8	479	1
1	0.3333333333333333	253	24	103	0
4	0.0	496	29	9	1
4	0.5	623	39	1	1
4	0.0	361	5	5	1
4	0.0	551	2	10	1
2	0.75	159	1	251	0
4	0.5	478	114	1	1
4	0.0	132	10	6	1
4	0.5	138	1	4	1
5	0.5	679	4	274	1
5	0.0	312	1	6	1
5	0.0	2199	43	564	1
2	0.75	943	3	171	0
5	0.0	240	1	7	1
4	0.0	184	4	632	1
5	0.0	104	1	13	1
5	0.0	248	5	1	1
3	0.7894736842105263	331	5	28	0
5	0.0	763	1	16	1
3	0.0	1473	10	12	0
4	0.0	575	28	288	1
4	0.5	93	12	19	1
4	0.3333333333333333	176	4	542	1
3	0.0	460	2	341	0
3	0.0	819	421	1	0
5	0.0	150	3	238	1
1	0.8333333333333334	254	5	110	0
4	0.0	1047	38	205	1
3	0.5	158	1	3	0
1	0.13043478260869565	72	2	73	0
5	0.0	236	6	172	1
3	0.3333333333333333	188	39	6	0
2	0.5	75	1	34	0
5	0.0	142	9	173	1
5	0.0	218	11	91	1
1	0.5714285714285714	830	4	632	0
5	0.5	147	1	57	1
5	0.0	198	1	2	1
5	0.5	228	3	56	1
4	0.6666666666666666	1946	63	15	1
4	0.6666666666666666	1089	12	29	1
5	0.0	353	7	13	1
5	0.0	453	7	178	1
5	0.0	474	8	14	1
5	0.0	127	1	36	1
5	0.6666666666666666	764	2	56	1
5	0.0	574	3	1	1
5	0.5	186	8	385	1
5	0.0	356	13	94	1
4	0.0	743	2	556	1
5	0.5	139	4	114	1
5	0.0	142	8	178	1
5	0.0	86	6	332	1
5	0.8333333333333334	2196	9	455	1
5	0.75	836	4	11	1
3	0.8333333333333334	708	2	157	0
5	0.5	294	4	33	1
5	0.0	348	6	69	1
5	0.0	137	1	1	1
5	0.8333333333333334	160	1	6	1
5	0.0	167	4	143	1
5	0.0	523	2	556	1
3	0.3333333333333333	1179	7	26	0
4	0.3333333333333333	224	1	252	1
5	0.75	230	2	65	1
1	0.8	623	4	22	0
4	0.0	145	1	151	1
5	0.0	233	78	137	1
5	0.0	151	3	7	1
5	0.8333333333333334	315	8	147	1
5	0.0	155	7	74	1
4	0.6666666666666666	271	5	2	1
4	0.6	123	1	36	1
1	0.3333333333333333	223	25	170	0
5	0.6	388	50	57	1
2	0.6666666666666666	213	6	11	0
5	0.0	162	5	324	1
1	0.0	691	2	4	0
5	0.0	190	3	24	1
5	0.0	96	1	267	1
5	0.6666666666666666	373	2	29	1
5	0.0	849	3	50	1
2	0.0	719	27	172	0
5	0.8	172	1	8	1
4	0.0	184	5	324	1
5	0.0	227	1	15	1
5	0.8333333333333334	247	1	8	1
5	0.0	134	1	9	1
5	0.3333333333333333	172	1	14	1
5	0.6666666666666666	439	1	10	1
5	0.0	235	2	1	1
2	0.5714285714285714	645	11	117	0
5	0.5	113	6	242	1
4	0.0	101	14	218	1
2	0.5	94	2	19	0
3	0.0	107	9	455	0
4	0.6666666666666666	1575	15	35	1
3	0.0	291	1	8	0
5	0.8	259	19	170	1
5	0.0	162	4	26	1
5	0.0	166	1	14	1
5	0.0	259	19	22	1
5	0.5	329	3	122	1
3	0.0	105	2	4	0
1	0.4	542	1	51	0
5	0.0	140	2	73	1
5	0.9090909090909091	218	1	6	1
4	0.5	207	1	7	1
5	0.0	947	29	12	1
5	0.0	127	1	6	1
5	0.8	180	1	14	1
3	0.0	124	5	121	0
5	0.0	200	4	114	1
5	0.0	247	1	5	1
4	0.0	998	7	632	1
5	0.0	308	1	1	1
4	0.0	280	5	487	1
5	0.8333333333333334	711	1	12	1
5	0.0	381	4	57	1
5	0.5	579	9	107	1
5	0.0	211	8	12	1
5	0.0	525	1	542	1
3	0.5	331	1	185	0
5	0.6666666666666666	961	5	47	1
3	0.9166666666666666	1757	10	91	0
5	0.0	240	1	88	1
4	0.6666666666666666	196	2	23	1
5	0.0	329	8	52	1
3	0.5	269	18	564	0
5	0.0	125	14	7	1
5	0.0	833	14	209	1
3	0.0	194	3	5	0
5	0.0	139	4	301	1
5	0.625	371	1	49	1
5	0.0	229	1	2	1
5	0.0	174	4	167	1
4	0.0	332	9	173	1
5	0.6666666666666666	137	1	6	1
5	0.9230769230769231	154	3	10	1
5	0.5	437	2	2	1
1	0.0	443	1	3	0
5	0.8333333333333334	193	1	12	1
3	0.0	116	8	15	0
5	0.0	545	10	295	1
5	0.7692307692307693	623	10	219	1
1	0.46153846153846156	855	9	274	0
5	0.0	309	5	12	1
5	0.8333333333333334	959	17	137	1
5	0.75	416	2	190	1
5	0.0	324	3	3	1
5	0.8	610	17	295	1
2	0.0	180	20	78	0
5	0.9	614	9	3	1
5	0.0	218	1	3	1
5	0.0	105	1	13	1
5	0.5	175	1	132	1
5	0.0	296	3	32	1
4	0.0	319	20	2	1
5	0.5	176	2	9	1
4	0.0	184	29	170	1
5	0.9	127	5	11	1
5	0.5	171	75	12	1
5	0.0	213	8	71	1
5	0.0	114	4	542	1
5	0.0	163	2	2	1
4	0.9206349206349206	65	1	154	1
5	0.0	157	20	254	1
5	0.0	110	14	12	1
1	0.0	739	14	20	0
4	0.0	220	5	76	1
5	0.0	530	1	15	1
5	0.6666666666666666	527	1	5	1
5	0.0	475	12	206	1
5	0.5	199	2	18	1
5	0.6666666666666666	912	31	3	1
5	0.0	193	6	457	1
5	0.0	187	41	13	1
5	0.5	2085	421	4	1
5	0.0	213	1	40	1
5	0.0	327	13	37	1
5	0.0	78	14	60	1
5	0.0	143	3	3	1
1	0.3333333333333333	701	6	274	0
3	0.6666666666666666	1748	1	76	0
1	0.3333333333333333	817	5	202	0
5	0.0	291	10	16	1
5	0.0	944	9	76	1
5	0.0	109	6	178	1
5	0.0	469	1	13	1
4	0.0	484	6	19	1
5	0.5	208	2	2	1
1	0.0	354	1	4	0
2	0.5	959	3	1	0
5	0.5	166	1	1	1
5	0.0	100	1	27	1
5	0.0	404	3	94	1
5	0.0	402	2	1	1
5	0.0	419	2	1	1
5	0.3333333333333333	212	1	13	1
5	0.0	143	2	5	1
5	0.5	106	4	37	1
1	0.5	201	2	556	0
5	0.0	248	8	45	1
4	0.0	249	1	2	1
5	0.0	516	1	30	1
5	0.0	617	12	173	1
4	0.6666666666666666	421	8	16	1
1	0.0	392	1	13	0
5	0.75	173	11	11	1
5	0.0	181	15	340	1
5	0.0	188	18	178	1
4	0.9166666666666666	961	14	2	1
5	0.0	331	2	11	1
3	0.5	152	24	7	0
5	0.0	1278	62	101	1
5	0.5	948	9	47	1
5	0.6666666666666666	171	1	11	1
3	0.0	204	1	30	0
4	0.0	206	1	7	1
4	0.0	211	29	9	1
3	0.0	110	3	11	0
4	0.0	457	1	7	1
5	0.5	675	1	9	1
5	0.0	861	4	413	1
2	0.5	116	1	26	0
5	0.0	141	1	36	1
5	0.8571428571428571	1359	2	3	1
5	0.5	189	2	6	1
4	0.0	357	4	413	1
3	0.75	1072	1	26	0
5	0.0	278	7	424	1
5	0.0	381	33	251	1
5	0.0	130	9	564	1
5	0.8333333333333334	415	16	57	1
5	0.5	382	4	157	1
4	0.3333333333333333	1544	38	207	1
5	0.5	508	1	4	1
5	0.5	617	1	30	1
5	0.0	239	3	13	1
5	0.0	327	52	19	1
2	0.0	407	2	6	0
5	0.3333333333333333	746	6	81	1
1	0.8695652173913043	187	1	11	0
1	0.0	249	1	1	0
1	0.0	171	1	44	0
3	0.0	1047	19	288	0
4	0.0	156	80	49	1
5	0.0	463	10	15	1
3	0.4	132	2	14	0
5	0.0	161	1	11	1
4	0.0	194	4	542	1
4	0.0	385	14	269	1
4	0.5	1071	16	293	1
3	0.0	895	9	236	0
3	0.0	121	7	33	0
5	0.0	168	1	21	1
3	0.5	80	13	269	0
4	0.5	1932	1	160	1
3	0.0	305	4	32	0
2	0.0	880	2	28	0
4	0.6666666666666666	426	4	387	1
1	0.3333333333333333	192	13	8	0
4	0.5	409	7	22	1
5	0.5	182	1	2	1
5	0.5	709	3	3	1
4	0.5	2099	57	45	1
5	0.0	1237	1	151	1
4	0.0	346	1	9	1
5	0.75	144	7	158	1
3	0.5	203	1	73	0
5	0.6666666666666666	133	2	30	1
5	0.5	189	5	7	1
4	0.0	143	4	13	1
5	0.0	247	1	2	1
5	0.0	120	2	73	1
4	0.0	137	8	7	1
5	0.0	359	7	20	1
5	0.0	261	4	251	1
4	0.5	255	2	8	1
5	0.0	222	8	232	1
4	0.3333333333333333	946	15	25	1
5	0.0	129	3	63	1
3	0.0	102	4	172	0
1	0.5	650	19	8	0
5	0.0	150	11	1	1
2	0.8490566037735849	903	9	564	0
5	0.7142857142857143	344	1	4	1
5	0.9090909090909091	2653	2	24	1
5	0.75	409	4	18	1
1	0.16666666666666666	395	1	10	0
5	0.0	83	1	86	1
4	0.8333333333333334	1221	11	389	1
5	0.8333333333333334	298	3	7	1
5	0.0	279	1	1	1
4	0.0	395	8	169	1
4	0.75	105	10	15	1
5	0.5	179	1	53	1
5	0.0	454	2	82	1
5	0.5	74	24	25	1
5	0.0	253	18	274	1
5	0.0	257	20	93	1
2	0.3333333333333333	496	7	74	0
5	0.75	547	20	40	1
5	0.6666666666666666	466	25	174	1
5	0.0	1441	14	385	1
5	0.0	638	1	9	1
5	0.5	261	4	3	1
5	0.0	662	1	11	1
4	0.6666666666666666	374	19	31	1
5	0.0	204	9	564	1
1	0.0	344	2	16	0
2	0.5	658	2	7	0
1	0.0	249	2	6	0
1	0.0	1247	5	12	0
5	0.0	190	2	61	1
5	0.0	156	1	1	1
3	0.5	605	33	170	0
3	0.5	304	1	43	0
4	0.5	306	5	23	1
5	0.0	123	1	16	1
5	0.0	212	7	206	1
5	0.0	182	3	48	1
1	0.3333333333333333	756	10	2	0
3	0.0	239	15	22	0
5	0.0	207	1	335	1
1	0.0	401	1	22	0
1	0.5	353	1	2	0
5	0.0	521	7	17	1
3	0.0	122	4	225	0
4	0.0	140	9	564	1
5	0.9583333333333334	385	10	219	1
3	0.0	531	1	15	0
5	0.0	1636	4	2	1
2	0.3333333333333333	304	4	67	0
5	0.0	323	3	5	1
5	0.9	450	54	157	1
5	0.5	627	14	217	1
5	0.4	327	1	2	1
5	0.5	270	1	4	1
4	0.0	211	12	170	1
5	0.0	226	1	29	1
5	0.0	173	7	178	1
5	0.0	95	1	11	1
4	0.0	406	25	170	1
5	0.0	151	2	7	1
1	0.3333333333333333	240	1	27	0
5	0.4	255	23	217	1
5	0.0	148	14	126	1
5	0.0	204	4	301	1
3	0.6	434	6	8	0
5	0.0	266	67	9	1
5	0.0	170	1	11	1
3	0.0	188	16	116	0
1	0.0	103	1	6	0
5	0.5	224	4	68	1
4	0.5	143	3	1	1
2	0.6	715	4	487	0
5	0.5	986	1	74	1
5	0.6666666666666666	231	1	55	1
5	0.0	127	11	101	1
5	0.6666666666666666	169	19	159	1
5	0.0	462	17	47	1
2	0.17391304347826086	122	25	170	0
5	0.5	495	2	20	1
4	0.6666666666666666	474	176	1	1
5	0.6666666666666666	665	1	11	1
2	0.6	816	15	452	0
3	0.5	328	1	21	0
3	0.0	224	23	288	0
5	0.875	88	13	103	1
5	0.5	795	2	22	1
5	0.75	1057	82	6	1
4	0.5	167	1	8	1
5	0.5	313	11	112	1
1	0.0	128	1	83	0
1	0.5	304	2	1	0
5	0.25	172	26	170	1
5	0.0	293	5	49	1
5	0.0	184	2	77	1
5	0.75	143	1	13	1
1	0.8	2002	15	3	0
5	0.5	211	1	16	1
5	0.0	842	448	3	1
5	0.0	118	6	254	1
4	0.5	571	7	61	1
5	0.5	295	12	174	1
5	0.4	1579	4	103	1
4	0.0	795	17	9	1
5	0.0	294	2	116	1
5	0.8	114	8	209	1
5	0.0	244	11	55	1
3	0.3333333333333333	920	2	487	0
3	0.5	732	5	76	0
5	0.0	332	5	332	1
1	0.7142857142857143	445	1	15	0
5	0.0	213	7	176	1
3	0.0	787	42	91	0
5	0.5	192	1	8	1
5	0.0	132	10	159	1
4	0.0	2749	365	2	1
5	0.0	192	6	77	1
5	0.0	182	4	542	1
5	0.6666666666666666	716	2	1	1
5	0.0	364	12	170	1
4	0.5	239	3	11	1
5	0.6	111	2	11	1
5	0.6666666666666666	1131	4	413	1
5	0.0	105	7	238	1
3	0.4	481	6	455	0
5	0.6666666666666666	255	1	31	1
5	0.0	338	20	27	1
5	0.0	451	2	39	1
5	0.0	70	3	23	1
5	0.0	116	4	457	1
5	0.0	178	4	172	1
5	0.6666666666666666	349	16	11	1
5	0.0	109	14	46	1
5	0.0	181	9	40	1
5	0.5	188	3	9	1
4	0.6666666666666666	259	20	45	1
4	0.0	416	3	6	1
5	0.8333333333333334	151	25	170	1
2	0.8333333333333334	304	4	157	0
2	0.0	125	1	4	0
5	0.6666666666666666	403	1	2	1
2	0.8571428571428571	437	1	12	0
5	0.0	149	43	3	1
2	0.0	273	18	31	0
5	0.5	108	1	19	1
5	0.0	706	5	413	1
3	0.6666666666666666	754	18	288	0
5	0.5	364	3	18	1
5	0.0	131	2	13	1
5	0.0	110	4	413	1
5	0.3333333333333333	135	1	28	1
5	0.0	173	3	13	1
5	0.5	336	2	53	1
1	0.3333333333333333	168	1	25	0
4	0.5	896	1	5	1
4	0.0	427	7	149	1
5	0.25	224	24	288	1
1	0.0	145	1	10	0
5	0.0	489	3	13	1
3	0.25	443	76	103	0
5	0.0	483	1	6	1
5	0.0	406	62	209	1
1	0.0	347	1	13	0
3	0.5	215	18	362	0
5	0.0	1166	12	292	1
5	0.0	580	2	29	1
5	0.75	252	1	13	1
3	0.0	188	1	6	0
1	0.3333333333333333	887	4	9	0
5	0.0	614	36	174	1
5	0.0	160	1	6	1
1	0.0	672	4	487	0
5	0.0	132	4	487	1
5	0.0	310	48	20	1
2	0.0	104	25	170	0
5	0.0	204	8	4	1
3	0.6	899	95	17	0
5	0.5	458	1	30	1
4	0.0	289	10	202	1
3	0.5	843	2	33	0
5	0.0	154	1	52	1
2	0.0	558	13	1	0
5	0.0	806	6	50	1
2	0.6666666666666666	407	12	11	0
5	0.8	293	1	18	1
4	0.5	367	1	102	1
4	0.0	206	3	24	1
5	0.9473684210526315	462	1	26	1
3	0.0	201	25	32	0
5	0.5	613	1	21	1
5	0.5	85	13	174	1
1	0.5	219	2	286	0
5	0.6666666666666666	1178	2	18	1
5	0.045454545454545456	524	1	2	1
4	0.5	117	3	310	1
4	0.3333333333333333	1290	20	94	1
5	0.75	364	17	2	1
5	0.75	679	1	3	1
1	0.2631578947368421	410	4	20	0
1	0.8	1358	1	2	0
5	0.0	1053	54	25	1
5	0.0	182	1	36	1
4	0.0	245	18	564	1
4	0.0	153	5	35	1
3	0.0	267	1	30	0
1	0.0	457	1	24	0
5	0.0	319	2	32	1
5	0.0	194	1	22	1
4	0.5	126	1	5	1
5	0.0	232	2	206	1
5	0.9375	654	1	25	1
5	0.0	162	1	10	1
5	0.0	313	7	116	1
5	0.6	143	1	19	1
3	0.0	144	1	4	0
5	0.5	795	20	80	1
4	0.4	2065	2	95	1
5	0.8571428571428571	1635	27	55	1
3	0.0	158	2	3	0
1	0.0	1563	17	80	0
5	0.5	229	8	10	1
5	0.5	206	1	21	1
5	0.0	332	5	3	1
1	0.5	553	14	126	0
5	0.5	111	16	21	1
5	0.8181818181818182	197	1	28	1
4	0.0	315	5	5	1
1	0.0	308	1	7	0
5	0.0	134	7	269	1
5	0.0	154	1	1	1
4	0.0	150	7	244	1
5	0.0	125	6	116	1
1	0.0	246	17	12	0
4	0.3333333333333333	1292	1	2	1
5	0.75	296	3	8	1
5	0.5	319	21	60	1
5	0.0	152	125	1	1
4	0.0	646	19	387	1
5	0.8888888888888888	1431	4	387	1
5	0.0	111	42	68	1
3	0.6666666666666666	549	60	4	0
1	0.7777777777777778	473	14	105	0
5	0.0	168	1	25	1
5	0.0	204	5	2	1
5	0.0	828	6	72	1
4	0.875	437	1	15	1
4	0.0	1064	27	288	1
2	0.75	449	1	37	0
5	0.8	295	4	22	1
4	0.0	121	2	35	1
5	0.5	315	6	51	1
5	0.0	268	1	16	1
5	0.5	228	2	2	1
1	0.6	417	1	26	0
2	0.0	127	14	78	0
5	0.6666666666666666	220	10	219	1
5	0.0	185	1	1	1
5	0.0	132	1	20	1
5	0.75	696	1	18	1
3	0.5	577	2	30	0
5	0.0	738	8	204	1
5	0.6666666666666666	113	1	57	1
5	0.5	525	2	47	1
5	0.0	246	4	632	1
5	0.5	304	12	98	1
3	0.0	456	2	114	0
5	0.6666666666666666	427	25	170	1
5	0.9166666666666666	846	3	9	1
5	0.3333333333333333	144	1	10	1
5	0.0	179	8	385	1
1	0.0	201	4	38	0
5	0.5	181	11	43	1
3	0.3333333333333333	163	2	254	0
5	0.0	304	1	10	1
5	0.0	737	24	76	1
5	0.9333333333333333	698	12	11	1
5	0.0	297	1	123	1
5	0.5	354	4	32	1
2	0.0	733	1	4	0
1	0.1	407	4	375	0
1	0.6666666666666666	212	4	455	0
1	0.5	187	9	107	0
5	0.5	223	8	385	1
5	0.3333333333333333	164	1	37	1
2	0.0	432	4	487	0
4	0.0	286	4	137	1
3	0.0	1106	40	103	0
4	0.5	360	12	246	1
4	0.5	841	65	3	1
5	0.0	281	52	23	1
4	0.0	141	4	8	1
5	0.0	323	13	103	1
5	0.0	254	2	2	1
5	0.6666666666666666	223	14	217	1
2	0.8571428571428571	712	1	75	0
5	0.0	327	1	19	1
5	0.6666666666666666	347	1	10	1
5	0.0	148	1	17	1
5	0.0	103	4	121	1
5	0.0	232	6	6	1
5	0.5	501	8	118	1
5	0.5	2140	47	11	1
1	0.3333333333333333	731	4	84	0
5	0.0	213	11	14	1
4	0.0	140	1	4	1
3	0.4	1071	64	108	0
5	0.8571428571428571	717	1	54	1
4	0.5	276	1	16	1
3	0.6	225	15	11	0
4	0.0	1367	6	487	1
1	0.75	449	1	3	0
1	0.0	369	1	3	0
5	0.0	413	12	10	1
2	0.3333333333333333	85	1	142	0
5	0.5	258	1	2	1
5	0.0	269	3	310	1
5	0.0	241	26	64	1
5	0.6	458	3	5	1
5	0.6666666666666666	440	3	3	1
5	0.5	965	6	3	1
5	0.0	554	27	4	1
5	0.5	683	4	10	1
4	0.0	260	1	5	1
3	0.25	165	98	4	0
5	0.0	714	7	269	1
5	0.0	159	1	1	1
5	0.0	456	1	9	1
5	0.0	74	16	9	1
5	0.0	418	11	293	1
5	0.0	144	1	3	1
1	0.0	438	6	413	0
5	0.6666666666666666	212	1	8	1
1	0.8	579	9	128	0
5	0.0	184	1	6	1
1	0.0	276	85	20	0
5	0.6666666666666666	214	14	219	1
4	0.5	1473	448	30	1
4	0.5	197	1	5	1
1	0.0	262	1	95	0
5	0.0	559	2	5	1
1	0.4444444444444444	1678	178	166	0
5	0.8	260	1	2	1
4	0.6666666666666666	100	1	4	1
5	0.6666666666666666	345	2	22	1
2	0.0	134	2	2	0
1	0.0	137	2	15	0
5	0.6666666666666666	517	4	6	1
5	0.8333333333333334	218	15	45	1
3	0.25	81	4	487	0
5	0.0	175	1	3	1
5	0.5	460	7	424	1
5	0.0	1755	4	632	1
5	0.0	178	3	183	1
5	0.0	691	389	6	1
5	0.5	110	1	45	1
5	0.0	1142	84	7	1
5	0.0	238	1	4	1
5	0.0	436	2	17	1
5	0.5	188	2	28	1
5	0.0	225	1	11	1
3	0.3333333333333333	620	5	64	0
5	0.0	604	2	10	1
4	0.75	323	24	73	1
5	0.5	248	5	340	1
5	0.0	386	1	1	1
5	0.0	208	4	169	1
3	0.5	471	11	94	0
5	0.5	111	4	487	1
5	0.5	578	1	3	1
4	0.3333333333333333	2412	25	530	1
5	0.6666666666666666	1193	5	86	1
5	0.0	139	1	5	1
5	0.0	748	1	4	1
5	0.0	113	4	632	1
5	0.25	443	1	11	1
5	0.8571428571428571	418	16	8	1
5	0.0	1014	1	75	1
2	0.5	1885	6	530	0
2	0.2	319	8	209	0
4	0.0	332	4	46	1
5	0.0	257	1	11	1
2	0.0	491	20	298	0
5	0.0	122	1	3	1
2	0.0	211	10	85	0
5	0.5	238	7	74	1
5	0.5	1720	6	10	1
5	0.0	184	8	137	1
4	0.0	414	15	288	1
5	0.0	350	1	215	1
5	0.5	387	6	455	1
4	0.0	330	43	530	1
5	0.0	187	1	8	1
5	0.0	1782	1	25	1
5	0.0	119	1	19	1
5	0.5	133	2	2	1
5	0.0	161	9	173	1
5	0.0	525	1	2	1
3	0.0	791	85	2	0
5	0.5	601	43	340	1
5	0.8888888888888888	649	1	5	1
1	0.5	237	2	4	0
5	0.5	202	11	117	1
3	0.0	1252	14	347	0
1	0.6666666666666666	209	5	3	0
5	0.0	573	5	193	1
5	0.0	324	4	66	1
5	0.9090909090909091	277	9	52	1
3	0.625	710	176	172	0
3	0.0	377	1	623	0
5	0.5	919	1	3	1
5	0.0	156	1	31	1
5	0.0	127	9	173	1
5	0.0	942	4	9	1
5	0.6666666666666666	86	1	4	1
5	0.0	347	17	3	1
5	0.0	835	1	1	1
5	0.0	106	4	74	1
2	0.2	510	1	6	0
3	0.75	211	1	21	0
4	0.0	277	83	166	1
3	0.3333333333333333	682	11	57	0
5	0.0	384	1	129	1
5	0.0	193	1	3	1
5	0.0	134	2	2	1
5	0.0	190	1	5	1
1	0.0	122	14	126	0
5	0.0	565	2	2	1
4	0.0	681	1	13	1
4	0.0	1728	9	31	1
4	0.0	327	8	131	1
5	0.5	182	1	84	1
3	0.0	425	15	151	0
5	0.8571428571428571	519	1	12	1
4	0.5	88	1	24	1
5	0.9	396	6	72	1
4	0.0	77	3	87	1
5	0.0	370	6	192	1
5	0.0	240	2	2	1
5	0.5	191	1	9	1
5	0.0	650	1	11	1
5	0.3333333333333333	250	2	4	1
5	0.0	333	1	19	1
5	0.0	150	3	2	1
1	0.8181818181818182	924	5	159	0
5	0.5	489	7	10	1
5	0.0	139	1	11	1
5	0.5	181	14	126	1
4	0.5	159	2	123	1
5	0.0	126	1	194	1
5	0.0	251	1	3	1
5	0.5	174	2	30	1
5	0.0	155	3	389	1
3	0.0	447	6	1	0
5	0.0	119	2	276	1
5	0.5	629	1	3	1
4	0.0	352	1	335	1
5	0.5	529	1	5	1
5	0.6666666666666666	648	1	3	1
5	0.0	274	68	18	1
5	0.8	191	4	632	1
5	0.6666666666666666	214	2	4	1
1	0.3333333333333333	371	52	172	0
3	0.0	928	3	93	0
5	0.5	784	4	301	1
5	0.0	274	1	7	1
1	0.0	345	11	56	0
1	0.75	370	9	3	0
5	0.6666666666666666	169	1	36	1
5	0.5	413	1	20	1
3	0.0	167	2	23	0
3	0.0	1031	12	149	0
5	0.0	522	1	6	1
5	0.8	167	121	13	1
5	0.0	217	2	10	1
5	0.0	395	1	158	1
5	0.0	397	3	2	1
2	0.5	664	16	217	0
4	0.5	300	5	67	1
1	0.8	768	4	455	0
5	0.7	373	125	218	1
5	0.0	263	4	63	1
5	0.6666666666666666	521	1	5	1
2	0.0	371	1	4	0
1	0.0	128	1	13	0
5	0.6666666666666666	118	1	5	1
5	0.0	280	10	14	1
5	0.75	173	5	12	1
5	0.0	567	1	7	1
1	0.0	174	2	251	0
5	0.6666666666666666	148	7	127	1
5	0.625	766	1	11	1
5	0.0	267	1	23	1
5	0.0	340	1	10	1
5	0.8181818181818182	282	10	172	1
5	0.9	2005	1	623	1
5	0.0	281	2	13	1
5	0.5	174	8	103	1
5	0.0	155	4	4	1
5	0.0	774	1	8	1
1	0.0	126	2	12	0
3	0.0	231	2	4	0
4	0.3333333333333333	261	2	3	1
3	0.8125	298	6	17	0
5	0.5	234	1	124	1
1	0.0	629	6	1	0
5	0.0	201	7	178	1
4	0.0	885	1	42	1
4	0.0	93	1	3	1
5	0.0	229	1	13	1
5	0.5	461	1	7	1
3	0.0	547	1	2	0
3	0.0	164	67	424	0
3	0.5	278	204	78	0
4	0.0	411	14	288	1
4	0.0	217	1	7	1
5	0.0	136	9	564	1
5	0.5	148	2	1	1
5	0.8333333333333334	1461	3	15	1
4	0.5	424	13	12	1
5	0.0	137	1	2	1
5	0.5	158	19	83	1
5	0.5	473	2	9	1
4	0.0	358	11	225	1
3	0.6666666666666666	651	12	94	0
5	0.0	348	1	1	1
4	0.5	124	1	7	1
5	0.5	181	2	59	1
4	0.3333333333333333	898	9	487	1
5	0.0	112	1	29	1
5	0.5	299	19	209	1
1	0.2857142857142857	576	2	9	0
3	0.0	336	11	564	0
5	0.0	276	1	7	1
5	0.0	394	4	169	1
4	0.0	175	1	15	1
5	0.0	362	3	28	1
5	0.0	374	3	1	1
1	0.6	360	1	220	0
1	0.6666666666666666	532	17	130	0
5	0.0	2997	4	7	1
5	0.75	1224	10	50	1
5	0.0	171	3	92	1
3	0.0	112	1	129	0
2	0.5	139	1	2	0
3	0.75	746	1	54	0
5	0.6666666666666666	219	1	1	1
5	0.5	362	1	80	1
5	0.0	176	1	220	1
1	0.0	857	22	10	0
5	0.5	227	4	11	1
4	0.0	1843	30	288	1
5	0.5	112	7	14	1
5	0.0	169	2	4	1
3	0.0	187	1	2	0
5	0.5	387	5	117	1
5	0.5	138	1	1	1
5	0.5	270	20	27	1
1	0.0	190	1	1	0
3	0.0	144	1	1	0
5	0.5	381	3	24	1
5	0.0	931	99	1	1
5	0.0	212	1	7	1
5	0.0	131	1	26	1
5	0.6666666666666666	437	1	32	1
4	0.0	302	8	424	1
5	0.0	122	1	4	1
5	0.5	818	4	39	1
5	0.5	460	11	137	1
5	0.0	140	1	3	1
5	0.5	242	2	1	1
5	0.5	193	5	3	1
4	0.9767441860465116	1040	448	117	1
5	0.0	224	4	176	1
5	0.5	656	1	21	1
5	0.0	2252	10	7	1
5	0.0	170	3	3	1
5	0.0	208	1	10	1
3	0.5	133	2	1	0
4	0.0	325	4	65	1
5	0.8571428571428571	127	3	63	1
5	0.6666666666666666	280	4	10	1
5	0.0	473	1	2	1
1	0.0	138	7	17	0
5	0.75	184	4	487	1
5	0.5	131	2	7	1
5	0.5	233	14	218	1
4	0.5	198	2	4	1
5	0.8	407	1	38	1
5	0.0	243	9	173	1
5	0.0	308	7	23	1
4	0.5	2217	421	2	1
5	0.5	564	4	121	1
5	0.0	143	8	385	1
4	0.0	338	4	188	1
5	0.0	285	3	114	1
5	0.0	129	12	147	1
3	0.6666666666666666	1329	12	362	0
5	0.3333333333333333	149	9	5	1
5	0.0	907	1	4	1
5	0.0	157	1	45	1
5	0.0	403	1	41	1
2	0.42857142857142855	188	5	18	0
5	0.8	661	123	15	1
3	0.5	308	2	24	0
5	0.5	255	3	27	1
5	0.5	536	1	10	1
5	0.5	185	1	67	1
5	0.0	99	1	224	1
4	0.8888888888888888	376	1	11	1
1	0.0	222	9	209	0
5	0.0	208	7	206	1
5	0.9230769230769231	553	7	3	1
5	0.5	497	1	50	1
4	0.0	1189	14	1	1
2	0.5	363	9	157	0
5	0.0	134	6	43	1
5	0.0	247	2	78	1
5	0.0	203	16	1	1
5	0.75	985	1	30	1
2	0.0	131	6	138	0
5	0.0	184	2	1	1
5	0.5	334	23	57	1
5	0.5	117	1	25	1
5	0.9	414	10	219	1
5	0.8	121	1	17	1
5	0.5	111	2	21	1
5	0.2	338	2	29	1
1	0.0	108	5	86	0
5	0.0	492	3	44	1
4	0.0	269	1	3	1
1	0.5	217	3	159	0
1	0.4444444444444444	169	2	84	0
3	0.5	720	27	530	0
5	0.5	792	11	158	1
5	0.0	179	10	101	1
5	0.5	109	2	59	1
5	0.0	157	4	413	1
4	0.0	303	9	5	1
1	0.5	101	1	11	0
5	0.0	867	2	506	1
5	0.6666666666666666	99	1	11	1
5	0.0	132	1	326	1
5	0.0	259	26	26	1
5	0.9166666666666666	1111	5	69	1
5	0.0	3203	204	62	1
2	0.0	1050	11	387	0
5	0.875	890	6	19	1
1	0.0	247	1	2	0
2	0.0	187	7	172	0
5	0.5	177	27	52	1
3	0.8	1107	6	192	0
5	0.5	280	3	29	1
5	0.0	660	31	47	1
4	0.0	191	1	27	1
4	0.0	106	1	1	1
5	0.0	357	3	7	1
1	0.0	295	24	2	0
5	0.75	1162	2	27	1
5	0.0	178	4	632	1
5	0.0	185	4	413	1
4	0.75	371	9	19	1
5	0.0	266	7	269	1
1	0.8	948	1	151	0
2	0.25	198	1	27	0
3	0.5	156	1	4	0
5	0.0	88	4	48	1
2	0.0	1300	3	122	0
5	0.0	446	6	63	1
5	0.0	160	7	6	1
5	0.8571428571428571	188	4	38	1
2	0.0	220	1	5	0
1	0.5555555555555556	189	1	20	0
4	0.3333333333333333	64	1	13	1
4	0.5	192	19	107	1
5	0.0	262	5	324	1
5	0.0	374	1	7	1
5	0.5	826	1	14	1
1	0.6363636363636364	295	5	7	0
1	0.0	208	1	20	0
3	0.875	845	1	9	0
1	0.0	128	1	32	0
5	0.6666666666666666	540	1	26	1
5	0.5	108	4	48	1
3	0.0	150	1	1	0
5	0.0	107	4	5	1
1	0.0	166	4	301	0
5	0.5	297	16	21	1
2	0.5	225	4	487	0
1	0.75	115	1	2	0
5	0.0	317	4	487	1
5	0.75	398	9	107	1
5	0.0	190	1	1	1
5	0.8	691	14	66	1
5	0.0	334	6	81	1
4	0.0	1049	38	162	1
5	0.0	204	4	3	1
5	0.0	238	6	25	1
5	0.7	552	1	14	1
1	0.7777777777777778	1775	9	4	0
3	0.5	157	1	7	0
4	0.0	292	11	16	1
5	0.5	138	5	38	1
5	0.5	591	42	267	1
1	0.38461538461538464	277	7	73	0
5	0.25	250	1	19	1
5	0.0	208	2	9	1
5	0.5	198	1	2	1
5	0.3333333333333333	427	1	8	1
5	0.0	143	1	7	1
5	0.75	281	10	192	1
2	0.0	403	4	6	0
4	0.0	533	1	39	1
5	0.6666666666666666	232	11	158	1
5	0.0	396	8	413	1
4	0.0	288	7	172	1
5	0.0	155	1	2	1
5	0.0	694	2	30	1
1	0.0	176	1	17	0
4	0.5	166	2	2	1
5	0.0	502	2	3	1
5	0.0	225	1	20	1
5	0.8333333333333334	85	1	47	1
2	0.3333333333333333	344	8	385	0
5	0.75	352	1	7	1
5	0.0	126	18	25	1
5	0.8	328	1	3	1
2	0.5	401	1	9	0
5	0.0	98	3	138	1
1	0.0	198	2	2	0
5	0.5	338	448	174	1
5	0.5	614	1	9	1
3	0.0	159	24	455	0
4	0.0	132	1	8	1
5	0.5	168	3	2	1
5	0.6666666666666666	2691	2	506	1
5	0.0	1049	18	564	1
3	0.0	108	1	136	0
4	0.0	1376	9	379	1
5	0.0	375	7	7	1
2	0.0	1007	5	4	0
5	0.5	1085	6	257	1
5	0.5	184	26	170	1
5	0.5	219	2	37	1
5	0.0	509	2	92	1
5	0.0	354	13	385	1
4	0.0	171	8	137	1
1	0.2222222222222222	322	11	103	0
5	0.0	212	1	64	1
3	0.5	492	1	148	0
4	0.5	615	10	246	1
5	0.5	192	2	54	1
5	0.0	257	1	6	1
2	0.9285714285714286	674	1	10	0
1	0.0	366	29	13	0
5	0.5	319	6	55	1
5	0.0	276	3	27	1
1	0.3333333333333333	494	2	29	0
5	0.5	306	10	57	1
5	0.0	470	4	542	1
5	0.0	393	1	282	1
1	0.0	2324	2	2	0
4	0.0	169	11	5	1
5	0.6666666666666666	212	3	48	1
4	0.0	341	1	1	1
2	0.0	554	35	62	0
4	0.0	156	2	246	1
5	0.75	425	1	13	1
5	0.8	412	1	12	1
3	0.5	422	1	4	0
5	0.0	202	1	6	1
1	0.2857142857142857	467	6	232	0
5	0.0	1015	7	69	1
5	0.0	317	2	4	1
5	0.5	359	8	7	1
5	0.0	205	9	7	1
5	0.0	75	2	57	1
4	0.0	247	3	32	1
5	0.8333333333333334	321	8	22	1
3	0.0	98	1	18	0
3	0.14285714285714285	380	1	2	0
2	0.5	191	1	25	0
1	0.0	417	1	52	0
4	0.0	477	31	56	1
5	0.75	358	16	7	1
5	0.5	712	1	2	1
4	0.6666666666666666	237	3	48	1
5	0.0	210	16	28	1
4	0.0	805	28	4	1
3	0.25	149	1	118	0
2	0.0	239	1	6	0
5	0.0	156	4	3	1
5	0.0	262	1	45	1
5	0.0	121	2	2	1
5	0.5	209	14	103	1
4	0.5	1153	3	16	1
5	0.0	137	9	455	1
5	0.0	94	1	53	1
5	0.6666666666666666	899	3	5	1
5	0.5	336	1	16	1
2	0.0	147	1	58	0
2	0.0	406	11	43	0
5	0.5	757	49	4	1
5	0.0	428	1	1	1
5	0.0	299	11	632	1
4	0.0	492	1	18	1
5	0.6666666666666666	200	15	101	1
5	0.6666666666666666	1004	25	209	1
5	0.8	279	8	52	1
5	0.0	287	6	13	1
5	0.0	123	1	6	1
4	0.0	1197	19	46	1
1	0.375	451	4	375	0
5	0.3333333333333333	118	1	91	1
2	0.0	497	4	193	0
5	0.0	278	2	188	1
1	0.9047619047619048	397	1	37	0
5	0.5	197	13	56	1
5	0.0	141	6	2	1
5	0.5	130	9	564	1
5	0.0	129	2	292	1
5	0.0	270	6	254	1
5	0.5	261	2	7	1
5	0.0	202	8	530	1
5	0.8571428571428571	1731	151	15	1
5	0.0	479	4	464	1
5	0.5	1293	9	18	1
5	0.875	580	1	18	1
3	0.3333333333333333	743	20	295	0
5	0.0	315	12	170	1
5	0.0	391	1	52	1
4	0.0	1474	140	1	1
5	0.5	549	2	567	1
5	0.6666666666666666	88	5	48	1
5	0.75	1027	10	219	1
5	0.8571428571428571	270	1	20	1
1	0.3333333333333333	139	1	1	0
5	0.9375	347	2	24	1
2	0.0	718	2	2	0
5	0.0	226	1	2	1
5	0.0	331	18	101	1
5	0.0	145	1	1	1
4	0.5	696	18	530	1
5	0.0	229	1	1	1
5	0.0	196	8	385	1
5	0.0	151	49	2	1
5	0.5	306	2	82	1
5	0.0	171	7	63	1
5	0.88	1064	2	190	1
5	0.0	351	2	113	1
5	0.0	148	1	8	1
5	0.6666666666666666	297	4	387	1
5	0.0	331	1	143	1
4	0.0	443	50	455	1
5	0.75	164	8	1	1
5	0.0	149	10	147	1
5	0.5	239	1	64	1
5	0.0	311	1	75	1
5	0.0	126	1	5	1
1	0.6	850	9	530	0
4	0.6666666666666666	1114	16	178	1
4	0.0	768	13	54	1
4	0.9333333333333333	524	24	12	1
5	0.5	103	1	212	1
3	0.5	758	1	55	0
4	0.6666666666666666	192	1	4	1
5	0.5	247	2	29	1
5	0.6666666666666666	293	3	69	1
5	0.7142857142857143	354	1	320	1
5	0.5	785	154	126	1
5	0.8333333333333334	366	1	8	1
5	0.0	535	2	25	1
5	0.0	214	6	424	1
5	0.5	267	15	324	1
5	0.6666666666666666	511	27	7	1
5	0.8333333333333334	81	3	7	1
5	0.5	116	1	3	1
5	0.9	723	1	35	1
5	0.75	498	25	80	1
3	0.16666666666666666	294	1	17	0
5	0.0	426	5	56	1
5	0.6666666666666666	219	2	9	1
5	0.0	384	15	126	1
1	0.0	145	1	58	0
1	0.0	1270	61	246	0
5	0.875	433	1	18	1
5	0.5	205	2	12	1
1	0.3333333333333333	285	9	455	0
5	0.0	118	1	1	1
5	0.0	335	2	29	1
5	0.0	537	1	135	1
5	0.0	359	2	165	1
5	0.6666666666666666	681	1	40	1
5	0.5	427	4	64	1
4	0.0	130	25	170	1
1	0.4666666666666667	1050	1	4	0
3	0.75	310	5	192	0
5	0.0	244	47	68	1
3	0.6666666666666666	312	22	385	0
5	0.5	797	1	17	1
5	0.0	213	1	188	1
5	0.0	501	1	7	1
5	0.8888888888888888	717	8	73	1
5	0.8	342	9	14	1
2	0.46153846153846156	123	2	157	0
1	0.0	269	6	59	0
5	0.0	194	1	1	1
1	0.5	68	2	34	0
5	0.0	116	1	3	1
4	0.5	215	1	3	1
5	0.8181818181818182	1149	140	17	1
5	0.0	120	8	52	1
5	0.6666666666666666	591	1	1	1
5	0.0	169	1	3	1
5	0.0	674	107	1	1
4	0.0	267	1	37	1
5	0.5	548	3	114	1
5	0.75	367	1	88	1
5	0.8461538461538461	540	25	170	1
4	0.5	181	1	5	1
5	0.8888888888888888	123	9	69	1
5	0.5	156	1	50	1
5	0.0	676	9	5	1
1	0.0	194	1	21	0
5	0.0	132	2	16	1
5	0.6666666666666666	1432	7	28	1
5	0.8	150	25	170	1
5	0.6666666666666666	408	1	26	1
5	0.5	267	3	4	1
5	0.0	284	7	73	1
5	0.5	310	1	4	1
5	0.0	157	1	57	1
5	0.0	858	17	193	1
3	0.6	213	6	1	0
5	0.5	249	2	1	1
5	0.0	748	2	3	1
5	0.75	661	7	69	1
1	0.5	165	1	184	0
4	0.6666666666666666	258	6	21	1
5	0.5	527	1	41	1
4	0.0	156	6	324	1
5	0.5	642	45	246	1
5	0.0	463	5	1	1
1	0.75	286	2	32	0
3	0.3333333333333333	305	2	20	0
4	0.0	626	157	1	1
4	0.5	394	5	92	1
5	0.6666666666666666	676	7	130	1
5	0.8333333333333334	405	1	154	1
2	0.0	343	1	7	0
5	0.6666666666666666	243	25	38	1
5	0.6666666666666666	559	1	15	1
4	0.6666666666666666	149	4	340	1
5	0.6666666666666666	353	2	3	1
5	0.6	139	1	6	1
5	0.8333333333333334	149	1	12	1
5	0.0	121	1	20	1
3	0.2	1563	48	30	0
5	0.0	168	2	3	1
5	0.0	576	1	8	1
2	0.0	103	1	15	0
3	0.6666666666666666	354	36	39	0
5	0.0	193	12	68	1
5	0.5	121	6	24	1
5	0.0	113	1	38	1
5	0.5	1074	20	259	1
5	0.6666666666666666	148	1	3	1
5	0.0	399	1	21	1
4	0.5	402	2	10	1
5	0.0	103	2	54	1
3	0.0	773	20	488	0
5	0.0	82	1	4	1
5	0.5	137	1	49	1
5	0.5	646	6	21	1
4	0.0	1567	7	187	1
5	0.6666666666666666	356	6	274	1
5	0.0	88	3	14	1
5	0.0	635	12	21	1
5	0.75	469	17	9	1
5	0.5	188	25	170	1
4	0.0	181	1	47	1
5	0.0	112	2	25	1
5	0.5	239	1	63	1
5	0.6666666666666666	1241	94	21	1
5	0.0	157	2	11	1
5	0.0	528	5	117	1
3	0.0	128	14	126	0
5	0.75	172	2	26	1
5	0.5	230	3	74	1
2	0.0	242	5	542	0
5	0.7692307692307693	180	25	170	1
1	0.9090909090909091	384	4	103	0
5	0.0	137	5	332	1
5	0.6666666666666666	140	9	52	1
3	0.0	284	2	22	0
1	0.75	408	16	38	0
5	0.5	253	4	375	1
5	0.0	612	7	85	1
5	0.5	613	2	20	1
5	0.0	400	11	173	1
5	0.5	372	1	6	1
5	0.0	136	1	29	1
2	0.0	1943	2	3	0
5	0.75	343	120	103	1
5	0.0	116	1	1	1
1	0.5	194	1	131	0
5	0.0	780	3	74	1
5	0.8333333333333334	3533	7	204	1
5	0.0	610	3	50	1
5	0.875	224	7	25	1
5	0.6666666666666666	381	25	170	1
5	0.0	304	4	3	1
5	0.5	263	11	35	1
5	0.0	523	2	556	1
5	0.6666666666666666	214	2	32	1
4	0.0	289	7	62	1
4	0.0	262	10	455	1
4	0.0	1166	22	387	1
4	0.5	991	42	186	1
1	0.0	330	2	206	0
4	0.0	236	1	26	1
5	0.5	101	3	14	1
5	0.0	226	7	324	1
1	0.2	1720	4	387	0
4	0.6666666666666666	238	3	43	1
5	0.6666666666666666	164	5	149	1
5	0.0	776	60	17	1
4	0.0	253	7	1	1
5	0.75	398	1	5	1
5	0.5	392	1	25	1
5	0.6666666666666666	123	1	10	1
1	0.0	242	3	144	0
5	0.5	417	1	16	1
5	0.75	251	1	6	1
2	0.0	164	1	10	0
3	0.0	197	2	159	0
5	0.0	259	1	24	1
4	0.5	334	1	2	1
5	0.0	683	6	54	1
5	0.875	674	1	11	1
5	0.5	307	1	18	1
5	0.0	177	1	1	1
5	0.0	225	7	49	1
3	0.875	671	1	1	0
3	0.5	188	1	4	0
2	0.5	445	6	64	0
5	0.6666666666666666	606	2	29	1
5	0.8333333333333334	709	1	11	1
4	0.0	128	3	4	1
4	0.0	423	63	94	1
3	0.0	300	4	542	0
5	0.7	343	1	10	1
3	0.0	448	3	7	0
5	0.5555555555555556	210	1	24	1
2	0.0	1666	15	292	0
4	0.0	522	27	39	1
5	0.0	105	6	119	1
1	0.3333333333333333	274	2	80	0
5	0.0	400	4	3	1
5	0.6666666666666666	188	1	29	1
4	0.0	1348	29	293	1
5	0.6666666666666666	113	3	26	1
5	0.3333333333333333	131	1	2	1
5	0.0	179	11	385	1
3	0.0	1396	1	8	0
5	0.0	128	1	1	1
5	0.0	188	1	23	1
4	0.5	88	1	24	1
5	0.5	357	11	48	1
4	0.0	149	70	1	1
1	0.0	233	9	13	0
5	0.75	345	40	218	1
4	0.5	93	2	17	1
4	0.5	1151	37	191	1
5	0.5	147	2	16	1
5	0.0	89	1	42	1
5	0.5	121	2	542	1
4	0.0	338	70	3	1
5	0.0	148	13	138	1
5	0.0	193	2	11	1
2	0.0	615	1	23	0
4	0.0	1123	52	288	1
4	0.5	452	1	20	1
5	0.5	129	1	14	1
5	0.0	424	4	261	1
5	0.7872340425531915	2183	20	219	1
5	0.0	91	12	108	1
4	0.875	944	3	3	1
4	0.0	130	7	332	1
5	0.5	229	13	413	1
5	0.5	380	8	385	1
5	0.25	245	3	282	1
5	0.0	387	5	25	1
3	0.5	157	2	28	0
5	0.5	327	1	6	1
1	0.0	558	14	452	0
3	0.0	1021	5	491	0
5	0.8333333333333334	1088	6	15	1
1	0.5	133	1	2	0
5	0.0	184	1	9	1
5	0.0	180	1	2	1
5	0.0	146	29	564	1
4	0.0	463	1	2	1
4	0.0	171	40	130	1
2	0.5	499	3	257	0
5	0.0	113	10	424	1
4	0.0	434	1	16	1
5	0.6666666666666666	213	1	15	1
5	0.0	188	4	274	1
5	0.5	302	4	158	1
5	0.0	243	162	6	1
4	0.0	278	4	340	1
5	0.5	379	1	7	1
5	0.7	476	14	218	1
4	0.6	539	12	117	1
5	0.0	316	7	8	1
5	0.0	160	1	3	1
4	0.0	171	7	21	1
3	0.5	4793	11	246	0
5	0.0	126	2	12	1
5	0.5	374	2	2	1
5	0.75	1076	2	33	1
4	0.5	209	2	5	1
3	0.5	255	4	2	0
2	0.6666666666666666	524	2	9	0
5	0.0	280	30	42	1
1	0.3333333333333333	154	3	5	0
3	0.8571428571428571	334	2	11	0
5	0.8	465	4	413	1
5	0.0	341	1	22	1
5	0.8571428571428571	220	3	19	1
5	0.0	154	4	340	1
5	0.0	915	2	23	1
5	0.0	112	1	5	1
1	0.4166666666666667	427	9	564	0
1	0.0	159	1	32	0
5	0.75	161	1	6	1
2	0.5333333333333333	600	3	57	0
5	0.75	145	1	2	1
5	0.5	307	14	218	1
1	0.5	221	1	15	0
4	0.0	1021	142	19	1
1	0.25	233	2	103	0
1	0.42857142857142855	897	1	7	0
5	0.0	407	2	104	1
4	0.0	83	15	74	1
4	0.0	264	24	216	1
3	0.3333333333333333	475	1	110	0
3	0.0	77	2	324	0
5	0.0	190	10	564	1
5	0.0	269	4	413	1
5	0.0	419	5	1	1
4	0.0	331	2	305	1
5	0.0	123	1	8	1
5	0.5	274	3	234	1
5	0.0	114	4	340	1
1	0.3333333333333333	2009	7	11	0
4	0.0	748	31	564	1
5	0.6666666666666666	406	1	10	1
1	0.0	488	34	1	0
4	0.0	615	4	60	1
5	0.5	185	1	33	1
1	0.0	511	13	15	0
5	0.0	114	1	3	1
5	0.0	375	1	295	1
2	0.0	132	12	33	0
5	0.0	277	7	246	1
4	0.0	160	9	77	1
5	0.5	765	19	10	1
2	0.0	123	1	44	0
5	0.0	475	5	1	1
5	0.0	163	25	170	1
5	0.5	365	1	21	1
5	0.0	140	9	455	1
4	0.6666666666666666	194	4	1	1
5	0.5	197	7	149	1
4	0.0	958	12	116	1
5	0.0	864	1	15	1
5	0.8181818181818182	216	11	158	1
5	0.5	150	17	564	1
5	0.5	300	1	15	1
3	0.9836601307189542	676	1	86	0
4	0.75	252	42	31	1
4	0.0	207	1	224	1
4	0.5	667	11	158	1
1	0.3333333333333333	374	1	58	0
5	0.0	155	1	4	1
5	0.0	146	16	564	1
5	0.6666666666666666	387	4	387	1
3	0.5	897	35	295	0
2	0.6666666666666666	143	2	59	0
5	0.0	150	10	455	1
4	0.5	667	11	158	1
5	0.0	196	9	81	1
1	0.42857142857142855	175	11	117	0
5	0.8333333333333334	452	1	1	1
4	0.0	261	16	246	1
5	0.0	157	9	173	1
5	0.0	496	6	17	1
5	0.0	168	3	61	1
5	0.0	435	1	10	1
3	0.8333333333333334	1710	26	5	0
5	0.8571428571428571	575	7	22	1
5	0.0	145	13	91	1
3	0.0	543	1	43	0
5	0.6666666666666666	419	1	38	1
5	0.5	292	6	1	1
3	0.0	93	1	12	0
5	0.0	495	12	2	1
2	0.3333333333333333	281	6	6	0
1	0.1	130	7	39	0
5	0.0	212	1	9	1
5	0.5	90	7	172	1
5	0.7777777777777778	179	4	75	1
5	0.7777777777777778	459	3	12	1
5	0.5	278	1	14	1
5	0.0	239	17	4	1
5	0.3333333333333333	215	125	288	1
5	0.0	209	7	7	1
3	0.0	239	4	72	0
5	0.75	101	4	70	1
5	0.0	332	3	17	1
4	0.0	293	72	98	1
5	0.0	224	6	3	1
4	0.5	269	11	9	1
5	0.6666666666666666	118	14	117	1
5	0.0	219	1	104	1
5	0.6666666666666666	129	13	15	1
4	0.0	84	8	254	1
5	0.0	561	2	17	1
5	0.0	147	1	12	1
5	0.6666666666666666	259	3	159	1
5	0.875	1273	25	74	1
5	0.0	1088	4	7	1
3	0.0	106	2	2	0
4	0.5	531	46	94	1
1	0.1111111111111111	576	7	3	0
2	0.5	778	1	2	0
5	0.0	497	13	137	1
5	0.5	232	1	11	1
5	0.3333333333333333	127	2	58	1
5	0.0	438	27	174	1
5	0.0	458	6	424	1
5	0.5	195	26	170	1
5	0.0	644	3	413	1
4	0.0	201	3	44	1
5	0.5	141	1	20	1
5	0.0	126	1	5	1
5	0.0	210	13	2	1
1	0.0	1219	13	12	0
2	0.4	549	3	86	0
5	0.0	306	7	7	1
5	0.96	2213	7	31	1
5	0.0	124	1	12	1
2	0.6666666666666666	644	4	542	0
5	0.0	479	62	18	1
1	0.0	309	1	8	0
5	0.8571428571428571	371	4	340	1
3	0.0	289	16	487	0
4	0.3333333333333333	81	25	170	1
5	0.0	233	9	564	1
5	0.0	435	24	17	1
5	0.8333333333333334	571	1	22	1
1	0.0	462	4	2	0
5	0.875	1005	5	4	1
5	0.9333333333333333	719	1	6	1
5	0.0	301	5	13	1
5	0.0	532	1	2	1
5	0.0	143	3	238	1
5	0.0	398	11	112	1
4	0.0	211	12	564	1
5	0.0	122	1	5	1
5	0.0	240	2	5	1
3	0.5	158	13	242	0
1	0.7333333333333333	471	22	158	0
1	0.42857142857142855	242	11	117	0
2	0.8333333333333334	219	1	42	0
5	0.0	119	2	251	1
3	0.0	201	1	1	0
5	0.3333333333333333	257	10	219	1
5	0.3333333333333333	259	1	24	1
3	0.0	937	44	3	0
5	0.0	567	2	13	1
5	0.0	273	1	22	1
1	0.25	141	3	159	0
5	0.75	348	17	91	1
5	0.0	105	1	3	1
5	0.0	288	1	219	1
5	0.5	1158	1	1	1
5	0.0	131	1	4	1
4	0.8333333333333334	1214	3	195	1
5	0.0	1662	57	1	1
4	0.75	138	5	110	1
2	0.0	495	3	77	0
5	0.0	568	2	1	1
5	0.5	400	1	4	1
5	0.75	709	14	32	1
5	0.0	109	1	15	1
1	0.7777777777777778	632	10	40	0
4	0.3333333333333333	169	22	166	1
2	0.0	267	22	217	0
5	0.0	93	3	69	1
5	0.0	238	10	564	1
5	0.0	327	13	62	1
5	0.0	285	1	305	1
5	0.0	202	8	209	1
5	0.0	386	8	15	1
3	0.0	142	9	82	0
3	0.0	179	18	455	0
4	0.0	111	9	424	1
5	0.5	410	3	43	1
5	0.3333333333333333	299	1	13	1
5	0.0	226	1	22	1
4	0.0	130	5	4	1
3	0.5	1065	7	29	0
5	0.75	157	3	2	1
5	0.5	138	2	5	1
3	0.0	981	3	116	0
4	0.5	384	1	1	1
5	0.0	235	17	1	1
1	0.8	172	4	455	0
5	0.6666666666666666	1127	10	7	1
3	0.0	1540	3	4	0
3	0.0	673	201	217	0
5	0.0	157	7	269	1
5	0.75	190	11	455	1
3	0.0	277	133	274	0
5	0.0	239	11	117	1
5	0.0	91	12	170	1
5	0.0	376	1	4	1
5	0.3333333333333333	172	4	1	1
5	0.0	262	33	34	1
5	0.5	145	7	128	1
1	0.15384615384615385	448	4	204	0
5	0.0	119	2	24	1
5	0.5	121	1	30	1
5	0.5	172	2	46	1
4	0.0	245	1	18	1
5	0.5	279	1	13	1
5	0.5	219	1	13	1
5	0.8571428571428571	422	7	20	1
1	0.0	625	7	127	0
5	0.0	141	4	542	1
5	0.5	588	1	11	1
5	0.75	253	3	389	1
5	0.0	136	1	6	1
4	0.5	351	13	117	1
5	0.0	292	18	564	1
4	0.6666666666666666	478	4	8	1
1	0.5	199	1	7	0
5	0.5	357	1	8	1
3	0.0	290	1	3	0
5	0.0	143	5	332	1
4	0.3333333333333333	216	8	169	1
5	0.0	153	2	1	1
5	0.0	835	5	69	1
4	0.0	664	1	57	1
5	0.0	324	1	1	1
5	0.0	403	12	542	1
5	0.0	197	1	21	1
1	0.0	167	1	6	0
3	0.5	164	5	192	0
4	0.8333333333333334	446	4	48	1
5	0.9777777777777777	218	17	242	1
1	0.0	707	7	26	0
5	0.9538461538461539	507	1	623	1
4	0.75	295	2	29	1
5	0.0	221	10	269	1
5	0.5	336	1	16	1
2	0.8333333333333334	213	5	3	0
1	0.5	467	1	2	0
5	0.0	558	19	84	1
4	0.6	468	1	59	1
1	0.2	259	25	170	0
5	0.75	569	6	66	1
5	0.75	411	8	46	1
5	0.75	374	2	6	1
5	0.0	679	11	15	1
5	0.0	281	1	67	1
5	0.0	683	15	1	1
1	0.0	130	3	146	0
1	0.0	107	3	1	0
5	0.3333333333333333	131	1	41	1
4	0.5	509	3	1	1
5	0.5	446	1	15	1
5	0.0	79	11	457	1
5	0.0	112	1	22	1
5	0.0	343	1	2	1
5	0.0	157	1	1	1
3	0.5	784	3	387	0
5	0.5	1247	2	1	1
5	0.875	945	1	26	1
5	0.0	411	8	269	1
1	0.0	354	1	5	0
5	0.5	126	6	86	1
1	0.0	236	2	38	0
1	0.0	199	1	43	0
5	0.6666666666666666	103	5	413	1
5	0.25	172	26	170	1
5	0.0	213	1	20	1
3	0.0	339	2	5	0
5	0.0	192	1	8	1
1	0.6666666666666666	508	1	65	0
5	0.0	773	4	67	1
5	0.8666666666666667	1553	10	50	1
5	0.5	298	5	5	1
5	0.5	1117	1	1	1
4	0.25	885	52	288	1
5	0.0	718	19	12	1
5	0.0	99	17	45	1
1	0.2857142857142857	295	20	218	0
5	0.8888888888888888	499	3	64	1
2	0.5	138	4	6	0
5	0.0	191	3	34	1
5	0.0	260	3	159	1
5	0.0	156	9	1	1
5	0.6	440	1	2	1
5	0.0	536	2	556	1
3	0.5	146	1	4	0
4	0.0	190	4	8	1
4	0.6666666666666666	306	54	65	1
4	0.0	338	5	1	1
5	0.0	477	1	1	1
2	0.0	116	2	1	0
2	0.3333333333333333	450	18	37	0
5	0.0	965	1	13	1
5	0.6666666666666666	173	3	5	1
5	0.7	539	11	18	1
5	0.0	228	1	18	1
5	0.0	439	17	80	1
5	0.5	394	11	32	1
4	0.0	196	17	28	1
5	0.0	506	26	49	1
2	0.0	134	3	4	0
5	0.0	1013	6	192	1
5	0.0	233	1	4	1
5	0.6666666666666666	443	1	63	1
5	0.0	146	1	14	1
5	0.0	427	29	11	1
1	0.0	194	3	3	0
5	0.0	773	4	188	1
5	0.6666666666666666	112	1	623	1
1	0.0	394	1	56	0
5	0.75	200	9	119	1
5	0.0	1809	42	12	1
5	0.0	168	4	37	1
1	0.0	139	4	251	0
4	0.5	452	7	15	1
5	0.5	862	2	43	1
1	0.0	639	2	251	0
5	0.875	153	1	42	1
5	0.0	307	1	2	1
5	0.5	431	2	276	1
5	0.6666666666666666	155	1	3	1
5	0.0	768	1	12	1
2	0.25	150	1	4	0
5	0.0	345	2	292	1
5	0.7142857142857143	246	2	113	1
1	0.8	272	2	46	0
4	0.0	784	42	84	1
3	0.75	1347	1	38	0
5	0.5	1194	26	305	1
5	0.0	366	19	144	1
3	0.5	450	4	284	0
5	0.5	214	9	564	1
5	0.5	384	10	209	1
3	0.7692307692307693	459	1	12	0
5	0.0	140	2	15	1
5	0.0	211	1	4	1
5	0.0	363	4	455	1
5	0.0	539	1	17	1
5	0.9473684210526315	976	4	14	1
2	0.3333333333333333	708	1	9	0
5	0.5	134	1	2	1
3	0.0	528	2	10	0
5	0.0	389	1	14	1
5	0.5	356	5	457	1
5	0.0	692	9	1	1
5	0.0	238	2	20	1
5	0.9	346	3	21	1
5	0.5	445	7	103	1
5	0.0	305	10	74	1
2	0.6666666666666666	130	3	257	0
1	0.5555555555555556	107	1	6	0
5	0.96	821	3	389	1
4	0.5	200	7	3	1
5	0.0	247	9	165	1
5	0.6666666666666666	231	4	20	1
5	0.0	308	8	356	1
4	0.5	393	1	2	1
5	0.3333333333333333	138	17	15	1
5	0.5	180	1	102	1
5	0.5	871	31	3	1
5	0.875	238	1	4	1
5	0.5	133	3	257	1
5	0.5	120	4	172	1
1	0.5	954	3	6	0
5	0.6666666666666666	189	1	12	1
5	0.0	260	4	43	1
5	0.0	111	2	18	1
1	0.0	159	5	10	0
5	0.0	178	3	46	1
1	0.3333333333333333	105	1	40	0
5	0.0	1230	48	209	1
5	0.5	270	1	8	1
5	0.6666666666666666	234	2	4	1
5	0.8	133	44	11	1
1	0.6	445	1	23	0
3	0.6363636363636364	184	6	50	0
5	0.875	481	1	92	1
5	0.0	731	1	1	1
5	0.0	333	1	50	1
5	0.6666666666666666	1014	12	5	1
2	0.0	226	36	114	0
2	0.0	1040	1	36	0
3	0.0	726	10	5	0
1	0.0	532	1	18	0
1	0.5	98	3	150	0
3	0.8	931	9	209	0
5	0.0	542	15	5	1
5	0.0	187	2	5	1
5	0.0	280	13	4	1
5	0.75	509	1	9	1
5	0.75	651	15	209	1
2	0.0	541	3	4	0
5	0.0	715	3	30	1
5	0.0	157	1	8	1
5	0.0	426	7	130	1
5	0.8	579	1	7	1
3	0.0	306	18	455	0
3	0.5	447	17	65	0
5	0.5	406	51	82	1
5	0.0	159	1	259	1
5	0.0	117	21	8	1
2	0.8571428571428571	451	23	1	0
3	0.3333333333333333	1306	23	491	0
4	0.0	205	17	6	1
5	0.0	1445	4	204	1
3	0.0	292	9	14	0
5	0.0	1202	15	126	1
4	0.3333333333333333	375	1	9	1
5	0.0	138	1	913	1
5	0.75	316	29	170	1
2	0.0	399	5	455	0
5	0.6666666666666666	416	105	17	1
1	0.0	374	3	159	0
5	0.0	671	1	28	1
4	0.0	251	19	174	1
1	0.7272727272727273	527	1	59	0
5	0.0	443	2	276	1
5	0.0	193	5	332	1
1	0.3333333333333333	147	3	13	0
2	0.0	105	1	3	0
5	0.5	147	3	9	1
5	0.0	695	13	1	1
5	0.0	237	1	49	1
5	0.0	248	7	242	1
5	0.8	498	3	69	1
5	0.0	279	5	487	1
5	0.0	209	13	170	1
5	0.3333333333333333	118	1	143	1
5	0.6	108	4	51	1
2	0.6666666666666666	624	7	10	0
5	0.5	768	29	3	1
4	0.0	169	6	55	1
5	0.3333333333333333	541	4	491	1
5	0.5	623	4	18	1
5	0.0	256	41	20	1
5	0.0	350	2	23	1
5	0.0	138	1	2	1
5	0.0	133	8	282	1
5	0.6666666666666666	897	1	13	1
4	0.0	293	1	17	1
4	0.6666666666666666	922	2	234	1
4	0.0	207	1	4	1
5	0.9	503	11	27	1
5	0.5	950	17	167	1
5	0.0	172	3	232	1
5	0.0	778	89	332	1
5	0.9846153846153847	2875	1	18	1
5	0.0	300	2	3	1
5	0.0	86	3	10	1
4	0.7272727272727273	995	7	69	1
5	0.75	397	1	3	1
5	0.0	94	2	155	1
5	0.5	275	10	455	1
5	0.5	109	1	34	1
4	0.0	143	1	8	1
4	0.5	1791	1	37	1
3	0.3333333333333333	421	6	49	0
1	0.0	299	2	292	0
2	0.0	141	2	7	0
1	0.0	1145	12	9	0
5	0.5	87	4	2	1
5	0.5	665	1	3	1
5	0.0	183	8	11	1
5	0.0	138	1	1	1
5	0.0	213	1	16	1
4	0.5	208	1	18	1
4	0.0	365	4	7	1
2	0.25	859	1	5	0
5	0.8	565	26	23	1
2	0.0	414	10	4	0
5	0.75	76	3	24	1
5	0.6666666666666666	266	4	50	1
1	0.6666666666666666	155	1	27	0
1	0.0	245	6	455	0
5	0.5	672	4	413	1
5	0.0	247	6	144	1
5	0.6666666666666666	586	1	20	1
5	0.6666666666666666	487	10	219	1
5	0.0	141	14	60	1
5	0.0	288	8	96	1
1	0.6666666666666666	174	8	72	0
5	0.0	153	3	59	1
5	0.0	130	7	1	1
5	0.0	469	52	1	1
3	0.3333333333333333	154	1	35	0
5	0.8333333333333334	1015	3	5	1
5	0.0	150	3	36	1
5	0.0	529	1	10	1
5	0.0	202	1	20	1
1	0.6666666666666666	175	1	13	0
5	0.0	365	12	28	1
2	0.0	359	10	33	0
5	0.3333333333333333	339	18	176	1
5	0.0	1293	6	146	1
5	0.0	292	6	38	1
4	0.0	397	9	7	1
2	0.0	561	36	452	0
5	0.0	309	8	1	1
5	0.9	903	44	2	1
4	0.0	1749	51	170	1
1	0.034482758620689655	254	1	22	0
4	0.8888888888888888	285	10	91	1
3	0.0	1054	7	74	0
5	0.0	116	4	65	1
1	0.5	276	9	22	0
5	0.5	554	4	9	1
5	0.5	157	1	9	1
5	0.9	435	1	4	1
5	0.8333333333333334	412	25	15	1
5	0.0	84	12	564	1
5	0.5	254	40	20	1
4	0.5	520	118	166	1
5	0.8571428571428571	829	48	174	1
5	0.0	111	1	1	1
3	0.0	979	20	149	0
5	0.0	471	3	56	1
5	0.0	107	4	204	1
3	0.0	231	1	1	0
1	0.0	330	10	3	0
5	0.3333333333333333	100	1	9	1
4	0.75	245	26	11	1
4	0.6666666666666666	182	1	7	1
5	0.5	206	43	14	1
5	0.0	315	16	170	1
5	0.8333333333333334	228	2	5	1
5	0.6666666666666666	1071	10	219	1
5	0.0	738	8	192	1
5	0.0	426	4	1	1
5	0.9166666666666666	274	1	53	1
3	0.5	543	3	3	0
5	0.5	126	1	267	1
4	0.6666666666666666	540	421	103	1
1	0.5	481	3	56	0
5	0.75	134	2	15	1
3	0.0	1462	3	257	0
5	0.5	373	9	65	1
5	0.5	195	4	487	1
5	0.6666666666666666	417	11	158	1
5	0.5	175	1	32	1
4	0.625	349	1	52	1
5	0.5	383	4	18	1
3	0.5	118	4	150	0
5	0.0	1010	1	4	1
5	0.75	106	3	16	1
2	0.0	254	3	1	0
5	0.5	184	2	6	1
1	0.0	1219	48	95	0
1	0.0	473	32	261	0
5	0.8333333333333334	518	2	64	1
5	0.5	528	1	26	1
5	0.0	287	8	159	1
4	0.0	148	23	18	1
4	0.5	750	13	6	1
4	0.0	304	1	7	1
3	0.5	944	1	1	0
1	0.0	324	1	2	0
5	0.9411764705882353	672	31	101	1
4	0.0	191	1	10	1
5	0.25	118	4	542	1
1	0.6666666666666666	972	11	117	0
3	0.0	287	13	33	0
5	0.0	145	16	3	1
5	0.6	282	31	28	1
5	0.5	793	5	50	1
5	0.0	133	1	3	1
4	0.0	257	11	168	1
1	0.0	224	4	35	0
5	0.6666666666666666	324	6	16	1
5	0.6666666666666666	115	4	25	1
1	0.25	368	1	19	0
2	0.0	186	1	1	0
5	0.7777777777777778	519	11	5	1
5	0.0	189	2	88	1
5	0.0	109	9	12	1
5	0.9285714285714286	180	23	12	1
4	0.0	703	4	457	1
5	0.0	126	1	47	1
5	0.0	610	10	65	1
1	0.6666666666666666	734	1	38	0
1	0.5	623	1	3	0
3	0.5	91	2	4	0
1	0.0	400	1	9	0
3	0.0	87	2	542	0
4	0.0	132	5	15	1
4	0.5	305	2	7	1
5	0.0	267	4	632	1
4	0.0	1196	58	6	1
5	0.0	216	16	62	1
4	0.0	176	6	31	1
5	0.6666666666666666	248	4	3	1
2	0.0	546	15	169	0
5	0.9583333333333334	394	57	27	1
1	0.0	361	2	24	0
5	0.0	146	5	5	1
5	0.5	155	3	14	1
5	0.0	529	55	246	1
5	0.0	235	1	3	1
5	0.8571428571428571	189	1	13	1
5	0.0	155	6	286	1
5	0.3333333333333333	113	2	114	1
5	0.3333333333333333	145	1	10	1
5	0.5	243	6	21	1
1	0.0	191	1	1	0
5	0.0	282	4	114	1
5	0.375	109	8	10	1
5	0.0	168	3	150	1
3	0.16666666666666666	189	1	1	0
5	0.5	420	4	542	1
5	0.6666666666666666	155	13	41	1
1	0.0	607	4	49	0
2	0.75	169	1	110	0
4	0.0	228	4	387	1
3	0.0	829	31	387	0
5	0.6666666666666666	439	1	38	1
3	0.5	212	1	7	0
5	0.0	562	9	171	1
4	0.3333333333333333	252	4	413	1
1	0.6666666666666666	412	2	82	0
3	0.6666666666666666	1328	3	13	0
5	0.0	1637	2	6	1
5	0.0	100	1	12	1
5	0.0	133	1	53	1
3	0.0	98	1	1	0
3	0.0	116	6	11	0
3	0.0	380	59	6	0
4	0.0	197	4	632	1
5	0.5	271	4	58	1
2	0.3333333333333333	380	4	35	0
5	0.5	341	1	21	1
5	0.0	297	5	379	1
5	0.5	709	48	77	1
2	0.6666666666666666	658	1	71	0
4	0.0	130	18	103	1
5	0.75	507	1	8	1
5	0.875	905	1	19	1
1	0.5	385	2	75	0
4	0.0	420	6	216	1
5	0.8	271	1	3	1
5	0.0	197	1	6	1
5	0.0	210	31	73	1
5	0.0	193	5	144	1
5	0.6666666666666666	439	1	85	1
5	0.0	121	1	33	1
5	0.0	169	1	1	1
5	0.0	183	1	100	1
5	0.0	390	1	7	1
4	0.6666666666666666	538	13	158	1
5	0.9428571428571428	2317	42	27	1
5	0.0	329	1	43	1
5	0.5	1403	2	234	1
5	0.0	333	24	174	1
4	0.5	127	3	150	1
1	0.5	554	1	12	0
5	0.3333333333333333	1582	12	95	1
5	0.0	184	19	356	1
5	0.6666666666666666	101	2	3	1
5	0.0	272	1	4	1
1	0.3333333333333333	544	2	68	0
5	0.0	162	2	104	1
3	0.26666666666666666	699	1	34	0
5	0.9473684210526315	462	4	8	1
5	0.5	178	1	14	1
5	0.5	688	1	97	1
5	0.5	185	7	17	1
3	0.6	204	6	116	0
5	0.5	766	1	16	1
5	0.0	143	1	567	1
3	0.0	294	15	564	0
4	0.0	120	4	257	1
5	0.0	224	5	244	1
5	0.0	318	8	12	1
5	0.75	764	23	159	1
2	0.0	216	3	45	0
2	0.0	367	1	8	0
5	0.8	322	5	178	1
5	0.5	152	1	3	1
2	0.6	807	2	20	0
5	0.0	176	34	387	1
5	0.6666666666666666	129	27	67	1
5	0.5	91	1	17	1
5	0.9090909090909091	2289	13	17	1
3	0.6666666666666666	1211	28	21	0
5	0.6666666666666666	328	15	66	1
4	0.0	238	5	488	1
5	0.0	239	1	39	1
1	0.4	127	7	38	0
1	0.9444444444444444	266	1	28	0
5	0.0	1173	1	21	1
5	0.0	119	18	332	1
5	0.75	1013	1	34	1
5	0.0	366	1	61	1
1	0.5	285	1	1	0
5	0.0	794	3	387	1
5	0.0	230	9	37	1
4	0.5	391	2	122	1
4	0.6666666666666666	292	43	2	1
4	0.3333333333333333	416	9	542	1
5	0.5	280	1	6	1
5	0.5	96	2	103	1
5	0.0	419	4	77	1
4	0.0	264	3	28	1
5	0.0	814	54	206	1
1	0.0	301	2	102	0
5	0.0	284	4	29	1
2	0.0	954	1	1	0
4	0.75	156	1	29	1
5	0.5	333	6	20	1
5	0.0	942	1	12	1
5	0.25	123	1	49	1
4	0.0	341	23	218	1
5	0.0	89	14	217	1
1	0.14285714285714285	231	9	107	0
2	0.0	134	2	24	0
5	0.75	578	11	130	1
1	0.0	184	4	9	0
5	0.3333333333333333	217	1	21	1
5	0.0	597	5	14	1
1	0.375	838	1	23	0
5	0.6	208	25	94	1
5	0.0	232	2	11	1
4	0.6666666666666666	159	4	487	1
5	0.5	820	10	413	1
5	0.0	314	17	15	1
5	0.0	522	5	389	1
5	0.6666666666666666	256	37	76	1
5	0.5	223	2	2	1
1	0.0	683	13	5	0
5	0.7777777777777778	200	1	33	1
5	0.0	833	125	295	1
3	0.3333333333333333	296	2	13	0
1	0.5	401	5	542	0
4	0.0	1012	8	343	1
5	0.0	105	1	1	1
5	0.6666666666666666	764	6	101	1
1	0.0	528	1	10	0
5	0.0	157	4	413	1
5	0.5	433	7	130	1
3	0.0	137	2	114	0
1	0.3333333333333333	421	2	71	0
5	0.0	96	12	78	1
5	0.0	111	3	1	1
1	0.6363636363636364	548	151	11	0
3	0.0	297	3	23	0
2	0.5	497	1	3	0
5	0.75	1114	2	13	1
5	0.0	447	2	3	1
4	0.0	729	7	166	1
5	0.5	472	11	51	1
5	0.8	130	3	5	1
2	0.5	311	3	61	0
5	0.9647058823529412	443	1	52	1
2	0.0	392	2	80	0
4	0.5	164	1	14	1
5	0.0	248	10	1	1
5	0.0	318	12	174	1
5	0.0	390	1	31	1
1	0.75	465	3	2	0
5	0.5	124	1	30	1
5	0.0	84	2	117	1
5	0.0	339	8	385	1
5	0.0	165	4	413	1
4	0.0	88	4	29	1
5	0.0	180	3	38	1
1	0.3333333333333333	451	1	84	0
4	0.5	284	8	169	1
5	0.9	144	4	158	1
1	0.6666666666666666	763	15	126	0
5	0.0	167	1	4	1
5	0.0	392	2	78	1
1	0.14285714285714285	219	1	8	0
5	0.0	274	1	2	1
5	0.0	176	6	242	1
5	0.5	102	3	22	1
4	0.0	471	9	455	1
5	0.0	274	7	2	1
5	0.9	2319	1	68	1
5	0.0	201	1	335	1
5	0.8333333333333334	352	7	206	1
5	0.5	190	2	71	1
5	0.3333333333333333	312	1	264	1
3	0.0	638	2	41	0
5	0.0	320	1	1	1
5	0.5	379	19	67	1
1	0.0	352	1	1	0
5	0.75	498	20	27	1
5	0.0	1862	1	5	1
5	0.0	1048	12	7	1
5	0.5	383	1	101	1
5	0.8	163	3	9	1
2	0.5	361	1	272	0
4	0.875	778	4	5	1
5	0.5	238	2	68	1
5	0.0	167	2	22	1
4	0.0	609	11	144	1
5	0.8571428571428571	483	64	107	1
4	0.6	2834	2	506	1
4	0.0	1541	8	103	1
5	0.6666666666666666	658	1	6	1
3	0.0	619	5	52	0
5	0.0	518	3	3	1
5	0.5	127	6	74	1
4	0.0	88	2	94	1
1	0.5	276	4	455	0
5	0.0	392	14	126	1
1	0.9130434782608695	332	4	131	0
5	0.0	498	4	55	1
5	0.5	167	1	1	1
4	0.0	314	2	3	1
2	0.3333333333333333	303	1	4	0
5	0.6666666666666666	149	9	173	1
5	0.6923076923076923	454	17	12	1
5	0.0	140	8	424	1
5	0.8	2035	38	69	1
5	0.5	577	4	455	1
5	0.0	93	3	28	1
2	0.0	1335	1	50	0
2	0.0	187	7	172	0
1	0.0	133	4	4	0
1	0.8947368421052632	475	5	202	0
5	0.0	454	1	2	1
1	0.375	946	1	26	0
5	0.0	106	3	18	1
5	0.0	146	1	39	1
4	0.5	387	12	18	1
5	0.0	383	9	26	1
4	0.0	361	1	2	1
4	0.0	194	32	218	1
4	0.6666666666666666	1343	8	40	1
5	0.0	264	2	2	1
1	0.0	463	1	12	0
5	0.75	119	15	26	1
5	0.3333333333333333	463	25	1	1
1	0.2	886	5	6	0
5	0.0	357	12	25	1
1	0.0	310	5	3	0
2	0.0	623	6	84	0
4	0.6666666666666666	210	4	67	1
3	0.0	187	3	6	0
2	0.5	135	12	61	0
5	0.25	231	1	4	1
5	0.5	259	17	178	1
4	0.5	393	1	2	1
1	0.0	274	25	170	0
5	0.6666666666666666	184	3	4	1
5	0.0	209	27	170	1
5	0.0	123	1	75	1
5	0.0	741	3	74	1
3	0.0	398	6	6	0
4	0.6666666666666666	421	8	16	1
5	0.5	146	1	15	1
5	0.0	247	4	632	1
4	0.0	739	1	23	1
5	0.0	692	8	178	1
5	0.0	381	45	288	1
5	0.0	221	18	385	1
5	0.0	211	1	10	1
4	0.6666666666666666	642	29	28	1
5	0.0	523	12	170	1
5	0.0	238	10	564	1
5	0.0	289	10	1	1
5	0.0	136	16	6	1
5	0.0	138	2	2	1
5	0.0	244	1	9	1
5	0.0	167	7	3	1
5	0.8888888888888888	484	1	37	1
3	0.625	454	2	159	0
4	0.5	915	5	77	1
5	0.5	164	5	12	1
2	0.5	138	5	4	0
5	0.0	114	1	8	1
5	0.0	93	3	10	1
5	0.0	180	1	2	1
5	0.0	724	3	25	1
5	0.5	173	3	74	1
1	0.5	377	4	13	0
5	0.0	221	6	18	1
5	0.0	137	13	10	1
5	0.0	269	4	413	1
4	0.5	653	13	340	1
5	0.0	211	2	51	1
5	0.0	593	2	234	1
5	0.0	110	3	38	1
1	0.5	436	12	150	0
4	0.6666666666666666	909	421	5	1
5	0.0	130	6	144	1
5	0.0	178	12	170	1
5	0.0	234	2	4	1
4	0.75	487	4	171	1
5	0.0	294	12	174	1
5	0.0	253	6	424	1
5	0.0	219	3	189	1
5	0.0	157	15	49	1
5	0.5	1522	1	23	1
3	0.0	132	1	2	0
5	0.5	591	4	301	1
5	0.0	121	4	457	1
4	0.5	95	9	173	1
5	0.5	488	3	1	1
5	0.0	295	5	55	1
5	0.3333333333333333	244	2	506	1
5	0.0	848	2	15	1
5	0.3333333333333333	126	8	192	1
3	0.5	1450	124	246	0
5	0.6666666666666666	470	21	38	1
2	0.0	473	14	28	0
5	0.5	348	1	16	1
5	0.75	206	8	72	1
5	0.0	122	8	455	1
4	0.75	473	25	170	1
3	0.0	436	1	2	0
5	0.75	337	4	28	1
5	0.0	372	1	6	1
5	0.75	364	140	7	1
5	0.75	1300	3	73	1
2	0.0	938	9	4	0
5	0.0	667	10	298	1
1	0.75	294	12	5	0
5	0.0	138	1	15	1
5	0.6666666666666666	1107	1	94	1
4	0.0	586	23	126	1
4	0.3333333333333333	128	1	8	1
5	0.5	228	1	5	1
3	0.0	474	3	11	0
4	0.5	565	19	530	1
3	0.0	307	1	57	0
5	0.9	481	5	9	1
5	0.3333333333333333	610	9	6	1
5	0.0	248	1	13	1
5	0.0	171	3	21	1
1	0.0	129	4	251	0
2	0.5	390	1	150	0
4	0.0	587	18	137	1
5	0.0	210	3	14	1
5	0.5	77	4	457	1
1	0.3333333333333333	508	7	166	0
3	0.0	616	1	4	0
4	0.6666666666666666	89	2	42	1
5	0.6666666666666666	728	13	38	1
3	0.3333333333333333	1211	5	389	0
5	0.9642857142857143	253	2	182	1
1	0.8	305	17	21	0
4	0.5	219	1	1	1
5	0.6666666666666666	1024	105	1	1
5	0.0	173	4	272	1
1	0.0	157	1	8	0
1	0.7647058823529411	722	1	132	0
3	0.3333333333333333	553	15	362	0
5	0.0	329	15	80	1
5	0.0	246	7	172	1
5	0.0	100	3	5	1
5	0.8	198	7	73	1
5	0.6666666666666666	411	1	47	1
5	0.0	294	9	23	1
3	0.0	241	8	13	0
5	0.0	209	27	170	1
5	0.5	349	25	247	1
2	0.2	284	5	12	0
5	0.5	422	1	15	1
5	0.8	438	4	43	1
5	0.0	127	6	242	1
4	0.75	209	5	149	1
5	0.0	157	2	33	1
5	0.0	593	1	17	1
5	0.6666666666666666	405	4	11	1
2	0.5	474	1	4	0
5	0.75	288	84	170	1
5	0.0	104	1	16	1
4	0.5	126	4	413	1
5	0.6666666666666666	394	12	103	1
3	0.5714285714285714	434	12	3	0
5	0.6666666666666666	129	1	17	1
3	0.0	788	4	52	0
1	0.5	519	8	301	0
5	0.8333333333333334	205	8	172	1
5	0.0	189	1	79	1
4	0.0	140	9	209	1
5	0.0	168	23	487	1
5	0.0	1366	5	18	1
5	0.0	234	1	21	1
5	0.9230769230769231	222	12	11	1
2	0.0	125	49	56	0
5	0.0	126	11	56	1
5	0.0	615	1	13	1
5	0.6666666666666666	219	1	33	1
5	0.6666666666666666	650	3	3	1
5	0.8	1048	1	12	1
5	0.625	695	2	252	1
4	0.5	354	5	7	1
5	0.5882352941176471	1850	1	20	1
5	0.8	258	2	27	1
5	0.6666666666666666	139	1	19	1
3	0.5	641	3	16	0
5	0.0	573	1	2	1
5	0.5	406	1	26	1
5	0.6666666666666666	1680	4	413	1
3	0.0	577	16	246	0
5	0.0	202	1	5	1
5	0.9285714285714286	467	1	25	1
1	0.5384615384615384	426	18	80	0
5	0.8888888888888888	913	4	2	1
5	0.5	113	2	26	1
5	0.6666666666666666	249	4	47	1
3	0.3333333333333333	1336	1	252	0
5	0.6666666666666666	382	10	91	1
5	0.5	332	1	28	1
5	0.8333333333333334	400	1	34	1
5	0.0	233	1	2	1
1	0.0	230	1	3	0
5	0.0	180	4	542	1
5	0.0	149	5	324	1
4	0.6666666666666666	849	60	43	1
4	0.0	366	256	11	1
5	0.5	166	2	65	1
5	0.0	262	42	122	1
4	0.0	305	51	280	1
5	0.9166666666666666	282	4	40	1
5	0.8571428571428571	283	10	29	1
4	0.0	173	8	52	1
3	0.0	337	1	26	0
5	0.0	388	1	57	1
1	0.5	427	1	151	0
5	0.0	269	18	80	1
5	0.5	460	7	424	1
5	0.75	1026	13	219	1
5	0.0	240	2	38	1
5	0.0	640	1	128	1
4	0.0	168	1	11	1
5	0.0	369	7	6	1
5	0.0	723	1	9	1
5	0.0	538	6	57	1
4	0.875	223	3	264	1
5	0.6666666666666666	1456	1	4	1
3	0.0	662	10	212	0
5	0.0	132	1	84	1
5	0.0	505	1	136	1
5	0.9411764705882353	413	1	104	1
5	0.2	972	11	117	1
5	0.0	627	13	27	1
5	0.5	206	2	2	1
5	0.0	188	1	1	1
5	0.0	136	1	1	1
5	0.6	576	6	326	1
5	0.0	134	2	158	1
5	0.0	778	36	54	1
5	0.6666666666666666	203	1	79	1
1	0.0	1751	2	76	0
5	0.6666666666666666	352	10	173	1
5	0.0	213	1	39	1
5	0.6666666666666666	257	1	24	1
5	0.25	76	1	1	1
4	0.5	317	7	14	1
4	0.5	299	5	178	1
5	0.5	203	2	1	1
4	0.0	656	6	60	1
5	0.0	141	23	25	1
5	0.5	391	11	158	1
4	0.0	218	3	77	1
3	0.3333333333333333	290	2	11	0
5	0.0	749	7	192	1
5	0.0	233	5	542	1
5	0.5	244	1	36	1
5	0.5	119	1	19	1
5	0.0	541	53	288	1
5	0.75	433	57	6	1
5	0.5	279	46	1	1
4	0.6428571428571429	464	1	39	1
4	0.0	236	6	144	1
5	0.5	347	1	20	1
5	0.0	2321	55	117	1
5	0.0	292	9	2	1
1	0.3333333333333333	100	9	564	0
1	0.0	768	28	261	0
5	0.0	247	1	1	1
5	0.75	501	19	71	1
5	0.6666666666666666	590	2	157	1
5	0.0	378	1	11	1
5	0.0	418	201	4	1
5	0.0	612	8	385	1
5	0.6	162	31	218	1
1	0.9444444444444444	366	7	3	0
5	0.0	154	1	1	1
5	0.0	267	1	64	1
4	0.0	374	9	25	1
3	0.0	179	2	27	0
4	0.0	276	18	126	1
4	0.0	102	1	44	1
4	0.0	930	11	455	1
5	0.0	760	9	452	1
2	0.5	328	1	2	0
5	0.0	327	1	24	1
4	0.0	749	1	6	1
5	0.0	145	4	11	1
4	0.0	731	15	166	1
2	0.0	176	4	16	0
5	0.5	169	6	128	1
2	0.8979591836734694	1733	1	26	0
4	0.25	487	1	60	1
5	0.5	341	1	10	1
3	0.5	436	2	14	0
3	0.0	378	8	75	0
5	0.0	78	2	542	1
5	0.0	118	1	4	1
1	0.42857142857142855	1525	11	117	0
5	0.3333333333333333	155	3	14	1
1	0.5555555555555556	519	1	59	0
5	0.0	154	4	455	1
5	0.9	1029	1	17	1
5	0.5	164	5	12	1
1	0.0	145	1	10	0
5	0.0	407	12	29	1
5	0.0	382	2	18	1
3	0.6	445	1	52	0
5	0.3333333333333333	468	57	1	1
5	0.5	104	31	24	1
5	0.5	651	2	3	1
5	0.9333333333333333	458	3	61	1
3	0.2	143	17	105	0
3	0.5	681	34	80	0
1	0.14285714285714285	1555	4	413	0
5	0.0	264	1	11	1
4	0.5	794	1	567	1
5	0.75	703	49	7	1
5	0.0	340	13	19	1
5	0.0	135	1	2	1
5	0.0	332	1	45	1
5	0.0	151	1	1	1
5	0.0	335	16	71	1
5	0.6666666666666666	376	3	150	1
3	0.0	567	1	22	0
5	0.0	130	7	77	1
3	0.3333333333333333	720	2	35	0
3	0.0	728	6	542	0
2	0.0	373	2	4	0
4	0.6666666666666666	1655	7	2	1
5	0.5	591	1	8	1
5	0.0	196	8	52	1
3	0.6666666666666666	320	9	14	0
5	0.0	687	6	144	1
1	0.782608695652174	1672	10	130	0
5	0.0	145	1	10	1
5	0.0	146	18	149	1
5	0.0	102	1	31	1
5	0.5	679	44	246	1
5	0.3333333333333333	185	1	2	1
5	0.0	428	1	21	1
5	0.75	376	5	2	1
5	0.0	88	3	189	1
3	0.75	395	2	43	0
4	0.3333333333333333	112	5	192	1
5	0.5	357	11	101	1
1	0.0	618	4	274	0
5	0.6666666666666666	331	1	7	1
5	0.6666666666666666	116	2	10	1
5	0.8	1843	27	62	1
5	0.0	301	1	2	1
5	0.5	441	1	73	1
5	0.0	106	1	31	1
5	0.0	541	2	5	1
5	0.5	432	3	31	1
5	0.5	207	1	64	1
5	0.0	285	2	8	1
4	0.5	167	1	9	1
5	0.6666666666666666	617	13	5	1
5	0.6666666666666666	314	16	14	1
5	0.0	413	2	23	1
5	0.0	424	6	2	1
5	0.0	328	1	3	1
5	0.0	251	18	118	1
5	0.0	343	2	10	1
5	0.6666666666666666	423	12	174	1
5	0.0	154	7	127	1
5	0.0	531	9	72	1
4	0.0	186	13	21	1
4	0.0	132	11	254	1
3	0.0	324	5	77	0
2	0.3333333333333333	843	5	81	0
4	0.75	125	1	19	1
5	0.5	301	13	23	1
5	0.5	326	1	33	1
5	0.8888888888888888	199	1	52	1
1	0.6521739130434783	499	3	171	0
5	0.0	466	4	1	1
5	0.0	138	1	5	1
1	0.5	313	1	1	0
5	0.6666666666666666	403	3	389	1
1	0.16666666666666666	403	20	117	0
4	0.2	194	4	375	1
5	0.14285714285714285	133	1	2	1
5	0.3333333333333333	450	1	277	1
4	0.6666666666666666	435	22	15	1
5	0.5	643	1	23	1
3	0.6666666666666666	244	4	632	0
5	0.0	459	1	62	1
5	0.0	194	4	28	1
5	0.0	244	1	13	1
1	0.3333333333333333	223	25	170	0
4	0.5	688	1	20	1
5	0.0	205	1	107	1
3	0.0	327	4	113	0
5	0.5	229	33	27	1
2	0.3333333333333333	282	7	2	0
5	0.6666666666666666	374	1	67	1
5	0.8	391	38	16	1
4	0.0	585	1	27	1
5	0.0	170	20	21	1
5	0.0	324	2	39	1
1	0.0	963	1	11	0
5	0.0	393	5	38	1
2	0.3333333333333333	338	1	1	0
5	0.5	109	4	92	1
4	0.0	104	1	11	1
4	0.5	645	1	6	1
3	0.5	212	2	2	0
5	0.5	209	12	9	1
3	0.6	532	1	21	0
3	0.0	103	6	21	0
5	0.8333333333333334	394	1	9	1
5	0.6666666666666666	407	5	76	1
5	0.0	242	12	170	1
4	0.0	582	4	4	1
2	0.0	253	2	1	0
5	0.0	147	1	47	1
2	0.0	1115	30	216	0
4	0.3333333333333333	458	111	217	1
5	0.0	294	1	25	1
5	0.0	237	2	9	1
5	0.8	389	8	4	1
5	0.75	1581	1	1	1
5	0.6666666666666666	1950	52	1	1
4	0.5	517	1	343	1
5	0.9230769230769231	1112	4	30	1
5	0.0	1307	9	564	1
5	0.5	151	4	38	1
4	0.0	288	3	5	1
5	0.0	169	1	107	1
5	0.6666666666666666	330	8	3	1
1	0.0	106	2	30	0
5	0.3333333333333333	267	4	14	1
5	0.0	91	1	43	1
2	0.5	130	7	192	0
5	0.5	178	1	1	1
5	0.0	177	7	254	1
5	0.0	318	2	16	1
5	0.5	1303	4	6	1
5	0.0	582	1	2	1
5	0.0	263	10	209	1
5	0.0	554	1	3	1
4	0.5	929	2	45	1
1	0.3333333333333333	449	1	2	0
4	0.6666666666666666	286	1	18	1
5	0.0	236	1	4	1
5	0.5	307	3	9	1
4	0.0	1059	4	295	1
5	0.0	150	4	487	1
5	0.0	245	1	2	1
5	0.6666666666666666	579	149	564	1
5	0.0	436	3	57	1
2	0.0	306	27	3	0
2	0.0	336	4	12	0
5	0.0	95	1	100	1
5	0.0	153	8	385	1
5	0.0	293	4	2	1
5	0.0	640	7	4	1
3	0.3333333333333333	103	12	103	0
1	0.7142857142857143	135	2	51	0
5	0.0	603	3	20	1
3	0.0	104	15	26	0
3	0.0	105	5	12	0
2	0.6	237	2	25	0
5	0.5	445	75	81	1
4	0.0	309	4	15	1
5	0.5	250	58	2	1
2	0.0	229	2	19	0
5	0.5	762	3	1	1
4	0.8333333333333334	351	5	9	1
5	0.5	121	3	12	1
1	0.0	164	2	4	0
1	0.7804878048780488	177	1	9	0
1	0.0	242	1	19	0
5	0.0	248	1	288	1
4	0.6666666666666666	2572	37	45	1
4	0.0	400	1	15	1
5	0.5	118	2	3	1
5	0.8	1010	4	159	1
5	0.0	409	1	10	1
5	0.0	502	14	218	1
5	0.0	1069	4	176	1
5	0.0	168	1	10	1
5	0.0	88	1	47	1
5	0.0	141	9	385	1
5	0.5	104	2	251	1
5	0.0	108	9	172	1
4	0.0	1225	7	52	1
5	0.0	347	7	137	1
5	0.0	2468	5	10	1
5	0.8571428571428571	451	1	17	1
3	0.75	214	1	9	0
5	0.4	106	1	5	1
5	0.0	149	6	254	1
3	0.3333333333333333	1944	14	3	0
5	0.5	562	2	27	1
4	0.9	1233	1	5	1
5	0.0	466	1	44	1
1	0.0	101	3	310	0
5	0.875	850	3	4	1
5	0.5	353	26	170	1
4	0.8	257	1	16	1
5	0.0	273	7	424	1
5	0.0	141	1	30	1
1	0.6	467	8	3	0
5	0.0	131	3	92	1
5	0.0	181	2	3	1
5	0.0	657	10	50	1
5	0.0	821	2	276	1
5	0.5	308	8	3	1
5	0.0	1149	12	54	1
5	0.6666666666666666	190	7	4	1
5	0.75	245	8	16	1
5	0.0	123	2	21	1
4	0.0	299	1	6	1
5	0.0	179	2	3	1
5	0.5	721	5	15	1
5	0.3333333333333333	570	2	16	1
1	0.5	390	26	157	0
5	0.0	155	2	17	1
5	0.0	468	1	2	1
3	0.0	298	1	5	0
5	0.0	684	5	3	1
2	0.0	458	1	3	0
5	0.0	417	1	14	1
1	0.3333333333333333	256	2	18	0
2	0.5	2150	12	170	0
4	0.0	202	1	1	1
3	0.3333333333333333	240	11	1	0
4	0.0	114	10	455	1
2	0.5	761	4	10	0
5	0.5	1145	15	30	1
5	0.0	132	1	4	1
5	0.0	284	16	174	1
5	0.0	238	1	13	1
5	0.0	629	3	17	1
5	0.0	154	14	66	1
5	0.0	384	12	128	1
5	0.5	394	5	301	1
3	0.0	598	1	19	0
5	0.0	439	30	242	1
3	0.25	1073	1	86	0
5	0.8333333333333334	594	27	103	1
3	0.5	104	2	24	0
3	0.0	1540	2	260	0
1	0.0	457	20	13	0
5	0.5	210	1	57	1
4	0.0	1475	1	30	1
3	0.0	144	1	77	0
4	0.6666666666666666	174	2	14	1
5	0.0	189	5	332	1
5	0.0	141	3	21	1
4	0.5	136	14	7	1
2	0.3333333333333333	501	1	72	0
5	0.5	300	2	212	1
5	0.0	556	4	90	1
5	0.5	171	9	385	1
5	0.0	251	8	130	1
5	0.0	502	14	217	1
5	0.0	153	2	14	1
1	0.5	198	9	1	0
3	0.3333333333333333	487	3	12	0
5	0.0	242	10	12	1
1	0.0	368	3	387	0
1	0.5	400	2	30	0
1	0.0	138	1	198	0
5	0.0	243	3	69	1
4	0.5	272	59	90	1
5	0.0	156	6	117	1
5	0.5	771	3	16	1
5	0.3333333333333333	789	6	1	1
5	0.0	349	1	136	1
5	0.0	207	1	75	1
5	0.0	96	9	564	1
5	0.0	636	49	67	1
5	0.5	191	1	8	1
5	0.0	187	9	116	1
5	0.0	192	2	114	1
2	0.0	137	1	5	0
5	0.0	139	6	8	1
5	0.0	362	1	3	1
1	0.8	2218	106	2	0
5	0.0	497	1	28	1
2	0.9	778	8	1	0
5	0.0	319	4	46	1
5	0.75	104	4	12	1
1	0.0	271	1	7	0
5	0.0	185	7	69	1
5	0.0	130	5	320	1
5	0.75	513	8	28	1
5	0.5	317	1	2	1
5	0.0	426	1	4	1
5	0.5	337	8	88	1
1	0.0	163	2	4	0
2	0.8461538461538461	564	4	5	0
5	0.0	105	6	242	1
5	0.0	465	7	50	1
5	0.5	242	1	51	1
2	0.0	346	6	47	0
1	0.8461538461538461	808	1	159	0
3	0.6666666666666666	642	18	15	0
5	0.0	662	5	105	1
5	0.5	674	7	119	1
5	0.0	154	1	172	1
5	0.0	713	1	17	1
1	0.0	209	1	4	0
5	0.0	175	1	623	1
5	0.5	97	13	174	1
4	0.0	340	7	269	1
4	0.6666666666666666	1125	421	413	1
5	0.6666666666666666	494	13	158	1
5	0.5	128	1	16	1
4	0.0	523	3	267	1
5	0.0	73	4	95	1
5	0.0	498	17	2	1
5	0.0	1242	11	125	1
5	0.0	118	13	117	1
5	0.0	161	1	1	1
5	0.25	118	4	542	1
4	0.5	307	4	58	1
5	0.5	264	4	4	1
5	0.0	130	15	36	1
5	0.0	141	9	385	1
5	0.0	314	1	15	1
2	0.5	143	2	73	0
5	0.0	205	6	148	1
4	0.0	119	8	324	1
5	0.6666666666666666	773	1	25	1
4	0.0	106	3	25	1
5	0.0	424	2	1	1
5	0.0	118	44	137	1
5	0.0	1329	1	7	1
5	0.5	567	15	16	1
1	0.0	235	4	9	0
5	0.0	107	3	389	1
5	0.75	116	2	13	1
2	0.75	201	8	24	0
5	0.0	888	15	564	1
4	0.0	363	17	487	1
5	0.5	290	1	9	1
5	0.0	395	1	1	1
4	0.0	1616	13	38	1
5	0.0	468	4	389	1
5	0.0	130	17	59	1
5	0.0	186	3	13	1
4	0.6	411	1	35	1
5	0.0	444	1	25	1
2	0.0	748	110	40	0
5	0.0	120	6	16	1
5	0.0	126	22	71	1
4	0.0	820	7	80	1
5	0.0	109	2	5	1
5	0.0	101	5	33	1
5	0.6666666666666666	608	5	159	1
5	0.0	186	2	10	1
5	0.0	134	5	202	1
5	0.0	364	1	37	1
1	0.5	318	8	385	0
5	0.0	689	4	455	1
5	0.6666666666666666	295	1	7	1
5	0.0	155	1	33	1
5	0.0	531	1	1	1
5	0.0	388	1	12	1
4	0.0	710	57	134	1
4	0.6666666666666666	402	1	7	1
5	0.5	373	18	66	1
5	0.0	156	80	54	1
3	0.3333333333333333	255	1	119	0
5	0.5	157	1	3	1
5	0.75	919	1	34	1
5	0.9090909090909091	423	12	8	1
4	0.0	848	35	54	1
1	0.0	277	3	25	0
5	0.0	98	5	55	1
4	0.6666666666666666	302	1	8	1
5	0.5	124	4	4	1
5	0.0	668	4	455	1
5	0.0	150	1	3	1
5	0.5	147	1	15	1
5	0.5	75	12	147	1
5	0.5	707	68	5	1
5	0.5	617	1	2	1
5	0.8	327	6	47	1
3	0.0	201	9	455	0
5	0.5	519	4	13	1
5	0.0	581	2	159	1
5	0.0	427	10	57	1
5	0.0	125	2	4	1
2	0.0	446	18	1	0
5	0.4	374	3	530	1
5	0.0	209	4	413	1
4	0.0	591	5	122	1
5	0.6666666666666666	180	94	4	1
5	0.0	153	162	5	1
5	0.9166666666666666	248	11	112	1
3	0.0	290	1	99	0
5	0.0	378	48	2	1
5	0.5	523	1	4	1
5	0.0	238	1	7	1
3	0.0	126	2	61	0
5	0.0	1066	17	530	1
4	0.0	221	1	110	1
5	0.6666666666666666	171	12	158	1
5	0.6666666666666666	524	6	50	1
5	0.0	929	3	15	1
1	0.0	201	1	2	0
5	0.0	141	12	74	1
5	0.8	273	1	5	1
5	0.6666666666666666	151	6	23	1
4	0.3333333333333333	630	10	219	1
5	0.5	293	9	25	1
5	0.0	1931	5	8	1
4	0.0	640	7	2	1
3	0.0	223	1	1	0
4	0.0	124	70	1	1
4	0.0	130	1	3	1
5	0.0	110	3	1	1
1	0.3333333333333333	390	1	26	0
5	0.0	132	5	14	1
4	0.0	1219	4	343	1
4	0.0	229	4	11	1
5	0.5	1169	8	10	1
5	0.5	101	1	1	1
5	0.5	94	8	385	1
3	0.0	455	15	347	0
2	0.5	1231	1	1	0
5	0.0	515	55	168	1
5	0.5	206	2	6	1
4	0.0	685	57	174	1
5	0.5	167	29	66	1
5	0.0	195	1	1	1
5	0.5	524	2	7	1
5	0.5	328	57	147	1
5	0.0	191	17	218	1
5	0.0	310	12	165	1
3	0.5	211	6	192	0
5	0.0	156	13	455	1
4	0.25	102	1	61	1
2	0.5	280	4	330	0
5	0.3333333333333333	477	1	28	1
5	0.0	388	4	387	1
4	0.0	1117	24	168	1
5	0.0	556	10	67	1
5	0.3333333333333333	125	1	26	1
5	0.0	811	4	413	1
4	0.6666666666666666	300	9	51	1
1	0.3333333333333333	451	1	34	0
5	0.6666666666666666	118	10	219	1
5	0.0	582	7	1	1
5	0.5	842	58	21	1
5	0.0	3192	1	48	1
5	0.9090909090909091	158	1	29	1
5	0.0	511	2	114	1
5	0.0	182	2	15	1
5	0.0	206	4	1	1
5	0.0	233	14	564	1
5	0.5	1240	1	48	1
1	0.0	287	1	158	0
2	0.0	225	5	32	0
5	0.0	2063	95	2	1
1	0.06666666666666667	321	6	67	0
5	0.75	233	3	34	1
4	0.6666666666666666	336	1	14	1
4	0.25	601	18	288	1
5	0.0	299	3	137	1
5	0.0	1277	365	33	1
2	0.8333333333333334	265	8	16	0
5	0.0	223	1	43	1
3	0.0	395	1	9	0
3	0.0	256	10	60	0
3	0.0	431	1	623	0
3	0.0	803	10	244	0
5	0.0	179	1	95	1
5	0.0	513	5	219	1
5	0.5	298	1	5	1
1	0.0	111	1	2	0
4	0.7142857142857143	174	1	4	1
5	0.0	155	1	15	1
2	0.0	1017	32	464	0
2	0.2857142857142857	1018	4	137	0
5	0.3333333333333333	270	1	8	1
5	0.0	125	2	19	1
5	0.0	645	34	19	1
5	0.0	128	5	324	1
5	0.6666666666666666	252	1	5	1
4	0.0	132	1	5	1
4	0.0	526	448	122	1
5	0.75	862	15	7	1
5	0.0	203	9	455	1
5	0.0	127	2	5	1
5	0.0	199	1	13	1
5	0.5	139	1	11	1
5	0.6666666666666666	884	5	44	1
5	0.0	87	21	27	1
5	0.0	164	1	5	1
3	0.5	1817	10	246	0
3	0.0	480	8	284	0
5	0.0	119	1	26	1
3	0.0	410	19	13	0
1	0.0	294	6	261	0
5	0.5	537	16	170	1
5	0.0	118	1	5	1
1	0.0	533	28	101	0
5	0.0	459	1	104	1
5	0.0	181	1	77	1
5	0.0	138	1	623	1
5	0.0	112	1	7	1
5	0.0	276	22	159	1
5	0.0	130	8	116	1
5	0.3333333333333333	815	1	109	1
5	0.0	362	1	9	1
3	0.3333333333333333	91	3	257	0
5	0.8	174	2	20	1
4	0.0	763	54	176	1
5	0.6666666666666666	844	12	158	1
4	0.5	781	7	206	1
4	0.5	202	1	16	1
5	0.5714285714285714	702	1	14	1
5	0.5	502	1	6	1
4	0.0	422	1	5	1
5	0.0	166	1	41	1
4	0.5	437	1	208	1
5	0.0	170	3	2	1
3	0.0	255	7	205	0
5	0.5	404	3	103	1
5	0.4	74	3	3	1
4	0.0	149	1	198	1
2	0.625	402	2	53	0
5	0.0	137	2	6	1
5	0.0	332	1	10	1
4	0.5	107	20	27	1
1	0.0	406	1	1	0
4	0.8	170	24	6	1
4	0.5	1513	4	11	1
3	0.0	333	4	48	0
5	0.5	825	6	72	1
5	0.0	115	7	26	1
5	0.0	340	8	379	1
4	0.5	440	1	26	1
5	0.7	476	14	218	1
5	0.6666666666666666	365	1	9	1
5	0.0	254	14	121	1
4	0.0	178	1	17	1
1	0.06666666666666667	252	1	2	0
5	0.5	323	16	174	1
4	0.0	215	7	32	1
5	0.0	283	2	36	1
2	0.3333333333333333	1387	37	295	0
5	0.0	458	389	2	1
4	0.5	94	1	3	1
5	0.9090909090909091	286	1	65	1
2	0.3333333333333333	486	83	280	0
4	0.8888888888888888	285	10	91	1
4	0.75	170	1	2	1
5	0.6666666666666666	311	8	95	1
4	0.6666666666666666	144	1	5	1
5	0.0	267	7	242	1
5	0.0	209	14	9	1
5	0.0	172	3	10	1
5	0.0	104	2	84	1
3	0.75	432	5	2	0
5	0.6666666666666666	228	99	5	1
1	0.75	350	1	19	0
5	0.0	591	10	246	1
5	0.5	93	2	2	1
3	0.2	577	2	8	0
1	0.3333333333333333	185	11	251	0
1	0.3333333333333333	250	8	114	0
5	0.6666666666666666	119	9	455	1
5	0.0	123	4	9	1
5	0.3333333333333333	498	27	292	1
5	0.0	209	15	126	1
1	0.0	422	2	2	0
5	0.5	180	2	3	1
5	0.0	840	9	17	1
5	0.7142857142857143	975	83	12	1
5	0.0	343	12	174	1
2	0.0	110	2	47	0
5	0.6666666666666666	158	5	38	1
5	0.0	319	1	21	1
4	0.0	550	21	37	1
5	0.8	342	2	2	1
3	0.0	522	24	455	0
5	0.6666666666666666	294	1	4	1
5	0.75	207	3	4	1
5	0.0	158	5	46	1
5	0.0	167	1	1	1
1	0.6	111	20	27	0
4	0.3333333333333333	683	19	488	1
4	0.0	222	9	455	1
5	0.6666666666666666	213	9	28	1
5	0.6666666666666666	148	3	13	1
2	0.0	178	1	113	0
5	0.875	316	1	15	1
4	0.0	237	4	632	1
5	0.0	245	16	21	1
5	0.0	115	13	1	1
2	0.7631578947368421	447	6	66	0
5	0.0	709	1	82	1
5	0.0	638	1	31	1
5	0.5	170	11	1	1
5	0.8	174	13	94	1
5	0.0	590	1	2	1
4	0.5	699	6	22	1
5	0.9090909090909091	288	2	84	1
5	0.0	230	1	30	1
5	0.0	131	1	50	1
5	0.0	701	1	129	1
5	0.0	943	18	1	1
5	0.0	112	44	121	1
5	0.5	120	4	9	1
5	0.0	143	14	116	1
4	0.0	849	24	14	1
4	0.0	262	2	26	1
4	0.5	387	1	36	1
5	0.5	122	15	8	1
2	0.5	362	1	104	0
2	0.5	219	2	15	0
1	0.0	183	3	118	0
5	0.8	148	3	10	1
4	0.0	387	19	104	1
3	0.0	271	3	16	0
2	0.0	442	8	118	0
5	0.5	373	5	324	1
5	0.0	155	8	209	1
5	0.0	332	14	3	1
5	0.8181818181818182	142	15	26	1
5	0.5	157	6	242	1
5	0.6666666666666666	1968	172	158	1
5	0.0	363	10	107	1
5	0.0	137	2	125	1
5	0.75	263	9	564	1
4	0.0	538	38	13	1
5	0.6666666666666666	234	1	251	1
2	0.8888888888888888	405	21	3	0
4	0.0	410	1	2	1
5	0.6	373	9	159	1
5	0.0	129	1	14	1
1	0.0	348	1	5	0
5	0.5	359	9	173	1
4	0.0	232	4	387	1
4	0.6666666666666666	422	1	7	1
5	0.0	96	3	10	1
5	0.0	232	1	28	1
5	0.0	333	15	206	1
5	0.5	379	3	6	1
3	0.0	620	5	274	0
1	0.0	239	3	26	0
1	0.42857142857142855	252	9	173	0
5	0.0	325	9	424	1
4	0.3333333333333333	325	32	162	1
5	0.5	118	2	6	1
5	0.9230769230769231	432	2	165	1
5	0.7777777777777778	383	2	19	1
5	0.6666666666666666	231	10	41	1
5	0.75	386	2	9	1
4	0.0	135	4	457	1
5	0.0	149	1	25	1
3	0.0	949	9	224	0
5	0.0	288	4	5	1
5	0.9	283	1	65	1
5	0.5	131	20	178	1
4	0.5	189	11	137	1
4	0.6666666666666666	1115	3	5	1
5	0.0	66	6	457	1
5	0.0	351	1	46	1
4	0.0	135	18	632	1
5	0.0	195	1	326	1
5	0.0	762	14	464	1
4	0.0	147	1	8	1
5	0.5	314	5	76	1
4	0.6	3362	6	23	1
5	0.8	639	1	2	1
5	0.0	324	3	43	1
1	0.5	338	16	292	0
5	0.4	361	3	11	1
4	0.3333333333333333	360	2	30	1
5	0.7142857142857143	3140	42	158	1
5	0.0	93	2	93	1
3	0.0	368	4	224	0
5	0.0	114	9	455	1
2	0.8333333333333334	131	4	457	0
4	0.6666666666666666	695	22	27	1
5	0.0	236	15	294	1
5	0.0	237	1	220	1
5	0.0	311	8	22	1
5	0.0	128	1	48	1
5	0.0	322	2	46	1
1	0.5	557	7	13	0
3	0.5	721	1	4	0
5	0.0	137	4	632	1
5	0.0	111	8	44	1
5	0.0	471	1	15	1
5	0.0	682	32	106	1
5	0.0	487	26	632	1
4	0.0	99	1	26	1
5	0.0	113	8	385	1
4	0.0	368	15	284	1
2	0.0	182	6	116	0
5	0.9090909090909091	507	1	34	1
1	0.0	149	5	46	0
4	0.5	932	25	93	1
4	0.0	336	14	564	1
1	0.6666666666666666	367	54	28	0
5	0.0	252	7	254	1
5	0.75	416	2	8	1
5	0.3333333333333333	188	2	54	1
1	0.3333333333333333	508	1	56	0
5	0.0	91	7	202	1
3	0.8333333333333334	1283	1	15	0
4	0.8333333333333334	309	4	20	1
5	0.7142857142857143	165	9	19	1
5	0.0	159	1	11	1
5	0.0	218	1	251	1
5	0.6666666666666666	177	1	5	1
5	0.5	135	1	3	1
5	0.0	1860	34	288	1
5	0.0	421	1	6	1
1	0.16666666666666666	243	3	7	0
5	0.8	266	1	32	1
5	0.5	525	17	80	1
5	0.0	581	9	63	1
4	0.0	131	8	254	1
5	0.0	292	1	188	1
5	0.8	626	12	192	1
5	0.0	111	1	46	1
5	0.0	144	1	1	1
5	0.0	454	9	330	1
4	0.0	686	5	70	1
5	0.0	103	1	4	1
5	0.0	139	3	26	1
5	0.75	341	1	6	1
5	0.0	283	3	107	1
5	0.6666666666666666	342	2	23	1
3	0.875	732	6	77	0
5	0.7142857142857143	523	1	8	1
5	0.0	189	2	251	1
5	0.0	296	5	15	1
1	0.0	273	8	385	0
1	0.631578947368421	555	8	3	0
5	0.5	145	4	340	1
5	0.8333333333333334	594	12	32	1
5	0.0	1791	2	4	1
5	0.5	124	1	4	1
5	0.5	127	4	4	1
5	0.5	262	6	4	1
5	0.0	315	12	170	1
5	0.0	124	3	45	1
5	0.5	337	54	564	1
5	0.0	309	5	2	1
4	0.6666666666666666	250	16	94	1
5	0.0	266	43	104	1
5	0.0	431	1	22	1
5	0.0	202	6	3	1
5	0.6666666666666666	2889	1	92	1
4	0.0	292	1	3	1
5	0.0	1149	19	94	1
5	0.8	207	3	12	1
5	0.0	297	14	218	1
5	0.0	764	22	251	1
5	0.3333333333333333	298	2	36	1
4	0.5	589	19	295	1
4	0.8	462	4	22	1
5	0.0	328	1	215	1
5	0.5	257	1	12	1
5	0.6666666666666666	287	22	11	1
5	0.0	139	4	2	1
4	0.5	123	1	34	1
5	0.0	241	1	37	1
3	0.0	485	1	87	0
5	0.3333333333333333	103	2	1	1
5	0.8571428571428571	695	3	238	1
5	0.3333333333333333	283	8	269	1
5	0.5	356	46	1	1
4	0.0	143	1	8	1
3	0.0	103	39	69	0
5	0.9090909090909091	1536	9	5	1
5	0.0	362	9	173	1
5	0.0	423	2	1	1
4	0.0	528	1	20	1
2	0.5	488	19	10	0
5	0.0	148	6	124	1
5	0.3333333333333333	361	1	2	1
4	0.5	185	5	157	1
5	0.5	198	2	28	1
5	0.6666666666666666	228	31	60	1
5	0.6666666666666666	342	1	44	1
5	0.0	305	1	51	1
5	0.0	1202	6	282	1
5	0.75	865	12	127	1
1	0.0	230	8	31	0
4	0.5	187	1	18	1
5	0.5	261	1	15	1
5	0.5	149	1	320	1
4	0.0	153	12	254	1
5	0.0	291	26	11	1
5	0.0	472	7	193	1
5	0.0	128	1	5	1
5	0.75	995	8	192	1
5	0.0	202	4	13	1
4	0.6666666666666666	516	10	219	1
5	0.0	1259	17	236	1
5	0.0	77	4	93	1
4	0.0	219	1	31	1
5	0.6666666666666666	314	1	56	1
5	0.75	186	18	101	1
5	0.0	170	11	127	1
5	0.5	712	26	6	1
4	0.5	358	118	186	1
5	0.0	268	1	97	1
5	0.6666666666666666	462	7	269	1
5	0.0	837	12	170	1
5	0.0	556	1	15	1
5	0.0	111	2	292	1
1	0.5882352941176471	474	5	4	0
1	0.6	3793	8	130	0
5	0.5	2025	24	564	1
5	0.9090909090909091	1675	2	234	1
5	0.8571428571428571	311	1	8	1
5	0.0	303	6	30	1
3	0.7142857142857143	828	9	14	0
2	0.5	642	11	17	0
5	0.0	879	21	97	1
5	0.0	399	1	31	1
5	0.0	225	1	104	1
5	0.9473684210526315	1774	20	295	1
5	0.0	127	2	1	1
4	0.7272727272727273	1769	9	195	1
5	0.9166666666666666	421	1	39	1
5	0.0	194	2	71	1
4	0.8333333333333334	758	4	131	1
4	0.0	858	21	104	1
3	0.0	349	2	13	0
4	0.0	272	1	623	1
4	0.0	221	48	67	1
5	0.5	579	4	5	1
5	0.0	260	11	632	1
5	0.8333333333333334	87	6	3	1
5	0.5	369	1	5	1
5	0.75	176	6	67	1
5	0.0	375	6	81	1
5	0.0	227	2	1	1
5	0.5	283	1	86	1
5	0.5	435	1	41	1
5	0.0	704	2	1	1
3	0.0	550	2	16	0
1	0.0	814	1	111	0
3	0.0	347	4	1	0
5	0.0	215	58	3	1
1	0.75	1560	8	118	0
5	0.0	115	8	118	1
5	0.0	194	2	2	1
4	0.5	208	1	2	1
5	0.0	225	4	58	1
5	0.5	1016	2	356	1
5	0.5	157	85	25	1
5	0.0	287	6	13	1
4	0.0	145	1	9	1
5	0.3333333333333333	262	6	84	1
3	0.4	1528	13	23	0
5	0.0	108	1	3	1
5	0.0	346	13	26	1
5	0.0	306	4	63	1
4	0.0	465	5	144	1
3	0.0	489	4	457	0
5	0.6666666666666666	172	1	80	1
4	0.5	401	1	8	1
5	0.0	397	8	385	1
4	0.0	122	1	1	1
5	0.0	170	4	64	1
1	0.9642857142857143	303	1	7	0
4	0.2	268	7	31	1
5	0.6666666666666666	218	5	178	1
5	0.9	1319	1	6	1
5	0.0	128	1	9	1
5	0.6666666666666666	807	1	49	1
5	0.5	841	2	303	1
5	0.0	123	15	9	1
2	0.3333333333333333	631	2	7	0
5	0.5	526	1	35	1
2	0.625	1097	1	97	0
2	0.75	336	1	4	0
5	0.0	237	2	122	1
2	0.5	978	11	158	0
4	0.0	95	1	913	1
5	0.0	189	10	564	1
5	0.5	923	77	122	1
5	0.5	175	11	6	1
1	0.0	1163	23	127	0
1	0.25	387	7	206	0
4	0.5	699	4	35	1
3	0.3333333333333333	490	18	166	0
1	0.5	212	3	3	0
2	0.3333333333333333	960	3	70	0
5	0.0	149	1	41	1
3	0.6666666666666666	214	1	66	0
5	0.0	182	2	542	1
5	0.5	127	35	1	1
5	0.8333333333333334	337	2	52	1
5	0.0	152	3	16	1
5	0.0	273	2	26	1
5	0.0	1354	4	11	1
5	0.0	110	5	61	1
5	0.0	169	1	49	1
5	0.3333333333333333	217	1	26	1
4	0.8	340	3	10	1
5	0.6	99	1	27	1
1	0.6	339	2	7	0
5	0.0	265	66	1	1
5	0.0	161	42	387	1
4	0.0	898	6	7	1
5	0.0	730	5	76	1
3	0.5	863	1	13	0
5	0.0	236	1	913	1
5	0.5	493	17	23	1
5	0.0	145	4	542	1
5	0.5	277	8	147	1
5	0.5	663	16	4	1
5	0.3333333333333333	928	47	1	1
5	0.8888888888888888	215	1	7	1
5	0.0	350	1	1	1
1	0.6666666666666666	511	6	74	0
5	0.0	177	15	57	1
5	0.75	703	1	6	1
5	0.0	296	4	387	1
2	0.0	473	2	556	0
5	0.8888888888888888	1093	1	50	1
5	0.9333333333333333	1104	5	257	1
5	0.5	120	1	46	1
5	0.0	870	3	2	1
5	0.5	259	7	60	1
3	0.75	236	1	2	0
5	0.5	229	114	52	1
5	0.0	222	7	269	1
1	0.4	211	2	3	0
5	0.5	308	6	264	1
5	0.875	257	1	12	1
5	0.0	647	9	52	1
4	0.75	173	1	4	1
5	0.3333333333333333	153	23	21	1
5	0.0	402	1	17	1
5	0.5	626	155	39	1
5	0.9333333333333333	626	5	5	1
5	0.8571428571428571	788	1	33	1
1	0.5	1477	5	186	0
5	0.0	132	9	455	1
5	0.5	142	3	14	1
5	0.0	292	4	67	1
5	0.0	356	4	251	1
5	0.0	256	1	25	1
5	0.0	162	4	8	1
2	0.0	276	1	30	0
5	0.0	410	1	542	1
4	0.0	423	1	341	1
5	0.6666666666666666	422	16	4	1
1	0.14285714285714285	117	11	254	0
5	0.5	846	140	51	1
5	0.0	409	12	176	1
5	0.875	102	37	75	1
5	0.5	547	43	3	1
5	0.0	187	4	21	1
5	0.0	159	16	195	1
5	0.5	131	2	3	1
5	0.0	1084	10	97	1
5	0.0	120	1	5	1
2	0.3333333333333333	273	6	254	0
4	0.0	86	7	159	1
5	0.0	360	12	170	1
5	0.0	335	2	16	1
5	0.0	462	12	3	1
5	0.0	194	1	21	1
3	0.0	227	1	1	0
4	0.0	166	5	73	1
4	0.5	159	28	126	1
5	0.3333333333333333	170	50	1	1
5	0.0	123	1	53	1
5	0.0	175	9	385	1
5	0.0	140	13	94	1
5	0.0	273	57	2	1
3	0.3333333333333333	647	2	556	0
5	0.6666666666666666	758	45	9	1
5	0.8333333333333334	283	1	5	1
5	0.5	663	2	3	1
4	0.0	419	1	18	1
5	0.0	88	1	57	1
5	0.8571428571428571	318	1	15	1
5	0.5	880	1	16	1
4	0.9651162790697675	1679	45	57	1
4	0.0	248	15	296	1
5	0.3333333333333333	174	1	64	1
3	0.0	195	2	45	0
5	0.0	113	1	305	1
3	0.0	159	10	114	0
5	0.5	903	4	320	1
5	0.0	346	4	413	1
5	0.0	440	8	2	1
5	0.3333333333333333	184	8	49	1
5	0.5	249	15	7	1
3	0.5	338	26	11	0
5	0.0	814	4	632	1
1	0.0	107	2	1	0
5	0.0	293	5	159	1
5	0.0	185	1	14	1
5	0.9230769230769231	710	26	174	1
5	0.5	602	14	556	1
5	0.6666666666666666	491	2	556	1
5	0.0	498	6	542	1
5	0.5	1053	3	7	1
1	0.42857142857142855	263	15	117	0
5	0.0	209	1	196	1
5	0.0	373	4	2	1
5	0.0	558	2	116	1
5	0.0	803	2	97	1
2	0.0	1270	11	117	0
5	0.0	173	3	159	1
5	0.0	384	31	26	1
5	0.6666666666666666	191	10	101	1
5	0.0	306	12	174	1
5	0.6666666666666666	1008	20	209	1
5	0.5	169	18	117	1
3	0.5	422	12	204	0
4	0.5	313	15	90	1
4	0.0	263	19	11	1
1	0.125	243	1	32	0
5	0.0	120	2	18	1
4	0.0	250	5	46	1
4	0.6666666666666666	343	3	556	1
5	0.0	118	3	310	1
5	0.3333333333333333	298	1	147	1
5	0.0	176	5	6	1
5	0.0	270	4	4	1
5	0.0	350	8	149	1
5	0.0	120	2	20	1
5	0.0	140	2	7	1
3	0.0	105	1	6	0
2	0.8333333333333334	731	1	1	0
3	0.3333333333333333	144	28	455	0
5	0.0	251	2	24	1
5	0.75	309	3	35	1
5	0.0	340	2	2	1
5	0.8	318	1	26	1
5	0.0	126	18	8	1
5	0.0	501	6	387	1
1	0.5	469	5	202	0
4	0.0	219	4	387	1
1	0.5555555555555556	409	11	56	0
4	0.0	340	1	1	1
5	0.0	128	5	17	1
2	0.0	324	49	1	0
5	0.5	139	2	26	1
3	0.5	303	2	9	0
2	0.0	831	11	487	0
5	0.0	478	6	424	1
4	0.0	107	2	3	1
5	0.0	78	1	107	1
5	0.5	111	1	72	1
2	0.0	211	1	26	0
5	0.0	173	10	21	1
5	0.0	189	1	9	1
5	0.5	204	1	14	1
5	0.5	320	1	3	1
5	0.0	232	3	2	1
5	0.5	457	2	6	1
5	0.6666666666666666	236	2	11	1
5	0.0	471	3	19	1
4	0.5	185	4	310	1
3	0.6666666666666666	220	13	32	0
1	0.5	278	2	1	0
5	0.0	614	36	174	1
5	0.5	182	11	6	1
5	0.0	225	4	121	1
5	0.0	610	3	257	1
5	0.0	110	1	8	1
5	0.0	623	1	7	1
3	0.0	414	33	261	0
4	0.25	1788	421	15	1
5	0.0	255	9	147	1
5	0.5	116	2	1	1
5	0.0	592	3	146	1
5	0.0	334	6	22	1
5	0.5	614	4	389	1
5	0.0	158	5	183	1
1	0.391304347826087	325	1	127	0
5	0.0	285	6	4	1
5	0.5	468	10	67	1
5	0.5	168	1	5	1
5	0.3333333333333333	370	13	123	1
4	0.5	106	3	24	1
2	0.0	154	1	224	0
4	0.5	455	1	129	1
2	0.0	545	14	3	0
5	0.0	201	2	88	1
5	0.75	169	2	5	1
5	0.0	79	1	12	1
5	0.5	224	10	564	1
5	0.0	230	25	170	1
5	0.5	147	2	21	1
2	0.0	219	10	167	0
4	0.5	628	27	212	1
5	0.6666666666666666	176	1	2	1
5	0.5	561	5	4	1
5	0.5	338	3	19	1
5	0.8	434	12	94	1
5	0.5	527	2	506	1
5	0.5	123	3	310	1
4	0.0	1696	32	178	1
5	0.6666666666666666	491	8	385	1
5	0.0	220	2	15	1
5	0.0	198	1	913	1
5	0.0	310	10	542	1
5	0.7	2653	43	202	1
5	0.3333333333333333	233	1	151	1
5	0.5	141	2	4	1
5	0.5	628	1	5	1
4	0.0	250	4	387	1
5	0.3333333333333333	190	1	2	1
1	0.75	852	2	542	0
5	0.0	118	3	46	1
2	0.0	102	1	72	0
4	0.0	123	3	3	1
5	0.0	206	9	1	1
5	0.0	453	48	66	1
5	0.0	605	11	191	1
5	0.0	287	6	38	1
4	0.0	361	22	114	1
5	0.0	124	2	1	1
3	0.3333333333333333	596	1	12	0
4	0.6666666666666666	696	4	3	1
2	0.16666666666666666	110	11	117	0
5	0.0	613	23	16	1
5	0.5	479	1	17	1
3	0.0	329	5	27	0
5	0.0	196	2	154	1
5	0.5	417	6	27	1
4	0.0	116	25	170	1
5	0.6666666666666666	575	8	246	1
5	0.0	141	8	178	1
5	0.0	109	20	2	1
5	0.0	247	6	119	1
3	0.6153846153846154	785	11	155	0
5	0.0	303	15	2	1
2	0.0	300	2	335	0
5	0.0	184	1	25	1
5	0.5	291	26	8	1
5	0.3333333333333333	275	17	27	1
5	0.5	353	4	167	1
5	0.0	222	4	487	1
1	0.0	118	1	305	0
2	0.5714285714285714	237	11	117	0
5	0.5	101	4	7	1
5	0.0	178	2	2	1
1	0.0	324	3	171	0
4	0.5	915	1	56	1
3	0.0	240	4	457	0
5	0.5	582	3	17	1
5	0.0	437	2	12	1
3	0.0	149	1	52	0
4	0.0	699	3	1	1
4	0.5	343	4	20	1
1	0.42857142857142855	92	1	7	0
4	0.0	118	1	913	1
5	0.75	636	1	31	1
1	0.16666666666666666	685	3	48	0
2	0.6666666666666666	107	1	6	0
5	0.5	360	13	3	1
5	0.0	141	3	138	1
5	0.0	364	22	80	1
5	0.0	159	1	12	1
4	0.0	248	15	112	1
1	0.0	943	3	1	0
1	0.0	112	1	33	0
5	0.5	480	5	1	1
5	0.0	204	10	29	1
5	0.75	346	1	7	1
5	0.0	501	5	326	1
5	0.5	83	5	149	1
1	0.5	346	1	1	0
5	0.0	106	2	28	1
2	0.6666666666666666	179	3	12	0
5	0.9230769230769231	877	2	4	1
5	0.0	144	3	9	1
4	0.0	247	4	66	1
2	0.3333333333333333	85	12	119	0
5	0.75	390	14	2	1
4	0.0	541	3	30	1
5	0.0	100	5	57	1
5	0.8571428571428571	210	3	33	1
4	0.0	124	4	3	1
2	0.5	343	15	72	0
5	0.0	361	17	65	1
5	0.0	292	2	556	1
5	0.5	476	1	4	1
5	0.0	227	1	8	1
2	0.0	602	2	8	0
5	0.6666666666666666	155	6	147	1
3	0.0	875	63	218	0
5	0.8333333333333334	178	3	21	1
2	0.6666666666666666	267	1	28	0
5	0.6666666666666666	140	9	52	1
3	0.5	250	23	6	0
5	0.0	661	37	38	1
5	0.9333333333333333	77	1	40	1
5	0.9210526315789473	491	1	87	1
1	0.0	344	1	3	0
5	0.0	323	4	457	1
5	0.5	328	3	4	1
4	0.0	444	1	3	1
5	0.5	151	1	7	1
5	0.0	268	7	244	1
5	0.0	186	2	61	1
5	0.0	193	14	217	1
4	0.0	958	5	2	1
4	0.8	167	11	45	1
5	0.0	147	2	32	1
5	0.5384615384615384	320	24	196	1
5	0.0	112	1	10	1
5	0.6666666666666666	90	1	20	1
5	0.0	139	1	38	1
5	0.6666666666666666	214	14	94	1
1	0.5	375	4	455	0
1	0.0	1026	8	118	0
4	0.7692307692307693	391	18	36	1
5	0.0	466	37	178	1
5	0.5	745	3	27	1
4	0.3333333333333333	781	14	166	1
3	0.6923076923076923	1090	5	232	0
3	0.8	718	1	3	0
5	0.6666666666666666	212	27	2	1
5	0.6666666666666666	80	8	178	1
5	0.0	225	7	632	1
5	0.5	125	3	11	1
2	0.0	455	20	76	0
5	0.0	239	1	9	1
5	0.0	304	9	101	1
5	0.0	158	1	15	1
5	0.0	144	4	4	1
4	0.8333333333333334	1341	1	3	1
5	0.0	216	1	89	1
5	0.6666666666666666	222	19	60	1
2	0.6	1041	1	120	0
3	0.0	323	2	2	0
5	0.0	435	1	20	1
1	0.5	339	4	6	0
5	0.875	534	10	107	1
5	0.0	284	1	3	1
4	0.0	653	2	186	1
5	0.5	461	4	3	1
5	0.0	229	5	332	1
5	0.0	591	1	4	1
5	0.0	106	1	27	1
5	0.6666666666666666	202	25	170	1
5	0.0	371	1	53	1
5	0.0	566	6	71	1
3	0.36363636363636365	500	2	22	0
5	0.5	122	4	18	1
5	0.0	395	1	567	1
5	0.5	98	1	31	1
4	0.0	517	1	6	1
5	0.5	94	15	542	1
5	0.3333333333333333	396	4	491	1
5	0.2857142857142857	515	4	14	1
4	0.0	594	9	72	1
5	0.0	118	1	2	1
1	0.75	155	1	8	0
4	0.0	106	1	2	1
1	0.0	687	6	455	0
5	0.5	308	1	30	1
3	0.0	209	1	1	0
5	0.75	862	2	29	1
5	0.3333333333333333	124	14	218	1
3	0.5	670	176	126	0
3	0.0	120	2	3	0
5	0.6666666666666666	114	1	34	1
4	0.0	539	1	151	1
2	0.5833333333333334	1019	1	117	0
5	0.0	127	28	542	1
1	0.75	222	2	1	0
5	0.5	477	2	30	1
5	0.0	124	4	632	1
5	0.0	120	12	2	1
5	0.0	355	5	172	1
5	0.0	167	2	5	1
5	0.0	178	1	18	1
5	0.0	263	1	21	1
5	0.5	200	1	10	1
5	0.5	122	1	1	1
5	0.5	750	11	19	1
4	0.6666666666666666	521	3	190	1
4	0.0	288	4	413	1
5	0.0	407	4	43	1
1	0.5	148	14	217	0
5	0.0	193	8	15	1
5	0.0	538	1	7	1
5	0.0	765	7	332	1
1	0.125	1112	8	28	0
4	0.0	667	7	261	1
3	0.5	192	2	30	0
5	0.75	248	8	28	1
5	0.0	122	2	4	1
5	0.0	270	4	455	1
4	0.5	371	3	9	1
4	0.9	248	1	11	1
5	0.0	132	12	385	1
5	0.0	265	40	202	1
5	0.75	613	3	19	1
5	0.3333333333333333	236	125	209	1
5	0.5	1016	2	59	1
4	0.0	353	14	8	1
3	0.0	87	12	159	0
5	0.0	848	3	254	1
5	0.5	539	117	295	1
5	0.6666666666666666	181	3	14	1
5	0.0	553	1	1	1
5	0.6666666666666666	307	1	13	1
4	0.6666666666666666	188	1	13	1
4	0.0	149	3	47	1
4	0.0	91	10	41	1
5	0.0	1357	1	49	1
5	0.5	123	2	26	1
5	0.0	195	7	632	1
5	0.6666666666666666	249	18	4	1
2	0.0	144	9	455	0
4	0.5	187	2	10	1
5	0.5	104	25	170	1
5	0.0	238	1	85	1
5	0.0	229	1	39	1
5	0.0	621	2	122	1
2	0.7142857142857143	177	2	61	0
5	0.8	379	50	23	1
4	0.0	253	5	193	1
5	0.8571428571428571	87	10	219	1
5	0.3333333333333333	880	55	62	1
5	0.6666666666666666	131	1	1	1
5	0.0	429	1	1	1
4	0.6666666666666666	109	2	134	1
5	0.0	161	6	39	1
5	0.0	202	15	126	1
5	0.0	1325	4	1	1
5	0.0	268	16	564	1
3	0.5	353	10	219	0
5	0.0	120	12	174	1
3	0.0	318	1	8	0
5	0.0	214	1	71	1
2	0.0	463	9	78	0
5	0.0	125	1	3	1
5	0.6666666666666666	257	1	1	1
5	0.0	198	12	49	1
1	0.75	879	1	40	0
5	0.0	170	15	43	1
1	0.18181818181818182	225	7	206	0
1	0.25	136	1	5	0
4	0.5	293	5	49	1
1	0.0	703	5	6	0
5	0.5	308	14	301	1
3	0.6666666666666666	322	7	172	0
5	0.0	418	1	4	1
5	0.3333333333333333	88	3	389	1
3	0.0	109	2	4	0
2	0.0	414	42	288	0
4	0.0	244	13	170	1
5	0.6666666666666666	706	142	25	1
4	0.8235294117647058	257	1	56	1
5	0.5	118	1	3	1
5	0.0	710	2	556	1
5	0.0	134	1	1	1
5	0.9666666666666667	1008	1	53	1
4	0.5	296	1	40	1
5	0.8333333333333334	486	1	5	1
5	0.5	430	3	68	1
5	0.0	274	1	1	1
3	0.0	482	22	166	0
5	0.3333333333333333	514	13	6	1
5	0.5	261	2	26	1
1	0.14285714285714285	162	5	26	0
4	0.0	306	8	385	1
5	0.0	272	11	94	1
5	0.5	222	1	101	1
1	0.0	819	8	31	0
5	0.0	576	389	1	1
5	0.0	214	2	38	1
5	0.9	340	1	7	1
5	0.5	213	6	90	1
5	0.5	207	2	15	1
5	0.0	412	1	25	1
5	0.6666666666666666	518	4	2	1
5	0.8	1392	63	10	1
5	0.0	89	7	172	1
5	0.0	354	9	173	1
3	0.0	153	1	61	0
5	0.0	154	9	173	1
5	0.0	422	126	78	1
5	0.6666666666666666	444	1	11	1
1	0.0	103	1	25	0
5	0.0	123	4	632	1
5	0.0	1647	4	209	1
5	0.0	141	2	506	1
5	0.7692307692307693	131	8	56	1
5	0.0	268	2	232	1
5	0.875	364	1	21	1
5	0.6666666666666666	158	1	7	1
5	0.0	288	14	137	1
5	0.5	259	6	11	1
5	0.0	145	13	2	1
5	0.0	370	6	8	1
5	0.5	270	5	6	1
5	0.8888888888888888	367	2	10	1
4	0.0	408	8	166	1
1	0.7	779	3	42	0
5	0.6666666666666666	990	1	3	1
5	0.6666666666666666	147	10	151	1
4	0.6666666666666666	322	1	94	1
2	0.0	603	113	341	0
5	0.0	333	17	304	1
5	0.0	560	1	5	1
5	0.3333333333333333	203	1	26	1
1	0.5	729	1	8	0
4	0.0	182	18	105	1
4	0.0	285	9	564	1
5	0.0	262	14	67	1
5	0.8333333333333334	125	5	3	1
5	0.0	341	1	13	1
1	0.3333333333333333	402	2	30	0
5	0.5	199	2	6	1
5	0.6666666666666666	252	2	10	1
5	0.0	240	9	455	1
5	0.8333333333333334	1113	18	1	1
5	0.0	796	6	21	1
5	0.0	321	1	28	1
5	0.0	337	7	73	1
5	0.75	411	1	17	1
5	0.0	375	27	564	1
3	0.0	316	1	8	0
5	0.5	300	2	254	1
2	0.0	613	9	564	0
5	0.0	104	1	1	1
5	0.0	410	27	284	1
3	0.0	546	8	487	0
5	0.0	495	11	62	1
1	0.44	340	10	219	0
1	0.0	109	2	12	0
5	0.0	431	2	56	1
5	0.5	485	10	295	1
5	0.0	232	1	6	1
4	0.0	516	23	5	1
2	0.3333333333333333	544	13	254	0
5	0.0	265	6	144	1
5	0.0	197	3	6	1
1	0.6666666666666666	272	1	18	0
5	0.0	176	13	114	1
5	0.0	703	5	487	1
5	0.8	488	3	19	1
5	0.0	91	2	234	1
5	0.75	785	58	69	1
5	0.0	190	30	23	1
5	0.0	547	2	52	1
5	0.0	179	2	43	1
3	0.5	327	14	126	0
5	0.0	1242	55	7	1
5	0.0	163	1	11	1
4	0.0	481	1	2	1
5	0.0	195	5	144	1
5	0.0	207	1	4	1
4	0.0	185	1	35	1
5	0.6666666666666666	126	2	12	1
3	0.5	1076	12	117	0
5	0.5	455	1	26	1
5	0.5	211	11	49	1
5	0.0	168	1	1	1
4	0.0	124	2	1	1
5	0.0	361	2	3	1
5	0.0	123	1	10	1
4	0.3333333333333333	997	10	166	1
2	0.5	522	3	11	0
3	0.0	708	4	261	0
5	0.5	557	33	158	1
5	0.0	304	5	2	1
1	0.0	308	2	2	0
5	0.0	310	5	455	1
1	0.8571428571428571	1270	61	246	0
5	0.0	379	1	2	1
5	0.0	188	9	72	1
5	0.6666666666666666	247	1	3	1
1	0.3333333333333333	151	1	16	0
5	0.0	231	1	75	1
5	0.0	248	8	209	1
1	0.0	1533	96	254	0
5	0.0	178	1	320	1
1	0.5	560	3	4	0
5	0.0	484	1	57	1
5	0.0	217	2	1	1
5	0.0	885	2	24	1
5	0.0	168	5	171	1
5	0.5	107	1	12	1
1	0.0	154	5	20	0
5	0.0	237	13	64	1
3	0.3333333333333333	195	2	14	0
2	0.5555555555555556	854	3	387	0
5	0.0	589	4	632	1
1	0.0	230	1	10	0
5	0.0	149	1	6	1
5	0.0	406	28	170	1
5	0.0	246	5	340	1
2	0.2857142857142857	198	7	73	0
5	0.0	2187	2	5	1
5	0.5	290	1	3	1
2	0.42857142857142855	213	3	146	0
5	0.0	596	4	95	1
4	0.0	308	26	13	1
5	0.0	293	12	137	1
5	0.0	103	3	7	1
3	0.5	545	1	75	0
5	0.0	214	1	99	1
5	0.3333333333333333	244	2	506	1
5	0.6666666666666666	1090	9	73	1
5	0.5	401	1	3	1
4	0.75	324	2	39	1
2	0.5	616	1	61	0
5	0.0	210	1	98	1
5	0.5	118	6	17	1
5	0.0	307	1	2	1
5	0.0	195	2	16	1
4	0.0	395	1	10	1
5	0.8	99	1	10	1
4	0.6666666666666666	97	1	38	1
5	0.9615384615384616	1362	3	26	1
4	0.3333333333333333	186	6	149	1
4	0.0	184	10	75	1
5	0.5	253	6	1	1
4	0.0	217	1	224	1
5	0.0	95	3	4	1
2	0.0	127	1	7	0
4	0.5	113	2	2	1
5	0.0	575	3	163	1
5	0.0	628	1	1	1
3	0.0	77	10	246	0
4	0.8235294117647058	1751	113	14	1
5	0.5	351	28	170	1
3	0.0	418	4	3	0
5	0.0	145	11	455	1
5	0.0	190	1	3	1
5	0.0	123	2	27	1
4	0.5	560	26	112	1
5	0.0	168	2	10	1
5	0.0	390	5	178	1
5	0.5	453	2	6	1
5	0.0	289	1	20	1
5	0.6	615	114	33	1
4	0.3333333333333333	563	1	158	1
5	0.8	252	2	9	1
5	0.0	61	1	6	1
5	0.6666666666666666	303	1	15	1
4	0.8	510	9	3	1
5	0.0	431	5	457	1
5	0.0	1171	20	174	1
1	0.0	460	5	114	0
5	0.0	440	1	9	1
5	0.75	75	1	34	1
5	0.0	783	6	238	1
5	0.9166666666666666	682	7	12	1
5	0.3333333333333333	78	24	30	1
3	0.0	143	37	218	0
5	0.0	200	12	112	1
4	0.0	286	1	32	1
1	0.8	308	2	12	0
5	0.6666666666666666	478	3	6	1
5	0.5	259	4	387	1
3	0.3333333333333333	133	5	324	0
4	0.6666666666666666	799	2	139	1
5	0.75	564	25	170	1
5	0.5	639	9	1	1
4	0.0	344	6	70	1
3	0.0	620	1	84	0
5	0.0	637	7	206	1
1	0.5	821	141	107	0
5	0.0	945	4	413	1
5	0.6666666666666666	218	1	9	1
4	0.8	322	10	209	1
5	0.3333333333333333	796	6	19	1
1	0.0	214	1	16	0
5	0.0	334	6	81	1
5	0.5	642	1	40	1
5	0.5	1638	13	4	1
2	0.0	1102	9	261	0
5	0.5	122	1	7	1
4	0.7142857142857143	550	4	18	1
5	0.7857142857142857	729	1	51	1
5	0.5	535	161	224	1
5	0.0	230	2	9	1
3	0.0	233	1	15	0
5	0.0	178	2	1	1
5	0.0	312	2	57	1
5	0.5	221	3	1	1
1	0.0	249	12	455	0
3	0.0	221	1	8	0
1	0.0	143	1	2	0
5	0.5	485	5	63	1
5	0.0	262	7	7	1
3	0.0	185	21	218	0
2	0.0	285	1	5	0
5	0.6666666666666666	150	5	16	1
5	0.8333333333333334	231	3	46	1
5	0.5	145	2	114	1
4	0.0	173	14	13	1
5	0.3333333333333333	827	10	296	1
4	0.5	257	1	71	1
5	0.0	172	24	91	1
5	0.0	148	10	129	1
5	0.5	254	5	59	1
5	0.6666666666666666	346	5	159	1
4	0.75	101	3	14	1
5	0.5	628	1	10	1
5	0.5	530	43	6	1
5	0.0	332	2	276	1
3	0.5	353	10	219	0
5	0.5	191	1	1	1
5	0.5	171	1	24	1
3	0.0	97	1	6	0
5	0.4	140	7	542	1
2	0.0	475	10	91	0
5	0.0	351	5	18	1
5	0.5	468	14	50	1
5	0.0	136	1	1	1
1	0.0	137	12	103	0
5	0.0	109	9	455	1
5	0.0	252	1	2	1
4	0.7777777777777778	544	4	103	1
1	0.0	265	6	4	0
5	0.5	913	1	43	1
1	0.5	835	13	91	0
5	0.0	206	3	46	1
5	0.0	267	18	7	1
4	0.0	905	16	343	1
1	0.3333333333333333	495	1	6	0
1	0.0	416	4	1	0
5	0.6666666666666666	114	1	12	1
5	0.4	1108	4	455	1
5	0.3333333333333333	110	2	6	1
5	0.0	292	8	332	1
5	0.0	168	14	60	1
5	0.3333333333333333	1228	2	1	1
3	0.0	754	1	2	0
5	0.5	561	7	6	1
5	0.0	459	1	104	1
5	0.75	1224	10	50	1
5	0.5	724	20	1	1
5	0.0	126	1	4	1
4	0.0	239	7	267	1
5	0.0	188	1	2	1
5	0.875	423	2	28	1
5	0.0	141	2	2	1
4	0.0	122	1	1	1
5	0.0	246	1	24	1
5	0.0	520	21	81	1
4	0.0	730	52	95	1
5	0.0	184	40	4	1
3	0.0	594	1	14	0
1	0.09090909090909091	666	7	424	0
4	0.75	530	1	15	1
4	0.6666666666666666	477	6	274	1
5	0.0	147	1	5	1
4	0.0	1534	27	347	1
5	0.0	185	5	5	1
2	0.5	1309	141	506	0
1	0.6666666666666666	421	8	54	0
5	0.0	385	1	4	1
1	0.2222222222222222	576	2	50	0
5	0.0	386	2	38	1
5	0.5	434	1	29	1
3	0.0	572	3	177	0
5	0.0	436	1	5	1
5	0.0	3203	204	62	1
2	0.0	557	12	11	0
5	0.0	131	17	126	1
4	0.5	210	3	39	1
4	0.0	433	1	3	1
5	0.5	119	8	4	1
4	0.9166666666666666	129	1	9	1
5	0.0	156	6	48	1
5	0.0	378	1	76	1
5	0.0	439	8	6	1
4	0.0	112	162	217	1
4	0.0	134	6	22	1
5	0.5	498	1	1	1
5	0.5	918	1	13	1
5	0.0	130	6	110	1
5	0.0	1048	5	86	1
2	0.5	79	2	50	0
5	0.0	94	1	8	1
5	0.0	257	1	122	1
1	0.3333333333333333	613	1	18	0
4	0.5	331	9	37	1
5	0.9	385	1	15	1
4	0.5	518	2	4	1
5	0.8571428571428571	1891	52	5	1
5	0.6666666666666666	953	44	5	1
5	0.0	220	2	2	1
5	0.0	294	9	298	1
3	0.0	293	7	48	0
1	0.9523809523809523	1368	5	202	0
2	0.0	414	5	7	0
4	0.0	891	1	44	1
5	0.5	1071	57	172	1
1	0.0	1024	1	66	0
3	0.0	587	40	13	0
1	0.25	476	5	5	0
5	0.8333333333333334	602	14	13	1
4	0.2	143	2	20	1
5	0.75	347	10	219	1
5	0.0	186	5	146	1
1	0.3333333333333333	223	11	117	0
5	0.0	147	1	45	1
2	0.0	148	1	17	0
3	0.6666666666666666	125	15	192	0
5	0.5	570	3	17	1
5	0.0	392	3	5	1
4	0.5	100	1	154	1
5	0.0	346	5	5	1
5	0.0	82	1	13	1
5	0.6666666666666666	924	1	6	1
5	0.6666666666666666	190	1	2	1
5	0.6666666666666666	289	5	324	1
4	0.0	982	3	296	1
5	0.0	335	10	219	1
1	0.1	404	1	8	0
5	0.5	271	1	158	1
5	0.0	475	2	12	1
5	0.0	203	1	4	1
5	0.0	137	1	3	1
1	0.5	318	8	385	0
5	0.0	195	3	43	1
5	0.0	626	7	209	1
5	0.0	119	6	242	1
5	0.0	220	1	1	1
1	0.3333333333333333	657	25	170	0
5	0.8	1639	1	14	1
3	0.5	664	13	487	0
5	0.0	224	3	44	1
2	0.5	907	15	158	0
4	0.0	139	2	14	1
5	0.5	211	14	282	1
5	0.0	227	21	455	1
5	0.0	439	13	77	1
3	0.0	275	7	103	0
3	0.0	388	7	45	0
5	0.7142857142857143	394	3	19	1
5	0.5	233	9	26	1
1	0.6666666666666666	1589	4	5	0
1	0.0	4622	199	13	0
1	0.0	129	14	251	0
4	0.0	275	7	5	1
5	0.0	159	1	92	1
3	0.0	147	3	7	0
5	0.0	200	1	913	1
1	0.6	177	1	102	0
5	0.5	316	1	61	1
1	0.5	116	1	15	0
4	0.0	129	1	13	1
2	0.0	118	2	8	0
5	0.7761194029850746	672	10	219	1
1	0.0	179	1	10	0
5	0.0	410	4	11	1
5	0.0	182	4	8	1
5	0.0	403	1	1	1
5	0.6666666666666666	909	4	30	1
5	0.5	209	1	6	1
3	0.0	543	98	564	0
5	0.0	113	2	3	1
5	0.0	284	9	4	1
5	0.0	402	9	379	1
4	0.6666666666666666	296	14	144	1
5	0.0	1089	2	20	1
5	0.3333333333333333	299	1	1	1
5	0.0	157	1	37	1
1	0.4	728	4	542	0
5	0.9534883720930233	2127	4	73	1
4	0.0	471	3	59	1
5	0.5	712	8	1	1
2	0.3	259	1	3	0
2	0.0	508	1	21	0
4	0.0	851	47	530	1
5	0.8333333333333334	1187	4	84	1
4	0.5	167	2	20	1
5	0.0	142	23	172	1
5	0.9230769230769231	1291	6	98	1
5	0.0	1204	28	170	1
5	0.0	1057	17	1	1
2	0.0	234	2	3	0
5	0.5	1035	1	50	1
5	0.75	490	9	13	1
5	0.42857142857142855	95	2	10	1
1	0.6666666666666666	828	1	13	0
4	0.5	844	21	340	1
5	0.6666666666666666	207	12	170	1
4	0.926829268292683	256	1	41	1
2	0.5	738	11	56	0
1	0.0	244	7	23	0
4	0.0	397	4	37	1
5	0.0	470	54	42	1
5	0.5	494	5	310	1
5	0.0	402	23	1	1
5	0.0	361	1	71	1
5	0.0	183	8	11	1
4	0.5	213	2	15	1
5	0.0	363	1	17	1
1	0.0	162	1	2	0
5	0.0	210	6	192	1
4	0.0	132	5	58	1
5	0.5	332	8	74	1
5	0.5	537	2	251	1
4	0.0	982	4	12	1
5	0.0	585	2	17	1
5	0.25	77	4	158	1
5	0.0	108	6	254	1
5	0.8	927	1	30	1
2	0.5714285714285714	761	2	51	0
4	0.5	130	2	4	1
1	0.0	770	2	5	0
5	0.8	343	1	7	1
4	0.0	153	1	30	1
5	0.5	128	4	28	1
5	0.5	252	10	12	1
4	0.9333333333333333	1622	1	38	1
4	0.0	105	1	2	1
2	0.0	281	1	9	0
3	0.0	109	7	10	0
5	0.75	669	1	49	1
5	0.0	484	7	269	1
4	0.0	524	33	288	1
5	0.5	274	1	9	1
5	0.5	257	1	2	1
4	0.6666666666666666	696	4	28	1
5	0.0	660	18	101	1
5	0.0	155	12	6	1
5	0.0	154	3	23	1
5	0.6666666666666666	209	2	1	1
5	0.5	436	1	43	1
5	0.8461538461538461	1305	34	15	1
5	0.0	164	2	488	1
5	0.0	97	1	36	1
5	0.0	91	1	1	1
5	0.0	143	4	94	1
5	0.6666666666666666	598	3	19	1
5	0.0	114	3	36	1
5	0.0	475	8	455	1
5	0.75	110	5	301	1
5	0.0	427	4	114	1
5	0.8333333333333334	433	1	2	1
5	0.0	218	1	1	1
5	0.3333333333333333	246	20	166	1
5	0.6666666666666666	683	2	556	1
5	0.5	271	3	171	1
5	0.875	167	7	3	1
3	0.6666666666666666	269	1	2	0
5	0.0	686	9	31	1
3	0.5	642	10	61	0
5	0.8	388	1	1	1
4	0.5	892	45	103	1
5	0.3333333333333333	246	2	1	1
3	0.0	344	2	556	0
5	0.0	219	1	2	1
5	0.0	320	2	4	1
3	0.0	137	13	37	0
5	0.5	523	7	23	1
5	0.75	1001	5	86	1
5	0.0	189	2	506	1
5	0.0	440	12	101	1
5	0.5	126	11	564	1
5	0.0	166	1	6	1
4	0.0	307	1	33	1
1	0.6666666666666666	167	1	2	0
5	0.6666666666666666	1086	1	78	1
1	0.36363636363636365	218	2	72	0
1	0.0	289	2	31	0
5	0.8958333333333334	438	37	18	1
1	0.3333333333333333	157	1	2	0
4	0.0	182	3	343	1
1	0.6666666666666666	346	1	40	0
3	0.0	117	2	1	0
5	0.0	406	3	1	1
5	0.0	708	4	169	1
4	0.42857142857142855	248	10	219	1
5	0.6	419	26	10	1
5	0.0	276	8	29	1
5	0.7777777777777778	184	1	42	1
5	0.0	147	9	455	1
5	0.5	1046	38	98	1
5	0.0	261	6	74	1
5	0.0	1132	2	32	1
5	0.0	105	3	16	1
2	0.5	327	6	424	0
5	0.75	594	15	101	1
5	0.6666666666666666	123	32	73	1
1	0.3333333333333333	251	12	91	0
5	0.0	1075	16	96	1
4	0.0	214	20	564	1
1	0.0	291	6	1	0
5	0.0	116	12	174	1
5	0.5	267	3	25	1
4	0.0	291	1	3	1
5	0.6666666666666666	626	256	2	1
5	0.0	285	1	25	1
5	0.0	593	2	22	1
5	0.75	232	1	9	1
2	0.0	1176	13	292	0
5	0.0	1106	1	25	1
5	0.8333333333333334	298	13	1	1
1	0.75	719	37	47	0
5	0.8888888888888888	367	11	158	1
5	0.0	212	6	7	1
5	0.0	181	8	632	1
5	0.0	181	3	18	1
4	0.0	233	22	8	1
5	0.0	213	2	19	1
5	0.0	459	1	86	1
5	0.5	459	1	25	1
5	0.5	378	2	143	1
5	0.0	975	1	7	1
5	0.0	218	25	18	1
5	0.8333333333333334	258	3	1	1
5	0.7	489	23	46	1
5	0.0	90	4	50	1
5	0.6	83	1	5	1
5	0.0	193	4	542	1
5	0.0	308	7	23	1
5	0.0	250	5	27	1
1	0.5294117647058824	662	4	9	0
5	0.0	256	22	288	1
5	0.0	320	1	4	1
5	0.0	196	2	1	1
5	0.0	89	1	224	1
1	0.3333333333333333	382	4	542	0
3	0.6666666666666666	185	5	332	0
5	0.5	482	6	23	1
5	0.0	126	4	542	1
5	0.0	142	1	5	1
5	0.8333333333333334	113	3	10	1
5	0.0	274	7	103	1
5	0.75	113	1	5	1
4	0.9518072289156626	388	1	215	1
5	0.9090909090909091	1623	2	49	1
4	0.5	172	7	76	1
1	0.6666666666666666	120	1	131	0
3	0.0	464	1	85	0
5	0.3333333333333333	1277	4	97	1
5	0.0	285	1	117	1
5	0.0	99	2	271	1
3	0.08695652173913043	116	3	11	0
4	0.0	168	2	68	1
5	0.6	140	1	8	1
4	0.0	345	4	103	1
1	0.25	302	6	232	0
5	0.0	580	11	385	1
5	0.3333333333333333	323	5	332	1
5	0.0	183	1	8	1
5	0.5	931	11	63	1
5	0.0	350	1	36	1
5	0.0	135	5	251	1
4	0.0	237	2	13	1
5	0.5	529	8	4	1
1	0.0	1561	3	171	0
4	0.0	158	1	99	1
2	0.6666666666666666	719	19	16	0
5	0.25	1291	42	13	1
5	0.0	377	7	29	1
5	0.0	506	1	67	1
5	0.5	651	19	2	1
5	0.0	468	14	62	1
5	0.5	671	8	90	1
2	0.2	158	1	12	0
2	0.0	1259	5	18	0
4	0.0	308	1	2	1
3	0.8	531	1	8	0
4	0.75	124	6	10	1
5	0.7142857142857143	677	2	7	1
5	0.0	186	13	288	1
2	0.8888888888888888	290	2	1	0
5	0.6666666666666666	241	2	18	1
5	0.0	306	5	332	1
5	0.6666666666666666	644	1	10	1
2	0.0	1105	4	85	0
5	0.5	413	12	82	1
5	0.5	109	2	21	1
3	0.0	271	1	4	0
4	0.0	368	2	14	1
5	0.5	160	10	219	1
2	0.0	546	5	110	0
4	0.0	144	1	4	1
5	0.0	477	3	91	1
5	0.5	438	11	172	1
5	0.8571428571428571	392	7	1	1
5	0.0	318	1	4	1
5	0.0	155	7	27	1
5	0.0	402	4	301	1
2	0.5	252	4	457	0
5	0.5	881	1	64	1
5	0.0	344	1	11	1
3	0.5	1037	3	51	0
4	0.5	750	1	142	1
2	0.0	99	2	2	0
5	0.75	225	1	11	1
5	0.5	108	36	174	1
5	0.8333333333333334	455	4	13	1
5	0.6666666666666666	351	2	125	1
5	0.0	387	2	1	1
5	0.0	893	4	413	1
5	0.875	380	6	387	1
5	0.0	361	2	45	1
5	0.0	417	16	112	1
4	0.8780487804878049	1431	6	165	1
5	0.0	181	4	10	1
5	0.0	1212	3	257	1
5	0.5	354	1	4	1
3	0.6	526	2	36	0
5	0.5	483	92	7	1
5	0.0	193	4	103	1
5	0.8333333333333334	273	1	21	1
5	0.5	149	1	17	1
5	0.5	2936	20	5	1
5	0.0	647	1	4	1
4	0.0	737	15	424	1
5	0.0	245	1	123	1
2	0.0	144	3	14	0
5	0.5	115	1	5	1
5	0.0	672	11	94	1
1	0.0	562	11	151	0
5	0.8571428571428571	153	1	1	1
3	0.6	468	25	170	0
5	0.5	827	12	105	1
5	0.5	133	54	66	1
5	0.0	373	1	13	1
4	0.0	161	2	3	1
5	0.0	139	1	1	1
1	0.16666666666666666	187	7	60	0
4	0.0	1804	4	99	1
5	0.0	580	1	25	1
4	0.0	457	6	9	1
5	0.0	330	4	88	1
3	0.0	411	7	205	0
5	0.5	1286	154	103	1
3	0.3333333333333333	611	1	18	0
5	0.5	231	1	3	1
3	0.0	92	1	1	0
5	0.5	101	1	30	1
3	0.0	184	1	1	0
5	0.0	416	5	1	1
5	0.0	214	6	98	1
5	0.0	182	19	112	1
5	0.0	1569	7	28	1
2	0.5	4521	1	45	0
4	0.0	1380	24	67	1
1	0.0	589	4	157	0
3	0.7	2058	9	7	0
5	0.5	117	2	19	1
5	0.0	146	14	6	1
2	0.0	354	13	332	0
2	0.7	4079	42	47	0
5	0.5	452	1	4	1
3	0.0	178	1	6	0
5	0.0	284	1	129	1
5	0.0	433	8	209	1
2	0.7857142857142857	165	2	21	0
5	0.8	844	51	13	1
5	0.0	263	28	206	1
3	0.8571428571428571	1722	6	5	0
5	0.0	495	19	65	1
5	0.5	469	3	17	1
1	0.2857142857142857	451	1	76	0
5	0.6666666666666666	67	3	22	1
2	0.25	473	2	82	0
3	0.5	392	57	137	0
5	0.875	727	1	35	1
5	0.0	384	1	11	1
4	0.5	366	13	310	1
4	0.0	226	3	172	1
3	0.0	289	13	51	0
4	0.0	170	2	11	1
3	0.0	1449	32	530	0
3	0.0	266	4	457	0
3	0.0	289	5	26	0
5	0.0	170	4	64	1
5	0.0	233	12	170	1
5	0.0	150	1	8	1
5	0.0	272	2	30	1
5	0.5	236	2	9	1
5	0.0	341	11	112	1
5	0.75	262	2	1	1
1	0.0	340	1	4	0
2	0.5	196	12	103	0
5	0.0	155	25	170	1
5	0.0	94	6	10	1
5	0.75	231	4	3	1
5	0.0	158	1	2	1
5	0.0	672	11	94	1
2	0.8	336	4	455	0
5	0.0	583	4	20	1
5	0.0	151	2	20	1
5	0.5	287	3	165	1
4	0.0	140	1	7	1
5	0.0	171	2	132	1
5	0.6666666666666666	361	2	8	1
5	0.0	249	6	424	1
5	0.0	136	1	44	1
5	0.3333333333333333	1153	3	88	1
5	0.5	772	3	52	1
5	0.5	80	8	29	1
5	0.5	424	8	385	1
5	0.6666666666666666	396	7	75	1
2	0.0	1124	27	2	0
5	0.5	101	8	178	1
5	0.0	384	8	7	1
5	0.0	199	6	232	1
4	0.0	357	11	164	1
5	0.0	317	4	487	1
4	0.0	299	1	7	1
5	0.5	408	1	10	1
1	0.8	251	1	4	0
5	0.0	827	1	25	1
5	0.0	575	1	3	1
5	0.5	233	1	3	1
5	0.3333333333333333	615	19	530	1
5	0.0	142	2	9	1
5	0.75	231	1	37	1
3	0.3333333333333333	432	2	149	0
5	0.6666666666666666	556	5	2	1
1	0.5	896	2	1	0
4	0.5	166	1	11	1
4	0.0	139	2	209	1
5	0.6666666666666666	287	1	21	1
1	0.0	189	1	9	0
5	0.0	183	12	151	1
3	0.0	801	6	4	0
5	0.6666666666666666	451	11	107	1
5	0.0	800	4	2	1
5	0.8333333333333334	598	2	6	1
2	0.0	120	1	3	0
5	0.0	440	2	3	1
5	0.0	664	10	324	1
4	0.75	114	1	5	1
5	0.75	88	1	14	1
5	0.0	233	6	128	1
5	0.0	248	7	74	1
5	0.0	159	1	19	1
4	0.0	794	1	218	1
4	0.0	181	14	126	1
3	0.6666666666666666	1451	22	387	0
3	0.0	162	24	244	0
5	0.5	1248	4	4	1
1	0.25	345	1	2	0
5	0.8571428571428571	170	4	17	1
5	0.0	200	1	9	1
5	0.3333333333333333	1086	8	23	1
5	0.6666666666666666	349	1	16	1
5	0.0	248	1	95	1
5	0.5	279	1	23	1
5	0.0	166	1	10	1
4	0.5	271	6	132	1
5	0.5	239	15	18	1
4	0.0	586	1	67	1
4	0.0	139	12	1	1
5	0.0	336	52	60	1
5	0.0	63	43	3	1
3	0.5	628	1	1	0
5	0.875	570	1	24	1
5	0.6666666666666666	362	1	12	1
1	0.0	289	4	21	0
5	0.5	1938	421	2	1
5	0.6666666666666666	135	3	7	1
5	0.0	309	1	52	1
5	0.0	258	4	33	1
1	0.5	276	2	9	0
5	0.6666666666666666	281	1	295	1
5	0.0	226	8	53	1
5	0.75	1055	1	71	1
3	0.5	150	1	1	0
5	0.0	764	142	37	1
3	0.3333333333333333	490	18	166	0
5	0.75	155	6	5	1
3	0.0	128	22	280	0
5	0.3333333333333333	152	1	9	1
5	0.0	239	9	173	1
5	0.6666666666666666	376	3	171	1
2	0.0	119	6	1	0
5	0.0	182	7	63	1
5	0.6666666666666666	1109	1	57	1
4	0.0	384	6	19	1
1	0.5	753	7	130	0
5	0.5	218	2	304	1
5	0.75	554	55	174	1
5	0.5	167	25	170	1
5	0.5	172	1	5	1
5	0.0	102	9	173	1
4	0.0	196	2	46	1
4	0.0	111	1	1	1
3	0.0	140	6	60	0
5	0.8666666666666667	765	3	389	1
5	0.75	719	17	44	1
4	0.6666666666666666	2007	133	85	1
5	0.5	195	2	56	1
1	0.0	259	11	117	0
5	0.8125	461	1	36	1
4	0.0	132	1	913	1
1	0.0	356	3	77	0
5	0.0	337	25	69	1
5	0.0	109	3	159	1
5	0.8571428571428571	409	1	10	1
5	0.0	234	2	11	1
3	0.5	2935	6	479	0
5	0.0	343	8	356	1
5	0.5	718	1	15	1
5	0.8	825	9	130	1
1	0.0	149	1	1	0
5	0.0	371	142	2	1
5	0.0	456	1	57	1
4	0.5	216	9	385	1
4	0.0	630	4	251	1
5	0.5	500	2	3	1
5	0.0	102	2	61	1
5	0.5	441	4	95	1
5	0.5	158	1	13	1
5	0.0	371	21	27	1
1	0.0	300	2	30	0
5	0.0	104	1	81	1
1	0.5	193	4	251	0
5	0.5	399	1	7	1
2	0.0	150	1	7	0
5	0.0	221	10	3	1
3	0.0	271	13	10	0
5	0.6666666666666666	238	1	3	1
5	0.0	381	4	204	1
4	0.0	321	13	93	1
4	0.0	203	2	42	1
1	0.5	513	9	251	0
5	0.0	185	1	10	1
5	0.5	1326	58	26	1
5	0.0	160	1	567	1
5	0.75	579	25	170	1
1	0.4	253	4	158	0
3	0.0	323	5	172	0
4	0.6666666666666666	293	12	103	1
5	0.0	405	1	913	1
5	0.0	162	3	310	1
5	0.75	455	3	276	1
4	0.6666666666666666	989	2	15	1
5	0.5	340	9	36	1
1	0.0	729	9	14	0
5	0.5	406	15	202	1
5	0.0	164	4	32	1
5	0.0	181	4	632	1
5	0.2	156	30	288	1
5	0.5	2396	16	16	1
5	0.5	456	3	99	1
3	0.0	366	3	53	0
5	0.0	156	9	1	1
4	0.0	127	25	4	1
4	0.0	416	1	198	1
5	0.0	342	7	2	1
5	0.7272727272727273	224	4	413	1
5	0.5	464	4	340	1
4	0.75	136	1	6	1
5	0.5	118	1	35	1
3	0.5	188	4	1	0
2	0.6666666666666666	368	4	310	0
5	0.5	921	2	17	1
3	0.5	452	1	3	0
5	0.8888888888888888	877	5	31	1
5	0.0	668	23	4	1
5	0.6666666666666666	232	15	127	1
5	0.0	193	1	18	1
2	0.0	302	1	232	0
5	0.0	849	42	284	1
5	0.0	500	2	12	1
4	0.0	398	1	11	1
1	0.5	430	1	27	0
5	0.0	508	26	288	1
5	0.0	185	4	632	1
5	0.6666666666666666	89	5	53	1
1	0.75	234	1	20	0
5	0.5	181	2	11	1
5	0.5	699	5	76	1
3	0.0	181	3	12	0
3	0.0	225	5	324	0
5	0.0	184	4	542	1
5	0.5	440	6	232	1
3	0.5	1065	256	19	0
5	0.6666666666666666	252	1	12	1
4	0.0	224	3	28	1
5	0.0	490	1	16	1
1	0.3333333333333333	316	6	49	0
3	0.9583333333333334	960	2	14	0
5	0.0	452	1	206	1
5	0.6666666666666666	209	2	30	1
5	0.0	78	5	165	1
5	0.0	92	1	4	1
4	0.0	196	12	5	1
5	0.8235294117647058	830	151	121	1
5	0.0	458	12	168	1
1	0.3333333333333333	334	5	324	0
2	0.3333333333333333	377	2	8	0
4	0.4444444444444444	211	12	7	1
5	0.75	330	23	158	1
5	0.9647058823529412	888	12	277	1
5	0.0	376	162	101	1
1	0.8571428571428571	197	1	38	0
5	0.0	332	12	103	1
5	0.0	645	1	31	1
5	0.0	548	7	166	1
5	0.0	681	1	2	1
4	0.5	247	6	2	1
4	0.6666666666666666	577	2	12	1
5	0.0	307	1	28	1
5	0.75	219	1	65	1
5	0.0	119	2	276	1
5	0.5	896	2	506	1
5	0.0	144	1	3	1
4	0.0	119	5	17	1
4	0.0	153	4	3	1
5	0.0	162	3	89	1
5	0.8	236	12	455	1
5	0.6666666666666666	307	5	15	1
5	0.0	548	1	14	1
5	0.0	161	1	14	1
1	0.5	576	4	251	0
5	0.75	304	14	217	1
5	0.0	180	6	17	1
4	0.0	1042	7	8	1
5	0.0	269	2	11	1
4	0.0	320	1	12	1
5	0.0	127	9	455	1
5	0.8	230	1	6	1
5	0.0	554	3	1	1
5	0.5	513	1	6	1
4	0.0	649	176	455	1
5	0.0	99	13	170	1
3	0.6666666666666666	135	1	13	0
5	0.0	146	1	16	1
5	0.0	137	4	84	1
2	0.6666666666666666	483	3	143	0
5	0.0	999	1	5	1
5	0.0	183	82	37	1
5	0.6666666666666666	954	1	6	1
5	0.0	80	19	27	1
1	0.75	168	1	1	0
5	0.0	247	4	632	1
5	0.5	197	6	116	1
5	0.6666666666666666	635	16	19	1
5	0.75	598	1	57	1
1	0.7692307692307693	982	3	84	0
5	0.8	175	2	10	1
5	0.0	527	6	64	1
5	0.0	301	32	6	1
4	0.0	125	5	5	1
5	0.5	167	2	7	1
1	0.0	366	4	251	0
1	0.5	897	2	10	0
3	0.0	1461	12	45	0
5	0.75	492	126	29	1
5	0.0	455	4	10	1
5	0.6666666666666666	196	1	4	1
5	0.0	739	6	40	1
5	0.0	302	5	3	1
5	0.0	99	1	3	1
5	0.0	725	389	7	1
5	0.0	172	5	178	1
5	0.0	114	1	41	1
5	0.0	109	1	2	1
2	0.8571428571428571	514	58	6	0
4	0.5	215	3	31	1
5	0.0	392	2	12	1
4	0.5	115	3	63	1
2	0.0	526	2	506	0
5	0.6666666666666666	369	1	5	1
5	0.0	277	18	564	1
4	0.8888888888888888	610	22	134	1
5	0.6666666666666666	227	1	7	1
5	0.0	228	2	20	1
5	0.0	434	4	22	1
5	0.5	338	3	171	1
5	0.5	174	2	58	1
4	0.0	446	5	26	1
5	0.0	398	8	274	1
4	0.0	212	1	28	1
1	0.0	206	1	147	0
5	0.9333333333333333	1422	2	11	1
3	0.75	838	143	107	0
4	0.0	246	2	102	1
5	0.0	589	3	389	1
1	0.0	108	1	1	0
1	0.0	334	1	3	0
4	0.0	219	4	159	1
5	0.5	184	2	6	1
1	0.0	814	43	464	0
5	0.0	150	6	242	1
2	0.5	417	5	159	0
3	0.5	150	4	68	0
5	0.0	117	1	17	1
5	0.0	121	3	17	1
5	0.0	679	2	11	1
1	0.0	351	1	1	0
5	0.0	131	10	12	1
5	0.5	67	12	174	1
4	0.3333333333333333	226	2	285	1
4	0.0	245	1	1	1
5	0.0	138	4	274	1
5	0.0	256	1	1	1
4	0.0	584	4	455	1
5	0.5	613	1	9	1
5	0.0	316	104	9	1
2	0.5	1235	3	257	0
3	0.5	1226	12	81	0
5	0.75	441	4	413	1
3	0.3333333333333333	103	12	103	0
3	0.5	157	2	16	0
5	0.75	142	11	158	1
5	0.0	666	14	385	1
5	0.0	248	4	464	1
5	0.0	320	12	23	1
5	0.6666666666666666	620	7	15	1
4	0.5	396	3	26	1
5	0.6666666666666666	153	1	46	1
5	0.0	122	31	66	1
5	0.75	154	3	16	1
3	0.0	365	4	165	0
5	0.5	84	2	6	1
5	0.0	203	1	10	1
1	0.0	309	1	2	0
5	0.0	204	1	8	1
5	0.0	109	5	457	1
5	0.5	1643	1	2	1
1	0.0	203	1	19	0
3	0.0	643	18	479	0
5	0.3333333333333333	383	2	4	1
5	0.0	193	1	1	1
1	0.0	391	3	56	0
4	0.0	729	7	166	1
5	0.0	751	2	206	1
5	0.0	147	4	340	1
5	0.0	182	6	204	1
4	0.75	279	4	487	1
5	0.5	332	4	387	1
5	0.7777777777777778	1738	1	60	1
5	0.5	411	17	9	1
5	0.9230769230769231	909	7	35	1
5	0.8888888888888888	242	1	24	1
4	0.75	593	6	387	1
4	0.8	261	2	20	1
1	0.3333333333333333	727	2	14	0
4	0.5	796	3	22	1
5	0.0	1386	84	2	1
3	0.0	796	1	17	0
5	0.0	168	7	206	1
5	0.0	454	3	49	1
1	0.0	120	8	150	0
5	0.0	234	1	21	1
5	0.3333333333333333	422	1	15	1
4	0.6666666666666666	410	9	564	1
3	0.0	935	11	117	0
3	0.0	259	40	464	0
5	0.0	106	1	37	1
5	0.0	351	4	18	1
5	0.0	105	5	14	1
3	0.0	730	1	12	0
5	0.0	141	9	1	1
1	0.0	114	1	1	0
5	0.5	366	18	6	1
5	0.0	568	8	424	1
2	0.0	322	12	10	0
5	0.0	861	5	7	1
1	0.3333333333333333	183	6	110	0
1	0.5	335	5	202	0
5	0.0	161	1	4	1
5	0.0	376	3	10	1
5	0.0	254	4	326	1
5	0.0	1224	6	146	1
5	0.8	445	1	18	1
5	0.0	202	1	25	1
3	0.7272727272727273	995	1	35	0
5	0.5	172	2	2	1
2	0.0	782	2	56	0
4	0.0	310	7	176	1
5	0.0	208	2	9	1
5	0.0	254	1	49	1
1	0.6666666666666666	563	16	218	0
4	0.5	459	2	93	1
1	0.25	519	29	62	0
5	0.0	117	2	2	1
5	0.0	143	14	105	1
5	0.0	196	3	6	1
5	0.6666666666666666	930	1	30	1
5	0.0	415	1	40	1
4	0.6666666666666666	390	17	26	1
2	0.0	214	14	174	0
5	0.0	277	7	269	1
5	0.6666666666666666	314	2	70	1
4	0.0	213	13	7	1
5	0.8	360	1	4	1
5	0.6666666666666666	364	9	29	1
5	0.0	245	22	196	1
5	0.0	180	3	3	1
5	0.0	134	1	50	1
5	0.5	227	1	123	1
5	0.0	98	7	1	1
2	0.0	115	1	7	0
5	0.75	342	3	3	1
3	0.0	219	2	2	0
1	0.4	379	22	288	0
5	0.0	154	1	42	1
5	0.3333333333333333	242	1	50	1
5	0.5	554	3	1	1
1	0.5	909	3	286	0
2	0.5	178	1	3	0
4	0.0	194	1	100	1
5	0.875	300	1	3	1
5	0.3333333333333333	371	1	12	1
5	0.5	177	11	385	1
5	0.3333333333333333	1495	9	6	1
4	0.0	902	2	9	1
4	0.3333333333333333	416	9	542	1
5	0.0	199	12	63	1
1	0.0	122	11	455	0
4	0.0	114	3	389	1
5	0.8571428571428571	599	1	27	1
5	0.3333333333333333	136	2	81	1
5	0.5	580	3	36	1
1	0.3333333333333333	640	1	12	0
5	0.0	100	1	22	1
5	0.0	367	1	1	1
5	0.5	149	4	1	1
5	0.0	429	1	3	1
3	0.5	322	1	36	0
5	0.5	164	12	542	1
4	0.0	214	6	424	1
3	0.0	178	1	23	0
4	0.75	445	7	3	1
5	0.0	127	5	204	1
5	0.5	225	6	301	1
5	0.0	612	14	530	1
5	0.6666666666666666	215	5	3	1
5	0.5	1117	1	326	1
5	0.875	329	2	6	1
3	0.6666666666666666	822	22	34	0
4	0.0	896	50	288	1
5	0.0	184	1	9	1
5	0.5	486	107	6	1
5	0.5	842	8	114	1
5	0.5	459	1	7	1
5	0.5	242	13	21	1
5	0.8571428571428571	219	1	103	1
5	0.8461538461538461	540	25	170	1
5	0.5	520	11	30	1
5	0.0	96	6	242	1
1	0.0	683	2	1	0
4	0.0	768	5	3	1
5	0.0	215	14	105	1
1	0.2	464	1	18	0
5	0.0	81	1	80	1
5	0.0	127	1	6	1
5	0.0	372	104	75	1
5	0.0	111	2	4	1
4	0.0	827	119	206	1
4	0.0	112	2	6	1
4	0.3333333333333333	146	2	163	1
5	0.0	201	6	31	1
4	0.5	359	2	32	1
1	0.6666666666666666	440	1	109	0
3	0.6666666666666666	285	1	14	0
1	0.8947368421052632	1151	1	7	0
4	0.5	279	2	40	1
5	0.5	540	4	122	1
5	0.0	597	1	16	1
5	0.0	169	4	17	1
5	0.0	214	1	60	1
2	0.5	138	4	13	0
1	0.0	260	1	4	0
5	0.9333333333333333	1011	8	172	1
1	0.5	665	13	387	0
5	0.8333333333333334	255	1	24	1
5	0.6666666666666666	621	53	2	1
5	0.0	296	1	71	1
5	0.0	310	4	4	1
5	0.0	199	1	7	1
1	0.2	484	27	149	0
2	0.5	208	1	5	0
5	0.6666666666666666	2634	1	93	1
4	0.0	557	71	9	1
5	0.8823529411764706	271	8	127	1
5	0.6666666666666666	206	3	19	1
5	0.6666666666666666	387	3	71	1
3	0.0	1011	9	487	0
2	0.0	257	2	23	0
3	0.6	1817	1	67	0
5	0.8333333333333334	1135	25	170	1
4	0.0	657	5	296	1
3	0.5	1014	4	487	0
3	0.0	539	114	97	0
5	0.0	817	1	23	1
5	0.0	318	2	5	1
5	0.0	177	5	20	1
5	0.0	404	1	5	1
3	0.0	145	10	25	0
2	0.0	360	1	35	0
1	0.0	562	11	151	0
1	0.5	190	1	3	0
5	0.5	304	39	127	1
5	0.6666666666666666	197	1	9	1
5	0.0	228	1	9	1
4	0.0	432	8	1	1
3	0.0	379	30	172	0
5	0.0	98	6	80	1
5	0.8	612	44	11	1
5	0.75	885	1	7	1
1	0.5	228	1	131	0
1	0.8	931	1	4	0
5	0.0	199	6	254	1
3	0.0	688	6	88	0
5	0.75	320	1	7	1
5	0.0	139	13	147	1
5	0.5	483	26	413	1
5	0.0	270	7	144	1
5	0.75	292	12	14	1
1	0.0	374	1	25	0
5	0.6666666666666666	128	167	4	1
5	0.5	1082	1	120	1
5	0.0	211	2	542	1
5	0.0	583	31	542	1
4	0.0	275	1	2	1
2	0.5	1060	7	81	0
5	0.5	257	2	2	1
5	0.5	183	1	20	1
5	0.5	164	2	21	1
1	0.0	173	1	10	0
4	0.0	420	1	28	1
5	0.0	156	32	12	1
5	0.875	297	44	10	1
5	0.0	316	1	3	1
4	0.5	125	14	114	1
5	0.5	333	3	310	1
3	0.0	376	1	18	0
5	0.0	528	365	45	1
5	0.5	84	4	274	1
5	0.0	479	53	43	1
5	0.0	150	3	170	1
5	0.0	405	3	257	1
5	0.5	257	2	13	1
5	0.0	1396	4	61	1
1	0.0	369	12	94	0
5	0.5	211	1	34	1
5	0.6666666666666666	87	1	86	1
3	0.0	162	7	67	0
5	0.0	208	6	232	1
5	0.875	1153	1	1	1
5	0.875	1247	94	389	1
3	0.3333333333333333	299	1	111	0
5	0.0	202	2	61	1
5	0.6666666666666666	501	11	10	1
5	0.5	185	4	413	1
1	0.6	625	1	19	0
5	0.0	622	11	4	1
4	0.5	612	4	24	1
5	0.0	194	4	1	1
5	0.0	129	2	506	1
5	0.0	175	8	66	1
1	0.0	171	5	324	0
5	0.0	158	1	1	1
5	0.0	823	6	424	1
5	0.6666666666666666	218	8	29	1
5	0.0	186	2	61	1
2	0.0	149	4	457	0
5	0.5	211	16	385	1
5	0.0	131	1	7	1
2	0.3333333333333333	252	1	1	0
5	0.0	579	2	20	1
5	0.75	598	1	190	1
4	0.5	223	4	276	1
5	0.0	209	5	332	1
5	0.5	525	1	17	1
5	0.8333333333333334	98	13	174	1
5	0.4	219	1	1	1
5	0.0	167	1	95	1
5	0.9166666666666666	1343	2	23	1
2	0.2	1830	8	385	0
5	0.5	413	2	111	1
1	0.0	220	1	3	0
5	0.0	97	7	138	1
4	0.0	564	18	100	1
5	0.5	316	2	623	1
5	0.0	421	1	33	1
5	0.8	169	12	9	1
5	0.5	124	1	13	1
3	0.5	188	17	49	0
5	0.0	213	24	12	1
3	0.3333333333333333	309	9	455	0
5	0.0	135	2	15	1
5	0.5	202	1	2	1
5	0.0	237	1	1	1
5	0.0	344	12	174	1
2	0.0	812	1	16	0
4	0.5	837	53	170	1
5	0.0	219	7	251	1
5	0.5	870	1	10	1
4	0.8333333333333334	497	8	159	1
5	0.8	1110	2	15	1
5	0.0	142	8	71	1
5	0.0	209	17	8	1
5	0.0	179	4	77	1
1	0.0	138	1	10	0
5	0.0	380	7	130	1
2	0.0	225	2	276	0
5	0.6666666666666666	413	21	65	1
5	0.9230769230769231	618	2	56	1
5	0.5	814	9	387	1
4	0.0	414	19	292	1
2	0.84	1087	2	285	0
5	0.5	139	1	30	1
4	0.6	583	14	56	1
5	0.5	357	13	1	1
4	0.5	484	5	5	1
1	0.5	135	6	60	0
5	0.0	101	1	102	1
1	0.25	302	4	17	0
5	0.0	112	1	1	1
5	0.0	150	10	219	1
4	0.0	174	1	3	1
5	0.6666666666666666	618	1	32	1
5	0.0	166	6	72	1
