x1	x2	x3	x4	x5	x6	x7	x8	x9	x10	x11	x12	x13	x14	x15	x16	x17	x18	x19	x20	x21	x22	x23	x24	x25	x26	x27	x28	x29	x30	x31	x32	x33	x34	x35	x36	x37	x38	x39	x40	x41	x42	x43	x44	x45	x46	x47	x48	x49	x50	x51	x52	x53	x54	x55	x56	x57	x58	z	y	mu0	mu1
29	C	1.0	7.0	60	85	0	0	1	0	0	1	0	0	2	0	0	12	35	10	J	1	43	B	17	64	105	30	11	0	0	0	0	79	28	340	48	1	9	9	3	0	3	54	16	0	0	0	0	0	0	0	0	0	0	0	45	39	0	3.15772731741586	3.89056346452065	5.71610839400229
27	C	0.0	0.0	64	178	0	0	0	0	0	2	1	0	2	0	0	12	75	12	J	1	50	E	12	90	183	40	8	0	0	0	0	69	30	430	73	0	9	9	3	0	5	51	16	0	0	0	0	0	0	0	0	0	0	0	46	42	0	4.28124448897517	5.87084437762124	8.91357380262723
27	C	0.0	0.0	60	102	0	0	0	0	0	1	0	0	0	0	0	12	35	10	J	1	57	E	14	70	121	27	12	0	0	0	0	84	29	450	76	0	3	6	2	0	4	41	13	0	0	0	1	0	0	0	0	0	0	0	45	40	0	7.62144693420193	7.00604015867176	10.0226755506285
37	C	0.0	0.0	65	174	0	0	0	0	0	1	0	0	1	0	0	11	35	12	J	1	43	E	10	80	185	39	10	0	0	0	0	82	30	440	78	1	8	9	2	0	8	70	16	0	0	0	0	0	0	0	0	0	0	0	47	40	1	4.01563862234005	-1.04608943092023	2.95277893135047
24	C	20.0	14.0	63	129	0	0	0	0	0	1	0	0	0	0	0	9	35	15	J	1	33	E	14	70	160	28	7	0	0	0	1	85	35	360	71	1	5	8	0	2	3	65	18	0	0	0	2	0	0	0	0	0	0	0	47	43	0	-0.240268351330854	-0.478071955022782	6.24606883870935
27	C	40.0	15.0	63	135	0	0	0	0	0	1	1	2	2	0	0	9	45	10	J	1	40	E	15	64	160	31	9	0	0	0	1	81	28	515	56	1	7	9	2	0	1	63	20	0	0	0	0	0	0	0	0	0	0	0	45	44	1	1.67781578482713	-0.40281740701254	0.457133569924818
26	C	20.0	8.0	69	140	0	0	0	1	0	0	0	1	0	0	0	10	45	8	J	1	53	E	16	60	160	25	10	0	0	0	0	87	26	440	62	1	8	10	2	0	5	65	20	0	0	0	0	0	0	0	0	0	0	0	46	39	0	0.655554354536752	-0.565118902049567	1.04464127674026
33	C	0.0	0.0	60	110	0	0	0	1	0	0	1	0	0	0	0	12	45	10	J	1	53	E	10	78	127	32	10	0	1	0	0	79	31	450	54	0	9	10	3	0	5	55	18	0	0	0	0	0	0	0	0	0	0	0	45	41	0	4.76814256066157	3.99384438014753	6.3835571413482
28	C	3.0	5.0	61	160	0	0	0	0	0	3	1	1	1	1	1	9	55	10	A	1	43	E	12	80	190	27	8	0	0	0	0	80	30	420	53	1	7	9	3	0	3	60	18	0	0	0	0	0	0	0	0	0	0	0	48	41	0	1.91562302056543	1.59211987166385	3.3977470885853
31	C	0.0	0.0	63	114	0	1	0	0	0	0	0	0	0	0	0	12	75	14	J	1	83	E	13	60	126	32	12	0	0	0	0	69	29	510	64	1	9	10	3	0	9	49	15	0	0	0	0	0	0	0	0	0	0	0	48	36	0	18.7728263245348	18.3011020361699	10.9776980836608
21	C	20.0	5.0	60	100	0	0	0	0	0	2	0	0	0	0	0	12	55	10	J	1	67	E	11	72	117	22	12	0	0	0	0	81	33	540	67	0	7	9	2	0	7	60	20	0	0	0	0	0	0	0	0	0	0	0	44	40	0	4.51623038793546	2.3812077447406	5.12782935236975
31	C	0.0	0.0	62	130	0	0	0	0	0	0	0	0	0	0	0	12	55	8	J	1	67	E	14	80	152	30	12	0	0	0	0	88	35	440	92	0	8	9	3	0	5	66	20	0	0	0	0	0	0	0	0	0	0	0	46	40	0	-2.97233654638693	-1.18367303421122	0.175735148090782
39	C	8.0	20.0	63	125	0	0	0	0	0	0	1	0	0	1	0	14	35	8	I	1	47	B	14	60	137	54	12	2	4	0	0	80	29	180	58	0	1	3	7	0	1	66	18	3	0	0	2	0	0	0	0	0	0	4	43	40	0	-3.01821287266257	-3.48573585783355	-2.49573958147008
25	C	20.0	10.0	64	151	2	0	1	0	0	0	1	0	0	1	0	8	45	10	J	1	73	E	13	64	167	26	12	1	0	0	0	89	40	510	61	1	9	9	2	0	6	61	17	0	0	0	0	0	0	0	0	0	0	0	49	41	0	-0.555270018143755	1.65918959675442	3.99882722790935
34	C	20.0	15.0	64	130	0	3	2	0	0	1	2	0	0	0	0	12	85	13	J	1	73	E	11	64	154	29	12	0	1	0	0	85	40	625	74	0	8	9	0	2	4	56	18	0	0	0	0	0	0	0	0	0	0	0	46	48	0	13.9811779386135	14.7459196737789	8.29775454191003
30	C	15.0	15.0	63	118	0	0	0	0	0	0	3	0	0	0	0	12	55	5	J	1	73	E	11	74	136	32	12	0	1	0	0	84	35	360	45	0	9	9	2	0	6	63	19	0	0	0	0	0	0	0	0	0	0	0	46	40	0	1.01014475464744	-0.875723535188979	-0.955144386738071
23	C	10.0	10.0	63	108	0	0	2	0	0	0	0	0	0	0	0	12	35	10	J	1	43	E	13	70	129	24	10	0	1	0	0	82	34	500	58	0	7	9	3	0	3	60	16	0	0	0	0	0	0	0	0	0	0	0	43	42	0	0.347020080539054	1.59211987166385	3.3977470885853
21	C	10.0	5.0	63	122	0	0	2	2	0	0	1	0	1	0	0	11	55	17	J	1	45	E	14	70	141	24	9	1	0	0	0	82	40	500	68	0	9	9	3	0	7	56	18	0	0	0	0	0	0	0	0	0	0	0	44	43	0	6.65833473419703	5.39159370230059	10.1997242936398
39	C	20.0	20.0	65	156	0	0	0	0	0	2	0	0	0	0	0	10	65	20	J	1	57	E	15	70	177	35	12	1	2	0	0	78	35	510	98	0	6	8	4	0	3	78	21	5	0	0	0	0	0	0	0	0	0	4	44	41	1	-1.09412457173967	-6.60041125066092	-1.96584932139172
28	C	30.0	12.0	59	130	0	0	0	0	0	0	0	0	1	0	0	12	35	8	J	1	47	E	11	68	151	33	12	0	1	0	0	87	34	400	67	1	9	9	0	3	1	58	16	0	0	0	0	0	0	0	0	0	0	0	46	40	0	0.951960582142289	1.18016855803156	3.6545373148047
30	C	20.0	16.0	61	125	0	0	0	0	0	0	1	0	0	0	0	12	45	8	J	1	53	E	11	74	144	33	11	0	2	0	0	81	33	410	68	0	8	9	0	2	7	73	21	0	0	0	0	0	0	0	0	0	0	0	45	39	1	0.425592554149121	-3.61646008530088	1.0473486060462
24	C	0.0	0.0	66	140	0	0	2	0	0	0	1	0	0	1	0	10	35	12	J	1	37	B	12	80	168	30	10	0	1	0	0	88	40	470	89	0	8	9	3	0	9	72	20	0	0	0	0	0	0	0	0	0	0	0	47	39	0	-3.1992991661604	-1.7136272694171	2.64643594503146
27	C	0.0	0.0	65	135	0	0	0	1	0	1	2	0	1	0	0	14	65	10	J	1	83	E	13	62	169	29	18	0	0	0	0	84	35	580	81	1	1	7	2	0	8	61	17	0	0	0	1	0	0	0	0	0	0	0	49	40	0	0.364877485369304	0.82950519747695	4.58185299110812
26	C	0.0	0.0	62	114	0	0	2	0	0	0	0	0	1	0	0	12	55	10	J	1	80	E	12	76	122	27	12	0	0	0	0	88	36	530	64	1	3	8	2	0	3	46	16	0	0	0	1	0	0	0	0	0	0	0	46	39	0	3.93274055453772	4.9401362925371	7.14815679327146
23	C	0.0	8.0	66	116	0	1	0	0	0	0	0	0	0	1	0	13	45	10	L	1	83	E	12	72	133	30	18	0	0	0	0	77	32	520	67	0	9	9	0	2	4	55	16	0	1	0	0	0	0	0	0	0	0	0	45	41	0	14.5394454343512	14.4001580784337	6.94045796254441
17	C	20.0	3.0	62	104	0	0	2	0	0	0	1	0	0	0	0	8	35	15	J	1	47	E	10	70	136	23	11	1	0	0	0	84	28	310	48	0	8	9	2	0	3	60	19	0	0	0	0	0	0	0	0	0	0	0	43	40	1	6.21338658184456	2.44516486529159	5.46187198051222
27	C	20.0	12.0	62	121	0	1	0	0	0	0	0	0	0	0	0	13	45	18	G	1	50	E	12	70	132	44	11	2	0	1	1	77	25	470	86	0	9	9	2	0	4	65	21	0	0	0	0	0	0	0	0	0	0	0	44	40	0	11.9551315832349	11.9113684397624	4.36015840023093
22	C	10.0	6.0	64	122	0	0	0	0	0	0	0	0	2	0	0	12	45	17	G	1	43	E	12	60	144	28	7	0	0	0	0	84	29	550	69	0	2	9	3	0	3	65	19	0	0	0	0	0	0	0	0	0	0	0	47	40	0	0.0277035753686379	0.661698911179877	4.10899894608572
37	C	20.0	18.0	65	165	4	2	0	0	0	2	1	0	0	0	0	12	65	6	J	1	80	E	13	90	166	39	12	1	2	0	1	79	27	510	98	0	8	8	2	0	3	66	18	5	0	0	0	0	0	0	0	0	0	4	44	41	0	7.06733437917911	7.08458305840655	-3.95823671991372
20	C	36.0	8.0	63	120	0	0	0	1	0	0	0	0	0	0	0	9	55	10	J	1	47	E	11	70	131	23	9	0	0	0	0	81	31	350	65	0	9	9	2	0	3	52	15	0	0	0	0	0	0	0	0	0	0	0	44	39	0	3.71093737767217	4.55144206495699	6.31222021418148
24	C	0.0	0.0	64	115	0	0	2	0	0	0	1	0	0	0	1	12	35	10	J	1	43	E	16	70	136	23	10	0	0	0	0	83	34	350	69	1	8	9	2	0	3	63	18	0	0	0	0	0	0	0	0	0	0	0	46	41	1	1.63954185703269	0.351668749179348	2.14654654028091
40	C	0.0	10.0	63	115	0	0	0	0	0	2	0	0	2	0	0	12	45	12	J	1	33	E	16	74	137	37	8	0	0	0	0	78	36	510	62	1	8	9	2	0	8	60	18	0	0	0	0	0	0	0	0	0	0	0	48	39	0	3.36283875982842	3.45398435715085	7.66882938592584
21	C	0.0	2.0	64	125	0	0	0	0	0	0	0	0	0	0	1	12	25	10	I	1	47	B	10	70	138	24	12	1	0	0	0	70	31	330	44	0	9	9	2	0	3	70	20	0	0	0	0	0	0	0	0	0	0	0	43	40	0	-3.73850392004567	-2.83057305121988	-1.13376551917995
25	C	0.0	0.0	63	110	0	1	2	0	0	0	1	0	0	0	0	8	55	12	J	1	57	E	12	70	152	25	8	0	0	0	0	77	33	600	57	0	9	9	2	0	3	60	18	0	0	0	0	0	0	0	0	0	0	0	46	41	0	11.8782265782787	12.7324715971392	3.44152728265172
24	C	30.0	7.0	65	127	0	0	2	0	0	1	0	0	0	0	0	14	45	13	J	1	63	E	13	60	148	34	12	0	0	0	0	84	38	430	74	1	9	9	0	3	9	62	18	0	0	0	0	0	0	0	0	0	0	0	46	40	0	0.991802220452465	2.80331601010626	9.46062186262533
19	C	10.0	4.0	62	117	0	0	2	0	0	1	2	0	0	0	0	10	35	15	J	1	27	E	12	50	137	26	9	0	0	0	0	77	35	425	68	1	6	9	3	0	8	58	16	0	0	0	0	0	0	0	0	0	0	0	45	41	0	4.77803244447728	4.81454143882481	9.83810224538293
22	C	0.0	5.0	66	160	0	0	0	0	0	0	0	0	0	0	0	11	45	6	J	1	60	E	11	70	176	26	12	0	0	0	0	74	32	690	52	0	9	10	2	0	2	55	15	0	0	0	0	0	0	0	0	0	0	0	44	41	0	1.84673376304354	1.71327865455372	1.03694591722402
23	C	20.0	7.0	62	115	0	0	0	0	0	0	1	0	0	0	0	9	45	13	J	1	50	E	16	60	132	25	11	2	0	0	0	72	31	365	40	0	8	8	4	0	4	39	13	0	0	0	0	0	0	0	0	0	0	0	43	37	0	8.99839292079419	8.22430184158462	12.2090216685434
25	C	30.0	9.0	61	130	0	0	0	0	0	0	0	0	0	0	0	9	55	17	J	1	57	E	16	74	138	26	11	3	0	0	0	74	22	440	39	1	8	9	1	0	5	49	15	0	0	0	3	0	0	0	0	0	0	3	43	36	0	7.43761679685617	7.37403460556171	13.8372451075155
23	C	1.0	23.0	59	109	0	0	0	1	0	1	0	0	0	0	0	12	45	10	J	1	60	E	10	70	130	28	12	0	0	0	0	76	30	400	51	1	9	9	3	0	3	50	14	0	0	0	0	0	0	0	0	0	0	0	45	37	0	4.78054483330777	5.07075045822028	6.60788860124531
28	C	0.0	0.0	52	129	0	0	0	0	0	0	2	0	0	0	0	12	45	10	J	1	53	E	13	70	146	35	12	0	0	0	0	80	31	490	50	1	9	9	2	0	3	57	15	0	0	0	0	0	0	0	0	0	0	0	49	41	0	0.772166693724558	2.64387996926496	4.28266086694397
31	C	0.0	0.0	62	137	0	0	0	0	0	1	1	0	0	0	0	12	55	18	J	1	57	E	13	70	151	38	12	0	0	0	0	78	33	495	67	1	7	9	3	0	4	52	15	0	0	0	0	0	0	0	0	0	0	0	46	39	0	5.47804639330797	6.02917838017415	9.83521750357724
23	C	0.0	0.0	65	118	0	0	2	0	0	0	0	0	0	0	0	14	65	10	J	1	83	B	12	62	129	25	14	0	0	0	0	74	23	620	65	1	9	10	2	0	2	60	18	0	0	0	0	0	0	0	0	0	0	0	46	39	0	0.82103111064239	0.72349128126722	1.37618316061984
38	C	20.0	15.0	66	128	0	0	0	0	0	0	2	0	0	0	1	11	45	13	A	1	50	E	14	76	142	39	10	1	0	0	0	87	42	430	36	1	9	9	0	2	5	40	22	0	0	0	0	0	0	0	0	0	0	0	48	39	0	9.6076125318928	9.57292649508309	15.362983714283
24	C	2.0	8.0	64	155	0	0	0	0	0	1	0	0	0	0	0	9	35	15	J	1	33	E	16	70	157	25	8	0	0	0	0	82	39	430	69	1	9	9	2	0	5	62	19	0	0	0	0	0	0	0	0	0	0	0	46	41	1	7.58419301375441	2.40212018780344	6.40516169602316
26	C	15.0	10.0	62	140	0	0	0	0	0	0	0	0	1	0	0	9	45	14	J	1	40	E	16	60	153	27	8	0	0	0	0	78	34	360	70	0	8	8	2	0	7	66	22	0	0	0	0	0	0	0	0	0	0	0	45	40	0	-0.853654304279189	-0.227702594385419	5.0545674254949
25	C	0.0	0.0	60	145	0	0	0	1	0	2	0	1	0	0	0	12	35	13	J	1	33	E	14	80	181	28	8	0	0	0	0	80	33	500	52	0	9	9	3	0	3	39	11	0	0	0	0	0	0	0	0	0	0	0	47	42	0	9.86621561977696	9.29415258862717	12.1781917602047
24	C	0.0	0.0	68	130	0	0	2	0	0	0	0	0	0	1	0	12	55	5	J	1	77	E	14	60	150	25	12	0	0	0	0	78	27	600	58	1	9	9	2	0	11	57	18	0	0	0	0	0	0	0	0	0	0	0	47	42	0	1.91705018397304	2.55788130257816	3.75550895492516
25	C	20.0	6.0	65	165	0	0	0	0	0	2	0	0	0	0	0	10	85	12	J	1	60	E	11	70	171	29	10	0	0	0	0	83	37	450	61	1	9	9	2	0	9	66	20	0	0	0	0	0	0	0	0	0	0	0	46	38	0	0.425976094594433	0.777467120376227	4.75443423253372
23	C	10.0	8.0	61	110	0	1	0	0	0	0	1	1	2	0	0	7	45	20	J	1	40	E	13	52	139	26	7	0	0	0	0	80	34	430	57	1	9	10	0	2	4	49	14	0	0	0	0	0	0	0	0	0	0	0	48	42	0	18.2327427803357	18.5510238466601	14.0050216813663
30	C	0.0	0.0	63	155	0	0	0	1	0	0	0	0	1	0	0	12	75	14	J	1	43	E	13	100	194	32	9	0	0	0	0	80	30	525	72	1	8	9	2	0	8	68	20	1	0	0	0	0	0	0	0	0	0	0	47	39	0	2.46530514737271	0.222661115712408	4.71211946537238
39	C	30.0	19.0	67	182	0	0	0	0	0	0	1	0	0	0	0	12	75	18	J	1	40	E	15	60	188	43	9	0	0	0	0	81	30	575	53	1	9	9	2	0	5	57	19	0	0	0	0	0	0	0	0	0	0	0	47	40	0	6.05359147860144	4.69817190613688	9.14146983375645
27	C	1.0	12.0	65	135	0	0	0	1	0	0	1	0	0	1	0	10	75	17	J	1	70	E	11	60	163	38	12	0	1	0	0	84	32	490	72	0	9	9	2	0	1	69	22	0	0	0	0	0	0	0	0	0	0	0	46	42	0	-2.01308469394686	-2.27787336600869	-0.310686696790866
30	C	10.0	16.0	65	145	2	0	1	0	0	1	1	0	0	0	1	13	85	15	J	1	73	E	11	80	168	40	12	0	1	0	0	78	32	620	87	1	9	10	2	0	2	56	18	0	0	0	0	0	0	0	0	0	0	0	46	42	0	3.50535555438955	3.31341583898465	5.43658350046221
28	C	10.0	11.0	64	127	0	3	0	0	0	0	0	0	0	0	0	12	45	12	J	1	60	E	12	56	161	30	12	0	0	0	0	80	37	500	58	0	7	9	3	0	9	51	15	0	0	0	0	0	0	0	0	0	0	0	46	41	0	15.6119365467244	17.5803729177316	10.1718875908744
33	C	0.0	0.0	64	145	0	0	0	0	0	0	1	0	0	1	0	12	55	10	J	1	80	E	12	78	168	35	12	1	1	0	0	31	12	200	43	0	4	8	6	0	4	58	16	5	1	0	1	0	0	0	1	1	0	3	45	37	0	1.63918424010233	1.06325201341427	3.62719827765368
33	C	0.0	0.0	64	145	0	0	0	0	0	0	1	0	0	1	0	12	55	10	J	1	80	E	12	78	168	35	12	1	1	0	0	21	15	400	41	0	2	8	2	0	7	52	16	0	0	0	1	0	0	0	0	0	0	1	46	37	0	3.35689535620326	4.06085888384416	7.61636852260821
25	C	10.0	8.0	63	97	0	0	0	0	0	0	1	1	1	0	0	9	45	13	J	1	40	E	13	80	130	26	8	0	0	0	0	78	32	500	46	1	8	9	3	0	1	54	16	0	0	0	0	0	0	0	0	0	0	0	45	42	0	3.43967754972698	3.72844513250027	5.45888450024335
26	C	30.0	6.0	61	140	0	0	0	0	0	0	1	0	0	0	0	12	15	10	J	1	40	E	10	80	154	31	12	0	0	0	0	79	27	370	59	0	9	9	2	0	7	64	20	5	1	0	0	0	0	0	0	0	0	1	47	38	0	0.373917907849303	1.05814446870294	4.26722884324576
27	C	0.0	0.0	64	124	0	0	0	0	0	1	1	0	1	0	0	9	45	10	J	1	53	E	14	90	142	29	12	0	2	0	0	84	34	510	75	0	9	9	2	0	14	59	17	0	0	0	0	0	0	0	0	0	0	0	45	41	0	4.28490807600997	4.30893542111154	8.98763103779993
28	C	0.0	0.0	58	140	0	0	0	0	0	0	1	0	0	0	0	12	35	10	J	1	53	B	13	70	158	33	12	0	1	0	0	83	38	500	57	1	8	8	2	0	6	49	14	0	0	0	0	0	0	0	0	0	0	0	46	38	0	4.20671384278718	5.18158523231748	8.92200561848392
29	C	4.0	5.0	62	140	0	0	1	0	0	0	1	0	0	0	0	13	65	15	J	1	57	E	13	80	130	31	11	0	0	0	0	82	35	390	83	1	8	9	3	0	3	62	16	0	0	0	0	0	0	0	0	0	0	0	46	41	0	0.185129130368031	1.49734429482598	4.33022598229538
23	C	30.0	9.0	63	145	4	0	0	0	0	1	0	0	0	0	1	12	65	10	J	1	57	E	12	74	161	26	9	1	0	0	1	82	34	400	51	0	7	9	2	0	4	67	20	0	0	0	0	0	0	0	0	0	0	0	45	39	0	-1.33551345193565	-1.26099926564458	0.663319752668934
26	C	0.0	0.0	64	120	0	0	0	0	0	0	0	0	0	0	0	12	45	7	J	1	70	E	13	76	139	31	12	0	0	0	0	83	41	410	78	1	9	9	2	0	3	61	18	0	0	0	0	0	0	0	0	0	0	0	48	41	0	-1.213356526397	-0.0083359701380358	0.112698200237909
39	C	0.0	0.0	66	144	0	0	2	1	0	0	0	0	0	0	0	12	65	12	J	1	70	E	13	80	169	40	12	0	2	0	0	82	30	590	73	1	9	9	3	0	6	53	15	0	0	0	0	0	0	0	0	0	0	0	49	41	0	5.42971893618201	5.17626623843467	8.18270608772016
31	C	0.0	0.0	62	145	0	0	0	0	0	0	0	0	0	0	0	12	45	9	J	1	70	E	13	76	156	37	12	0	1	0	0	83	34	530	88	1	8	9	0	3	8	65	20	0	0	0	0	0	0	0	0	0	0	0	49	39	0	-0.403957980935274	0.384731903482551	5.45724258029755
25	C	0.0	0.0	66	145	0	0	0	0	0	1	0	0	1	0	0	12	35	17	J	1	73	E	9	78	181	30	15	0	0	0	0	84	38	620	75	1	9	9	2	0	14	44	10	3	0	0	0	0	0	2	0	0	0	2	46	39	0	9.85683945391028	10.4146312082529	16.446390568422
38	C	4.0	22.0	66	204	0	0	0	1	0	0	0	0	0	0	0	12	95	13	J	1	60	E	11	84	215	39	10	0	0	0	0	82	33	710	57	1	9	9	3	0	4	49	15	0	0	0	0	0	0	0	0	0	0	0	47	40	0	5.26111096000756	6.31028563476056	9.08237504492505
29	C	0.0	0.0	63	118	0	0	0	0	0	0	0	0	0	0	0	14	85	7	J	1	80	E	13	66	142	35	12	0	0	0	0	80	33	590	68	1	7	9	3	0	2	61	18	0	0	0	0	0	0	0	0	0	0	0	48	42	0	-1.4294084926418	-0.495189962617476	-0.998409866373817
29	C	0.0	0.0	64	148	0	0	0	0	0	0	1	0	0	1	0	12	55	13	A	1	80	B	11	60	162	35	12	0	0	0	0	79	31	560	98	0	9	9	2	0	2	57	16	0	0	0	0	0	0	0	0	0	0	0	46	41	0	3.60842841135975	2.53334296465257	4.08850395555667
23	C	10.0	6.0	63	110	0	0	0	0	0	0	1	0	2	0	0	10	45	20	J	1	60	E	14	80	109	27	12	1	1	0	0	49	16	390	52	1	8	9	3	0	9	61	20	0	0	0	0	0	0	0	0	0	0	0	45	38	0	4.21402764911361	4.00632864423593	9.55257778717213
25	C	6.0	8.0	63	104	0	0	0	0	0	0	1	0	0	0	0	12	45	17	J	1	60	E	13	74	117	29	12	1	1	0	0	74	28	410	44	0	9	9	3	0	8	52	15	0	0	0	0	0	0	0	0	0	0	0	43	37	0	6.8130433414498	6.87521550046596	11.7097726813082
21	C	20.0	4.0	66	160	0	0	0	0	0	0	0	0	0	0	0	12	55	8	J	1	57	E	13	70	168	31	12	0	0	0	0	84	31	540	57	0	9	9	2	0	2	54	16	0	0	0	0	0	0	0	0	0	0	0	44	42	0	2.76177772632197	2.8258419104399	3.20959435355762
24	C	20.0	7.0	66	180	0	0	0	0	0	0	1	0	0	0	0	12	25	10	J	1	50	E	13	78	182	32	12	0	0	0	0	81	30	680	83	1	8	9	2	0	1	65	16	0	0	0	0	0	0	0	0	0	0	0	47	42	0	-0.477587063851104	-1.39165483209507	-0.716514878882768
28	C	23.0	10.0	65	133	0	0	1	0	0	2	0	0	0	0	0	9	35	15	J	1	53	E	11	44	170	40	12	0	0	0	0	76	22	510	51	0	9	10	2	0	6	54	15	0	0	0	0	0	0	0	0	0	0	0	46	42	0	5.80693222764152	5.52266087329262	9.51954198002089
24	C	10.0	9.0	61	115	0	0	0	0	0	1	2	2	1	0	0	8	45	18	J	1	70	E	14	60	124	28	12	1	0	0	0	78	29	415	53	1	8	9	2	0	0	58	17	6	2	2	0	0	0	0	0	0	0	1	43	37	0	1.92199654961393	1.96472038438645	3.42678182009503
42	C	10.0	18.0	63	119	0	0	0	0	0	1	1	0	2	0	0	12	55	12	J	1	73	E	14	68	137	41	12	0	2	0	0	87	33	550	66	0	9	9	3	0	4	57	16	0	0	0	0	0	0	0	0	0	0	0	46	41	0	2.1551112772506	3.11909519314468	5.38599055429155
39	C	0.0	7.0	62	135	0	0	0	1	0	0	0	0	0	0	0	12	75	13	J	1	53	E	13	74	151	45	8	0	0	0	0	83	34	410	55	1	9	9	0	3	11	56	15	0	0	0	0	0	0	2	0	0	0	1	48	39	0	4.15285182166207	5.7003119075732	13.0407553208134
41	C	0.0	9.0	62	140	0	0	0	0	0	0	0	0	1	0	0	12	65	12	J	1	50	E	13	78	149	46	8	0	1	0	0	76	35	425	48	0	9	9	0	2	6	60	16	0	0	0	0	0	0	0	0	0	0	0	45	39	0	0.971341891695959	2.93730333352737	8.73896539971966
42	C	0.0	0.0	64	210	2	1	0	0	0	0	0	0	2	0	0	8	65	11	I	1	70	B	14	88	276	42	12	0	0	0	0	82	38	390	58	1	8	9	3	0	8	56	18	0	0	0	0	0	0	0	0	0	0	0	48	40	0	16.9588749749536	15.2492942204109	7.10860571505063
27	C	30.0	7.0	63	140	0	0	0	0	0	1	1	0	0	0	0	12	45	18	J	1	63	E	10	76	146	28	10	0	3	0	0	85	36	490	50	0	9	9	2	0	3	51	16	0	0	0	0	0	0	0	0	0	0	0	43	40	0	6.15601857501358	5.98405648921329	9.29519117753055
23	C	2.0	8.0	64	157	1	1	0	0	0	0	2	0	0	0	0	13	35	12	J	1	43	E	11	70	160	26	10	0	0	0	0	82	38	350	49	0	8	9	2	1	5	65	19	4	0	0	0	0	0	0	0	0	0	2	46	40	0	11.6357118572467	11.4074225234175	3.09033474720201
25	C	3.0	8.0	64	161	1	1	0	0	0	0	0	0	0	0	0	13	55	15	J	1	57	E	13	70	166	27	10	0	0	0	0	86	38	365	53	0	8	9	3	0	8	73	20	3	0	0	0	0	0	0	0	0	0	0	46	41	0	9.43883946733184	8.72622526461147	1.72273492277908
28	C	1.0	9.0	65	126	0	0	2	4	0	0	1	0	0	0	0	12	45	12	J	1	70	E	14	60	151	29	13	0	0	0	0	84	33	640	38	1	9	9	3	0	12	45	13	0	0	0	0	0	0	0	0	0	0	0	45	43	0	7.76037242993397	9.05477863202827	13.6370266374921
30	C	0.0	0.0	58	115	1	0	0	1	0	1	2	0	2	0	0	15	5	6	J	1	40	E	13	68	129	32	11	1	1	0	0	80	35	395	63	0	10	10	0	3	7	60	20	0	0	0	0	0	0	0	0	0	0	0	44	37	1	5.55514807188216	1.65647241073171	5.59699561763927
27	C	10.0	12.0	65	155	0	0	0	0	0	0	2	0	0	0	0	11	65	10	J	1	57	E	14	70	181	30	10	0	0	0	0	78	40	450	53	0	8	9	2	0	6	66	18	0	0	0	0	0	0	0	0	0	0	0	44	41	1	3.44770979654907	-0.272769457312924	2.32956350146391
38	C	0.0	0.0	64	150	1	0	0	0	0	0	0	0	0	0	1	8	85	12	I	1	50	B	11	90	177	38	8	1	1	0	0	80	35	675	67	1	8	9	0	2	6	69	19	0	0	0	0	0	0	0	0	0	0	0	47	42	0	-0.932421626198703	-0.966588114842291	4.80124384650146
29	C	0.0	12.0	67	194	0	0	0	0	0	0	0	0	1	0	0	16	55	8	J	1	73	E	11	66	206	31	12	1	0	1	0	82	32	510	58	0	9	9	2	2	8	64	20	0	0	0	0	0	0	0	0	0	0	0	47	38	0	1.13453442112866	0.336041899406418	2.49684206303685
29	C	0.0	12.0	67	194	0	0	0	0	0	0	0	0	1	0	0	16	55	8	J	1	73	E	11	66	206	31	12	1	0	1	0	84	35	400	54	1	8	9	2	2	8	58	18	0	0	0	0	0	0	0	0	0	0	0	48	38	0	1.17480242740775	2.79667086014947	4.97879419242745
22	C	30.0	6.0	61	97	0	0	0	0	0	0	0	2	0	0	0	11	45	10	J	1	47	E	12	68	133	23	9	1	0	0	0	78	39	370	63	0	9	9	3	0	3	72	22	0	0	0	0	0	0	0	0	0	0	0	44	40	0	-5.54759493362476	-3.78601634864584	-2.09748843896638
27	C	0.0	0.0	65	202	0	0	0	1	0	1	0	1	0	0	0	12	35	10	J	1	43	E	13	80	213	39	12	0	0	0	0	82	35	650	56	0	9	9	3	0	0	54	15	0	0	0	0	0	0	0	0	0	0	0	46	40	1	3.61177245886158	2.52330668318096	2.644938797317
26	C	0.0	0.0	61	120	0	0	0	0	0	0	0	0	0	0	0	12	35	17	J	1	43	E	15	70	134	29	10	0	0	0	0	76	26	475	71	1	9	9	3	0	3	64	16	0	0	0	0	0	0	0	0	0	0	0	46	41	0	2.532644484415	1.09546275916662	4.54652167841926
27	C	0.0	12.0	64	115	0	0	1	0	0	0	0	0	1	0	0	14	55	10	J	1	77	E	11	82	147	28	13	0	0	0	0	77	38	500	58	1	8	9	1	2	7	61	17	0	0	0	0	0	0	0	0	0	0	0	46	39	0	1.46461423262895	2.01246587918535	7.04630976422518
23	C	0.5	6.0	60	92	0	0	0	0	0	0	0	0	1	0	0	9	45	17	J	1	70	E	12	56	121	24	12	0	1	0	0	85	34	400	53	0	8	8	2	0	3	53	16	0	0	0	0	0	0	0	0	0	0	0	44	50	0	2.74686522409853	3.91045410799276	7.93330793184069
24	C	0.0	0.0	63	100	1	1	0	0	0	1	0	0	0	0	0	11	45	10	J	1	30	E	15	70	123	27	9	0	0	0	0	78	34	320	71	0	8	9	3	0	9	61	16	0	0	0	0	0	0	0	0	0	0	0	44	42	0	12.6529526613752	13.787053645015	6.29058905258647
22	C	5.0	6.0	66	130	0	0	0	0	0	0	0	0	0	0	0	12	55	10	J	1	57	E	13	70	157	25	10	0	0	0	0	83	35	390	66	0	9	9	2	0	4	58	19	0	0	0	0	0	0	0	0	0	0	0	46	40	0	1.56092028570816	2.52120552442316	4.47830014274985
23	C	20.0	6.0	61	118	0	1	0	0	0	0	0	0	0	1	0	10	55	13	J	1	67	E	15	70	139	24	12	0	0	0	0	81	34	650	47	1	9	9	3	0	7	50	14	0	0	0	0	0	0	0	0	0	0	0	48	40	0	16.0485682802	17.5739078187445	9.75581131202675
38	C	0.5	22.0	61	105	1	0	0	0	0	0	1	0	0	0	0	12	55	20	J	1	53	E	11	92	119	39	9	0	3	1	0	72	25	260	52	0	9	9	3	0	12	67	19	0	0	0	0	0	0	0	0	0	0	0	43	41	0	2.11816363386963	2.08541553847233	8.44588526556628
29	C	20.0	12.0	66	140	0	0	0	0	0	0	0	0	0	0	0	12	55	10	J	1	57	E	12	60	157	28	12	1	1	0	0	81	21	430	49	1	9	9	4	0	7	43	13	0	0	0	0	0	0	0	0	0	0	0	47	33	0	9.37970998197822	8.38908437147059	11.3626153924778
25	C	30.0	8.0	62	122	1	0	0	0	0	1	0	1	2	2	0	10	45	10	J	1	50	E	12	70	145	28	11	0	0	0	0	82	26	360	60	1	9	9	3	0	8	60	20	6	0	0	0	0	0	0	0	0	0	0	44	41	1	5.78119032139957	2.82130522582509	6.14636435949033
25	C	0.0	0.0	65	115	0	0	0	0	0	2	2	0	0	0	0	12	45	8	J	1	73	E	12	60	137	29	16	0	0	0	0	81	27	320	50	0	9	9	3	0	3	55	16	0	0	0	0	0	0	0	0	0	0	0	47	40	0	2.005894840138	2.61699630060374	3.16551620881467
31	C	0.0	0.0	63	146	0	0	0	0	0	0	1	0	0	0	0	12	45	10	J	1	73	E	12	70	171	34	12	0	0	0	0	79	29	520	98	0	10	10	2	0	2	52	16	0	0	0	0	0	0	0	0	0	0	0	45	44	0	3.97391332554956	3.86037218993465	4.71409821773508
22	C	15.0	8.0	62	136	0	0	0	0	0	0	0	1	1	0	0	12	35	13	J	1	67	E	11	74	132	26	12	0	0	0	0	77	29	290	44	0	8	9	4	0	4	60	18	0	0	0	0	0	0	0	0	0	0	0	44	37	0	2.24981308025936	2.19334218455732	4.8074368502518
36	C	0.0	17.0	61	135	0	0	0	0	0	0	0	1	2	0	0	14	75	11	J	1	83	E	15	70	154	36	13	0	1	0	0	82	30	500	75	0	9	9	2	0	3	61	17	0	0	0	0	0	0	0	0	0	0	0	45	40	0	0.755602850239841	0.895482779348668	2.30330537595082
27	C	3.0	17.0	60	117	1	0	0	0	0	2	2	0	1	1	0	9	45	12	F	1	43	E	10	70	138	37	8	0	0	0	0	83	34	330	49	1	9	10	2	0	3	67	18	0	0	0	0	0	0	0	0	0	0	0	45	37	1	1.08521407693842	-0.982412301596172	1.38496145885791
21	C	0.0	7.0	60	87	0	0	2	0	0	0	0	0	0	0	0	12	35	13	A	1	37	E	12	70	107	24	8	0	0	0	0	80	28	540	56	0	8	9	2	0	3	61	17	4	0	0	0	0	0	0	0	0	0	0	46	40	0	1.13828197016513	1.8548263539279	4.60346736142863
22	C	10.0	8.0	61	88	0	0	0	0	0	0	0	0	0	0	0	12	65	17	A	1	57	E	12	68	108	25	11	0	0	0	0	74	36	455	58	1	9	9	3	0	3	49	19	0	0	0	0	0	0	0	0	0	0	0	47	41	1	10.3404724608325	6.61213649451507	9.86489582542108
23	C	2.0	3.0	60	109	0	0	0	0	0	1	0	0	0	0	1	10	35	14	J	1	63	E	12	76	136	24	12	0	0	0	0	80	30	480	43	0	5	8	3	0	7	60	20	0	0	0	0	0	0	0	0	0	0	0	45	39	0	2.60685037323875	2.02041149991351	6.91809013452458
26	C	0.0	0.0	60	145	0	0	0	1	0	1	0	1	0	0	0	10	55	14	J	1	77	E	11	68	152	27	12	0	0	0	0	79	35	520	56	1	7	8	2	0	6	56	17	0	0	0	0	0	0	0	0	0	0	0	44	41	0	3.640243277753	3.16309518821186	7.53048655389284
26	C	20.0	10.0	63	120	0	0	0	0	0	4	0	0	0	0	0	12	25	17	J	1	53	E	15	90	131	27	12	3	0	0	0	82	37	550	82	0	5	9	2	0	6	52	15	0	0	0	0	0	0	0	0	0	0	0	46	34	1	10.2529179584217	6.50129165386213	10.8822075082063
24	C	0.125	6.0	65	175	0	0	0	1	0	0	0	0	0	1	0	12	45	13	J	1	43	E	11	68	175	28	10	0	2	0	1	79	29	390	78	1	9	9	3	0	3	63	19	0	0	0	0	0	0	0	0	0	0	0	46	39	0	2.80715512212428	0.944036573350847	3.57873561687807
31	C	0.0	0.0	64	124	0	0	0	0	0	3	1	0	0	1	0	14	45	10	J	1	73	E	11	80	145	34	12	0	1	0	0	83	39	420	61	0	9	9	3	0	5	54	16	0	0	0	0	0	0	0	0	0	0	0	46	42	0	3.57015984381948	4.10599598674306	6.14709839784445
20	C	10.0	3.0	59	115	0	0	0	0	0	0	1	0	0	1	0	11	55	8	J	1	63	E	10	62	128	21	12	0	0	0	0	82	39	445	60	0	5	9	2	0	2	44	13	0	0	0	0	0	0	0	0	0	0	0	46	40	0	5.61584460281746	6.04000068962971	6.34661460494197
21	C	10.0	4.0	59	119	0	0	0	0	0	0	0	0	0	0	0	11	55	12	J	1	75	E	9	68	135	22	12	0	0	0	0	78	32	380	64	0	9	9	3	0	4	46	15	0	0	0	0	0	0	0	0	0	0	0	45	40	0	8.57728765298277	6.89897834293605	9.16381405511097
36	C	0.0	13.0	63	160	0	0	0	0	0	0	1	0	0	0	0	12	45	6	J	1	53	E	14	60	178	39	12	0	0	0	0	75	27	360	53	1	9	10	2	0	6	57	16	0	0	0	0	0	0	0	0	0	0	0	47	37	1	3.42841456878961	2.2658784722889	3.22199427947476
23	C	20.0	9.0	62	160	1	0	1	0	0	0	0	0	1	0	1	11	35	5	J	1	43	E	13	80	172	26	11	0	0	0	1	79	38	220	87	0	3	9	3	0	2	70	20	0	0	0	0	0	0	0	0	0	0	0	46	40	0	-5.6108263534216	-4.84093142346957	-5.93415738507389
29	C	10.0	7.0	63	150	0	0	0	0	0	1	0	0	0	0	0	12	35	15	J	1	43	E	9	65	182	31	12	0	0	0	0	75	39	380	52	1	9	8	3	0	3	66	22	0	0	0	0	1	0	0	0	0	0	1	47	39	1	4.32377918256244	-1.21177139440368	2.86441581369575
25	C	1.0	4.0	62	116	1	0	0	0	0	0	0	0	1	0	0	10	25	6	J	1	47	E	11	60	135	29	12	0	1	0	0	81	30	550	55	0	9	9	2	0	1	61	21	0	0	0	0	0	0	0	0	0	0	0	44	42	1	-2.14538045816856	-0.892506729390405	-1.89863023481852
21	C	3.0	5.0	66	135	0	0	0	0	0	0	0	0	0	0	0	12	45	8	J	1	77	E	12	66	150	26	12	0	0	0	0	79	34	470	43	1	9	9	3	0	6	58	16	0	0	0	0	0	0	0	0	0	0	0	46	41	0	4.18891935371637	2.28302181427131	3.81801243720572
22	C	0.125	6.0	66	131	0	0	0	0	0	0	0	0	0	0	0	12	55	10	J	1	80	E	12	76	155	28	12	0	0	0	0	86	38	475	56	0	8	9	3	0	9	58	20	0	0	0	0	0	0	0	0	0	0	0	46	40	0	2.52237027586851	3.44452352082572	6.51188373957196
25	C	0.0	0.0	64	120	0	1	0	0	0	0	1	0	2	1	1	14	75	10	J	1	60	B	12	90	138	24	10	0	0	0	0	76	35	395	63	1	9	9	0	2	9	65	23	0	0	0	0	0	0	0	0	0	0	0	47	43	0	11.0463220336949	11.8727540320273	6.29536653786555
29	C	30.0	9.0	67	124	0	0	2	0	0	0	0	0	1	0	0	12	45	8	J	1	53	E	14	70	141	30	10	1	0	0	0	77	24	365	61	1	8	9	3	0	9	59	16	0	0	0	0	0	0	0	0	0	0	0	47	33	0	2.0793015058334	2.86833679477911	5.66159365561333
30	C	20.0	11.0	67	119	0	0	0	0	0	0	1	0	1	0	0	12	55	10	J	1	47	E	13	58	140	31	9	2	0	0	0	77	24	350	59	0	9	10	2	0	2	60	20	0	0	0	0	0	0	0	0	0	0	0	44	37	0	0.856856383588143	1.18049613651393	2.46604810028964
32	C	20.0	13.0	67	114	0	0	1	0	0	0	2	1	3	0	0	12	65	12	J	1	50	E	14	70	136	32	9	3	0	0	0	58	22	415	39	1	4	5	5	0	7	29	10	7	1	1	6	0	0	0	1	0	0	4	47	31	0	11.7615992470251	11.10540444001	15.8300468661729
22	C	17.0	9.0	63	110	0	0	0	0	0	0	0	0	0	0	0	12	45	8	J	1	53	E	11	70	125	25	10	0	0	0	1	86	36	350	66	1	7	9	2	0	1	62	16	0	0	0	0	0	0	0	0	0	0	0	46	39	0	-1.94121590917129	-0.674421651236409	-0.78620644212668
19	C	0.0	0.0	64	177	0	0	0	0	0	0	0	0	0	0	0	9	55	10	J	1	43	E	11	70	205	22	9	0	0	0	0	82	30	440	56	1	8	9	2	0	6	54	20	0	0	0	0	0	0	0	0	0	0	0	47	41	0	6.47694989045658	4.74625582619204	7.63818799247097
23	C	0.0	0.0	61	115	0	0	1	0	0	0	0	0	0	0	0	7	45	6	F	1	67	E	14	80	139	23	12	0	0	0	0	83	31	545	67	0	8	9	2	0	7	57	17	0	0	0	0	0	0	0	0	0	0	0	47	42	0	2.70384957623829	2.32713989748831	3.33493150910219
31	C	0.0	0.0	62	139	0	3	0	4	0	0	0	0	1	1	0	12	75	14	J	1	93	E	11	80	155	35	14	0	0	0	0	81	33	540	50	1	9	9	3	0	6	57	17	0	0	0	0	0	0	0	0	0	0	0	48	39	0	16.0748950426398	14.6528071054508	6.29045455593025
33	C	0.0	0.0	61	140	0	1	0	1	0	0	0	0	2	0	0	12	85	11	J	1	73	E	11	78	149	37	12	0	0	0	0	75	31	400	55	1	9	8	4	0	11	51	17	0	0	0	3	0	0	0	0	0	0	0	46	37	0	18.2014551305976	16.4430854224224	10.0249775635632
22	C	0.0	0.0	65	165	0	0	1	0	0	0	1	0	0	0	0	12	45	10	J	1	63	E	12	72	184	27	12	0	0	0	0	83	28	400	51	1	9	9	3	0	7	72	21	0	0	0	0	0	0	0	0	0	0	0	46	41	0	-2.80595332838502	-2.89494063053629	-0.12418561571169
23	C	0.0	0.0	64	170	0	1	0	0	0	0	0	0	0	0	0	12	55	12	J	1	67	E	12	70	193	28	12	0	0	0	0	79	34	365	69	0	9	9	3	0	3	57	16	0	0	0	0	0	0	0	0	0	0	0	44	42	0	14.9286935751035	13.7850411189819	4.32837137551826
24	C	0.0	0.0	65	180	0	0	0	0	0	1	0	0	0	0	0	12	65	15	J	1	70	E	12	80	192	30	12	0	0	0	0	82	35	385	53	0	6	8	2	0	7	64	20	0	0	0	0	0	0	0	0	0	0	0	45	41	0	-0.560576343467191	0.413583622517018	5.3856890170905
26	C	0.0	0.0	65	178	0	0	0	0	0	0	0	0	0	0	0	12	75	12	J	1	73	E	12	78	197	30	12	0	0	0	0	81	34	410	59	1	6	7	3	0	6	64	18	0	0	0	2	0	0	0	0	0	0	0	46	41	0	1.77421738904146	-0.353461185214936	3.57346847371501
34	C	20.0	12.0	64	118	0	0	0	0	0	0	2	1	0	0	1	15	55	18	J	1	57	E	14	78	144	37	12	1	0	0	0	84	34	470	69	0	9	9	2	0	3	68	20	0	0	0	0	0	0	0	0	0	0	0	48	35	1	2.10446929837172	-0.73919856683196	2.61866573640482
36	C	23.0	12.0	64	120	0	0	0	0	0	0	0	0	0	0	0	18	55	20	J	1	57	E	13	95	147	39	12	1	0	0	0	76	35	460	70	0	8	9	2	0	3	67	20	0	0	0	0	0	0	0	0	0	0	0	46	41	0	-0.596706077034929	-0.0674079062099922	3.60309095903081
27	C	40.0	10.0	64	110	0	0	0	0	0	0	3	1	0	0	0	10	55	20	J	1	67	E	13	64	133	34	12	2	1	0	0	80	32	350	75	1	9	9	2	0	1	77	24	0	0	0	0	0	0	0	0	0	0	0	46	42	0	-5.22250787142133	-5.83233008502249	-3.367999609752
21	C	0.0	3.0	65	118	0	0	0	0	1	0	0	0	0	0	0	10	45	8	J	1	83	E	14	70	142	29	18	0	0	0	0	81	32	440	60	1	8	9	0	3	6	51	15	0	0	0	0	0	0	0	0	0	0	0	46	41	0	5.11747525464081	4.93513392649136	8.85347882046512
25	C	0.0	0.0	66	129	0	0	0	0	0	1	0	0	0	0	0	12	75	15	J	1	93	E	13	82	151	34	18	0	0	0	0	78	29	540	74	0	9	9	0	3	5	62	21	0	0	0	0	0	0	0	0	0	0	0	44	40	0	2.88960968523505	1.80389660582484	7.21666683869036
23	C	8.0	6.0	64	135	0	0	0	0	0	1	0	0	0	0	0	8	55	8	J	0	70	E	10	60	160	29	16	0	0	0	0	84	40	450	59	0	8	9	0	2	10	45	14	0	0	0	0	0	0	2	0	0	0	1	47	40	0	7.50804688559261	7.90696082850064	13.1585044268978
26	C	0.0	0.0	61	147	0	0	0	0	0	0	0	0	0	0	0	12	35	13	J	1	47	E	11	74	169	27	12	1	0	1	0	85	31	580	76	1	8	9	2	0	4	57	16	0	0	0	0	0	0	0	0	0	0	0	47	42	0	3.10182471174909	3.62763718213267	6.60461965791202
26	C	0.0	0.0	65	138	0	3	0	0	0	0	0	0	0	0	0	10	55	12	J	1	67	E	11	80	145	28	12	0	0	0	0	80	31	395	55	0	8	9	3	0	5	46	15	0	0	0	0	0	0	0	0	0	0	0	44	38	0	15.3983006658878	18.1875540999922	9.50826880961327
31	C	0.0	0.0	65	135	0	0	2	0	0	1	2	0	1	0	0	12	55	6	I	1	73	B	13	74	162	31	12	0	1	0	0	82	32	400	42	0	9	9	3	0	2	47	14	0	0	2	0	0	0	0	0	0	0	2	45	38	0	6.34329028316887	4.28877152836403	3.40784849491477
32	C	0.0	0.0	64	145	0	0	1	0	0	1	2	0	0	0	0	12	55	7	I	1	63	B	13	80	169	32	12	0	2	0	0	77	34	440	57	1	2	8	2	0	5	49	15	0	0	0	1	0	0	0	0	0	0	0	47	38	0	3.92703167739653	3.9461417758588	5.98353241926169
28	C	30.0	8.0	66	118	0	0	0	0	0	0	1	0	4	0	0	11	55	12	J	1	53	E	13	76	136	32	10	0	1	0	0	74	30	435	54	1	4	9	6	0	5	18	16	0	0	0	1	1	0	1	0	0	0	3	44	36	1	15.7420031813624	13.4650262732544	16.5208705936138
19	C	0.0	5.0	61	110	0	1	0	0	0	0	0	0	0	0	0	10	35	10	J	1	33	E	12	60	139	24	10	0	0	0	0	81	40	480	52	1	8	9	2	0	5	65	16	0	0	0	0	0	0	0	0	0	0	0	46	37	1	0.97496237982142	11.121531413549	2.3948896128847
25	C	15.0	14.0	62	133	0	0	0	0	0	0	0	0	0	1	0	12	55	8	J	1	80	E	13	80	151	33	12	0	0	0	0	74	32	500	57	1	9	9	2	0	3	50	15	0	0	0	0	0	0	0	0	0	0	0	45	40	0	5.5223041862315	4.2919015774511	4.73318248262203
27	C	20.0	16.0	62	140	0	0	0	0	0	0	0	0	0	0	0	12	45	10	J	1	83	E	13	82	150	36	14	0	0	0	0	80	36	555	85	1	8	9	2	0	10	50	15	0	0	0	0	0	0	0	0	0	0	0	47	39	0	7.01918351501214	6.50897789319738	9.79811925684034
36	C	20.0	14.0	65	155	0	0	0	0	0	0	1	0	0	0	0	12	55	20	J	1	53	E	14	80	171	33	10	0	1	0	0	78	29	480	51	0	9	9	2	0	4	66	20	0	0	0	0	0	0	0	0	0	0	0	46	40	1	5.92223835368003	0.74560097488899	4.88281204015402
21	C	2.0	3.0	62	126	0	0	1	0	0	1	0	0	0	0	1	13	65	8	I	1	67	B	14	68	144	22	12	0	0	0	0	84	37	425	61	0	8	9	2	0	2	46	14	6	0	0	0	0	0	0	0	0	0	0	45	39	0	4.64044002650789	5.38515022380746	5.61623424323995
23	C	5.0	3.0	65	135	0	0	1	0	0	1	0	0	1	0	1	13	85	8	I	1	80	B	15	76	151	24	12	0	0	0	0	80	29	490	65	1	8	9	3	0	8	49	14	0	0	0	0	0	0	0	0	0	0	0	49	35	0	5.98639133898076	5.9430791983608	8.03071518924439
36	C	0.0	16.0	66	125	0	0	0	1	0	0	1	0	1	1	0	12	65	15	J	1	83	E	13	70	141	33	12	2	1	0	0	78	36	320	71	0	9	9	2	0	3	51	15	0	0	0	0	0	0	0	0	0	0	0	45	39	0	5.07836563017367	5.34463033359961	7.75756366058867
23	C	0.0	0.0	62	132	0	0	0	1	0	0	0	0	1	0	0	12	55	8	J	1	57	E	15	60	149	25	10	0	0	0	0	87	37	460	53	1	8	9	3	0	6	54	16	0	0	0	0	0	0	0	0	0	0	0	47	41	0	5.40287044954086	4.04193203999432	5.9412092803873
24	C	0.0	0.0	62	130	0	0	0	0	0	0	0	0	0	0	0	12	75	15	J	1	53	E	14	70	154	25	9	0	0	0	0	77	36	410	52	1	9	9	3	0	7	51	15	0	0	0	0	0	0	0	0	0	0	0	46	41	0	8.17864761637081	6.81997806884299	11.1242380845905
30	C	0.0	0.0	62	112	0	0	2	0	0	0	0	1	0	0	0	9	75	12	J	1	87	E	12	90	130	32	12	0	0	0	0	81	33	450	45	0	4	9	2	0	5	44	13	0	0	0	0	0	0	0	0	0	0	0	46	41	0	9.59711273806059	7.63419021496046	10.0466823888463
36	C	0.0	0.0	63	135	0	0	1	0	0	1	0	2	0	0	0	12	35	8	J	1	57	E	12	76	154	35	12	0	0	0	0	83	28	490	28	1	8	9	2	0	2	59	18	5	0	0	0	0	0	0	0	0	0	0	46	40	0	1.4670187421024	0.927364527423608	1.29466526081286
23	C	25.0	5.0	66	130	0	0	0	1	0	0	2	1	0	0	0	12	65	10	J	1	77	E	13	90	147	27	12	0	0	0	0	76	28	400	64	1	8	9	3	0	2	76	26	0	0	0	0	0	0	0	0	0	0	0	45	42	0	-3.26210734915946	-6.51973776153883	-5.82557023815391
26	C	20.0	9.0	67	147	1	0	0	0	0	0	1	1	1	0	0	14	55	13	F	1	57	E	16	80	150	32	10	0	0	0	0	75	28	510	85	0	9	9	2	0	1	69	16	0	0	0	0	0	0	0	0	0	0	0	47	41	0	-3.27678394674443	-2.69122442939426	-1.31549760956323
21	C	20.0	4.0	66	155	0	0	0	0	0	0	0	0	0	0	0	12	65	6	J	1	70	E	12	70	168	25	12	0	0	0	0	85	25	290	65	1	4	9	2	0	8	61	18	0	0	0	0	0	0	0	0	0	0	0	46	40	0	1.37671617489338	0.92654441145325	2.14681343537213
22	C	20.0	7.0	66	147	0	0	0	0	0	0	0	0	0	0	0	12	55	8	J	1	63	E	11	65	169	26	12	0	0	0	0	70	30	350	67	0	9	9	3	0	7	50	16	0	0	0	0	0	0	0	0	0	0	0	46	41	0	4.44156748953908	5.60212430298867	7.70606686987717
28	D	5.0	10.0	66	180	0	0	0	0	0	1	1	0	0	0	0	13	35	16	J	1	67	B	9	78	205	31	15	0	0	0	1	77	26	620	68	1	5	9	0	2	1	57	16	0	0	0	1	0	0	0	0	0	0	0	47	38	0	2.16616485672888	2.87986049800365	7.22779469822002
22	D	0.0	0.0	62	113	0	0	1	0	0	1	1	0	0	0	0	10	85	20	J	1	63	E	13	68	126	40	10	0	0	0	0	84	28	500	71	0	8	9	3	0	3	54	16	0	0	0	0	0	0	0	0	0	0	0	41	41	0	6.02489471715342	5.14377119044312	8.75443718496907
21	C	6.0	2.0	66	140	0	0	1	0	0	5	0	1	0	0	1	12	45	10	J	1	77	E	12	50	167	24	12	0	0	0	0	82	33	725	65	1	10	10	2	0	10	51	14	0	0	0	0	0	0	0	0	0	0	0	50	40	0	7.3828247392043	6.24555926523472	9.63666148907952
24	C	20.0	5.0	66	147	0	0	0	0	0	1	1	1	0	0	0	12	65	10	J	1	90	E	13	74	176	26	13	0	0	0	0	82	34	570	74	1	9	9	2	0	1	62	16	0	0	0	0	0	0	0	0	0	0	0	48	41	0	-0.645380643559069	-0.617505825190392	-0.633165894663986
31	C	30.0	12.0	64	125	2	1	0	0	0	0	1	0	0	0	0	10	75	12	J	1	63	E	13	70	139	37	12	0	0	0	0	84	35	330	53	1	7	9	3	0	6	56	16	0	0	0	0	0	0	0	0	0	0	0	46	38	0	16.2559908534599	15.0711901957395	6.75449304724859
24	C	0.0	0.0	66	125	0	0	0	0	0	0	0	0	0	0	1	12	75	10	B	1	73	E	12	82	137	24	12	0	0	0	0	75	26	350	65	0	9	10	2	0	8	54	16	0	0	0	0	0	0	0	0	0	0	0	45	37	0	4.01529690651007	4.82742510082444	7.7675922155159
37	C	0.0	0.0	71	160	0	0	0	0	0	0	0	0	0	0	0	10	45	17	J	1	50	E	13	80	178	39	9	0	0	0	0	81	33	420	78	0	7	9	3	0	2	63	18	0	0	0	0	0	0	0	0	0	0	0	45	41	0	0.156730486563606	1.07249379850851	3.95407293322441
29	C	20.0	11.0	64	173	1	0	0	0	0	1	1	0	0	0	0	10	65	18	J	1	67	E	12	68	185	35	10	0	0	0	0	73	25	530	57	1	8	9	3	0	3	56	16	0	0	0	0	0	0	0	0	0	0	0	47	39	0	4.0790207246932	4.13614513660805	7.36141117464512
32	C	0.0	15.0	63	180	1	0	0	0	0	1	0	0	0	0	0	9	65	16	J	1	57	E	12	58	183	37	10	0	0	0	0	80	31	435	74	1	7	9	2	0	6	71	23	0	0	0	0	0	0	0	0	0	0	0	48	35	0	-0.795348381257381	-1.5344083498411	2.52584071980179
17	C	10.0	6.0	62	112	1	0	0	0	0	2	0	0	0	0	0	10	45	10	J	1	50	E	10	70	152	23	11	1	0	0	0	77	30	300	38	1	8	9	3	0	2	58	18	0	0	0	0	0	0	0	0	0	0	0	44	39	0	1.81591138285174	1.93532242171699	3.17464300088709
21	C	0.0	0.0	64	120	0	0	0	0	0	0	0	0	0	0	0	12	15	10	J	1	33	E	15	68	131	38	12	0	0	0	0	80	39	580	69	0	3	9	3	0	2	42	12	0	0	0	0	0	0	0	0	0	0	0	45	41	1	9.62008589883041	7.52632589894127	9.11434315077543
23	C	20.0	5.0	59	85	0	0	0	0	0	1	0	0	1	0	0	9	35	10	J	1	43	E	16	60	117	22	10	1	0	0	0	74	26	410	36	1	4	9	4	0	5	68	19	0	0	0	0	0	0	0	0	0	0	0	44	39	0	-0.822068199033116	-1.25362887598461	1.26657124879984
25	C	5.0	8.0	62	120	0	1	0	0	0	1	0	0	0	0	1	12	95	7	I	1	63	B	13	70	135	30	12	0	0	0	0	77	36	370	79	1	8	9	2	0	9	65	18	0	0	1	0	0	0	0	0	0	0	0	45	38	0	11.2185824169318	10.8202483286281	1.51921303298061
33	C	10.0	17.0	62	118	0	0	1	0	0	1	0	0	1	0	0	12	55	10	J	1	43	E	12	64	135	34	9	0	0	0	0	85	37	350	80	1	8	9	2	0	4	58	17	0	0	0	0	0	0	0	0	0	0	0	43	40	1	3.18022417869947	2.70004398831781	4.90479401787063
23	C	0.0	3.0	65	162	0	0	0	0	0	0	1	0	0	0	0	12	45	10	J	1	67	E	14	78	182	36	12	0	0	0	1	79	26	510	71	1	9	9	3	0	5	57	16	0	0	0	0	0	0	0	0	0	0	0	46	41	0	2.84919550278404	3.06318152624051	5.19983763819329
27	C	15.0	8.0	66	121	0	0	0	0	0	1	1	0	1	0	0	12	85	8	J	1	73	E	12	70	147	27	12	0	2	0	0	81	35	580	72	1	9	9	2	0	8	65	20	0	0	0	0	0	0	0	0	0	0	0	48	42	0	1.1817708495308	-0.0977219485803227	2.0593193307033
22	C	20.0	10.0	64	116	0	0	0	0	0	2	0	0	0	0	0	11	65	10	J	1	67	E	12	64	150	26	12	0	0	0	0	81	34	400	61	0	8	9	2	0	3	61	16	0	0	0	0	0	0	0	0	0	0	0	44	39	0	-0.743042074586699	0.879500356042143	2.25799983253618
29	C	20.0	12.0	68	150	0	0	0	0	0	1	1	1	1	0	0	10	35	13	F	1	47	E	13	70	163	33	10	0	2	0	0	80	29	560	70	1	7	9	2	0	3	60	20	0	0	0	0	0	0	0	0	0	0	0	48	41	0	2.1834716996975	2.13326172856847	4.7077725052478
26	C	0.5	5.0	63	108	0	0	0	0	0	0	0	0	0	0	0	9	75	10	J	1	70	E	14	70	127	34	12	0	0	0	0	81	34	545	34	0	8	9	3	0	3	59	17	0	0	0	0	0	0	0	0	0	0	0	46	38	0	1.9534083827363	1.64816933140587	2.98100681557314
28	C	20.0	14.0	69	172	0	0	0	0	0	1	0	0	0	0	0	12	85	17	J	1	70	E	14	80	180	29	12	0	0	0	0	75	28	565	70	1	9	9	2	0	6	58	18	0	0	0	0	0	0	0	0	0	0	0	45	40	0	3.79325447240633	4.06786733148256	8.13038092059415
21	C	0.0	0.0	64	145	0	0	0	0	0	0	1	0	0	0	0	10	35	17	J	1	53	E	12	80	169	25	11	0	0	0	0	64	19	690	63	1	9	9	2	0	3	57	18	0	0	0	0	0	0	0	0	0	0	0	50	41	0	3.90750705160933	3.81467714302588	7.1133394668771
25	C	0.0	0.0	64	155	0	0	0	3	0	0	1	0	0	0	0	11	75	15	J	1	70	E	12	68	167	28	11	0	0	0	0	75	33	510	50	0	8	9	0	3	6	60	20	0	0	0	0	0	0	0	0	0	0	0	47	41	0	1.85582950798568	3.17273395854942	9.3165517034634
32	C	7.0	12.0	67	155	0	0	0	0	0	1	0	1	0	0	1	12	45	15	J	1	73	E	13	70	172	33	12	0	0	1	0	81	35	565	62	0	9	10	3	0	2	52	14	0	0	0	0	0	0	0	0	0	0	0	45	39	0	4.81030681003555	4.76464315082927	6.90038676959665
22	C	0.0	0.0	63	135	0	0	0	0	0	2	0	0	0	0	0	12	45	10	J	1	70	E	12	78	162	24	16	0	1	0	0	79	34	630	62	1	7	10	3	0	11	34	10	0	0	0	0	0	0	2	0	0	0	1	46	43	0	11.8691191480627	11.3726550135398	15.1656353433933
21	C	3.0	5.0	60	106	0	0	2	0	0	0	1	0	0	0	0	12	35	10	J	1	43	E	12	90	135	21	8	0	0	0	0	81	30	490	68	1	8	9	2	0	4	60	18	0	0	0	0	0	0	0	0	0	0	0	45	40	0	2.79249077458524	1.9068693138329	4.1047458985792
27	C	0.0	0.0	62	215	0	0	0	0	0	1	0	0	1	0	0	12	35	12	J	1	60	E	11	88	181	32	12	0	0	0	0	80	41	570	85	1	6	9	3	0	2	52	16	1	0	0	0	0	0	0	0	0	0	0	48	41	0	2.33644200048019	4.43975879043485	6.10947124454251
33	C	0.125	15.0	63	189	0	0	0	0	0	1	3	0	0	0	0	12	45	15	J	1	43	E	12	80	217	38	9	1	2	0	1	82	38	500	97	1	9	9	2	0	3	67	19	0	0	0	0	0	0	0	0	0	0	0	47	42	0	-0.574493928826089	-0.492639283024356	2.56910336965739
29	C	20.0	13.0	59	102	0	0	0	0	0	0	1	0	0	0	0	10	55	10	J	1	80	E	16	55	125	32	12	1	0	0	0	86	35	350	86	0	5	9	2	0	2	75	22	0	0	0	0	0	0	0	0	0	0	0	45	39	0	-5.31810839639623	-6.04946436448793	-5.40336769022222
31	C	10.0	16.0	63	112	0	0	0	0	0	0	1	0	0	0	0	11	35	12	J	1	53	E	15	72	138	32	12	0	0	0	0	76	40	500	71	1	8	9	2	0	8	69	20	0	0	0	0	0	0	0	0	0	0	0	46	43	0	-0.858090488865699	-0.706379837467081	3.11947176165121
30	C	4.0	7.0	62	170	2	0	0	0	0	0	1	0	1	0	0	12	45	10	J	1	67	E	9	62	178	34	12	1	0	0	0	77	27	275	67	0	8	9	2	0	8	55	15	0	0	0	0	0	0	0	0	0	0	0	44	39	0	4.99635520093529	4.53724445457587	7.57948739840674
30	C	4.0	7.0	62	170	2	0	0	0	0	0	1	0	1	0	0	12	45	10	J	1	67	E	9	62	178	34	12	1	0	0	0	76	29	350	67	1	9	9	2	0	8	53	15	0	0	0	0	0	0	0	0	0	0	0	45	39	0	4.95660606064669	5.26285744180187	8.31138835848289
37	C	0.0	0.0	69	175	0	1	0	0	0	1	1	0	0	0	0	12	65	7	J	1	90	E	14	80	201	43	16	0	0	0	0	70	16	560	63	1	9	8	2	0	9	58	16	0	0	0	4	0	0	0	0	0	0	1	46	35	0	11.6437023795796	12.2069198027793	3.46889975000006
21	C	0.0	0.0	64	129	0	2	0	0	0	0	0	0	0	0	0	12	55	10	J	1	87	E	12	70	148	26	13	0	0	0	0	82	33	410	83	0	9	9	3	0	11	63	18	0	0	0	0	0	0	0	0	0	0	0	46	40	0	12.7328895250609	12.6175075791371	4.59470464198708
36	C	20.0	16.0	66	130	0	0	0	0	0	0	2	0	0	0	0	10	35	8	J	1	33	E	15	70	160	41	8	0	1	0	0	86	33	520	75	1	7	9	2	0	3	63	21	0	0	0	1	0	0	0	0	0	0	0	49	40	0	-0.0099231119734947	-0.0452097406694945	1.18276321006281
43	C	0.0	0.0	52	118	0	1	0	0	0	0	2	0	0	0	0	12	65	18	J	1	40	E	12	90	136	45	9	0	2	0	0	87	34	395	69	0	7	8	0	2	5	68	21	0	0	0	0	0	0	0	0	0	0	0	46	40	0	10.4284458299401	9.97830731172128	6.42159118151395
25	C	20.0	10.0	66	142	0	0	0	0	0	2	1	0	1	0	1	12	75	10	J	1	87	B	12	60	153	29	12	0	1	0	0	78	30	410	75	1	6	9	3	0	2	56	14	0	0	0	0	0	0	0	0	0	0	0	46	39	0	2.5650069881399	2.23238777300829	2.82876469688784
20	C	0.0	0.0	63	110	0	0	0	0	0	0	1	0	0	0	0	12	35	10	J	1	50	E	14	75	120	24	11	1	1	0	0	82	37	430	22	0	9	9	2	0	3	60	18	0	0	0	0	0	0	0	0	0	0	0	44	40	0	1.78070310284291	1.50254551511512	3.18413020995666
29	C	20.0	12.0	61	185	0	0	0	0	0	0	0	0	0	0	0	10	45	12	J	1	40	E	15	70	180	31	9	0	0	0	1	84	37	675	91	0	8	9	3	0	4	58	19	0	0	0	0	0	0	0	0	0	0	0	48	40	0	1.93241425711438	3.15303798741403	5.99874603498333
20	C	9.0	3.0	60	98	0	0	0	0	0	0	0	0	0	0	0	11	35	15	J	1	50	E	14	40	126	22	11	0	0	0	0	80	30	580	60	1	9	9	3	0	3	57	17	0	0	0	0	0	0	0	0	0	0	0	46	39	0	4.64033075968472	3.5864424874049	6.56026710448856
37	C	20.0	19.0	62	130	1	0	0	0	0	0	1	1	0	0	0	12	55	8	J	1	73	B	10	90	135	42	12	1	0	0	0	76	36	610	76	1	8	9	2	0	5	62	19	0	0	0	0	0	0	0	0	0	0	0	47	39	0	0.365373260663207	0.461858997745342	1.73093647243385
31	C	4.0	10.0	62	114	0	0	0	0	0	0	1	0	0	0	0	12	65	10	J	1	77	E	12	60	130	31	14	0	1	0	0	81	37	380	51	1	9	9	0	2	9	57	18	0	0	0	0	0	0	0	0	0	0	0	46	40	0	3.18469711807384	4.03343557560316	9.62266060494141
24	C	20.0	7.0	63	130	0	0	1	0	0	0	0	0	0	0	0	12	55	8	J	1	57	E	13	70	158	25	12	0	0	0	0	88	39	380	67	1	6	9	2	0	9	63	18	0	0	0	0	0	0	0	0	0	0	0	46	41	0	0.653769934204212	1.1769469123535	3.88540158382759
27	C	0.0	0.0	64	145	0	0	2	0	0	0	1	0	0	0	0	12	45	20	J	1	77	E	13	82	149	28	12	0	1	0	0	84	31	530	55	0	9	9	2	0	7	57	16	0	0	0	0	0	0	0	0	0	0	0	45	42	0	5.63779489084277	4.94258973994071	9.66256830414361
40	C	0.0	0.0	63	180	1	0	0	0	0	0	1	1	1	0	0	11	75	15	A	1	53	E	13	88	180	42	8	0	0	0	0	75	31	370	73	0	8	9	2	0	8	62	20	0	0	0	0	0	0	0	0	0	0	0	46	47	0	3.57927615619229	2.86707655563655	7.41401944263817
35	C	0.0	0.0	66	152	0	0	0	0	0	0	1	0	0	0	1	12	85	8	I	1	73	B	12	50	170	35	12	0	0	0	0	80	33	530	41	0	9	10	3	0	6	54	17	0	0	0	0	0	0	0	0	0	0	0	46	40	0	3.22692468134464	3.83887242948279	5.45695282748801
26	C	20.0	12.0	61	147	0	0	0	0	0	0	0	0	0	0	0	12	65	8	J	1	60	E	11	70	172	29	11	1	0	0	0	79	36	560	58	1	9	9	2	0	6	69	20	0	0	0	0	0	0	0	0	0	0	0	47	40	0	-2.72258146738808	-2.19857395356629	-0.405903645401839
25	C	20.0	7.0	63	110	0	1	0	0	0	1	1	0	0	0	0	12	45	6	J	1	60	E	11	60	129	32	12	1	1	0	1	77	25	520	79	1	4	9	2	0	2	63	18	0	0	0	0	0	0	0	0	0	0	0	46	41	0	8.63343555143989	9.44525995346727	-2.69513148816759
25	C	0.0	0.0	69	110	0	0	0	0	0	0	2	0	0	0	1	12	105	10	J	1	70	E	12	70	130	32	12	0	0	0	0	81	32	410	57	0	9	9	2	0	9	68	20	0	0	0	0	0	0	0	0	0	0	0	46	41	0	-2.51295007211332	-0.665274273339824	2.54049218688357
24	C	0.5	6.0	60	125	0	0	0	0	0	0	1	0	0	0	1	12	95	8	J	1	83	E	12	66	142	26	12	0	0	0	0	80	32	360	50	1	9	9	3	0	5	55	15	0	0	0	0	0	0	0	0	0	0	0	46	38	0	2.84031951876673	3.08799414912491	4.2059782690925
26	C	20.0	14.0	62	110	0	0	1	0	0	0	1	0	0	0	0	12	45	12	J	1	50	E	14	70	139	29	10	0	1	0	1	82	31	400	79	1	8	9	3	0	4	66	18	0	0	0	0	0	0	0	0	0	0	0	44	40	1	1.51119824809678	-0.309950327146519	2.32950635054335
24	C	0.0	0.0	69	153	0	0	0	0	0	1	0	0	0	0	0	12	35	20	J	1	77	B	13	66	174	28	14	0	0	0	0	81	28	340	70	0	8	9	2	0	1	58	16	0	0	0	0	0	0	0	0	0	0	0	42	38	0	2.79244471169289	2.66817336354133	5.03196934564899
27	C	0.0	8.0	64	130	0	0	0	0	0	0	0	0	0	0	0	12	35	13	J	1	57	E	14	60	145	28	12	0	0	0	0	77	32	550	63	1	9	9	2	0	7	52	15	0	0	0	0	0	0	0	0	0	0	0	47	42	1	9.83657342351742	6.11118021902455	9.89965946430153
22	C	0.0	4.0	65	129	0	0	0	0	0	0	1	0	0	0	0	12	45	12	J	1	53	B	15	70	160	23	11	2	0	0	0	78	27	400	51	0	7	8	3	0	2	62	17	0	0	0	0	0	0	0	0	0	0	0	47	39	1	1.58223041316881	-0.468272941736916	2.30225753766219
32	C	0.0	0.0	67	130	0	0	1	0	0	1	0	0	0	0	0	12	45	14	J	1	63	E	13	84	157	40	12	0	0	0	0	79	29	640	74	0	9	9	3	0	4	57	17	0	0	0	0	0	0	0	0	0	0	0	45	41	0	4.20761226553371	3.58622312716252	6.51120741476162
36	C	0.0	0.0	66	130	0	0	0	0	0	1	1	0	1	0	0	12	65	13	J	1	70	E	13	80	155	43	12	0	0	0	0	78	34	645	36	0	9	9	2	0	6	56	15	0	0	0	0	0	0	0	0	0	0	0	44	41	0	2.80684796369507	4.25558415612363	7.50467679436315
22	C	20.0	6.0	64	103	0	0	0	0	0	0	0	0	0	0	1	10	45	13	J	1	67	E	15	60	122	27	12	1	0	0	0	81	35	430	54	0	9	8	2	0	2	65	21	0	0	0	1	0	0	0	0	0	0	0	46	42	0	-2.0442053950322	-1.7494421599483	1.01562545318236
24	C	30.0	9.0	63	103	0	0	0	0	0	0	1	0	0	1	1	10	55	12	J	1	70	E	14	60	114	28	12	1	0	0	0	77	30	520	44	1	8	10	2	0	8	53	16	0	0	0	0	0	0	0	0	0	0	0	48	39	0	5.57935867477351	5.63933358747326	9.22286063878516
29	C	10.0	11.0	64	138	0	0	0	0	0	0	1	0	0	0	0	12	55	12	J	1	80	E	13	68	160	29	14	0	0	0	0	85	34	380	58	1	10	10	3	0	9	73	21	0	0	0	0	0	0	0	0	0	0	0	49	40	0	-2.62306737938431	-2.74893227314588	0.848813841136829
33	C	10.0	16.0	64	132	0	0	0	0	0	0	0	0	0	0	0	12	65	7	J	1	90	E	12	84	159	33	14	0	0	0	0	85	39	500	97	0	9	10	3	0	8	62	21	0	0	0	0	0	0	0	0	0	0	0	45	40	0	1.07333610067229	0.644421568956111	2.05565932973796
34	C	20.0	18.0	64	128	3	0	0	0	0	0	2	0	0	0	0	12	75	14	J	1	80	E	14	70	152	35	14	0	0	0	0	75	26	460	69	1	9	9	3	0	1	73	24	0	0	0	0	0	0	0	0	0	0	0	47	40	0	-2.75872641465885	-4.73115350019021	-3.54533050306123
27	C	20.0	13.0	63	100	0	0	0	0	0	0	2	0	0	1	0	10	45	10	J	1	43	E	13	70	118	28	11	0	1	0	0	75	32	520	57	1	8	8	3	0	9	57	16	0	0	0	0	0	0	0	0	0	0	0	47	41	1	8.3343815598861	3.13492883222222	7.86757867060414
23	C	0.0	0.0	62	120	0	0	0	0	0	0	0	0	1	0	0	12	45	10	G	1	50	E	13	70	131	23	12	0	0	0	0	79	41	420	54	0	9	9	2	0	7	57	17	0	0	0	0	0	0	0	0	0	0	0	44	39	0	3.56628642369036	3.77715435303411	6.833558941336
25	C	0.0	0.0	62	108	0	0	0	0	0	0	0	0	0	1	0	12	45	10	G	1	50	E	12	80	133	25	12	0	0	0	0	82	37	450	85	1	6	9	2	0	9	60	20	0	0	0	0	0	0	0	0	0	0	0	48	41	1	6.64496419029261	3.03214746448699	6.619963965587
27	C	0.0	0.0	62	118	0	3	0	0	0	0	0	0	0	0	0	12	45	12	G	1	60	E	12	90	138	27	12	0	0	0	0	80	38	430	72	0	9	10	2	0	9	62	18	0	0	0	0	0	0	0	0	0	0	0	45	41	0	13.6021068428724	13.4036945203391	5.9590151880974
22	C	0.0	0.0	65	138	0	0	0	0	0	0	0	0	0	0	0	13	45	10	J	1	77	E	12	80	157	25	16	0	0	0	0	78	34	420	56	0	10	9	2	0	9	56	16	0	0	0	0	0	0	0	0	0	0	0	44	40	0	3.69399216526878	4.24856289850535	7.37503682843525
25	C	1.0	6.0	57	100	0	0	0	0	0	0	0	0	0	1	0	12	55	13	L	1	77	E	10	64	125	28	12	0	1	0	0	85	35	400	40	1	9	9	2	0	1	63	20	0	0	0	0	0	0	0	0	0	0	0	46	42	0	-1.77574971881064	-0.28142541086021	0.766139738294562
37	C	40.0	24.0	60	154	0	0	0	0	0	1	1	0	0	0	0	10	45	12	J	1	63	E	14	78	178	41	12	0	1	0	0	83	30	510	63	1	9	9	2	0	2	56	15	0	0	0	0	0	0	0	0	0	0	0	46	40	0	3.44398518898294	2.95040781913784	4.55475069229381
23	C	9.0	7.0	63	115	0	0	0	0	0	0	0	0	0	0	0	12	65	12	J	1	50	E	14	80	135	25	9	0	0	0	0	87	37	425	55	1	9	9	2	0	4	63	18	0	0	1	0	0	0	0	0	0	0	1	47	40	1	2.50008079355279	0.991341777122486	3.64207511270826
24	C	10.0	9.0	64	116	0	0	0	0	0	0	0	0	0	1	0	12	65	12	J	1	50	E	13	68	135	26	9	0	0	0	0	88	40	470	64	1	6	8	2	0	1	62	19	0	0	0	0	0	0	0	0	0	0	0	46	40	0	-0.236551455765068	-0.86256582957386	1.42189220529949
26	C	10.0	9.0	63	119	0	0	0	0	0	0	0	0	0	0	0	12	65	10	J	1	47	E	13	70	138	27	11	0	0	0	0	78	36	380	30	1	1	9	2	0	4	61	20	0	0	0	1	0	0	0	0	0	0	0	46	39	1	3.17684518416381	1.44891878439139	3.57233310751998
22	C	0.0	0.0	61	155	0	0	2	0	0	0	0	0	0	0	0	12	55	8	J	1	73	E	13	80	175	24	12	0	0	0	0	79	40	500	86	0	9	9	3	0	2	65	19	0	0	0	0	0	0	0	0	0	0	0	47	41	0	-1.65156995768785	-1.77687942717333	-1.71245014719137
21	C	20.0	7.0	63	120	0	0	0	0	0	1	2	0	2	0	0	11	65	8	J	1	80	E	10	70	148	25	12	0	1	0	0	80	33	550	64	0	9	9	3	0	2	44	14	0	0	0	0	0	0	0	0	0	0	0	45	41	0	5.53043955988426	5.82476079061598	5.83331060639584
24	C	30.0	11.0	63	128	0	0	0	0	0	0	1	0	0	0	0	11	55	10	J	1	57	E	10	70	148	28	12	0	1	0	0	83	40	700	52	0	9	10	3	0	0	59	20	0	0	0	0	0	0	0	0	0	0	0	45	41	0	0.0426925056105129	0.44599083627002	0.303515829451464
33	C	0.0	0.0	67	151	0	0	2	1	0	1	0	0	1	0	0	12	55	15	J	1	57	E	13	68	166	37	12	0	0	0	0	80	31	395	77	1	9	9	2	0	6	43	12	0	0	0	0	0	0	0	0	0	0	0	47	44	1	12.1312915986492	9.05406486751276	13.011403154099
29	C	0.0	17.0	64	119	0	0	0	0	0	0	0	0	0	0	0	12	35	12	J	1	47	E	13	78	142	36	12	0	1	0	0	82	36	430	49	1	8	9	2	0	9	41	12	0	0	0	0	0	0	2	0	0	0	0	45	40	0	9.20258075660745	9.92942210503379	14.2138378687949
32	C	9.0	12.0	62	170	0	0	0	0	0	0	2	0	0	0	1	12	65	10	I	1	70	B	17	115	167	29	12	0	0	0	1	83	34	400	57	0	8	9	2	0	0	65	21	0	0	0	0	0	0	0	0	0	0	0	45	42	0	-1.21521342215545	-2.22027179401923	-2.61302173621709
19	C	0.0	0.0	61	120	0	0	0	0	0	0	0	0	0	1	0	11	35	8	J	1	57	E	12	86	177	23	12	0	0	0	0	74	32	480	93	0	8	8	3	0	7	59	16	0	0	0	0	0	0	0	0	0	0	0	46	44	1	3.91302809789365	1.21632612162183	4.40793046160104
30	C	0.0	12.0	60	95	0	1	0	0	0	4	0	1	0	0	0	12	65	8	J	1	70	E	14	72	115	32	12	0	0	0	0	77	36	500	53	1	6	9	2	0	1	61	19	0	0	0	0	0	0	0	0	0	0	0	47	41	0	9.90587270991024	10.4277032711695	-1.41625028346815
32	C	0.0	12.0	66	154	0	0	2	0	0	0	0	0	0	0	0	12	65	23	J	1	77	E	14	91	171	33	12	0	0	0	0	82	41	560	93	0	8	9	3	0	2	60	19	0	0	0	0	0	0	0	0	0	0	0	44	46	0	3.19210220750506	2.59034283320055	5.8872425781779
21	C	0.0	4.0	68	165	0	0	0	0	0	0	0	0	0	1	0	12	45	10	J	1	60	E	13	70	191	28	12	0	0	0	0	82	36	410	56	1	10	10	2	0	8	57	16	0	0	0	0	0	0	0	0	0	0	0	47	39	0	5.77227701819911	3.87349617754018	7.03230563851457
35	C	0.0	0.0	64	174	0	0	0	0	0	1	0	0	0	0	0	10	45	16	J	1	70	E	11	78	191	36	12	1	1	1	0	92	33	460	63	0	8	9	2	0	3	60	16	0	0	0	0	0	0	0	0	0	0	0	47	41	0	2.53181358902998	2.29062738850433	5.09788139096435
31	C	0.0	12.0	64	125	0	0	0	0	0	1	0	0	0	0	0	12	45	10	J	1	53	E	13	70	146	27	12	0	0	0	0	82	36	510	78	1	6	9	2	0	4	65	18	0	0	0	0	0	0	0	0	0	0	0	47	40	1	3.18923255707965	-0.322214734206034	1.68038459183483
33	C	0.0	0.0	76	125	0	0	0	0	0	1	1	0	0	0	0	12	55	13	J	1	57	E	13	60	141	27	12	0	0	0	0	79	34	400	46	0	8	9	2	0	5	73	22	0	0	0	0	0	0	0	0	0	0	0	46	39	0	-3.58407134350341	-3.21179923324022	-0.119985798281887
22	C	0.0	0.0	61	107	0	0	0	0	0	0	0	0	0	1	0	12	45	15	J	1	70	E	13	70	132	23	15	0	0	0	0	78	32	325	48	0	10	10	2	0	6	53	16	0	0	0	0	0	0	0	0	0	0	0	45	41	0	5.15171399780253	5.66603925700649	9.36684799851965
25	C	16.0	9.0	61	112	0	0	0	0	0	0	0	0	0	1	0	12	45	13	J	1	63	E	16	80	135	28	12	0	0	0	0	84	34	410	44	1	8	9	0	2	5	61	17	0	0	0	0	0	0	0	0	0	0	0	46	41	0	3.53577864885244	2.2845281690262	7.78359509076336
23	C	15.0	5.0	64	128	0	0	0	0	0	0	1	0	1	0	0	12	45	8	J	1	50	E	15	60	145	24	11	0	0	0	0	76	35	450	11	1	7	9	2	0	3	66	20	0	0	0	0	0	0	0	0	0	0	0	49	41	0	-1.7217674959471	-1.56468303394145	-0.650123937475525
26	C	20.0	10.0	63	144	0	0	0	0	0	0	0	0	0	1	0	12	55	8	J	1	53	E	13	70	163	29	12	0	0	0	0	79	32	445	59	1	4	8	3	0	5	65	19	0	0	0	1	0	0	0	0	0	0	0	47	39	1	0.898683642257141	-1.73153790225821	0.888790760458431
34	C	0.0	0.0	59	110	1	0	2	1	0	0	0	0	0	0	0	16	45	13	J	1	70	E	12	70	132	42	14	1	0	0	1	91	41	460	63	1	7	8	2	0	1	45	13	0	0	0	0	0	0	0	0	0	0	0	48	40	0	4.57937817749578	5.1713964061213	7.40876521461229
38	C	0.0	0.0	57	110	1	0	0	0	0	0	0	0	0	0	0	16	65	18	J	1	77	E	12	70	125	45	15	0	0	0	1	80	28	430	52	1	8	8	2	0	10	30	10	0	0	0	0	0	0	2	0	0	0	1	46	37	0	12.5099517002406	12.0755061002225	18.3563508165821
31	C	0.0	0.0	64	143	0	0	0	0	0	0	1	0	0	0	0	11	65	10	J	1	57	E	12	90	168	32	11	0	0	0	0	78	31	540	75	1	8	9	3	0	7	68	20	0	0	0	0	0	0	0	0	0	0	0	47	39	1	4.78103179648607	-0.934815109984009	1.95791743052585
27	C	8.0	10.0	62	102	2	0	1	0	0	0	0	0	0	0	0	12	65	8	J	1	80	E	13	70	115	33	16	1	0	0	0	83	25	430	44	0	8	9	3	0	2	47	16	0	0	0	0	1	0	1	0	0	0	1	44	40	0	4.58717075922352	4.90850516441968	4.90911494797472
33	C	0.0	17.0	64	158	0	0	0	0	0	0	1	0	0	0	0	12	55	14	J	1	63	E	13	80	182	36	11	0	0	0	0	80	39	470	88	0	9	9	2	0	8	59	17	0	0	0	0	0	0	0	0	0	0	0	46	40	0	3.57215592053735	3.8105735941488	7.9800266243033
22	C	15.0	9.0	67	111	0	0	0	0	0	1	0	1	0	0	0	10	75	10	J	1	80	E	13	70	140	28	14	0	0	0	0	73	22	410	49	0	9	9	3	0	3	64	18	0	0	0	0	0	0	0	0	0	0	0	45	41	0	-1.16994205924107	-0.545707389289195	0.594097854551014
18	C	9.0	3.0	63	117	0	0	2	0	0	0	0	0	0	0	0	12	35	15	J	1	60	E	12	84	152	21	12	0	0	0	0	88	37	510	66	1	8	9	3	0	5	59	17	0	0	0	0	0	0	0	0	0	0	0	47	42	0	3.60099508312143	3.27667822279878	6.81168424270661
48	C	0.0	0.0	61	150	0	0	0	3	0	0	1	0	2	0	0	8	45	18	F	1	33	E	15	80	135	52	8	0	1	0	3	76	27	505	66	0	6	8	1	1	5	49	14	0	0	0	1	0	0	0	0	0	0	0	47	40	1	15.3301326513547	6.6348630976169	14.7042400677541
24	C	0.0	0.0	61	112	0	0	0	0	0	0	0	0	0	0	0	5	45	10	F	1	40	E	12	84	141	28	5	0	0	0	0	82	34	350	43	0	8	9	0	2	8	63	19	0	0	0	0	0	0	0	0	0	0	0	45	41	1	8.12211144765307	1.87349203108078	7.83119501609743
21	C	20.0	4.0	62	110	0	1	0	0	0	0	0	0	0	0	0	12	25	13	J	1	63	E	12	60	132	24	14	0	0	0	0	81	32	480	46	0	8	9	2	0	3	65	16	0	0	0	0	0	0	0	0	0	0	0	45	41	0	12.0143364085563	10.7328287329565	1.57019562548586
22	C	20.0	6.0	61	115	0	0	0	0	0	0	0	0	1	0	0	12	45	7	J	1	60	E	13	78	134	25	13	0	0	0	0	86	40	415	56	1	9	9	3	0	4	57	18	0	0	0	0	0	0	0	0	0	0	0	47	40	0	1.15657824541692	2.0196713794705	2.72244302743636
25	C	0.0	0.0	62	102	0	0	0	0	0	1	0	0	0	0	0	10	45	8	J	1	60	E	13	70	125	23	12	0	0	0	0	79	36	440	51	0	9	9	1	2	2	49	17	0	0	0	0	0	0	0	0	0	0	0	43	40	0	5.5947001399727	4.68185279265196	7.49377594324234
35	C	0.0	19.0	64	230	0	0	0	0	0	1	0	0	0	0	0	12	55	10	L	1	53	E	12	90	241	33	10	0	1	0	0	76	31	560	67	0	1	9	3	0	15	52	17	1	0	0	0	0	0	0	0	0	0	2	46	38	1	11.1625400601723	7.08178278144811	11.985320614069
27	C	10.0	9.0	64	135	0	0	0	0	0	1	1	0	0	0	0	14	65	8	F	1	83	E	14	70	146	30	12	0	1	0	1	81	32	430	54	1	5	9	2	0	7	55	16	0	0	0	0	0	0	0	0	0	0	0	46	45	0	4.44977306268221	3.58564637902016	5.3238183259393
25	C	0.0	0.0	65	156	0	0	0	0	0	0	0	0	0	0	0	12	85	10	I	1	53	B	14	68	165	38	8	0	0	0	0	82	35	630	62	1	4	8	2	0	4	47	15	0	0	0	0	0	0	0	0	0	0	0	46	40	1	7.4592371187252	5.28522575746705	8.35709406663414
39	C	0.0	0.0	63	122	0	0	0	0	0	0	1	0	2	0	0	10	65	12	J	1	67	E	14	70	133	39	12	1	0	0	0	81	28	390	56	0	5	9	2	0	9	65	22	0	0	0	0	0	0	0	0	0	0	0	46	41	0	0.738415666226133	1.12910667566655	4.98680261792046
30	C	0.0	0.0	68	165	0	0	0	0	0	0	1	0	2	0	0	10	65	10	J	1	37	E	11	100	179	36	7	0	0	0	0	81	32	390	66	1	8	9	3	0	5	57	18	0	0	0	0	0	0	0	0	0	0	0	46	41	0	4.35994435948131	3.44613969995477	6.11311609048859
40	C	0.0	1.0	63	146	0	0	1	0	0	0	1	0	0	0	0	12	35	17	F	1	47	E	12	70	176	41	10	0	0	0	0	65	21	425	51	1	6	9	3	0	9	67	19	0	0	0	0	0	0	0	0	0	0	0	46	40	1	4.8722741847503	1.25226291194692	6.52716351342464
40	C	0.0	1.0	63	146	0	0	1	0	0	0	1	0	0	0	0	12	35	17	F	1	47	E	12	70	176	41	10	0	0	0	0	72	20	250	48	0	1	6	3	0	2	56	16	0	0	0	1	0	0	0	0	0	0	1	44	40	1	7.42886112920708	2.74419515878159	6.71370970033735
25	C	13.0	10.0	61	116	0	1	2	0	0	0	0	0	0	1	0	12	45	15	J	1	63	E	13	70	130	41	11	0	0	0	0	84	37	390	57	1	9	9	0	3	4	53	16	0	0	0	0	0	0	0	0	0	0	0	48	40	0	16.8268724228679	16.2831397733867	10.4622348486976
27	C	0.0	1.0	66	140	0	0	0	0	0	0	0	0	0	0	0	12	45	13	J	1	50	E	14	74	160	28	12	0	0	0	0	77	27	500	44	1	9	9	2	0	7	63	21	0	0	0	0	0	0	0	0	0	0	0	46	42	0	1.7336081930642	1.94944504332596	5.82469912695844
28	C	20.0	8.0	61	108	0	0	0	0	0	0	1	0	0	0	0	15	55	20	J	1	77	E	14	62	120	28	12	2	0	0	0	75	23	410	40	0	9	10	2	0	5	51	15	0	0	0	0	0	0	0	0	0	0	0	45	38	0	7.7177957934835	6.62178182220504	10.7404365243728
22	C	20.0	4.0	59	101	0	0	1	0	0	0	0	0	0	0	0	12	65	10	J	1	67	E	14	60	116	41	12	0	0	0	0	85	26	480	44	1	8	9	3	0	5	53	16	0	0	0	0	0	0	0	0	0	0	0	47	39	0	5.7736569242791	4.54142832772049	6.69089454081145
26	C	10.0	7.0	58	100	0	0	0	0	0	0	1	0	0	0	0	12	75	12	J	1	70	E	14	58	115	43	12	0	1	0	0	78	27	420	49	1	9	10	2	0	1	55	18	0	0	0	0	0	0	0	0	0	0	0	48	38	0	4.40327987189862	2.801978676572	3.74750718276862
34	C	0.0	0.0	62	138	0	0	5	3	0	0	1	0	0	0	1	12	65	12	J	1	70	E	12	70	157	37	12	0	3	0	0	84	37	660	61	0	9	9	3	0	2	55	16	0	0	0	0	0	0	0	0	0	0	0	45	40	0	2.59621046790032	3.23456312165426	4.71919020081434
17	C	0.0	0.5	62	120	0	0	0	0	0	0	1	0	0	0	0	10	45	10	J	1	60	E	13	70	148	18	10	0	0	0	0	86	37	400	56	0	8	9	0	3	3	67	18	0	0	0	0	0	0	0	0	0	0	0	46	41	0	-1.52152312161343	-1.44935214572971	2.49589982575332
25	C	25.0	10.0	62	145	0	1	0	0	0	2	0	1	0	0	0	12	55	13	J	1	53	E	13	68	151	24	11	1	0	0	0	84	39	390	43	0	8	9	3	0	5	60	18	0	0	0	0	0	0	0	0	0	0	0	44	44	1	5.54725134395665	13.5586446257171	5.33486936085813
22	C	0.0	0.0	59	105	0	0	2	0	0	0	0	0	1	0	0	13	35	10	J	1	70	E	13	70	126	24	12	0	0	0	0	73	35	480	76	0	4	9	2	0	5	62	17	4	0	0	0	0	0	0	0	0	0	0	46	36	0	1.60985568644968	1.02532564435609	3.09199915173242
23	C	0.0	0.0	60	110	0	0	0	0	0	0	1	0	0	0	0	12	55	14	J	1	80	E	13	74	125	25	12	0	0	0	0	75	38	440	65	0	8	9	3	0	11	61	18	0	0	0	0	0	0	0	0	0	0	0	43	38	0	2.70561206178077	3.38968497480841	8.00311838574064
38	C	10.0	17.0	60	105	0	0	0	0	0	1	1	0	0	0	0	10	55	18	J	1	47	E	13	70	141	39	11	0	1	0	0	88	39	360	46	0	4	8	3	0	7	55	16	0	0	0	0	0	0	0	0	0	0	0	44	38	0	5.7956706419365	4.69231692603717	10.6486462808781
31	C	10.0	12.0	64	155	1	1	0	0	0	0	0	0	2	1	0	12	55	13	J	1	57	E	11	80	169	35	12	0	0	0	0	77	29	390	67	1	9	9	3	0	5	48	15	0	0	0	0	0	0	0	0	0	0	0	50	40	0	20.421349287103	17.8613968588678	9.60476307647696
24	C	8.0	8.0	64	118	0	0	2	0	0	0	0	0	0	0	0	10	35	10	J	1	47	E	14	56	134	24	11	0	0	0	0	86	37	330	44	1	9	9	0	2	8	69	20	1	0	0	0	0	0	0	0	0	0	0	47	39	1	5.22565756449884	-0.879670318844672	4.93070497519835
26	C	20.0	10.0	65	118	0	0	0	0	0	0	3	0	0	0	0	10	55	13	J	1	57	E	14	80	138	26	11	0	0	0	0	80	37	485	84	1	9	9	2	0	5	75	22	0	0	0	0	0	0	0	0	0	0	0	46	40	0	-4.17772169089961	-4.20783366500456	-1.1246516045875
22	C	16.0	8.0	66	123	1	0	0	0	0	0	0	0	0	0	0	10	55	10	J	1	77	E	14	60	143	24	12	1	0	0	0	82	33	490	56	0	8	9	2	0	3	68	18	0	0	0	0	0	0	0	0	0	0	0	47	42	0	-1.42284020898451	-2.28343924385895	-1.10654661523918
24	C	20.0	9.0	66	123	1	0	0	0	0	0	0	1	0	1	0	10	45	12	J	1	67	E	14	64	145	25	12	1	0	0	0	81	35	500	44	0	9	9	2	0	7	64	21	0	0	0	0	0	0	0	0	0	0	0	46	39	0	1.0652683374291	1.12825140080526	4.44807198333268
40	C	20.0	24.0	63	190	0	0	0	0	0	1	1	0	0	0	0	12	55	12	J	1	43	E	12	54	201	41	11	1	1	0	0	81	32	410	53	1	9	9	2	0	5	42	11	0	0	0	0	0	0	2	0	0	0	2	46	38	0	8.76480202144236	8.76994537332148	11.961063945316
20	C	0.5	4.0	67	137	2	2	0	0	0	0	0	0	0	0	0	12	65	15	L	1	57	E	11	80	155	27	12	0	0	0	0	81	27	450	50	1	8	8	3	0	5	52	15	0	0	0	0	0	0	0	0	0	0	0	50	40	1	9.44802500740782	15.663704372691	8.84819579456244
29	C	10.0	13.0	58	101	0	0	0	0	0	0	1	0	0	0	0	10	55	10	J	1	43	B	16	50	114	28	9	0	1	0	0	79	36	440	45	0	9	9	0	2	8	62	19	0	0	0	0	0	0	0	0	0	0	0	45	37	0	2.30266083893038	2.25523902295402	8.16327440532049
24	D	35.0	11.0	63	113	0	0	0	0	0	0	0	0	1	0	0	11	55	18	J	1	53	E	11	64	136	29	10	1	0	0	0	84	32	330	45	1	9	9	3	0	7	55	18	0	0	0	0	0	0	0	0	0	0	0	45	40	0	7.10094042421587	5.78209597971866	10.621725892783
20	C	4.0	2.0	64	117	0	0	0	0	0	1	0	0	1	0	0	12	45	8	J	1	50	E	9	60	139	27	12	0	0	0	0	88	39	500	53	1	9	9	3	0	5	53	14	0	0	0	0	0	0	0	0	0	0	0	44	36	0	2.92494332575603	4.23226360231577	5.93629095014447
22	C	30.0	7.0	63	120	0	0	0	0	0	0	1	1	1	0	0	12	45	10	J	1	67	E	12	70	153	26	12	0	0	0	0	80	33	560	68	0	2	6	2	0	3	61	18	0	0	0	2	0	0	0	0	0	0	0	44	40	0	-1.01594953857865	-0.286918644166501	2.10214931625435
25	C	0.0	0.0	63	138	0	0	0	1	0	0	2	1	0	0	0	12	35	10	F	1	43	E	17	86	163	27	12	0	0	0	0	84	32	400	38	1	6	8	0	3	8	48	15	0	0	0	0	0	0	0	0	0	0	0	48	38	0	6.71330755727889	6.26275287983459	13.2261926984973
28	C	0.0	0.0	63	140	0	0	0	0	0	0	0	0	0	0	0	12	35	12	F	1	43	E	17	80	152	29	12	0	0	0	0	81	32	390	53	0	9	9	0	2	3	56	16	0	0	0	0	0	0	0	0	0	0	1	48	41	1	6.9242332654945	3.73050617712011	8.60333619627602
33	C	0.0	0.0	60	130	0	0	0	0	0	0	1	0	0	0	0	12	45	17	J	1	67	E	13	80	144	37	10	0	0	0	0	76	26	460	71	1	7	9	2	0	3	52	15	0	0	0	0	0	0	0	0	0	0	0	47	38	0	3.34832358926048	5.46757025253771	8.53556434912471
35	C	0.0	0.0	60	130	0	0	0	0	0	0	1	4	2	0	0	12	55	20	J	1	70	E	13	60	153	38	10	0	0	0	0	80	35	510	57	1	9	10	3	0	1	52	16	0	0	0	0	0	0	0	0	0	0	0	46	39	0	3.20829283965575	4.97410987076371	7.47976305838081
32	C	0.0	18.0	65	120	0	0	0	0	0	0	0	0	0	0	0	12	105	20	J	1	80	E	12	76	152	40	13	0	0	0	0	78	27	470	92	0	9	9	3	0	3	59	17	0	0	0	0	0	0	0	0	0	0	0	47	40	0	2.08897348647442	3.0300539084131	6.32620409367819
20	C	9.0	5.0	65	94	0	0	0	0	0	0	1	0	1	0	0	12	35	10	J	1	50	E	14	80	116	25	11	0	0	0	0	79	31	350	40	1	8	9	2	0	9	52	15	0	0	0	0	0	0	0	0	0	0	0	45	35	0	5.91896261280225	6.042695625047	9.65660075111784
24	C	10.0	9.0	63	141	0	0	1	0	0	5	0	0	0	0	0	8	55	17	J	1	43	E	12	80	155	27	9	0	0	0	0	81	33	505	64	1	4	9	3	0	5	44	14	0	0	0	0	0	0	0	0	0	0	0	48	38	1	13.3026694765058	8.94914462588649	13.2074949274502
43	C	0.0	0.0	61	129	0	0	0	0	0	0	0	0	1	0	0	10	45	12	F	1	43	E	15	70	136	38	10	0	0	0	0	79	31	240	50	0	8	8	2	0	7	54	16	5	0	0	0	0	0	0	0	1	0	1	46	40	0	5.27313993191519	4.23362523315865	9.02198490749157
43	C	0.0	0.0	61	129	0	0	0	0	0	0	0	0	1	0	0	10	45	12	F	1	43	E	15	70	136	38	10	0	0	0	0	74	29	365	49	0	3	9	2	0	6	74	21	5	0	0	0	0	0	0	0	1	0	1	45	40	0	-1.73923434327163	-3.44710313564974	-0.0421157129544962
26	C	15.0	10.0	66	133	0	1	0	0	0	0	0	0	1	0	0	12	65	12	J	1	80	E	13	80	148	30	12	0	0	0	0	72	30	550	52	1	9	9	2	0	6	59	19	0	0	0	0	0	0	0	0	0	0	0	43	37	0	12.7134179523937	13.6965956578508	5.07178774497829
29	C	10.0	13.0	65	150	0	0	0	0	0	0	0	0	0	0	0	9	55	8	J	1	73	E	11	70	165	26	12	0	0	0	0	79	31	370	54	1	4	9	2	0	5	65	19	0	0	0	2	0	0	0	0	0	0	0	47	38	0	-1.29907193359647	-0.819151062661703	0.438825513031856
22	C	30.0	5.0	69	165	0	0	0	0	0	0	0	1	1	0	0	12	55	10	J	1	53	E	10	82	190	25	10	0	0	0	0	84	29	415	68	0	7	9	2	0	5	50	16	5	0	0	0	0	0	2	0	0	0	1	48	39	0	5.77270952039904	5.75722455728361	8.1622183110706
24	C	20.0	6.0	67	175	0	0	0	1	0	0	1	1	1	1	0	12	55	8	J	1	53	E	10	90	184	27	11	0	0	0	0	82	37	435	55	0	4	9	3	0	6	43	14	0	0	0	0	2	0	2	0	0	0	2	47	37	1	9.11108840159534	7.67528113441568	9.67618907608368
24	C	20.0	10.0	65	126	0	0	0	0	0	0	0	1	0	0	0	14	45	10	J	1	77	E	13	60	144	27	15	0	0	0	0	81	26	340	66	1	9	9	2	0	4	58	20	0	0	0	0	0	0	0	0	0	0	0	47	42	0	2.21839171779807	2.26756421707205	3.87341648569383
28	C	0.0	15.0	65	130	0	0	0	0	0	0	1	0	1	0	0	11	55	8	J	1	63	E	12	60	137	31	11	0	0	0	0	82	32	405	57	0	9	9	2	0	2	56	19	0	0	0	0	0	0	0	0	0	0	0	43	39	0	1.41141818404636	2.01042455451197	2.28211921426882
18	C	22.0	4.0	61	110	0	0	1	0	0	0	0	1	2	0	0	7	25	10	J	1	57	E	13	68	129	22	12	1	0	0	0	83	33	440	56	1	8	9	3	0	7	56	16	0	0	0	0	0	0	0	0	0	0	0	47	37	0	2.532117340786	4.06758508300843	7.00366711856994
31	C	0.0	0.0	63	130	0	0	0	0	0	0	0	0	0	0	0	8	65	23	J	1	73	E	16	88	144	41	16	0	0	0	1	75	23	520	85	0	9	9	2	0	3	55	15	0	0	0	0	0	0	0	0	0	0	0	44	41	0	4.78015372386285	4.93358212357231	8.76640939590796
28	C	15.0	13.0	63	144	0	0	0	0	0	0	0	0	0	0	0	12	35	12	J	1	43	E	12	80	163	36	6	0	0	0	0	79	31	540	84	0	8	9	2	0	3	61	18	0	0	0	0	0	0	0	0	0	0	0	45	42	0	-0.369289808354375	1.59989325181203	3.98964459852283
32	C	15.0	16.0	65	145	0	0	0	0	0	0	0	0	0	0	0	12	65	16	J	1	73	E	12	70	160	39	12	1	0	1	0	79	37	510	86	0	8	9	2	0	1	74	24	0	0	0	0	0	0	0	0	0	0	0	45	43	0	-5.49740641394985	-4.84974946007644	-3.13800383884861
20	C	0.0	2.0	63	126	0	0	0	0	0	0	0	0	1	0	0	12	35	15	J	1	63	E	11	88	149	24	12	0	0	0	0	83	28	390	58	1	7	8	3	0	3	68	20	0	0	0	0	0	0	0	0	0	0	0	48	41	0	-3.37006464472926	-2.36824058760838	1.34682772712837
25	C	0.0	0.0	60	110	0	0	0	0	0	0	0	0	0	0	0	12	45	13	J	1	63	E	11	60	130	26	11	0	0	0	0	86	36	510	62	0	9	9	3	0	5	57	17	0	0	0	0	0	0	0	0	0	0	0	45	41	0	5.23971768184604	3.70631122817792	6.75308361432602
27	C	0.0	0.0	59	110	0	0	0	0	0	0	1	0	0	0	0	12	55	8	J	1	67	E	11	70	127	27	11	0	0	0	0	81	37	370	56	0	8	9	2	0	13	45	12	0	0	0	0	0	0	0	0	0	0	0	45	39	0	7.16915102146383	8.3275247045005	11.8475023783809
30	C	0.0	0.0	66	145	0	0	0	0	0	0	0	0	0	0	0	12	55	12	J	1	53	E	13	62	163	34	10	0	1	0	0	82	33	450	85	0	8	9	3	0	5	62	15	0	0	0	0	0	0	0	0	0	0	0	46	41	0	2.44069199319053	1.65587442298335	4.60938371416724
21	C	0.0	0.0	65	118	1	0	0	0	0	1	1	0	0	0	0	9	55	13	J	0	47	E	13	84	134	32	9	1	0	0	0	82	31	260	70	1	7	9	2	0	8	62	17	0	0	0	0	0	0	0	0	0	0	0	46	40	1	7.57809892747244	2.63181336544058	6.84269087175075
22	C	0.0	0.0	64	120	1	0	0	0	0	1	0	0	0	0	0	9	45	25	J	0	43	E	13	84	131	33	9	1	0	0	0	80	26	310	60	1	10	10	2	0	8	64	19	0	0	0	0	0	0	0	0	0	0	0	47	40	0	3.59997817965077	3.19998130362043	9.4085133309902
23	C	0.0	0.0	64	111	0	0	0	0	0	1	0	0	2	1	0	9	35	20	J	0	37	E	13	80	135	34	9	1	0	0	0	81	28	265	37	1	8	9	3	0	6	57	15	0	0	0	0	0	0	0	0	0	0	0	43	36	1	10.2041065419533	5.2128422666012	10.3402253734508
25	C	0.0	0.0	65	115	0	0	0	0	0	1	0	0	0	0	0	9	55	23	J	0	47	E	13	74	132	35	9	2	0	0	0	75	35	375	45	0	9	9	2	0	5	52	17	0	0	0	0	0	0	0	0	0	0	0	44	41	1	12.0079342457572	6.93987316225107	11.9843688961741
34	C	20.0	17.0	62	106	0	0	0	0	0	0	1	0	1	0	0	12	45	10	J	1	43	E	13	70	127	38	9	1	0	0	0	72	21	330	52	1	8	9	2	0	6	67	20	0	0	0	0	0	0	0	0	0	0	0	44	39	1	2.15004084280515	-0.541217882247601	2.30489441626449
26	C	40.0	8.0	65	128	0	0	0	0	0	0	0	0	1	1	0	10	55	18	J	1	53	E	15	60	141	24	10	0	1	0	0	83	36	480	63	0	9	9	2	0	3	62	19	0	0	0	0	0	0	0	0	0	0	0	46	42	0	0.358205015257945	1.93464525370784	5.3858254358309
27	C	0.0	0.0	66	125	1	1	0	1	0	0	0	1	0	0	1	16	85	8	J	1	93	E	17	80	149	30	18	0	0	0	0	51	22	550	70	0	9	9	0	3	3	54	18	0	0	0	0	0	0	0	0	0	0	0	44	40	0	16.084389167344	13.8001536397404	5.03195763457648
35	C	0.0	19.0	64	118	0	0	0	0	0	1	0	0	3	0	0	9	55	18	J	1	57	E	13	70	134	43	9	1	1	1	0	76	26	300	43	0	9	9	3	0	3	51	17	1	0	0	0	0	0	0	0	0	0	0	45	39	0	6.4472031849804	6.06035110099981	9.47713852779876
19	C	20.0	2.0	63	130	0	0	0	0	0	4	0	1	0	0	0	12	35	15	J	1	53	E	12	74	146	21	12	0	0	0	0	81	33	470	69	1	9	9	3	0	7	66	20	0	0	0	0	0	0	0	0	0	0	0	45	41	0	0.0756303046538672	0.921764518534758	5.17491215437494
25	C	0.0	0.0	62	130	0	0	0	0	0	0	1	0	0	0	0	9	55	12	F	1	47	E	14	80	157	30	9	0	0	0	0	85	37	550	54	1	9	9	3	0	2	67	18	0	0	0	0	0	0	0	0	0	0	0	45	40	1	-0.726131754458808	-1.39403603674609	0.453262470562251
33	C	20.0	10.0	62	148	1	0	0	0	0	2	0	0	1	0	0	12	45	15	J	1	70	E	13	70	170	35	12	1	0	0	0	81	37	360	68	1	3	5	3	0	5	77	23	0	1	0	0	0	0	0	0	0	0	0	45	42	0	-6.44265053451692	-6.25052791299768	-1.95204727301891
25	C	23.0	10.0	62	105	1	0	0	0	0	0	1	0	0	0	0	16	25	8	J	1	70	E	13	74	130	29	17	0	1	0	0	82	33	480	47	0	9	9	0	2	2	52	16	0	0	0	0	0	0	0	0	0	0	0	44	39	0	2.60911496460972	3.53743570635733	6.16480017334009
26	C	0.0	0.0	66	110	0	0	0	0	0	0	1	0	2	0	0	12	55	15	J	1	80	E	13	58	142	27	13	0	0	0	0	70	25	500	71	1	8	9	2	0	5	63	18	4	0	0	0	0	0	0	0	0	0	1	45	41	0	1.63191329256546	1.38289733200767	4.5528302000696
30	C	0.0	0.0	65	123	0	0	0	0	0	0	0	0	0	2	0	12	55	14	J	1	73	E	12	76	141	31	12	0	0	0	0	80	38	470	60	0	9	9	2	0	6	60	20	3	0	0	0	0	0	0	0	0	0	0	46	40	0	2.91193512158728	2.82077503654469	6.234130757935
30	C	0.0	0.0	61	110	0	0	0	0	0	0	0	0	0	0	0	12	65	12	C	0	70	E	14	70	140	36	12	0	0	0	0	76	28	380	65	0	8	9	0	3	6	60	17	0	0	0	0	0	0	0	0	0	0	0	45	41	0	-0.101355197191651	2.6829609399776	8.13240979266391
30	C	7.0	10.0	62	174	0	0	0	0	0	0	0	0	0	1	0	9	35	12	J	1	33	E	10	80	186	30	9	2	0	0	0	90	33	420	61	0	7	9	2	0	9	60	20	0	0	0	0	0	0	0	0	0	0	0	44	40	0	4.42273631463388	3.66482659581274	8.14242899202252
21	C	20.0	8.0	61	115	0	0	2	0	0	0	0	0	0	0	0	12	45	12	J	1	53	E	14	80	147	22	10	0	0	0	0	79	36	520	61	0	8	8	2	0	5	70	21	0	0	0	0	0	0	0	0	0	0	0	46	41	0	-2.89940904924346	-3.06180345900429	0.871500033085536
27	C	0.0	0.0	69	150	0	0	0	0	0	0	2	0	0	0	0	12	45	10	J	1	77	E	13	74	168	31	14	0	1	0	0	82	29	460	44	0	8	9	3	0	6	56	18	0	0	0	0	0	0	0	0	0	0	0	47	41	0	3.2674884300266	3.57465331080486	5.86128267127358
30	C	0.0	0.0	69	142	0	0	0	0	0	0	1	0	0	0	0	12	65	12	J	1	73	E	13	70	165	33	14	0	1	0	0	83	31	505	36	1	9	9	2	0	5	61	19	0	0	0	0	0	0	0	0	0	0	0	48	41	0	2.72379651094018	1.81532577403444	4.42063460236499
27	C	3.0	1.0	68	130	0	0	2	0	0	1	1	1	1	1	0	11	55	17	F	1	73	E	16	60	142	30	12	1	2	0	0	73	28	550	92	1	9	9	2	0	1	59	18	0	0	0	0	0	0	0	0	0	0	0	47	40	0	3.65147932272164	1.9880029678938	3.93988922676389
21	C	7.0	3.0	64	120	0	0	0	0	0	5	0	0	2	0	0	12	55	17	J	1	57	E	14	82	151	22	11	0	0	0	0	82	35	500	52	0	8	9	3	0	0	59	18	0	0	0	0	0	0	0	0	0	0	0	46	42	0	2.40575907856448	1.61678801003094	3.13419442938459
22	C	2.0	4.0	65	127	0	0	0	0	0	1	0	0	2	0	0	12	35	20	J	1	47	E	14	90	145	22	11	0	0	0	0	77	32	465	56	0	9	9	3	0	2	71	21	0	0	0	0	0	0	0	0	0	0	0	47	43	0	-4.03308929165419	-2.15696944810309	1.22501923645057
26	C	8.0	10.0	60	110	0	0	1	0	0	4	0	0	0	0	0	12	65	16	J	1	70	E	13	70	145	30	12	0	3	0	0	78	30	600	81	1	8	9	2	0	2	62	19	0	0	0	0	0	0	0	0	0	0	0	45	40	0	0.474875430349992	1.11002154678344	3.46103027957263
21	C	20.0	7.0	62	115	0	0	0	0	0	0	0	0	0	0	0	12	75	15	J	1	50	E	13	60	142	26	9	0	0	0	0	77	32	325	67	0	8	9	2	0	13	66	20	0	0	0	0	0	0	0	0	1	0	1	44	40	0	1.83657880664817	2.14163168428465	7.92031730522929
29	C	0.0	0.0	62	100	0	1	0	0	0	0	1	0	0	0	0	12	45	20	J	1	50	E	13	75	128	30	10	1	0	0	0	76	30	530	54	0	8	9	2	0	6	42	11	0	0	0	0	0	0	0	0	0	0	0	45	38	1	14.6753815201784	20.9372678881436	14.4405371367126
21	C	0.0	0.0	66	145	0	0	0	0	0	1	2	0	0	0	1	12	75	4	J	1	63	E	13	70	170	22	11	0	1	0	0	84	35	430	78	1	9	9	1	2	7	56	16	5	0	0	0	0	0	0	0	0	0	1	49	41	0	2.42120079325768	1.862001260854	3.90638849277607
25	C	15.0	9.0	65	126	0	0	0	0	0	0	0	0	0	0	0	12	45	8	J	1	50	E	12	70	147	26	10	1	0	0	0	79	37	450	58	0	9	9	2	0	2	57	16	0	0	0	0	0	0	0	0	0	0	0	46	40	0	1.14207552447115	1.79628843632417	2.29395838730309
26	C	20.0	8.0	65	127	0	0	0	0	0	0	0	0	0	2	0	12	65	10	J	1	67	E	11	78	144	27	10	1	0	0	0	79	30	320	48	0	9	9	2	0	3	59	18	0	0	0	0	0	0	0	0	0	0	0	44	40	0	2.52946609754141	1.68619112805728	3.07168117633297
33	C	3.0	1.0	60	124	0	0	3	0	0	0	0	0	1	0	0	10	35	12	J	1	23	E	11	90	142	35	7	0	0	0	0	81	28	370	91	1	8	9	3	0	4	61	18	0	1	0	0	0	0	0	0	0	0	0	45	40	0	1.84802932362512	2.17282755439478	5.31236252853905
21	C	0.0	0.0	68	137	0	0	0	0	0	0	0	0	0	0	0	12	65	15	J	1	90	E	14	80	158	25	16	0	0	0	0	87	31	580	80	1	8	9	2	0	2	47	14	0	0	0	0	0	0	0	0	0	0	0	46	42	0	6.28678751604164	6.21219901226118	8.06525470692245
28	C	9.0	9.0	66	130	0	0	0	2	0	0	0	0	2	0	0	12	65	4	J	1	90	E	11	90	132	31	16	1	0	0	1	82	38	500	64	0	8	8	3	0	8	51	17	0	0	0	4	1	0	0	0	0	0	3	44	35	0	2.22575476793543	2.21063877088284	2.62136826201365
26	C	12.0	10.0	62	125	0	0	0	0	0	0	1	0	2	0	0	11	45	12	J	1	60	E	16	80	142	31	12	0	1	0	0	75	26	350	50	0	9	9	3	0	11	50	15	0	0	0	0	0	0	0	0	0	0	0	44	38	0	7.66172296922075	7.40505016294153	11.9223464956213
36	C	0.0	0.0	68	123	0	1	0	0	0	0	2	0	2	0	0	12	65	8	J	1	83	E	14	86	137	36	12	0	0	0	0	86	33	400	60	1	9	9	2	0	6	60	18	0	0	0	0	0	0	0	0	0	0	0	46	37	0	12.5059134217599	12.3187883355658	2.30544067861174
23	C	10.0	8.0	64	165	0	0	0	0	0	0	0	0	0	0	0	13	35	12	J	1	60	E	12	80	190	29	12	0	0	0	0	74	25	320	56	0	9	9	4	0	5	56	14	0	0	0	0	0	0	0	0	0	0	0	45	39	0	5.13496823471401	3.94625984310185	6.79694363563129
26	C	0.0	0.0	62	98	0	0	0	0	0	0	1	0	1	0	0	16	35	10	P	1	77	E	14	64	114	25	18	0	0	0	0	82	39	250	68	0	9	9	4	0	6	63	19	0	0	0	0	0	0	0	0	0	0	0	45	40	0	2.42083760862716	0.774881339604972	3.03724860657279
22	C	0.0	1.0	63	120	0	0	0	0	0	0	0	0	0	0	0	12	55	10	J	1	73	E	13	68	141	26	13	0	0	0	0	77	34	460	45	1	8	9	0	3	5	61	20	0	0	0	0	0	0	0	0	0	0	0	45	43	0	0.659106657771712	1.56539534612969	6.04909691153513
42	C	0.0	12.0	66	137	0	0	0	2	0	0	1	1	0	0	0	16	65	9	I	1	80	E	13	80	158	41	12	0	0	0	0	80	32	570	75	0	4	7	0	2	7	66	22	0	0	0	3	0	0	0	0	0	0	0	47	39	0	-2.10784192510526	-1.57244529801724	4.05282299690376
20	C	4.0	2.0	60	115	0	1	2	0	0	0	0	0	0	0	0	10	45	8	J	1	40	E	12	70	130	27	5	0	0	0	0	84	36	460	81	0	6	9	2	0	6	67	20	0	0	0	0	0	0	0	0	0	0	0	43	42	0	10.6884678358709	9.87648509926993	0.594342383477325
32	C	11.0	16.0	65	134	0	0	0	1	0	0	1	1	0	2	0	12	45	8	J	1	63	E	12	75	148	35	12	0	1	0	0	80	33	620	66	0	9	9	3	0	3	57	19	0	0	0	0	0	0	0	0	0	0	0	47	39	0	1.85260509356833	1.99112748507477	2.70866936890375
29	C	14.0	12.0	64	119	0	0	0	0	0	0	0	0	0	0	0	11	65	10	J	1	70	E	14	64	132	33	12	0	0	0	0	78	28	440	55	1	9	9	3	0	7	55	15	0	0	0	0	0	0	0	0	0	0	0	46	40	0	4.10961591079016	4.27544577373833	6.98615927682226
26	C	0.0	0.5	66	130	0	0	0	0	0	1	0	2	2	0	0	12	45	8	J	1	63	E	14	84	156	27	12	0	0	0	0	84	36	370	64	1	9	9	2	0	2	62	16	0	0	0	0	0	0	0	0	0	0	0	49	41	0	-0.508781220623075	-0.36910436804127	-0.118030085158296
27	C	0.0	0.0	62	140	0	0	0	0	0	0	0	0	0	0	0	12	35	15	J	1	37	E	14	82	158	25	11	0	0	0	0	75	24	450	96	1	6	9	4	0	6	67	21	0	0	0	0	0	0	0	0	0	0	0	48	41	1	3.32876200092472	0.44011629891421	4.67496329549681
26	C	4.0	10.0	65	116	1	0	0	0	0	0	0	1	0	0	0	12	35	10	J	1	63	E	12	50	145	27	12	0	0	0	0	84	28	450	57	0	9	9	2	0	9	38	12	0	0	0	0	0	0	0	0	0	0	0	46	41	0	9.57786178044197	10.1058470136904	13.5271314107459
30	C	7.0	8.0	64	167	0	0	0	2	0	0	1	0	0	0	0	5	75	13	J	1	50	E	12	60	178	32	5	0	1	0	0	85	32	410	50	0	9	9	2	0	1	53	16	0	0	0	0	0	0	0	0	0	0	0	48	40	0	3.26969143485724	3.95980393919645	5.51600618543559
31	C	6.0	9.0	65	166	0	0	0	1	0	0	2	0	1	0	0	5	35	17	J	1	43	E	12	80	171	34	5	0	1	0	0	76	24	470	56	1	9	9	3	0	4	56	16	0	0	0	0	0	0	0	0	0	0	0	47	40	0	6.30205083398885	4.63698733630921	8.50825801490873
31	C	19.0	9.0	65	142	0	0	0	0	0	0	2	0	0	0	0	12	75	10	G	1	53	E	14	68	147	29	10	0	0	0	0	87	37	500	91	1	9	9	3	0	6	59	20	0	0	0	0	0	0	0	0	0	0	0	48	38	1	6.3711469773072	2.7199125293817	5.41832433541455
23	C	0.0	4.0	67	142	0	0	0	0	0	0	0	0	1	0	0	12	45	10	J	1	83	E	13	70	152	24	16	0	0	0	0	88	41	480	66	1	9	9	3	0	5	62	18	0	0	0	0	0	0	0	0	0	0	0	47	41	0	-0.206412723667839	0.861011571940998	2.70014303781235
28	C	35.0	16.0	68	133	0	0	0	0	0	0	1	0	1	0	0	11	35	12	J	1	37	E	14	70	153	29	11	1	0	0	0	75	25	490	73	1	7	9	2	0	8	55	18	0	0	0	0	0	0	0	0	0	0	0	47	38	0	5.5647947383211	5.33470057061295	9.49491249176413
22	C	20.0	8.0	66	117	0	0	0	1	0	0	1	0	0	0	0	9	45	12	J	1	57	E	13	70	143	22	9	0	0	0	0	82	30	600	66	0	6	9	0	3	2	65	18	0	0	0	0	0	0	0	0	0	0	0	45	39	0	-0.468824965150131	-0.469269037617861	3.67504673396513
24	C	10.0	11.0	66	115	0	0	0	0	0	0	0	0	1	1	0	8	45	10	J	1	40	E	13	78	144	25	9	0	0	0	0	78	32	470	44	0	9	9	3	0	5	56	18	0	0	0	0	0	0	0	0	0	0	0	45	40	1	4.74510998510386	3.78726737378124	6.40412631289454
23	C	15.0	6.0	64	112	0	1	0	1	0	1	0	0	0	0	0	12	25	15	J	1	50	E	12	68	135	25	12	0	0	0	0	83	37	440	59	0	9	9	2	0	13	53	15	0	0	0	0	0	0	0	0	0	0	0	46	41	0	18.9269585745189	18.2459399709605	12.6331192891122
30	C	0.0	0.0	61	170	0	0	0	0	0	1	0	0	0	0	0	12	55	10	J	1	47	E	13	70	161	28	10	0	0	0	0	78	28	470	58	0	9	9	3	0	5	53	16	0	0	0	0	0	0	0	0	0	0	0	46	40	1	7.03534717794279	4.79609731390068	7.29822900580135
27	C	0.125	11.0	67	148	0	0	0	0	0	1	1	0	0	0	0	16	35	15	J	1	70	B	14	60	169	27	12	1	0	1	1	83	40	350	53	1	6	8	0	2	2	58	18	0	0	0	0	0	0	0	0	0	0	0	46	40	0	2.36445334836906	1.58339950327126	7.22913437964332
29	C	4.0	11.0	67	145	2	0	1	0	0	0	1	0	0	1	0	16	45	10	J	1	83	B	14	58	175	29	16	1	0	1	1	77	25	305	44	0	8	9	2	0	8	57	18	0	0	0	0	0	0	0	0	0	0	0	48	36	0	3.411913859133	3.58227477125537	6.33780098118484
29	C	4.0	11.0	67	145	2	0	1	0	0	0	1	0	0	1	0	16	45	10	J	1	83	B	14	58	175	29	16	1	0	1	1	79	27	415	43	0	4	8	4	0	6	47	15	0	0	0	0	0	0	0	0	0	0	0	45	36	0	5.36631759248048	5.44580376824983	8.66508081981612
24	C	0.0	0.0	62	125	0	0	0	0	0	0	0	1	0	1	0	12	55	7	J	1	73	E	11	80	153	30	12	0	0	0	0	82	32	440	47	0	10	10	3	0	1	58	19	0	0	0	0	0	0	0	0	0	0	0	44	40	0	0.107528575362124	0.360599729248512	-0.548800738088485
25	C	0.0	0.0	63	145	0	0	0	1	0	1	0	0	0	0	0	12	45	12	J	1	63	E	13	70	179	27	12	0	0	0	0	76	27	440	59	0	8	8	2	0	9	61	18	0	0	0	0	0	0	0	0	0	0	0	45	39	0	2.22199162132405	1.70794312529408	6.66118661248236
29	C	10.0	13.0	63	118	0	0	0	0	0	0	1	0	0	0	0	9	35	10	J	1	57	E	14	72	146	29	12	0	0	0	0	81	33	470	75	0	9	9	2	0	1	55	16	0	0	0	0	0	0	0	0	0	0	0	44	40	0	2.46763443185921	2.55255902045304	3.13903915227014
32	C	0.0	9.0	66	140	0	0	0	0	0	2	0	1	1	0	0	16	45	10	L	1	50	E	15	68	153	30	12	0	0	0	0	82	25	380	38	0	9	9	3	0	15	54	16	0	0	0	0	0	0	0	0	0	0	0	43	38	0	7.02786536783077	6.40796977099022	11.3583628196382
33	C	0.0	7.0	66	130	0	0	0	0	0	1	0	1	1	0	0	14	55	13	L	1	73	E	16	70	153	31	12	0	0	0	0	82	27	490	46	1	9	10	2	0	5	60	18	0	0	0	0	0	0	0	0	0	0	0	46	41	0	3.22015073099981	2.39992021805775	5.26092616902462
26	C	0.0	0.0	64	124	0	0	0	0	0	0	1	0	0	0	0	12	55	8	J	1	80	E	14	70	144	28	12	0	0	0	0	81	40	350	48	0	9	9	3	0	2	53	15	0	0	0	0	0	0	0	0	0	0	0	45	42	0	5.60886294177354	2.89373661965798	2.87688694461478
19	C	18.0	2.0	64	106	0	0	1	0	0	4	0	0	0	0	0	12	15	8	J	1	63	E	13	70	128	21	15	0	0	0	0	76	29	590	62	0	9	9	0	2	7	43	19	0	0	0	0	0	0	0	0	0	0	0	46	39	0	9.9924101980431	7.95187195179906	12.5407921554789
22	C	20.0	6.0	64	112	0	0	0	0	0	0	0	0	0	0	0	13	65	10	J	1	90	E	13	60	134	23	16	0	0	0	0	77	31	590	47	0	9	9	0	2	5	53	16	0	0	0	0	0	0	0	0	0	0	0	46	39	0	6.1890376446456	4.41545538553453	8.62862276215638
24	C	0.0	5.0	62	111	0	0	1	0	0	0	1	0	0	0	0	12	55	8	J	1	43	E	14	74	133	25	9	0	0	0	0	87	36	310	61	1	9	9	2	0	8	65	21	0	0	0	0	0	0	0	0	0	0	0	48	41	1	2.68614678218695	0.284176125825855	2.97006965872337
34	C	10.0	16.0	62	132	0	0	0	0	0	1	0	2	2	0	0	12	65	12	J	1	67	E	13	84	158	38	11	2	0	0	0	76	33	550	52	1	9	9	3	0	5	47	14	0	0	0	0	0	0	0	0	0	0	0	45	39	0	6.7927300597906	6.970694814805	9.72526918523348
21	C	20.0	6.0	65	125	0	0	1	0	0	0	0	0	0	0	0	12	65	10	J	1	67	E	13	60	143	24	12	0	0	0	0	81	36	320	64	1	8	9	2	0	5	69	16	0	0	0	0	0	0	0	0	0	0	0	45	38	0	-2.15393827679428	-2.0203359335243	0.0722677423047662
21	C	0.0	0.0	64	136	0	0	0	0	0	2	3	0	1	0	0	10	55	10	I	1	63	B	10	70	148	24	12	3	0	0	0	81	29	440	46	1	9	9	4	0	15	54	16	0	0	0	0	0	0	0	0	0	0	0	49	37	0	5.93842376158544	6.24241105185778	10.9635384728779
33	C	10.0	17.0	62	103	0	1	2	0	0	0	0	0	0	0	0	12	45	8	B	1	53	B	13	50	129	44	12	1	0	0	0	76	28	350	39	0	8	8	2	0	3	64	20	0	0	0	0	0	0	0	0	0	0	0	46	43	1	0.216357383618192	9.00958759614713	-0.547299410945143
34	C	20.0	15.0	63	168	0	1	0	0	0	0	2	0	0	0	0	9	55	7	J	1	67	E	11	70	182	30	12	0	0	0	0	89	41	390	52	0	9	9	2	0	1	68	21	0	0	0	0	0	0	0	0	0	0	0	46	37	0	8.12200199371376	7.10504107849285	-5.17238539780699
24	C	0.0	5.0	68	147	0	0	3	0	0	4	0	0	0	0	1	12	85	10	J	1	70	E	13	72	168	30	12	0	0	0	0	78	35	750	73	1	8	7	3	0	4	55	16	0	0	0	1	0	0	0	0	0	0	0	46	43	0	2.11536543324417	2.3287933891749	5.07772718182531
26	C	0.0	0.0	65	145	0	0	0	0	0	0	0	0	0	0	0	12	55	10	J	1	73	B	16	70	175	29	12	0	0	0	0	83	39	510	98	1	6	8	2	0	5	52	15	0	0	0	0	0	0	0	0	0	0	0	47	40	0	4.93049554182353	3.65168155423763	6.70952336167647
34	C	0.0	0.0	61	113	0	0	0	0	0	0	1	0	0	0	0	11	45	18	J	1	50	E	13	58	127	37	8	1	2	0	0	81	34	380	67	1	8	8	2	0	8	76	23	0	0	0	1	0	0	0	0	0	0	1	46	38	0	-3.16968425594642	-4.37349449878155	1.72843807159507
27	C	30.0	12.0	62	130	0	0	2	0	0	0	0	1	0	1	0	12	45	17	J	1	60	E	12	72	145	27	12	0	0	0	0	76	29	410	47	0	8	9	2	0	9	60	18	0	0	0	1	0	0	0	0	0	0	1	46	37	0	5.44061700039899	4.07550957856784	9.14673550187405
29	C	30.0	14.0	62	125	0	0	0	0	0	0	0	1	0	0	0	12	65	20	J	1	67	E	11	80	133	29	12	0	0	0	0	87	37	475	63	0	8	9	3	0	1	56	16	0	0	0	0	0	0	0	0	0	0	0	43	37	0	4.42181937470982	3.5609043555705	6.1066341500062
22	C	0.0	5.0	63	118	0	0	0	1	0	0	0	0	0	1	0	12	55	8	J	1	80	E	14	76	137	23	15	0	0	0	0	65	25	480	65	0	7	9	0	2	8	54	13	0	0	0	0	0	0	0	0	0	0	0	46	40	0	3.40735321962282	4.37803239265072	8.91672143287019
25	C	20.0	8.0	62	125	0	0	0	1	0	0	0	0	1	1	0	8	55	15	J	1	80	E	14	74	136	27	14	0	0	0	0	83	39	450	44	1	8	9	3	0	2	58	20	0	0	0	0	0	0	0	0	0	0	0	46	42	0	2.10632491263976	2.45879476446545	4.45280320744219
25	C	0.0	0.0	60	123	0	0	0	0	0	1	1	0	0	0	0	12	45	13	J	1	30	E	12	84	145	30	9	0	0	0	0	86	36	290	50	0	9	9	2	0	2	58	16	0	0	0	0	0	0	0	0	0	0	0	42	38	0	0.622527091355169	2.78462874154391	5.21957886748317
25	C	20.0	7.0	66	111	0	0	0	0	0	0	0	0	0	0	0	12	75	6	J	1	63	E	15	72	134	26	10	2	1	0	1	79	34	390	47	0	9	9	3	0	2	56	16	0	0	0	0	0	0	0	0	0	0	0	44	40	0	1.26761761182966	1.30221601816759	0.569857865293826
25	C	20.0	6.0	65	175	0	0	0	0	0	0	1	0	0	0	0	14	55	10	J	1	67	E	12	78	185	25	12	0	0	0	0	79	34	375	60	0	9	10	2	0	6	75	22	0	0	0	0	0	0	0	0	0	0	0	44	39	0	-5.58810911734024	-4.6688962136857	-2.27950566438199
25	C	1.0	8.0	67	126	0	0	0	0	0	0	0	0	0	0	1	12	65	8	J	1	57	B	12	74	143	35	11	0	0	0	0	75	28	290	50	1	9	9	3	0	6	58	15	3	0	2	0	0	0	0	0	0	0	1	45	37	1	5.233113393637	2.53666312162242	4.42289609426174
27	C	10.0	8.0	64	135	0	1	0	0	0	0	0	0	0	0	0	12	35	7	A	1	77	B	14	70	159	31	18	1	0	0	0	85	37	475	46	0	8	9	2	0	8	28	8	0	0	0	0	0	1	2	0	0	0	3	47	35	0	22.4799048987669	21.9839029152602	12.2746259032739
35	C	10.0	16.0	63	158	0	0	0	0	0	0	1	1	0	0	0	14	65	18	J	1	60	E	10	60	170	42	10	0	2	0	0	80	32	490	71	0	8	9	3	0	2	60	19	0	0	0	0	0	0	0	0	0	0	0	46	38	0	3.10633900575385	2.3053120572279	5.19101651253756
37	C	10.0	16.0	64	150	0	0	1	0	0	0	1	3	3	1	0	14	85	20	J	1	63	E	10	68	156	43	10	0	2	0	0	81	29	530	26	0	8	9	0	2	2	53	15	0	0	0	0	0	0	0	0	0	0	0	46	41	0	3.76032694710752	5.30737015699647	10.9380547467118
29	C	0.0	1.0	62	136	0	0	0	0	0	0	0	0	0	0	0	15	75	7	J	1	73	E	11	70	138	30	12	0	0	0	0	87	38	450	62	0	9	9	0	3	9	57	16	3	0	0	0	0	0	0	0	0	0	0	45	42	0	3.23032450374131	3.23420274291398	7.6886605375597
26	C	0.0	0.0	58	98	0	0	0	0	0	0	0	1	4	1	0	10	55	10	J	1	83	E	12	70	124	27	15	0	0	0	0	85	38	580	60	1	9	9	2	0	3	76	20	0	0	0	0	0	0	0	0	0	0	0	46	40	0	-6.30463933216642	-6.23509104492362	-5.19668597722057
22	C	0.0	1.0	62	107	0	0	0	0	0	1	0	0	0	0	0	11	45	8	J	1	50	E	11	58	126	22	11	0	0	0	0	79	35	490	47	0	9	9	3	0	7	58	18	0	0	0	0	0	0	0	0	0	0	0	46	37	0	4.85402739853108	2.8652176938208	5.17327388099421
37	C	0.0	0.0	62	133	0	0	0	0	0	0	1	0	1	0	0	12	45	8	J	1	63	E	12	80	143	38	12	0	0	0	0	75	35	470	57	0	8	9	3	0	4	59	19	0	0	0	0	0	0	0	0	0	0	0	45	37	0	0.68210526222727	1.52621712568918	2.62925204889955
22	C	20.0	7.0	66	142	0	0	0	0	0	0	0	0	0	0	0	12	35	8	J	1	70	E	11	80	159	24	15	0	0	0	0	78	31	330	86	0	9	8	3	0	4	74	23	0	0	0	0	0	0	0	0	0	0	0	45	41	0	-6.55400496942341	-6.43836507008509	-4.50585098142048
30	C	20.0	12.0	61	100	0	0	0	0	0	1	2	0	0	1	0	8	65	10	J	1	80	E	14	70	119	33	12	1	1	0	0	82	31	340	65	0	8	9	3	0	0	77	26	0	0	0	0	0	0	0	0	0	0	0	44	40	0	-7.53702757074875	-8.07942347624834	-8.6969679753969
40	C	0.0	0.0	63	138	0	0	0	0	0	0	0	0	0	0	0	12	65	18	J	1	60	E	13	80	140	41	12	1	0	0	0	82	34	390	52	1	9	9	4	0	8	54	17	0	0	0	0	1	0	0	0	0	0	0	48	36	0	5.60345082869502	6.28291312867771	11.2811472958492
27	C	20.0	13.0	61	98	0	1	0	0	0	1	0	0	0	0	0	12	65	8	H	1	37	B	13	60	105	32	9	1	2	0	0	78	31	330	54	0	5	9	2	0	2	63	17	0	0	0	0	0	0	0	0	0	0	0	43	41	1	0.320685996588484	10.4475411263076	-0.281565869547131
25	C	0.0	0.0	77	147	1	0	0	0	0	0	0	0	1	0	0	10	45	10	J	1	50	E	13	78	165	28	10	0	0	0	0	77	28	415	58	0	8	9	2	0	1	67	20	0	0	0	0	0	0	0	0	0	0	0	47	40	0	-2.22707089101137	-2.27946681343301	-1.61202040723954
25	C	0.0	0.0	65	140	0	0	0	0	0	0	1	0	2	0	1	12	75	8	H	1	80	B	13	60	174	25	12	0	1	0	0	79	32	450	46	1	3	9	3	0	8	43	12	0	0	0	0	0	0	0	0	0	0	0	49	36	0	6.96913090731246	7.79584142255341	9.89953296752522
18	C	0.125	2.0	62	128	0	0	0	0	0	1	0	0	0	0	0	11	55	10	J	1	57	E	13	54	145	22	11	0	0	0	0	79	25	370	61	1	4	7	2	0	10	57	16	0	0	0	0	0	0	2	0	0	0	0	46	37	1	7.59856340106596	3.15593726021761	7.88998635277779
20	C	0.0	1.0	62	130	0	0	0	0	0	1	0	0	0	0	0	12	65	17	J	1	50	E	13	74	154	24	11	0	0	0	0	72	22	310	64	1	7	9	2	0	7	68	20	0	0	0	0	0	0	0	0	0	0	0	47	38	1	4.78555372781463	0.325246171122834	5.00147302695112
32	C	20.0	14.0	64	111	0	0	0	0	0	0	0	0	0	0	0	12	55	25	J	1	70	E	11	70	128	35	14	0	0	0	0	79	29	460	95	1	4	8	3	0	2	66	18	0	0	0	0	0	0	0	0	0	0	0	46	43	0	-1.25580372142097	-0.863800865775063	3.77885555075919
30	C	0.0	0.0	66	125	0	0	0	0	0	0	0	0	0	0	0	14	65	12	J	1	90	E	10	70	141	34	16	0	0	0	0	81	32	370	75	0	9	9	0	3	7	61	19	0	0	0	0	0	0	0	0	0	0	0	46	40	0	1.84030918775225	2.26300818270283	7.65745508365222
34	C	0.0	0.0	64	125	0	0	0	0	0	0	0	0	0	0	0	14	65	15	J	1	90	E	10	70	144	37	18	0	0	0	0	84	32	480	73	1	8	9	0	3	6	49	15	0	0	0	0	0	0	0	0	0	0	0	48	40	0	8.69727017110119	6.94827321158177	12.7773093473594
36	C	10.0	16.0	63	135	2	0	0	0	0	0	1	0	0	0	0	12	55	11	J	1	80	E	13	64	155	37	13	0	2	0	0	80	34	450	47	0	7	9	3	0	1	74	22	0	0	0	0	0	0	0	0	0	0	0	45	40	0	-6.47294488238257	-5.76233033493109	-5.34146950473256
24	C	20.0	9.0	65	142	0	0	2	0	0	1	1	0	0	0	0	11	65	20	J	1	70	E	12	70	164	34	12	0	0	0	0	82	38	725	59	1	8	8	3	0	4	58	18	0	0	0	0	0	0	0	0	0	0	0	46	42	0	0.562800038162139	2.69804903961431	7.57554103226018
33	C	20.0	11.0	61	97	1	0	0	0	0	0	1	0	0	0	0	12	15	10	L	1	33	E	13	70	111	38	11	1	1	0	0	82	32	440	68	0	7	9	3	0	6	61	18	0	0	0	0	0	0	0	0	0	0	0	46	39	1	4.75976406231046	2.16969450361482	5.2162790626742
33	C	3.0	14.0	68	145	0	0	0	0	0	1	0	0	0	0	0	12	25	18	J	1	23	E	13	80	157	35	6	0	1	0	0	83	34	460	72	0	6	9	3	0	8	55	18	0	0	0	0	0	0	0	0	0	0	0	45	39	1	11.2638140463351	6.39192363811253	12.0450333379416
35	C	0.0	15.0	68	139	0	0	0	0	0	1	2	0	0	0	0	12	55	20	J	1	30	E	13	80	169	36	6	0	1	0	0	75	28	630	54	0	8	9	3	0	5	65	21	0	0	0	0	0	0	0	0	0	0	0	44	40	1	7.38342158537377	1.76393727475788	6.66596060574087
20	C	6.0	3.0	65	135	0	0	0	0	0	0	1	0	0	0	0	12	65	13	J	1	73	E	13	58	154	24	12	0	0	0	0	84	32	510	59	0	9	9	2	0	5	50	16	0	0	0	0	0	0	0	0	0	0	0	45	42	0	4.74956714081664	6.09556022084297	8.98859162395935
28	C	10.0	9.0	60	118	0	0	0	0	0	0	1	0	0	0	0	11	45	13	J	1	37	E	13	60	140	29	0	0	1	0	0	88	39	450	58	1	9	9	2	0	4	42	14	0	0	0	0	0	0	0	0	0	0	0	45	39	0	8.91402552241945	8.74229732097782	11.9401451863534
32	C	10.0	12.0	59	128	0	0	0	0	0	0	1	0	0	0	0	11	55	25	J	1	40	E	13	80	145	32	3	0	1	0	0	78	35	510	58	1	7	9	2	0	5	61	19	0	0	0	0	0	0	0	0	0	0	0	46	39	0	4.65142323905872	3.77777797039599	9.15147976834398
29	C	0.0	0.0	68	190	0	0	1	0	0	1	0	0	0	0	0	13	55	10	J	1	63	E	13	84	196	32	12	0	0	0	0	78	29	515	73	1	3	9	3	0	5	48	14	0	0	0	1	0	0	0	0	0	0	0	47	40	0	6.00297453961123	6.28804217586263	8.52249922148648
32	C	20.0	14.0	61	96	0	0	0	0	0	0	1	0	1	1	0	12	45	13	J	1	53	E	14	68	118	37	12	0	1	0	0	80	32	605	67	0	7	9	3	0	1	49	15	0	0	0	0	0	0	0	0	0	0	0	45	40	0	4.87859875307756	5.29169748206095	6.80674726648751
26	C	15.0	11.0	60	96	0	0	0	0	0	0	0	0	0	0	0	12	45	17	J	1	43	E	15	50	115	24	7	0	0	0	0	79	33	470	67	0	9	9	2	0	2	66	22	0	0	0	0	0	0	0	0	0	0	0	43	40	0	-1.00369178669136	-0.139223949211776	2.85512104968814
25	C	0.0	0.0	64	95	0	0	0	0	0	0	1	0	0	0	1	12	55	8	J	1	40	E	13	70	107	31	6	0	0	0	0	78	24	330	90	0	9	9	2	0	11	68	20	0	0	0	0	0	0	0	0	0	0	0	46	40	0	-0.397137705101961	-0.418146975744402	3.05846270933927
26	C	0.0	1.0	62	195	0	0	0	0	0	2	0	0	0	0	0	8	35	13	J	1	33	E	12	80	195	26	9	0	0	0	0	75	22	240	54	0	9	9	3	0	7	64	21	0	0	0	0	0	0	0	0	0	0	0	44	40	1	5.24921155318304	1.74062306855525	5.91431405053709
28	C	6.0	2.0	62	96	0	0	0	0	0	0	0	0	0	0	0	12	35	15	J	1	43	E	16	68	125	31	10	0	1	0	0	77	30	450	49	0	8	9	3	0	9	59	17	0	0	0	0	0	0	0	0	0	0	0	44	40	1	8.00673411898186	4.42595899177085	9.42330160874945
31	C	10.0	4.0	63	94	0	0	0	0	0	0	0	0	1	1	0	12	5	18	J	1	27	E	15	70	113	33	10	0	1	0	0	82	39	350	52	1	9	10	2	0	6	62	16	0	0	0	0	0	0	0	0	0	0	0	44	39	0	1.71283458051968	3.12441975024473	8.1046239347222
23	C	1.0	3.0	64	120	0	0	0	0	0	1	1	1	0	0	0	12	45	10	J	1	40	E	14	68	142	27	11	1	1	0	0	77	31	290	44	1	9	9	2	0	8	63	18	0	0	0	0	0	0	0	0	0	0	0	44	41	0	-0.34146431208455	1.70892451666273	5.2005860658652
20	C	0.0	0.0	65	135	0	0	0	0	0	0	1	0	0	0	0	14	35	15	J	1	77	E	11	62	149	21	14	0	0	0	0	84	34	600	50	1	9	9	0	3	7	62	20	0	0	0	0	0	0	0	0	0	0	0	47	39	0	2.86901073765149	2.50325332841676	8.8155316641806
22	C	20.0	7.0	59	123	0	0	0	0	0	0	1	0	0	1	0	12	55	13	J	1	80	E	13	70	154	26	12	0	0	0	0	81	37	340	59	1	9	9	3	0	7	65	21	0	0	0	0	0	0	0	0	0	0	0	45	40	0	1.63572016351099	0.707879413419395	4.04834458752364
22	C	20.0	5.0	66	137	0	0	0	0	0	1	1	1	0	0	0	12	55	10	J	1	80	E	15	54	159	27	16	0	0	0	0	78	39	500	42	0	1	9	2	0	7	39	12	0	0	0	1	0	0	0	0	0	0	1	47	41	0	11.0511956137582	9.19778778383038	11.7771363416367
31	C	0.0	5.0	64	140	0	0	0	0	0	0	0	0	1	0	0	13	65	9	J	1	80	E	11	60	160	34	14	0	0	0	0	82	36	520	56	0	8	9	3	0	9	62	15	0	0	0	0	0	0	0	0	0	0	0	45	40	0	-1.56366733510824	1.58556046353704	4.29077145731326
26	C	20.0	10.0	64	96	0	0	0	0	0	0	0	0	0	1	0	12	35	13	J	1	43	E	15	70	129	24	10	0	0	0	0	78	32	575	76	1	9	9	2	0	6	60	19	0	0	0	0	0	0	0	0	0	0	0	46	40	0	3.26738081635002	3.04018005750673	6.75201576365114
34	C	0.0	0.0	64	157	0	0	0	0	0	0	0	0	1	0	0	12	35	20	J	1	43	E	16	80	174	34	10	0	0	0	0	81	28	500	58	1	9	9	3	0	10	47	14	0	0	0	0	0	0	0	0	0	0	0	44	39	1	16.028230352084	9.50255087216622	15.6423856665143
21	C	0.0	0.0	61	103	0	0	0	0	0	0	0	0	0	0	0	12	25	30	F	1	70	E	12	88	118	27	14	0	0	0	0	83	35	480	54	1	10	9	0	2	8	43	12	0	0	0	0	0	0	0	0	0	0	0	44	42	0	9.24460833331394	10.9224544834482	19.6874213416178
30	C	0.0	0.0	63	134	0	0	0	0	0	0	0	0	0	0	0	7	75	13	F	1	90	E	15	70	158	32	15	0	0	0	0	84	38	420	46	0	7	9	3	0	5	53	15	0	0	0	0	0	0	0	0	0	0	0	45	39	0	4.78009479150034	4.84325569528797	7.43020288852131
29	C	20.0	16.0	61	110	0	0	0	0	0	1	0	0	1	0	0	12	65	12	J	1	60	E	13	60	124	31	12	1	0	0	0	82	31	330	58	1	9	9	3	0	9	69	16	0	0	0	0	0	0	0	0	0	0	0	45	40	0	1.15518520035455	-0.58468110123993	3.38048198978481
33	C	10.0	12.0	67	170	0	0	0	0	0	0	3	0	0	1	0	12	45	12	J	1	43	E	11	70	195	36	9	0	1	0	0	80	33	590	59	1	8	8	3	0	0	54	17	0	0	0	0	0	0	0	0	0	0	0	48	40	0	1.76871231750057	1.77138562529512	3.49123492209726
32	C	20.0	15.0	66	135	0	3	1	0	0	0	0	0	1	1	0	12	75	8	J	1	73	E	14	90	155	34	12	0	0	0	0	76	34	460	57	1	9	9	3	0	3	48	15	0	0	0	0	0	0	0	0	0	0	0	46	40	0	17.6191926321523	15.9431535052532	5.07609237815539
25	C	0.0	0.0	60	118	0	0	0	0	0	0	1	0	0	0	0	12	35	10	J	1	37	E	11	60	137	28	9	0	0	0	0	82	29	440	70	1	8	10	3	0	8	58	19	0	0	0	0	0	0	0	0	0	0	0	46	38	0	3.88574969381463	3.78111747712591	7.34380968478114
27	C	0.0	0.0	63	110	0	0	0	0	0	0	0	1	0	0	0	12	65	25	G	1	83	E	16	60	135	33	12	2	0	1	0	85	41	390	75	0	6	9	2	0	4	63	19	0	0	0	0	0	0	0	0	0	0	0	47	40	0	1.68087798105119	2.11474337633958	6.37195285364075
24	C	0.0	2.0	54	89	0	0	0	0	0	1	1	0	0	0	0	12	65	10	O	1	57	E	16	66	108	27	7	0	0	0	0	82	34	510	43	0	8	8	1	2	3	54	14	0	0	0	0	0	0	0	0	0	0	0	45	39	0	3.91806588331835	2.70987351483542	7.76437295283192
32	C	20.0	15.0	63	145	0	1	0	0	0	0	0	0	0	0	0	12	85	10	J	1	87	E	14	86	153	32	12	0	3	0	1	79	24	490	52	0	8	9	3	0	2	58	18	0	0	0	0	0	0	0	0	0	0	0	45	42	0	12.6294434017928	12.370933845825	1.52410672790797
36	C	40.0	16.0	63	121	0	1	0	0	0	1	3	0	0	0	0	11	55	8	J	1	43	E	13	80	135	36	9	0	7	2	1	84	39	405	82	0	9	9	2	0	5	68	23	0	0	0	0	0	0	0	0	0	0	0	44	41	1	-3.2616727253652	9.12557804875951	-0.535786160037945
25	C	20.0	9.0	67	144	1	0	0	0	0	0	0	0	0	0	0	10	45	15	J	1	73	E	14	60	159	27	16	0	0	0	0	87	40	350	63	0	9	9	3	0	10	62	19	0	0	0	0	0	0	0	0	0	0	0	45	41	0	2.43869289701147	3.02373352557635	7.73070484232086
26	C	20.0	11.0	68	141	1	0	0	0	0	0	0	0	1	0	0	10	45	14	J	1	77	E	13	78	160	29	16	0	0	0	0	79	36	565	62	1	9	10	3	0	4	55	16	0	0	0	0	0	0	0	0	0	0	0	46	42	0	3.90581323929882	4.16151024585192	6.84742705051582
32	C	0.0	0.0	60	110	0	0	0	0	0	0	3	0	1	1	0	10	75	14	J	1	73	E	12	80	130	37	10	0	0	0	0	75	31	450	52	0	9	9	3	0	4	50	15	0	0	0	0	0	0	0	0	0	0	0	45	40	0	4.54412510979595	5.97547211982758	8.74671542439496
25	C	20.0	11.0	64	163	0	0	0	0	0	0	0	0	0	0	0	10	65	13	J	1	47	E	11	80	190	47	8	0	0	0	0	81	28	460	60	1	9	9	2	0	2	52	15	0	0	0	0	0	0	0	0	0	0	0	48	39	1	6.59473312113046	4.78341212124545	6.93487396241764
25	C	0.0	0.0	61	135	0	0	0	1	0	0	0	0	0	0	0	12	45	10	J	1	83	E	12	72	162	23	17	0	0	0	0	79	34	370	55	1	9	9	3	0	4	59	16	0	0	0	0	0	0	0	0	0	0	0	47	41	0	-0.468848296431674	1.79860470115982	3.29614951164697
39	C	0.0	0.0	59	118	0	0	0	0	0	1	1	1	0	0	0	12	55	15	J	1	47	E	11	80	139	42	10	2	4	1	1	80	32	395	46	0	8	9	3	0	3	75	22	0	0	0	0	0	0	0	1	0	0	1	45	40	0	-4.9040448303183	-4.36564862828225	-1.40796224599919
35	C	0.0	0.0	64	140	0	0	0	0	0	3	1	0	0	0	0	12	55	14	J	1	77	E	12	80	164	37	12	1	0	0	0	83	35	400	60	0	5	8	3	0	9	53	16	0	0	0	0	0	0	0	0	0	0	0	43	39	0	3.2055530318536	4.93555674007207	10.1523124399466
21	C	0.0	0.0	63	120	0	0	0	0	0	0	2	0	0	0	0	12	45	8	G	1	83	E	13	60	141	24	16	0	0	0	0	77	26	450	53	0	9	9	0	2	2	57	18	0	0	0	0	0	0	0	0	0	0	0	44	38	0	0.923832168334131	1.54219948477736	3.92615561655951
21	C	18.0	4.0	64	104	0	0	0	0	0	1	2	0	0	0	0	11	35	20	J	1	60	E	11	56	142	23	12	0	1	0	0	80	33	550	69	1	4	9	2	0	2	62	18	0	0	0	0	0	0	0	0	0	0	0	47	38	0	2.58674798133192	1.70284541531781	4.89014205127463
21	C	20.0	8.0	66	155	0	1	0	2	0	0	0	0	1	0	0	12	35	10	J	1	47	E	11	80	180	21	10	0	0	0	0	79	33	520	45	0	9	9	0	2	5	60	18	0	0	0	0	0	0	0	0	0	0	0	45	39	0	14.9052966556437	13.2074842624908	6.7160601388702
20	C	0.0	0.0	62	115	0	0	0	0	0	0	1	0	0	0	0	12	85	10	J	1	70	E	13	80	129	21	12	0	0	0	0	82	37	370	62	1	10	10	2	0	9	57	17	0	0	0	0	1	0	0	0	0	0	0	45	39	0	2.39664276076905	3.95743108233237	7.20325670120158
24	C	1.0	3.0	53	145	0	0	0	0	0	0	0	1	2	0	0	10	55	10	J	1	57	E	13	70	169	29	11	0	0	0	0	81	26	565	67	0	5	9	2	0	1	52	18	0	0	0	0	0	0	0	0	0	0	0	46	34	0	2.86749599407917	3.63084735536392	4.22667165258865
31	C	20.0	14.0	61	106	1	0	0	0	0	1	0	0	1	0	0	12	45	12	J	1	77	E	14	40	124	32	12	1	0	0	0	84	38	385	73	1	9	9	2	0	3	69	22	0	0	0	0	0	0	0	0	0	0	0	44	41	0	-2.68563181707118	-2.32975340562876	-0.569205355747607
27	C	0.0	0.0	68	155	0	0	2	0	0	0	1	0	0	0	1	12	55	18	J	1	63	E	12	76	181	28	12	0	2	0	0	85	39	620	52	0	6	8	0	2	10	51	14	0	0	0	0	0	0	0	0	0	0	0	47	42	0	8.52918626117775	6.71165384468461	15.6546849244057
27	C	20.0	6.0	61	100	0	0	0	0	0	1	3	0	0	1	0	12	55	10	J	1	80	E	12	70	114	28	12	2	1	1	0	78	36	260	75	0	8	8	2	0	9	78	21	0	0	0	0	0	0	0	0	0	0	0	42	41	0	-6.82533974753191	-6.87068461369294	-2.87203693093148
30	C	0.0	13.0	61	135	3	0	0	0	0	0	1	1	0	0	0	12	35	15	J	1	60	E	13	86	158	31	12	0	0	0	0	83	31	605	83	1	9	9	2	0	10	44	14	0	0	0	0	0	0	0	0	0	0	0	48	42	0	8.43576308637616	9.59772724142472	14.5885759181665
27	C	20.0	11.0	65	147	0	0	0	0	0	1	0	0	0	0	0	9	45	15	J	1	43	E	14	60	161	27	8	1	0	0	0	75	27	360	55	1	9	9	1	0	3	49	15	0	0	0	0	0	0	0	0	0	0	0	46	39	1	10.9511892948797	6.68901625996148	12.2776086027025
28	C	20.0	12.0	63	145	0	0	0	0	0	1	0	0	0	0	0	9	35	18	J	1	33	E	13	70	160	28	9	1	0	0	0	78	31	360	64	0	8	9	3	0	6	60	20	0	0	0	0	0	0	0	0	0	0	0	45	41	1	8.23780807608565	3.86701843546533	8.74685688838674
28	C	0.0	9.0	61	119	2	0	0	0	0	1	1	0	0	0	0	12	55	10	J	1	67	E	13	68	130	28	12	0	0	0	0	83	32	410	54	0	9	9	2	0	3	54	18	0	0	0	0	0	0	0	0	0	0	0	47	39	0	4.31619023260889	3.58466851107358	4.98661026907773
34	C	0.0	0.0	62	159	0	0	0	0	0	0	2	1	0	0	1	8	45	12	J	1	37	E	11	70	170	40	6	0	1	0	0	82	33	555	57	1	3	9	2	0	3	60	18	0	0	0	0	0	0	0	0	0	0	0	47	41	0	2.27523780462273	2.08368103425384	4.58367405701813
37	C	0.0	0.0	61	150	0	0	0	0	0	0	2	0	0	0	1	10	65	14	J	1	47	E	12	84	171	41	7	0	1	0	0	84	38	710	92	1	9	9	3	0	1	66	20	6	0	0	0	0	0	0	0	0	0	1	45	35	0	-0.859888156089624	-1.0389706577062	0.755650170675729
23	C	10.0	4.0	67	115	0	0	0	0	0	0	0	0	1	0	1	12	85	10	J	1	70	B	16	72	146	22	12	0	0	0	0	80	41	415	45	1	9	9	2	0	12	31	10	0	0	0	0	0	0	0	0	0	0	0	48	38	0	13.0497982153114	12.2079970809705	16.2335132871997
25	C	10.0	7.0	68	115	0	0	0	1	0	0	0	0	1	1	0	12	105	13	J	1	70	B	15	82	139	26	12	0	0	0	0	74	31	360	53	0	9	10	3	0	1	52	17	0	0	0	0	0	0	0	0	0	0	0	45	37	0	5.89171577079758	4.05813689333157	5.2651821186222
27	C	19.0	12.0	65	145	0	0	0	0	0	0	1	0	0	0	0	9	45	13	J	1	30	E	12	74	169	31	8	0	1	0	0	75	31	560	48	1	9	9	3	0	4	48	14	0	0	0	0	0	0	0	0	0	0	0	47	40	0	6.99567476035648	7.02032606036246	10.3275179129746
24	C	10.0	2.0	62	146	0	0	0	0	0	0	2	1	0	0	0	12	35	12	J	1	70	E	12	80	174	25	12	0	1	0	0	82	34	390	64	0	9	8	2	0	8	62	18	0	0	0	0	0	0	0	0	0	0	0	46	39	0	1.4216932816651	0.994833700551638	5.55878909418413
30	C	0.0	0.0	61	142	0	0	0	0	0	1	0	0	0	0	0	12	45	10	L	1	67	E	15	80	167	38	12	0	0	0	0	81	29	430	46	0	8	9	0	3	9	59	16	0	0	0	0	0	0	0	0	0	0	0	47	39	0	3.6528425060866	3.3803605918472	9.13812388219555
33	C	0.0	0.0	67	143	0	0	0	0	0	1	0	0	0	0	0	12	85	12	L	1	77	E	15	80	164	41	12	0	0	0	0	71	33	420	48	1	8	9	2	0	7	61	19	0	0	0	0	0	0	0	0	0	0	0	47	40	0	2.02367403300979	2.26239630709011	5.41784745505504
38	C	50.0	25.0	58	123	1	0	0	0	0	1	0	0	2	1	0	12	85	8	J	1	53	E	10	68	138	42	7	1	0	0	0	80	32	430	60	0	8	8	2	0	1	75	22	5	0	0	0	0	0	0	0	0	0	0	43	37	1	-7.12423986742454	-7.83144607118106	-6.9845754018892
23	C	15.0	5.0	62	138	0	0	0	0	0	0	0	0	0	0	0	12	35	13	J	1	63	E	12	70	157	27	12	0	0	0	0	79	30	440	69	1	8	9	2	0	12	57	16	0	0	0	0	0	0	0	0	0	0	0	47	40	0	4.22444378599372	5.21083152613104	10.1325782781901
27	C	20.0	13.0	63	103	1	0	0	0	0	0	1	0	0	0	0	12	45	10	J	1	70	E	13	50	124	32	14	0	0	0	0	84	37	410	51	0	8	9	2	0	10	61	18	0	0	0	0	0	0	0	0	0	0	0	44	38	0	2.50703557493152	2.57092740065263	6.05206078470111
29	C	20.0	16.0	63	108	1	0	0	0	0	0	2	1	1	0	0	12	55	13	J	1	73	E	12	60	126	34	14	0	1	0	0	78	37	380	37	0	9	9	2	0	6	59	19	0	0	0	0	0	0	0	0	0	0	0	44	39	0	1.11041439077868	3.05824819294106	6.2446976483033
25	C	0.0	0.0	60	110	0	0	0	0	0	0	0	0	0	0	0	12	45	10	J	1	77	E	10	70	129	25	12	0	0	0	0	81	35	380	76	1	9	9	0	2	7	57	15	0	0	0	0	0	0	0	0	0	0	0	45	41	0	4.88750430755608	3.59881645275513	8.64640723802007
21	C	10.0	4.0	64	130	0	0	0	0	0	0	1	0	0	0	0	12	55	10	J	1	53	E	14	65	147	25	11	0	0	0	0	83	31	415	41	1	9	9	2	0	7	48	15	0	0	0	0	0	0	0	0	0	0	0	44	36	0	6.63050448724038	6.912961567645	9.9438459394106
25	C	0.0	0.0	63	155	0	0	0	0	0	0	0	0	2	0	0	8	35	8	F	1	57	E	16	58	178	25	12	0	0	0	0	77	35	460	76	1	8	9	3	0	1	48	16	0	0	0	0	0	0	0	0	0	0	0	44	42	1	6.13033814282153	4.4485386557522	4.31100305652286
20	C	10.0	4.0	62	141	0	0	0	1	0	0	0	0	1	1	0	12	55	20	J	1	87	E	9	76	164	25	16	0	0	0	0	79	37	395	53	0	6	9	3	0	2	58	18	0	0	0	0	0	0	0	0	0	0	0	46	41	0	3.25348660992646	2.97458240038144	5.70274931613864
32	C	20.0	12.0	59	98	0	0	0	0	0	0	2	0	0	0	0	12	45	13	J	1	63	E	13	68	110	35	12	0	1	0	0	80	38	400	51	1	9	9	2	0	9	68	21	0	0	0	0	0	0	0	0	0	0	0	49	44	0	1.9510518802529	0.0158772252490009	4.18441252377613
19	C	10.0	7.0	66	117	1	0	2	0	0	0	0	0	0	0	0	12	45	15	J	1	37	E	13	64	137	22	6	1	0	0	0	78	36	420	54	0	9	9	2	0	2	63	20	0	0	0	0	0	0	0	0	0	0	0	44	41	1	5.93689647293985	0.972605162458121	3.70708009115223
23	C	0.5	6.0	68	220	0	0	0	0	0	2	1	0	0	0	0	12	35	13	J	1	47	E	11	88	251	26	11	0	0	0	0	83	33	480	61	0	8	8	3	0	2	59	17	0	0	0	0	0	0	0	0	0	0	0	45	41	1	4.12105838232128	1.00641117031729	4.14581887327721
22	C	0.0	0.0	61	107	0	0	0	0	0	0	0	0	0	0	0	12	65	10	G	1	70	E	12	70	131	25	12	0	0	0	0	80	33	370	59	1	9	9	2	0	7	55	16	0	0	0	0	0	0	0	0	0	0	0	45	37	0	6.08018997975391	4.27544577373833	6.98615927682226
40	C	10.0	18.0	62	150	0	1	0	1	0	1	1	0	0	0	0	12	95	14	J	1	80	E	12	60	168	44	12	0	1	0	0	82	32	770	62	0	4	8	3	0	2	44	13	0	0	0	0	0	0	0	0	0	0	0	45	42	0	16.4927016790201	16.8433802373732	8.2411267541031
28	C	0.0	0.0	63	125	0	0	0	0	0	1	2	0	0	0	0	12	55	17	J	1	87	E	13	80	143	29	13	0	1	0	1	76	36	345	88	0	6	8	1	1	11	64	20	0	0	0	2	0	0	0	0	0	0	0	47	41	0	-1.18972083578505	1.45475785628656	10.0013107859507
19	C	0.0	2.0	58	113	0	0	0	1	0	2	0	0	0	0	0	12	45	5	J	1	83	E	14	76	122	22	15	0	0	0	0	81	26	350	77	0	8	9	3	0	6	66	20	0	0	0	0	0	0	0	0	0	0	0	47	38	0	-2.36939490618187	-2.30334838756539	-2.56899142048737
19	C	15.0	6.0	61	138	0	0	0	0	0	2	1	0	0	0	0	12	45	10	J	1	70	E	9	90	155	23	13	0	1	0	0	86	40	540	56	1	9	9	2	0	2	55	15	0	0	0	0	0	0	0	0	0	0	0	45	40	0	2.2418689226676	2.82006517933145	3.71704355975224
21	C	20.0	8.0	61	142	0	0	0	1	0	1	3	0	2	0	0	12	55	8	J	1	70	E	9	80	142	24	13	0	0	0	1	81	36	450	45	0	8	9	4	0	6	47	14	0	0	0	0	0	0	0	0	0	0	0	46	37	0	8.00531425278662	6.2510515185705	7.94230261305512
22	C	20.0	9.0	61	138	0	0	0	0	0	1	2	0	3	0	0	12	65	10	J	1	77	E	9	70	158	25	13	1	0	0	1	78	39	600	44	1	6	9	3	0	6	43	13	0	0	0	0	0	0	0	0	0	0	0	42	39	0	9.58941528726455	7.89615259926703	10.2202309451814
19	C	20.0	4.0	62	115	0	0	0	0	0	0	0	0	0	0	1	11	65	7	J	1	50	E	12	82	128	21	9	0	0	0	1	84	32	405	37	1	9	9	4	0	10	42	13	0	0	0	0	0	0	0	0	0	0	0	46	35	0	10.0234481925644	8.5481767895545	11.2336681351493
21	C	30.0	4.0	62	115	0	0	0	0	0	1	0	0	0	0	1	11	45	10	J	1	40	E	13	70	129	22	9	0	0	0	1	78	29	370	45	0	9	9	5	0	6	19	7	0	0	0	4	0	0	3	1	0	0	5	45	38	0	13.4336993825669	13.3516668474678	16.3711469831787
25	C	0.0	1.0	60	148	0	0	0	0	0	0	2	0	0	0	1	10	65	13	J	1	47	E	11	78	153	27	7	0	1	0	0	74	31	390	57	0	4	9	2	0	4	51	15	0	0	0	0	0	0	0	0	0	0	0	44	40	0	4.9736489862376	5.80448149429224	8.80032793498795
25	C	20.0	6.0	65	126	0	0	0	0	0	2	1	0	0	0	0	12	65	13	J	1	77	E	13	80	135	26	12	1	1	0	0	83	36	470	55	0	9	9	2	0	5	60	16	0	0	0	0	0	0	0	0	0	0	0	44	41	0	2.40479442572792	2.34933852121818	5.14029896486788
39	C	30.0	20.0	66	158	0	0	0	0	0	0	1	0	0	0	0	11	65	18	J	1	60	E	12	86	180	45	12	0	1	0	0	81	35	620	89	1	8	9	2	0	0	65	20	0	0	0	0	0	0	0	0	0	0	0	47	39	0	0.574887079820114	-0.802765090473643	0.809955501780555
17	C	0.0	0.0	62	137	0	0	1	0	0	0	0	0	0	0	0	10	35	10	J	1	53	E	11	80	160	19	12	0	0	0	0	84	37	460	51	0	9	9	2	0	7	60	16	0	0	0	0	0	0	0	0	0	0	0	46	40	0	2.44004957110324	2.55923678439364	5.55239291298265
21	C	8.0	3.0	66	115	0	0	0	0	0	0	0	0	0	0	0	12	35	8	J	1	33	E	13	70	134	26	8	0	0	0	0	72	24	440	47	1	8	9	3	0	6	50	15	0	0	0	0	0	0	0	0	0	0	0	45	37	0	6.27638240604667	5.7465737462716	8.08370881177061
23	C	0.0	7.0	62	110	0	0	0	0	0	0	0	0	0	0	0	14	45	10	J	1	63	E	12	85	131	27	12	0	0	0	0	83	32	490	63	0	8	9	2	0	4	64	22	0	0	0	0	0	0	0	0	0	0	0	44	41	0	-2.0742764856232	-0.015718048106415	1.81440066309104
22	C	0.0	0.0	68	157	0	0	0	0	0	0	0	0	1	0	1	9	75	7	J	1	53	B	12	56	185	24	9	0	0	0	0	86	41	450	62	0	9	10	3	0	7	48	15	0	0	0	0	0	0	0	0	0	0	0	47	44	0	4.34253821020203	6.06314703811624	7.88921866787216
36	C	0.0	20.0	63	155	0	0	0	0	0	1	1	1	0	0	0	12	55	20	J	1	37	E	13	94	169	35	9	0	2	0	0	86	33	525	45	1	9	10	3	0	5	57	16	0	0	0	0	0	0	0	0	0	0	0	46	38	1	10.4962215116156	4.95448050155841	9.75988610684436
38	C	20.0	23.0	59	100	0	1	0	0	0	0	0	0	0	0	0	8	25	13	J	1	27	E	13	64	117	38	8	0	1	0	0	76	34	505	94	1	8	9	3	0	4	67	22	0	0	0	0	0	0	0	0	0	0	0	47	39	0	10.0598211898773	10.6211154905402	2.48191446862293
30	C	20.0	13.0	63	124	0	0	0	0	0	0	1	0	0	0	0	12	55	8	J	1	87	E	13	70	136	36	15	3	1	0	0	73	24	360	63	1	7	9	3	0	3	58	16	0	0	0	0	0	0	0	0	0	0	0	45	38	0	0.424569359035633	1.30115404435777	1.59502979118097
25	C	30.0	10.0	59	106	0	0	2	1	0	3	0	0	0	1	0	12	55	20	J	1	63	E	12	48	127	31	12	2	0	0	0	76	30	340	50	0	8	9	3	0	6	53	15	0	0	0	0	0	0	0	0	0	0	0	45	40	0	7.1824237194626	6.35889277213283	11.0390607233092
20	C	0.5	2.0	63	122	0	0	0	0	0	0	1	0	0	0	0	12	45	15	J	1	77	E	12	70	134	25	12	0	1	0	0	84	36	400	50	1	8	8	3	0	4	62	18	0	0	0	0	0	0	0	0	0	0	0	46	41	0	1.19047214045567	0.392033429435278	4.27649061895143
31	C	0.0	0.0	60	140	0	0	0	0	0	0	0	0	0	0	0	9	25	13	J	1	23	E	11	80	153	30	4	0	0	0	0	82	29	420	36	0	8	9	2	0	4	57	18	0	0	0	0	0	0	0	0	0	0	0	44	38	1	8.27123048649582	3.93704800981325	7.34250243786901
26	C	7.0	11.0	65	116	0	0	0	1	0	0	0	0	0	0	0	10	55	13	J	1	53	E	14	74	140	25	11	0	0	0	0	78	35	545	64	1	9	9	2	0	7	71	23	0	0	0	0	0	0	0	0	0	0	0	46	41	0	-0.776458876951	-1.69420177765552	2.09678310938496
25	C	10.0	8.0	62	120	0	0	0	0	0	0	1	0	0	0	0	12	65	8	J	1	70	E	12	70	143	30	12	0	0	0	0	79	34	350	59	1	10	10	3	0	7	60	18	0	0	0	0	0	0	0	0	0	0	0	46	40	0	2.57461508090018	1.81770062578612	3.76667015464703
25	C	0.0	0.0	66	140	0	0	0	0	0	2	0	0	0	0	0	12	55	9	J	1	47	E	11	60	177	29	10	0	0	0	0	85	39	590	60	1	4	9	2	0	9	59	18	0	0	0	1	0	0	0	0	0	0	1	47	40	0	2.68882754877997	3.2248817546434	6.52110101701666
38	C	0.0	11.0	62	115	0	0	0	0	0	0	1	0	0	0	0	10	35	18	J	1	57	E	13	58	136	33	12	0	0	1	0	80	31	440	63	1	8	9	3	0	9	54	16	0	0	0	0	0	0	0	0	0	0	0	47	37	0	5.5838688663053	6.53192631967375	11.8457769690998
38	C	0.0	11.0	62	115	0	0	0	0	0	0	1	0	0	0	0	10	35	18	J	1	57	E	13	58	136	33	12	0	0	1	0	75	24	310	47	0	2	10	4	0	9	49	14	0	0	0	1	0	0	0	0	0	0	1	43	37	0	7.84856428605744	8.26154063980189	13.5903796757063
27	C	13.0	12.0	63	110	0	0	0	0	0	0	0	0	1	0	0	9	55	12	J	1	87	E	15	70	122	31	13	1	0	0	0	84	31	340	52	0	9	9	3	0	11	55	14	0	0	0	0	0	0	0	0	0	0	0	44	41	0	6.44231098707512	5.30002422254632	9.32892868844079
33	C	0.0	0.0	63	206	0	0	0	0	0	0	2	0	0	1	0	12	45	18	J	1	53	E	11	75	212	36	11	0	0	0	0	81	30	505	82	0	8	9	0	3	3	58	16	0	0	0	0	0	0	0	0	0	0	0	46	42	0	3.84364514651585	3.71259551644865	9.64379828838528
20	C	4.0	4.0	66	120	0	0	0	0	0	0	0	0	0	0	0	12	35	6	J	1	57	E	13	80	154	23	12	0	0	0	0	77	28	415	66	0	9	10	3	0	8	62	18	0	0	0	0	0	0	0	0	0	0	0	44	40	0	1.66033527248088	0.678139185993878	2.12342539402959
23	C	0.0	0.0	64	122	1	0	0	0	0	1	1	1	0	0	0	13	45	10	I	1	77	E	12	70	138	27	13	0	0	0	0	80	34	730	84	0	9	9	3	0	11	53	16	0	0	0	0	0	0	0	0	0	0	0	44	40	0	7.08098042581885	5.73731467569167	9.35958605501092
35	C	0.125	3.0	62	140	0	0	0	4	0	0	1	0	0	0	0	7	75	12	F	1	43	E	16	70	159	52	7	0	0	0	1	83	34	465	61	1	8	9	3	0	7	69	21	0	0	0	0	0	0	0	0	0	0	0	47	39	0	-1.74989804960492	-0.802290807859171	2.92175256513821
26	C	1.0	7.0	60	110	0	0	2	0	0	1	0	0	0	0	0	9	65	12	J	1	77	E	11	76	129	28	12	0	0	0	0	82	35	430	56	1	5	9	3	0	8	52	16	0	0	0	0	0	0	0	0	0	0	0	44	40	0	4.23783635493345	5.90344591401088	9.3673871325351
25	C	15.0	10.0	67	145	0	0	0	0	0	0	0	0	1	0	0	12	75	12	J	1	40	E	13	68	160	27	9	0	0	0	0	72	23	400	58	0	8	9	1	2	10	51	15	6	0	0	0	0	0	0	0	0	0	1	46	38	0	8.81889214799637	7.29560054999476	14.3925999886013
27	C	15.0	14.0	67	162	0	0	0	0	0	0	1	0	0	0	0	12	65	12	J	1	50	E	13	60	181	30	9	0	0	0	0	84	39	315	46	1	8	10	2	2	2	64	21	0	0	0	0	0	0	0	0	0	0	0	48	40	1	1.87736675507981	-0.110808596703254	1.69483751255858
27	C	15.0	14.0	67	162	0	0	0	0	0	0	1	0	0	0	0	12	65	12	J	1	50	E	13	60	181	30	9	0	0	0	0	83	36	465	59	0	7	9	2	2	6	54	17	0	0	0	0	0	0	0	0	0	0	0	45	40	1	9.98776229647601	5.07117941196612	8.42671775490442
39	C	0.0	0.0	61	130	0	0	0	0	0	1	0	0	0	0	0	16	55	9	I	1	57	B	15	75	149	39	12	4	0	0	0	75	31	480	50	0	9	9	2	0	3	53	16	0	0	0	0	1	0	0	0	0	0	1	47	38	1	6.9053085199696	3.82557391167839	5.05841007881645
24	C	0.0	0.0	63	168	0	0	0	0	0	0	1	0	2	0	0	12	25	10	L	1	40	B	14	70	176	24	10	0	0	0	0	77	33	410	84	1	8	10	2	0	7	65	20	0	0	0	0	0	0	0	0	0	0	0	47	41	1	3.84146862961161	0.624380620716203	3.82970611091222
29	C	0.0	0.0	68	125	0	0	2	0	0	0	0	0	0	0	0	12	45	10	F	1	33	E	13	70	152	57	9	0	0	0	0	79	33	470	43	1	9	9	0	3	6	62	18	0	0	0	0	0	0	0	0	0	0	0	47	40	0	1.67060122282402	1.92077850636966	7.42982136100028
30	C	11.0	13.0	62	108	0	0	0	0	0	0	1	0	1	0	0	12	55	17	J	1	80	E	11	80	124	32	14	0	0	0	0	66	22	460	36	1	8	9	3	0	4	35	10	0	0	0	0	0	0	2	0	0	0	1	48	34	0	11.3262052921547	10.580705047392	13.8561863133331
21	C	15.0	3.0	64	115	0	0	0	0	0	0	0	0	1	0	0	12	65	8	J	1	70	E	15	70	135	23	12	0	0	0	0	77	33	330	58	0	8	7	2	0	7	62	19	0	0	0	0	0	0	0	0	0	0	0	44	40	0	0.41224026038091	-0.168926448260371	2.78350385533448
25	C	0.0	6.0	61	165	0	0	0	0	0	1	1	0	1	0	0	12	45	10	J	1	60	E	12	70	173	26	12	0	1	0	0	80	29	385	52	1	8	9	3	0	1	55	16	0	0	0	0	0	0	0	0	0	0	0	47	39	0	2.69688269558268	2.5143880681189	3.04800908511619
30	C	20.0	9.0	65	157	0	0	0	0	0	0	0	0	0	1	0	12	55	14	J	1	70	E	14	64	172	32	12	0	1	0	0	80	41	450	51	0	7	9	2	0	6	64	22	0	0	0	0	0	0	0	0	0	0	0	43	42	0	3.46325634569477	1.19130207459422	4.64280459017151
31	C	0.0	0.0	63	114	0	0	2	0	0	0	0	0	0	0	0	14	45	13	I	1	40	B	12	60	130	36	8	1	0	1	0	78	30	390	56	0	9	9	2	0	6	52	16	0	0	0	0	0	0	0	0	0	0	0	44	35	0	5.9290532049779	6.08922427484016	9.88045792523259
23	C	10.0	6.0	64	130	0	0	0	0	0	0	3	0	0	0	0	10	45	13	A	1	63	E	11	50	149	30	12	1	1	0	0	81	29	465	58	0	7	9	2	0	2	62	20	0	0	0	2	0	0	0	0	0	0	1	47	42	0	0.53866558575923	0.748748778433296	2.58464382840175
26	C	20.0	9.0	68	158	0	0	0	0	0	1	0	0	0	0	0	14	45	6	J	1	83	E	11	80	168	30	15	0	1	0	0	75	25	550	71	0	9	9	3	0	2	61	20	0	0	0	0	0	0	0	0	0	0	0	44	39	0	-1.04672548382082	-0.916927139554849	-2.01681215644261
28	C	20.0	11.0	68	168	0	0	0	0	0	1	0	0	0	0	0	14	45	7	J	1	80	E	12	86	164	32	14	0	1	0	0	76	35	530	64	1	6	8	2	0	1	48	14	0	1	0	0	0	0	0	0	0	0	0	46	40	0	3.17475543701592	2.66625593751761	2.67575875685115
21	C	6.0	3.0	64	141	0	0	0	0	0	0	0	0	1	0	0	12	55	10	J	1	63	E	12	68	162	23	12	0	0	0	0	81	37	460	55	0	8	9	2	0	2	53	16	0	0	0	0	0	0	0	0	0	0	0	48	41	0	3.75476639004613	3.63446184097477	4.66067578012379
19	C	20.0	5.0	62	130	0	0	0	0	0	0	0	0	1	0	0	12	55	10	J	1	67	E	12	62	143	23	12	0	0	0	0	59	24	340	42	0	9	10	3	0	5	55	16	0	0	0	0	0	0	0	0	0	0	0	44	39	0	3.73357938771864	3.8158153404945	5.9589935807353
35	C	20.0	17.0	63	135	0	0	0	0	0	1	1	0	1	0	0	12	65	10	J	1	70	B	14	80	139	38	12	3	2	0	0	79	31	280	60	1	2	7	4	0	1	55	16	0	0	0	2	0	0	0	1	0	0	1	47	32	0	0.885080775087896	1.22106173404055	2.5895100254247
30	C	0.0	0.0	63	260	0	0	0	0	0	0	0	0	0	0	0	12	55	10	J	1	43	E	11	80	254	34	8	0	0	0	0	80	27	480	59	0	8	9	2	0	8	61	18	0	0	0	0	0	0	0	0	0	0	0	45	38	0	3.5462161967295	2.50415502019918	5.94973210699441
24	C	0.0	0.0	67	127	0	0	0	1	0	1	1	0	0	0	1	14	25	10	J	1	70	E	14	88	143	27	17	0	3	0	0	80	40	370	68	1	4	9	2	0	2	65	20	0	0	0	0	0	0	0	0	0	0	0	46	37	0	-1.34955351472113	-1.21341278056257	-0.351387467892799
32	C	20.0	16.0	63	151	0	1	0	0	0	0	1	0	0	0	0	11	25	10	J	1	27	E	13	84	161	33	10	0	1	0	0	78	33	490	85	1	8	9	3	0	4	63	20	0	0	0	0	0	0	0	0	0	0	0	46	40	0	12.2091516033699	11.7773266594671	2.81345711451087
32	C	0.0	0.0	65	128	1	0	0	0	0	0	2	0	0	0	0	12	105	12	J	1	87	E	11	78	136	36	12	0	1	1	0	83	39	610	85	1	9	10	2	0	6	62	19	0	0	0	0	0	0	0	0	0	0	0	47	41	0	0.851519903486689	1.48344692233228	4.16237696535248
23	C	0.0	3.0	62	150	0	0	0	0	0	0	0	0	0	0	0	12	45	7	J	1	40	E	11	78	194	26	9	0	0	0	0	81	36	590	67	0	8	9	2	0	4	57	16	0	0	0	0	0	0	0	0	0	0	0	46	40	0	1.75685319752136	2.2751768524727	3.3317723457617
31	C	2.0	7.0	60	134	0	0	0	0	0	2	0	1	1	1	0	9	45	15	J	1	50	E	11	70	149	37	11	0	0	0	0	83	34	400	50	0	9	9	2	0	7	65	20	0	0	0	0	0	0	0	0	0	0	0	44	39	0	2.31295798063448	1.40058116828869	5.71057240809453
17	C	0.0	0.5	62	114	0	0	2	1	0	0	1	0	1	0	0	11	75	8	J	1	53	B	11	70	134	26	10	0	1	0	0	90	41	550	77	1	3	4	2	0	2	65	17	6	0	0	6	0	0	0	0	0	0	2	50	40	0	-2.69276105989631	-2.68926626676984	-1.26248489976479
28	C	0.0	0.0	69	150	0	1	0	0	0	0	0	0	0	0	0	12	65	12	J	1	83	E	14	80	179	29	12	0	0	0	0	78	33	560	66	0	9	9	2	0	9	59	16	0	0	0	0	0	0	0	0	0	0	0	45	39	0	14.1909743178662	14.3326473977326	6.49525852647062
35	C	0.0	0.0	69	117	0	0	1	0	0	0	1	0	1	0	0	6	15	13	F	1	20	E	13	75	130	41	4	0	0	0	0	74	26	385	53	1	9	9	3	0	11	44	14	0	0	0	0	0	0	0	0	0	0	0	46	35	0	11.8559318206921	9.99048978863595	15.4885851909032
38	C	0.0	0.0	60	120	0	0	0	0	0	0	2	0	0	0	0	6	55	17	F	1	30	E	14	60	134	43	3	1	1	0	0	79	33	420	68	1	9	9	2	0	4	57	18	0	0	0	0	0	0	0	0	0	0	0	45	36	0	4.15292775563033	4.42465663809567	8.52440275255294
19	C	0.0	0.0	60	113	0	0	0	0	0	1	0	0	0	0	1	12	65	10	A	1	90	E	14	60	130	24	17	0	0	0	0	79	40	660	70	1	3	6	2	0	2	56	16	0	0	0	2	0	0	0	0	0	0	1	47	42	0	0.212671949892725	1.02818854223646	2.58281590652702
22	C	20.0	7.0	61	124	0	0	0	0	0	1	0	0	0	0	0	12	65	13	J	1	37	E	13	76	145	31	9	0	0	0	0	84	27	450	77	0	8	9	3	0	2	69	18	0	0	0	0	0	0	0	0	0	0	0	44	41	1	-0.957796256152118	-2.00273830015017	0.266459610974001
24	C	20.0	9.0	61	125	0	0	0	0	0	1	1	0	0	0	0	12	35	17	J	1	57	E	13	70	142	33	12	0	0	0	0	79	27	660	53	0	9	9	2	0	2	77	20	0	0	0	0	0	0	0	0	0	0	0	46	45	0	-4.32451941855112	-5.61023277823052	-2.90940375832514
25	C	0.0	0.0	66	130	0	0	0	0	0	1	1	0	0	0	0	12	35	8	J	1	67	E	12	78	155	26	12	0	0	0	0	84	38	395	53	1	8	9	2	0	6	71	22	0	0	0	0	0	0	0	0	0	0	0	48	39	0	-3.08051862700159	-3.22937442863557	-1.56795515502832
29	C	0.0	13.0	64	113	0	0	0	1	0	0	1	0	0	0	0	14	85	10	J	1	93	B	11	70	132	37	16	0	0	0	1	82	31	500	48	1	8	9	3	0	5	56	16	0	0	0	0	0	0	0	0	0	0	0	47	40	0	2.44181710496729	3.1145870530654	4.79991863602367
29	C	0.0	11.0	65	133	0	1	0	0	0	1	1	1	2	0	0	12	75	8	I	1	67	B	14	70	151	29	10	0	0	0	0	82	36	440	55	0	9	10	2	0	7	56	18	0	0	0	0	0	0	0	0	0	0	0	47	39	0	12.0547656795482	14.3197355182001	4.89830545992837
24	C	20.0	6.0	62	122	0	2	0	0	0	0	0	0	0	0	0	12	55	10	J	1	80	E	13	80	161	28	12	0	0	0	0	78	33	430	75	0	7	9	2	0	1	74	23	0	0	0	0	0	0	0	0	0	0	0	46	39	0	5.7247938107192	4.92404361974305	-6.40117809470199
36	C	0.0	0.0	62	140	0	0	3	2	0	0	0	0	0	0	0	8	45	17	F	1	40	E	13	85	154	34	8	0	0	0	0	76	28	440	54	0	8	9	3	0	6	60	20	0	0	0	1	0	0	0	0	0	0	0	46	38	0	3.24549948315391	3.65710546386956	8.24231066303773
37	C	0.0	0.0	62	145	1	0	2	3	0	0	0	0	0	0	0	8	45	15	F	1	40	E	13	80	156	36	8	0	0	0	0	78	26	510	50	1	7	9	2	0	13	56	19	0	0	0	0	0	0	0	0	0	0	0	47	40	0	8.39311923303363	6.37076617307569	12.3623423867742
18	C	0.0	0.0	67	125	2	0	0	0	0	0	1	0	0	0	0	8	65	10	B	1	67	B	12	78	156	26	12	0	3	0	0	74	34	360	60	0	3	8	1	1	9	66	20	0	0	0	0	0	0	0	0	0	0	0	43	36	0	-0.642411841067466	-0.727767844955458	6.0150718427722
19	C	0.0	0.0	67	140	0	0	0	0	1	0	1	0	1	0	0	6	35	18	B	1	63	B	12	74	158	26	12	2	0	0	0	82	29	450	53	0	3	6	2	0	5	58	16	0	0	0	2	0	0	0	0	0	0	0	45	42	0	4.19424994194434	2.85167243656341	7.89557249265612
24	C	0.0	5.0	62	115	0	0	0	0	0	1	2	0	0	0	1	12	105	7	J	1	77	E	13	80	136	25	12	0	0	0	0	80	35	460	48	0	9	9	2	0	7	47	14	0	0	0	0	0	0	0	0	0	0	0	45	40	0	6.0244847166139	6.07744975505	7.4844559222275
29	C	0.125	10.0	59	85	1	0	0	0	0	0	1	0	0	0	0	4	25	17	J	1	37	E	14	64	114	33	12	0	0	0	0	84	29	440	65	1	6	9	3	0	3	72	22	0	0	0	0	0	0	0	0	0	0	0	47	35	1	1.59663312603685	-2.48692998735086	1.03913414827215
32	C	0.0	11.0	60	120	0	0	0	0	0	0	2	0	0	0	0	12	55	8	J	1	87	E	15	80	137	32	14	0	0	0	0	78	36	530	83	1	8	9	3	0	1	64	19	0	0	0	0	0	0	0	0	0	0	0	45	42	0	-1.82505743149604	-1.95245712935059	-2.66814068461634
28	C	10.0	12.0	69	203	0	0	0	0	0	3	0	0	0	1	0	12	55	8	J	1	70	E	13	80	209	33	12	0	1	0	0	81	40	465	48	1	7	9	2	0	8	61	19	0	0	0	0	0	0	0	0	0	0	0	45	39	0	3.61194339960599	1.63475294779762	3.85907478434713
36	C	10.0	20.0	61	145	0	0	0	0	0	0	1	0	0	0	1	12	75	10	J	1	80	E	10	86	146	41	13	1	3	0	0	79	31	360	60	1	9	10	2	0	9	58	16	3	0	0	0	0	0	0	0	0	0	0	46	44	0	4.03504178665857	3.44452352082572	6.51188373957196
25	C	0.0	0.0	62	117	0	0	0	0	0	0	1	0	0	0	0	9	35	10	E	1	43	E	12	70	130	26	11	0	1	0	0	77	36	440	44	0	8	8	3	0	4	56	16	0	0	0	0	0	0	0	0	0	0	0	45	40	0	2.0089392832557	2.29977116233965	5.52172889869377
31	C	0.0	0.0	63	130	0	0	0	0	0	0	0	0	1	0	0	16	75	12	E	1	63	E	13	68	145	32	11	0	0	0	0	82	39	400	67	0	9	9	2	0	5	63	21	0	0	0	0	0	0	0	0	0	0	0	45	40	0	0.670283190878745	1.10836421244958	3.88199228781624
23	C	0.0	0.0	65	120	0	0	0	0	0	2	0	0	1	0	0	12	45	20	J	1	50	E	17	60	140	26	9	2	0	1	0	63	32	360	62	1	9	9	0	2	7	49	15	0	0	0	0	0	0	0	0	0	0	0	48	38	1	15.0761122870108	8.2984945706456	15.9840535772771
21	C	10.0	6.0	66	170	0	0	2	0	0	1	1	0	0	0	0	12	55	8	J	1	47	E	12	80	185	27	8	0	1	0	0	81	34	500	56	0	9	9	2	0	4	58	16	0	0	0	0	0	0	0	0	0	0	0	46	39	0	1.58373670861515	2.12333269874786	3.51214552097308
36	C	0.0	0.0	64	125	0	0	0	0	0	0	0	0	1	0	0	12	55	7	J	1	43	E	15	80	155	47	9	1	0	0	1	85	38	325	60	0	2	9	3	0	3	59	17	0	0	0	0	0	0	0	0	0	0	0	44	39	0	-0.919092158450963	1.1422715519756	1.74655202971909
24	C	0.0	0.0	65	136	0	0	0	0	0	0	0	0	0	0	0	10	55	10	J	1	53	E	11	62	148	29	10	0	0	0	0	82	38	520	51	1	9	8	3	0	3	61	16	0	0	0	0	0	0	0	0	0	0	0	47	41	0	-0.717131668890189	-0.108889604513468	2.52671287686725
23	C	0.0	0.0	65	152	0	0	0	0	0	0	0	0	2	0	0	12	45	10	J	1	53	E	11	68	176	28	10	0	0	0	0	77	32	435	61	1	5	9	3	0	9	62	19	0	0	0	0	0	0	0	0	0	0	0	47	41	1	4.71030642059858	2.17364783340382	5.70133049687327
19	C	0.5	3.0	62	105	0	0	1	0	0	0	1	0	0	0	1	12	25	5	J	1	57	E	14	60	134	21	12	0	0	0	0	81	39	380	67	1	1	8	2	0	6	57	17	0	0	0	2	0	0	0	0	0	0	0	46	40	1	2.35030660161334	0.580994208993558	1.8143104408541
28	C	18.0	9.0	64	114	0	0	1	0	0	1	0	0	0	0	0	12	45	12	J	1	77	E	16	70	133	30	12	0	0	1	0	82	38	540	51	1	8	9	2	0	3	50	15	0	0	0	0	0	0	0	0	0	0	0	49	39	0	3.28248393312834	5.26977804552612	7.09618165240533
26	C	5.0	7.0	64	117	0	0	0	0	0	0	0	0	0	0	0	12	45	6	J	1	77	E	14	70	137	28	12	0	0	0	0	83	34	410	69	0	8	9	2	0	3	61	17	0	0	0	0	0	0	0	0	0	0	0	45	41	0	-1.72163333317466	-0.480778320403978	-1.02662576065395
25	C	20.0	10.0	64	160	0	0	0	0	0	0	1	0	0	1	0	9	55	8	J	1	67	E	11	70	180	27	12	0	0	0	0	81	36	650	86	0	9	9	2	0	2	68	21	0	0	0	0	0	0	0	0	0	0	0	47	43	0	-2.81561873905849	-3.04273751624638	-2.88468737331083
23	C	20.0	9.0	68	150	0	0	0	0	0	2	1	0	1	0	0	10	55	10	J	1	67	E	11	60	170	27	10	0	1	0	0	81	34	425	76	0	8	9	2	0	6	56	15	0	0	0	0	0	0	0	0	0	0	0	46	40	0	3.2796387235759	3.70123812860354	6.16316207852582
30	C	0.0	8.0	60	128	0	0	0	0	0	0	0	0	0	0	0	12	55	10	J	1	67	E	16	64	135	29	12	0	0	0	0	82	41	395	58	0	9	10	2	0	7	64	22	0	0	0	0	0	0	0	0	0	0	0	44	39	0	-0.547294883617424	0.713753458482455	3.44592534227059
30	C	0.0	0.0	65	130	0	0	0	0	0	0	2	0	0	0	0	12	55	10	J	1	80	E	11	70	144	28	12	0	0	0	0	81	29	450	74	0	9	9	2	0	9	55	16	0	0	0	0	0	0	0	0	0	0	0	46	38	0	4.64226070705501	4.58360867198995	7.66083990549286
21	C	40.0	9.0	60	170	0	0	0	0	0	1	1	0	0	0	0	10	35	13	J	1	33	E	11	74	179	22	9	0	0	0	0	77	32	450	58	1	8	9	3	0	4	43	13	0	0	0	0	0	0	0	0	0	0	0	45	39	0	9.21333650171075	8.50866410763618	11.7754182722254
24	C	20.0	12.0	61	138	0	0	0	0	0	1	1	1	0	0	0	10	45	17	J	1	30	E	12	56	172	25	9	0	0	0	0	84	35	470	46	1	9	9	2	0	3	60	19	0	0	0	0	0	0	0	0	0	0	0	44	39	1	7.28389779228819	2.93028118453146	6.62755559988871
23	C	10.0	11.0	67	119	0	0	2	0	0	1	0	0	0	0	0	12	55	8	J	1	67	E	12	80	138	29	12	0	0	0	0	79	35	540	88	0	9	9	0	3	3	60	20	0	0	0	0	0	0	0	0	0	0	0	48	41	0	-0.276727469187943	0.925307110331762	4.02837307693008
18	C	20.0	6.0	66	178	0	0	0	1	0	3	4	0	3	0	0	11	55	8	J	1	37	E	12	70	171	19	8	1	0	0	0	74	21	400	45	1	9	8	4	0	11	53	12	0	0	0	1	0	0	0	1	0	0	3	47	36	1	9.41062963334287	4.55495334469289	9.14840856131373
26	C	0.0	0.0	64	132	0	0	0	0	0	0	0	0	0	0	0	10	45	8	J	1	50	E	11	72	155	26	11	0	0	0	0	82	34	475	47	1	8	9	2	0	5	61	16	0	0	0	0	0	0	0	0	0	0	0	47	40	0	2.28204353668607	1.16766622726601	2.84513657373143
34	C	0.0	0.0	58	120	0	0	0	0	0	0	2	0	0	0	0	10	45	6	J	1	40	E	13	80	144	24	5	0	1	1	0	80	35	430	91	0	8	9	3	0	3	65	20	0	0	0	0	0	0	0	0	0	0	0	46	41	0	-1.31719127787697	-1.70429606445507	-1.61262046373469
36	C	0.0	0.0	59	113	0	0	0	0	0	0	2	0	0	0	0	9	55	13	J	1	43	E	12	68	133	27	6	0	2	1	0	81	27	350	96	0	8	9	3	0	7	75	22	0	0	0	0	0	0	0	0	0	0	0	44	43	0	-2.82820624669843	-3.53134297121467	0.419682327380065
38	C	0.0	23.0	67	140	0	0	0	0	0	0	0	0	0	0	0	12	55	12	J	1	63	E	13	70	150	40	12	0	0	0	0	82	38	410	61	1	8	9	3	0	2	58	17	0	0	0	0	0	0	0	0	0	0	0	47	42	0	3.28805062295783	2.18426164490736	3.78196529518884
30	C	0.0	10.0	62	113	0	0	0	0	0	0	1	0	0	0	0	12	55	12	J	1	60	E	15	60	136	31	10	0	0	0	0	88	35	820	56	1	8	9	2	0	9	56	18	0	0	0	0	0	0	0	0	0	0	0	48	40	0	5.06064113863198	4.87853119584512	8.89103705939941
21	C	0.0	0.0	62	110	4	0	0	0	0	0	0	0	1	0	1	12	45	10	J	1	43	E	12	70	149	23	9	0	0	0	0	80	35	575	63	1	7	9	2	0	4	52	14	0	0	0	0	0	0	0	0	0	0	0	46	40	0	5.82442230024149	4.91741747439292	7.14138268411004
25	C	6.0	6.0	61	130	1	0	0	0	0	0	0	0	0	0	0	8	55	15	J	1	80	E	13	68	161	25	12	0	0	0	0	80	31	610	66	1	6	9	2	0	4	53	16	0	0	0	0	0	0	0	0	0	0	0	47	41	0	5.17268215975837	4.99864011290776	7.85019447179414
31	C	20.0	13.0	64	114	0	0	0	0	0	1	2	0	1	0	0	11	55	5	J	1	57	E	11	70	130	31	10	0	0	0	0	81	31	420	56	1	9	9	2	0	10	55	15	6	0	0	0	0	0	0	0	0	0	1	47	37	0	4.68837342507589	3.37380350304671	4.69197261413402
21	C	20.0	5.0	65	125	0	0	0	0	0	0	1	0	0	0	0	12	25	10	J	1	27	E	13	68	144	26	8	0	1	0	0	88	39	630	73	0	8	9	3	0	4	63	18	0	0	0	0	0	0	0	0	0	0	0	45	40	0	1.38383582148711	0.872634412419865	3.34532968638577
24	C	0.5	7.0	62	130	0	0	0	0	0	0	2	1	0	1	0	12	45	13	J	1	30	E	13	60	152	28	7	0	1	0	0	79	33	600	98	1	9	9	0	2	2	65	18	0	0	0	0	0	0	0	0	0	0	0	45	42	0	0.839085831253483	0.0548034472321719	4.93071295599126
25	C	20.0	13.0	66	114	0	0	0	0	0	1	1	0	0	0	0	9	45	18	B	1	40	E	11	60	130	30	9	1	1	0	0	78	30	400	63	0	4	9	3	0	3	54	16	0	0	0	1	0	0	0	0	0	0	0	44	40	0	4.83794743286598	5.21965889096995	8.92824246464089
27	C	20.0	16.0	65	114	0	0	0	0	0	1	0	0	0	0	0	9	65	20	B	1	47	E	11	70	134	32	9	1	1	0	0	76	40	390	61	0	8	9	2	0	5	66	19	0	0	0	0	0	0	0	0	0	0	0	45	40	0	1.13374582163702	1.10482207587568	5.70032446639935
32	C	20.0	17.0	69	185	0	0	0	0	0	1	2	0	0	0	0	12	65	7	J	1	70	E	11	60	202	35	12	0	3	0	0	79	30	390	22	1	8	9	2	0	4	68	21	0	0	0	0	0	0	0	0	0	0	0	48	39	0	-1.1249993672538	-2.7299413100714	-2.24297003029131
22	C	0.0	0.0	61	112	0	0	2	0	0	1	0	0	0	0	1	12	75	10	J	1	63	E	14	70	132	24	10	0	0	0	0	79	31	510	56	0	3	7	2	0	3	54	15	0	0	0	0	0	0	0	0	0	0	0	45	41	0	1.79084265807944	2.46901138863084	4.95181665233147
27	C	0.0	0.0	59	111	0	0	0	0	0	1	0	0	0	0	0	12	45	8	J	1	70	E	12	80	132	28	12	0	0	0	0	81	37	460	57	0	5	6	2	0	2	55	17	0	0	0	2	0	0	0	0	0	0	0	46	42	0	2.14493731892381	1.12816085681974	2.29070820650752
27	C	0.0	0.0	64	112	0	0	0	0	0	0	0	0	0	0	0	14	45	10	J	1	80	E	10	70	130	26	17	0	0	0	0	80	41	410	74	1	8	9	0	2	6	55	15	0	0	0	0	0	0	0	0	0	0	0	47	39	0	2.96612176720469	4.07426659870753	8.77769469856343
31	C	0.0	0.0	63	117	0	0	0	0	0	0	2	0	1	1	0	12	65	10	J	1	90	E	11	54	128	29	18	0	0	0	0	79	34	420	63	0	9	9	0	2	5	58	18	0	0	0	0	0	0	0	0	0	0	0	44	38	0	2.25399319567398	2.55075724714431	6.74776563615933
22	C	0.5	2.0	62	118	0	0	0	0	0	0	0	0	1	0	1	12	55	10	I	1	63	B	12	64	145	29	12	0	0	0	0	86	41	570	86	1	9	9	3	0	4	57	16	0	0	0	0	0	0	0	0	0	0	0	47	44	0	2.91034812624618	2.83136224954689	4.68615301586054
28	C	0.0	7.0	64	118	0	0	0	0	0	0	1	0	0	0	1	13	75	5	J	1	53	E	12	60	138	29	9	1	0	0	1	77	28	500	39	0	8	9	2	0	3	56	15	6	0	0	0	0	1	0	0	1	0	1	46	46	1	-0.103036543554086	1.32238823495167	0.552625843202443
24	C	6.0	7.0	65	137	0	0	0	0	0	1	0	0	0	0	0	14	45	15	J	1	53	E	13	80	159	30	14	0	0	0	0	80	28	460	49	1	9	9	0	3	8	47	15	0	0	0	0	0	0	0	0	0	0	0	46	40	1	14.3841557258159	8.52449350152929	15.5850774245495
40	C	0.5	20.0	63	121	1	0	0	0	0	0	0	1	0	0	0	11	45	8	J	1	60	B	12	64	135	37	12	0	0	0	0	83	36	295	65	0	6	9	2	0	3	56	16	0	0	1	0	0	0	0	0	0	0	1	46	41	0	2.65458308024253	2.40894598184738	3.18257182574408
24	C	6.0	11.0	63	135	0	0	0	0	0	1	0	0	0	0	0	10	55	10	J	1	53	E	15	80	145	27	8	0	0	0	0	78	31	400	58	1	7	9	3	0	5	57	16	0	0	0	0	0	0	0	0	0	0	0	45	36	0	2.58210970737553	3.24121056589354	5.62440119880619
23	C	0.125	11.0	60	105	0	0	0	0	0	0	1	0	1	0	0	10	45	10	J	1	50	E	11	78	128	26	12	0	2	0	0	84	34	480	76	0	4	9	3	0	9	58	20	0	0	0	0	0	0	0	0	0	0	0	46	41	0	4.4531101516393	3.82532213897189	7.42001208487843
18	C	0.0	1.0	64	110	0	0	0	0	0	0	0	0	2	0	1	12	25	10	J	1	47	E	10	68	131	25	12	0	0	0	0	81	31	450	75	1	3	3	3	0	5	53	16	7	0	0	3	0	0	0	0	0	0	1	48	37	0	4.60970506105217	3.62967831369203	7.14237848951952
25	C	20.0	5.0	63	118	0	0	0	0	0	0	0	0	0	0	0	12	55	6	F	1	83	E	12	70	147	30	16	0	0	0	0	82	36	420	55	0	1	8	2	0	3	52	15	0	0	0	0	0	0	0	0	0	0	0	46	41	0	1.07095043290767	1.69432435085419	2.08375857229196
26	C	0.0	0.0	65	135	0	0	0	0	0	0	0	0	0	0	0	9	25	10	F	1	47	E	16	70	147	43	12	0	0	0	0	78	29	280	72	1	7	9	2	0	9	66	18	0	0	0	0	0	0	0	0	0	0	0	47	40	1	2.90442410167897	0.528752627015324	4.1476478738117
22	C	10.0	10.0	65	105	0	0	0	0	0	0	0	0	0	0	0	10	35	8	J	1	43	E	12	50	128	24	10	0	0	0	0	82	37	310	54	0	5	9	3	0	4	43	12	0	0	0	0	0	0	0	0	0	0	0	46	42	0	6.99206474293837	7.26220412870739	8.76604285192056
21	C	13.0	5.0	62	124	0	0	0	0	0	0	0	0	1	0	0	11	55	10	J	1	53	E	12	60	132	24	11	0	0	0	0	83	24	490	71	0	8	9	3	0	2	55	16	0	0	0	0	0	0	0	0	0	0	0	45	42	0	3.83984669128766	3.0361160156359	4.23228148112497
32	C	0.0	0.0	61	122	0	0	0	0	0	0	1	0	0	0	0	12	45	12	J	1	53	E	12	72	146	37	12	0	0	0	0	85	33	550	68	1	8	8	2	0	8	60	17	0	0	0	0	0	0	0	0	0	0	0	47	39	0	1.32545744480494	2.03109261069393	6.90134279858757
23	C	0.0	3.0	62	125	0	0	0	0	0	1	0	2	0	0	0	11	35	12	J	1	37	E	9	61	176	25	8	0	0	0	0	85	34	540	85	1	9	9	3	0	5	50	15	0	0	0	0	0	0	0	0	0	0	0	47	40	1	9.28870316658151	6.37665163366765	9.65307984381509
29	C	0.0	0.0	63	124	0	0	0	0	0	1	0	1	0	0	0	11	65	12	J	1	50	E	14	70	149	27	9	0	1	0	0	82	37	640	66	1	9	9	3	0	4	60	16	0	0	0	0	0	0	0	0	0	0	0	44	40	0	1.75496677282633	2.23179289960698	4.89327566101264
33	C	0.0	0.0	63	194	0	1	0	0	0	1	1	0	0	1	0	12	55	15	J	1	57	E	11	90	192	30	11	0	1	0	0	75	30	450	52	1	8	9	3	0	3	56	16	0	0	0	0	0	0	0	0	0	0	0	47	37	0	13.9900467240495	14.7815654644264	6.1985027098476
25	C	30.0	10.0	61	119	0	0	0	0	0	0	0	0	0	0	1	9	35	8	J	1	63	E	13	70	141	26	12	0	0	0	0	82	37	430	59	1	5	9	3	0	2	17	17	0	0	0	0	0	0	0	0	0	0	0	48	40	0	10.2656749441516	11.5569177097503	11.9113397887115
19	C	10.0	2.0	69	135	0	0	0	0	0	0	0	1	0	0	0	12	25	10	J	1	37	B	14	64	154	21	10	0	0	0	0	79	36	350	66	1	9	9	2	0	9	71	20	0	0	0	0	0	0	0	0	0	0	0	46	38	0	-1.74970600663767	-1.64702134491776	2.12956229139154
33	C	0.0	0.0	64	134	0	0	0	0	0	0	0	0	0	0	0	12	45	5	J	1	83	B	11	65	153	41	17	1	0	0	1	77	31	540	74	0	9	9	3	0	3	68	21	0	0	0	0	0	0	0	0	0	0	0	46	42	0	-4.51356514569286	-4.06037686676031	-5.40021788013444
27	C	0.0	0.0	64	173	0	0	0	0	0	0	0	0	0	0	0	12	65	7	J	1	90	E	12	90	198	28	18	0	0	0	0	77	32	500	30	1	8	9	2	0	7	49	13	0	0	0	0	0	0	0	0	0	0	0	47	38	0	5.68609863274855	5.26891067159277	6.44328536396744
41	C	0.0	0.0	64	130	0	0	0	0	0	1	2	0	0	0	0	12	45	10	J	1	43	E	13	60	148	44	10	0	0	0	0	86	33	490	73	1	9	9	3	0	8	55	16	0	1	0	0	1	0	0	0	0	0	1	46	41	1	8.4377282034814	4.84313940802295	8.3089855233313
22	C	15.0	4.0	60	120	1	0	0	0	0	2	2	0	1	0	0	12	55	6	J	1	77	E	14	60	137	23	12	0	0	0	0	89	40	415	62	0	8	8	2	0	3	51	14	0	0	0	0	0	0	0	0	0	0	0	45	43	0	1.28902191091029	2.11599756511673	2.61332947393504
32	C	0.0	0.0	66	142	1	0	0	0	0	0	0	0	0	0	0	12	55	12	J	1	57	E	13	72	151	37	12	0	1	0	0	80	40	520	71	0	8	9	3	0	4	60	18	0	0	0	0	0	0	0	0	0	0	0	46	42	0	1.86347811371519	2.14252879226106	4.68039866452051
35	C	0.0	0.0	65	146	1	0	0	0	0	0	0	0	0	1	0	12	55	14	J	1	57	E	13	90	158	39	12	0	1	0	0	75	30	390	52	0	8	9	2	0	1	52	19	0	0	0	0	0	0	0	0	0	0	0	46	40	0	5.23545807194938	4.38570823297956	6.05172605148974
38	C	20.0	20.0	62	115	0	1	0	0	0	0	2	0	0	0	0	12	65	10	J	1	67	E	13	76	138	39	12	0	0	0	1	80	32	730	55	0	9	9	3	0	1	60	18	0	0	0	0	0	0	0	0	0	0	0	46	42	0	11.8985386359851	11.3979349522987	0.355158045379135
24	C	13.0	8.0	65	138	0	0	0	0	0	0	0	0	0	1	0	11	55	10	J	1	57	E	13	68	166	33	12	0	0	0	0	84	33	500	62	0	9	9	2	0	2	61	19	0	0	0	0	0	0	0	0	0	0	0	47	40	0	-0.0687209701995039	0.646159077711534	1.75146875397896
28	C	0.0	4.0	68	120	0	0	0	0	0	0	0	0	0	0	0	14	55	6	J	1	87	E	13	12	142	29	17	0	0	0	0	81	32	450	58	0	8	8	0	3	5	58	19	0	0	0	0	0	0	0	0	0	0	0	48	41	0	1.11568818151867	0.188424618851394	3.6992672080186
32	C	0.0	6.0	68	126	1	0	0	0	0	3	0	0	1	0	0	16	75	4	J	1	93	E	13	70	145	33	18	0	0	0	0	82	37	415	64	0	3	9	0	2	1	43	12	0	0	0	0	0	0	0	0	0	0	0	45	41	0	3.15908232171743	3.91648432156577	3.12057695613693
25	C	0.0	0.0	67	145	0	0	0	0	0	1	0	0	0	0	0	10	85	8	J	1	60	E	13	88	166	27	10	0	0	0	0	88	32	530	55	0	8	9	3	0	3	64	18	0	0	0	0	0	0	0	0	0	0	0	45	41	0	-1.40226528839188	-0.817829153126158	-0.0721657007514871
29	C	0.0	0.0	66	135	0	0	0	0	0	1	0	0	2	0	0	11	105	10	J	1	63	E	13	82	167	31	11	0	0	0	0	84	37	440	53	1	9	9	3	0	6	54	18	0	0	0	0	0	0	0	0	0	0	0	46	43	0	5.58711341006822	4.49112275051087	7.02974676708198
32	C	0.0	0.0	63	110	0	0	2	0	0	0	0	0	1	0	0	12	35	15	J	1	27	E	14	82	136	33	9	1	0	0	0	79	25	365	78	0	8	9	3	0	8	63	17	0	0	0	0	0	0	0	0	0	0	0	47	40	0	3.77126010281903	2.7809156418554	7.78685357778712
33	C	0.0	0.0	63	120	0	0	0	0	0	0	0	1	0	0	0	12	35	18	J	1	37	E	14	75	140	35	10	1	0	0	0	77	28	500	71	0	9	9	3	0	8	58	20	0	0	0	0	0	0	0	0	0	0	0	45	39	0	2.84355530107856	5.07171684680179	10.4641383793691
36	C	0.0	0.0	62	122	0	0	0	0	0	0	0	1	0	0	0	12	25	22	J	1	30	E	14	72	139	36	9	1	0	0	0	68	19	415	58	1	9	9	2	0	9	57	16	0	0	0	0	0	0	2	0	0	0	0	42	37	1	12.4707667270747	6.17062259882262	12.5373298712154
26	C	0.0	0.0	61	127	0	0	0	0	0	1	1	0	3	0	0	16	65	10	I	1	90	B	11	70	139	28	15	0	0	0	0	80	35	450	40	1	8	8	2	0	5	58	16	0	0	0	0	0	0	0	0	0	0	0	45	40	0	0.0970227726912001	1.2197707325176	3.96130616964527
24	C	0.0	0.0	61	102	0	0	0	4	0	0	1	0	1	0	1	12	75	8	F	1	77	E	11	70	134	28	12	0	0	0	0	86	37	465	67	1	7	9	2	0	3	52	17	0	0	0	0	0	0	0	0	0	0	0	45	39	0	3.17093007288832	3.64470293867504	4.13252150497645
27	C	10.0	11.0	66	128	0	0	0	0	0	0	0	0	0	0	0	16	45	6	J	1	70	E	13	74	146	25	14	0	0	0	0	81	35	510	67	1	9	9	0	3	2	54	17	0	0	0	0	0	0	0	0	0	0	0	48	39	0	1.74809690561927	2.11712260230974	3.73426334425125
31	C	0.125	13.0	63	134	0	0	0	0	0	0	1	0	0	0	0	12	75	7	J	1	60	E	11	70	150	32	10	0	0	0	0	81	31	630	66	1	9	9	2	0	12	44	13	0	0	0	0	0	0	0	0	0	0	0	45	39	0	8.16463386162418	8.21604380432114	11.184159777568
30	C	0.0	11.0	66	132	0	0	0	0	0	0	1	0	0	0	0	12	75	8	J	1	80	E	13	60	152	34	12	0	0	0	0	85	33	470	64	0	8	9	2	0	5	57	16	0	0	0	1	0	0	0	0	0	0	0	49	40	0	3.07641633587106	2.37321818268962	3.53710570221984
34	C	0.0	16.0	66	138	0	0	0	0	0	0	0	0	0	0	0	12	55	10	J	1	73	E	14	76	154	38	12	0	0	0	0	82	36	420	67	1	8	9	2	0	5	58	20	0	0	0	0	0	0	0	0	0	0	0	46	41	0	0.9969322623773	2.60072706837116	4.62878521171889
20	C	40.0	6.0	65	127	0	0	0	0	0	0	1	0	0	0	1	12	85	10	J	1	60	E	12	92	145	24	11	0	0	0	0	78	41	640	75	0	7	8	2	0	3	69	22	0	0	0	0	0	0	0	0	0	0	0	45	40	0	-3.54114256598796	-3.69519999314325	-1.21334892318945
24	C	20.0	9.0	61	160	0	0	0	0	0	0	2	0	2	0	0	9	45	10	J	1	63	E	10	80	181	32	11	0	1	0	1	77	36	490	40	0	9	9	2	0	7	53	14	0	0	0	0	0	0	0	0	0	0	0	42	44	0	4.97271227010718	5.08984243538164	7.92979149719381
28	C	0.0	5.0	63	153	3	0	0	0	0	0	0	0	0	0	0	9	45	12	J	1	53	E	11	80	165	32	11	0	0	0	0	77	29	350	63	0	8	8	3	0	8	61	20	0	0	0	0	0	0	0	0	0	0	0	42	38	0	0.810229719116696	1.62436804851931	6.49109366746301
21	C	0.0	0.0	65	160	0	0	0	0	0	1	1	0	1	0	0	11	55	10	J	1	53	E	13	78	162	24	11	0	0	0	0	79	29	545	63	1	4	9	3	0	6	53	16	0	0	0	0	0	0	0	0	0	0	0	46	40	0	3.65823119198145	4.97781913241631	7.6957973680308
22	C	20.0	6.0	63	92	0	0	0	0	0	3	0	0	0	0	0	17	45	5	L	1	83	E	14	64	120	25	17	0	0	0	0	78	30	450	43	1	5	9	0	2	6	63	22	0	0	0	1	0	0	0	0	0	0	0	46	40	0	-0.769374373702744	-0.837488768878333	1.37418629190977
23	C	15.0	7.0	66	150	0	0	0	0	0	1	0	0	0	0	0	13	35	15	F	1	77	E	13	60	182	27	13	0	0	0	0	83	35	450	44	1	9	9	0	3	9	51	16	0	0	0	0	0	0	0	0	0	0	0	48	42	0	6.98515967062361	7.11455084865736	14.0046574338789
20	C	0.0	0.0	58	150	0	0	0	0	0	1	1	0	0	0	0	6	45	8	F	1	60	E	12	70	158	31	12	0	0	0	0	84	40	500	71	1	8	9	3	0	3	56	14	0	0	0	0	0	0	0	0	0	0	0	47	41	0	2.86153614700604	2.40894598184738	3.18257182574408
27	C	0.0	0.0	62	115	0	0	0	0	0	0	1	0	0	0	0	12	85	8	J	1	80	E	11	76	144	25	14	1	0	0	1	85	38	490	54	1	6	8	0	3	3	50	15	0	0	0	0	0	0	0	0	0	0	0	47	42	0	3.3621773408946	3.29005009166052	7.20794091657243
26	C	20.0	7.0	66	110	0	0	0	0	0	0	0	0	0	0	0	12	35	10	J	1	63	E	13	60	128	32	12	0	0	0	0	82	36	350	74	1	9	9	2	0	13	51	14	0	0	0	0	0	0	0	0	0	0	0	46	41	0	7.53033689777855	6.97001555456582	11.2885303368229
31	C	0.0	0.0	61	113	0	0	0	0	0	0	0	0	0	1	1	12	25	10	J	1	50	E	12	70	130	34	12	1	0	0	0	90	39	250	43	1	9	9	2	0	7	59	16	0	0	0	0	0	0	0	0	0	0	0	47	40	1	6.44798567713214	2.99749455147947	6.0471428113379
32	C	0.0	0.0	62	145	0	0	0	0	0	0	1	0	0	0	0	7	45	12	I	1	27	B	10	86	154	32	6	0	3	0	0	81	38	540	73	1	8	9	2	0	4	57	18	1	0	0	0	0	0	0	0	0	0	0	45	41	1	7.07520004455204	3.70720948862233	6.78852521842257
21	C	20.0	5.0	62	160	0	0	0	0	0	0	1	0	0	0	0	10	35	10	J	1	53	E	10	70	180	27	12	0	1	0	0	80	35	470	66	0	8	9	3	0	3	70	18	0	0	0	0	0	0	0	0	0	0	0	44	44	0	-2.63566817505797	-2.90721299774704	-1.31653642355695
17	C	10.0	2.0	61	110	0	0	0	0	0	0	0	0	0	0	0	12	45	10	J	1	60	E	13	68	144	21	12	0	0	0	0	88	41	375	60	0	7	9	0	2	3	67	17	0	0	0	0	0	0	0	0	0	0	0	45	41	0	-1.35157261072061	-1.44935214572971	2.49589982575332
20	C	4.0	11.0	61	112	0	0	0	0	0	0	0	2	0	1	0	12	55	13	J	1	57	E	13	70	128	23	10	0	0	0	0	77	29	495	31	1	8	9	3	0	1	53	17	0	0	0	0	0	0	0	0	0	0	0	46	43	0	3.3889364105052	3.87053983185053	5.30312918894345
26	C	0.0	0.0	65	135	0	0	0	0	0	2	0	1	0	0	0	12	45	10	J	1	60	E	10	100	151	26	12	0	0	0	1	82	40	500	79	0	8	9	2	0	3	60	20	0	0	0	0	0	0	0	0	0	0	0	45	41	0	1.08303732577275	1.37511045543506	2.88022314631057
28	C	0.0	0.0	66	149	0	0	0	0	0	1	0	0	0	0	0	12	45	10	J	1	60	E	11	86	168	27	12	0	0	0	1	79	34	600	78	0	9	9	2	0	1	60	20	0	0	0	0	0	0	0	0	0	0	0	46	41	0	1.55561537336404	0.582128242469758	1.09900479990386
26	C	0.0	0.0	62	117	0	0	0	0	0	1	0	0	0	0	1	16	45	7	K	1	83	E	12	80	134	25	17	0	0	0	1	91	39	510	66	0	9	10	0	2	2	55	17	0	0	0	0	0	0	0	0	0	0	0	47	41	0	2.91925264507878	1.97050409180565	3.90116912452597
19	C	0.0	0.5	65	140	0	0	0	0	0	0	0	0	0	0	0	12	45	13	J	1	40	E	13	70	172	21	11	0	0	0	0	84	30	480	57	0	9	9	3	0	9	70	22	0	0	0	0	0	0	0	0	0	0	0	46	41	0	-2.39673173638211	-0.618881253636224	3.94822634903283
21	C	0.0	6.0	63	110	0	0	0	0	0	1	2	0	0	0	0	12	55	10	I	1	63	B	13	58	131	25	12	0	1	0	0	74	32	405	53	0	7	9	2	0	5	71	21	0	0	0	0	0	0	0	0	0	0	0	46	40	0	-2.84541999585195	-2.91148899360939	-0.756752685136314
31	C	0.0	14.0	65	132	0	1	0	0	0	0	1	0	0	0	0	10	55	10	J	1	57	E	13	88	158	36	10	0	1	0	0	84	33	580	56	1	9	9	3	0	2	50	17	0	0	0	0	0	0	0	0	0	0	0	49	40	0	15.7998609280919	15.6532158897186	5.35751076816336
40	C	0.0	0.0	67	176	0	0	0	0	0	2	0	0	0	0	1	13	75	15	K	1	93	E	13	58	194	46	14	0	0	0	0	90	42	400	67	1	2	7	0	3	3	69	16	0	0	0	1	0	0	0	0	0	0	0	49	42	0	-2.93697754064268	-3.0435363655442	2.60867022035882
20	C	20.0	5.0	64	159	0	0	0	0	0	0	0	0	0	0	0	12	35	5	J	1	53	E	10	68	132	22	12	0	0	0	0	75	33	450	64	1	9	9	2	0	3	40	16	0	0	0	0	0	0	0	0	0	0	0	46	40	0	5.70334794219585	6.4791824309861	5.75410747244074
40	C	0.0	0.0	60	141	0	0	1	1	0	1	0	0	0	0	0	12	55	10	J	1	63	E	12	70	152	42	12	0	1	0	0	71	23	220	74	0	4	9	3	0	5	65	18	0	0	0	1	0	0	0	0	0	0	0	45	39	0	0.0498007647898814	-0.166900741633623	2.01161945262582
16	C	2.0	2.0	60	124	0	0	0	0	0	0	0	0	0	0	0	9	35	10	J	1	53	E	12	68	151	21	10	0	0	0	0	83	38	290	57	1	8	9	2	0	5	62	18	0	0	0	0	0	0	0	0	0	0	0	46	37	0	0.255039159891765	1.24137648066054	3.60723707310515
19	C	1.0	5.0	60	155	0	1	0	0	0	0	0	0	0	0	0	8	35	10	J	1	53	E	12	80	178	24	10	1	0	0	0	83	35	560	98	1	8	10	2	0	3	55	18	0	0	0	0	0	0	0	0	0	0	0	46	41	0	15.6120494509996	14.3012060305661	4.50994423761108
20	C	0.0	6.0	60	163	0	0	0	0	0	0	0	0	0	0	0	8	35	13	J	1	53	E	12	70	175	24	11	1	0	0	0	79	33	480	67	1	9	9	3	0	4	57	16	0	0	0	0	0	0	0	0	0	0	0	47	42	0	2.07748604741636	3.55099723560551	6.42184875353502
30	C	0.0	11.0	62	100	0	0	1	0	0	0	0	0	0	0	0	14	95	15	I	1	87	B	12	70	124	31	14	0	0	0	0	85	38	500	69	0	8	9	2	0	4	50	15	0	0	0	0	0	0	0	0	0	0	0	45	38	0	6.67887940316774	5.94812509802483	8.68641932564264
35	C	0.0	16.0	62	108	0	0	3	0	0	0	0	0	1	1	1	16	95	10	I	1	70	B	12	56	128	35	14	0	0	0	0	78	36	450	57	1	9	10	2	0	10	46	14	0	0	0	0	0	0	0	0	0	0	0	45	39	0	9.17184344467216	7.96246035860406	11.4903153607288
20	C	10.0	4.0	62	89	0	0	0	0	0	1	0	0	0	0	0	12	45	13	J	1	77	E	13	80	106	27	13	0	0	0	0	86	26	450	42	0	9	9	0	2	3	70	21	0	0	0	0	0	0	0	0	0	0	0	46	39	0	-1.67889505762375	-2.4548915166092	2.0198186354073
32	C	5.0	9.0	66	160	0	0	0	0	0	0	0	0	0	0	1	14	75	15	I	1	70	B	12	70	176	41	12	0	0	0	0	84	41	510	75	1	6	9	3	0	5	74	23	0	0	0	0	0	0	0	0	0	0	0	49	40	0	-3.67494464141807	-3.55960863221922	-0.258485554445854
24	C	0.0	8.0	66	150	0	0	0	0	0	0	0	0	0	0	1	12	75	4	J	1	87	E	13	60	173	25	12	0	0	0	0	85	38	400	57	0	3	3	2	0	5	50	13	0	0	0	2	0	0	0	0	0	0	0	44	44	0	1.95897109577092	1.86615956659512	1.43308155360968
28	C	0.0	12.0	66	152	0	0	0	0	0	0	0	0	0	0	1	12	65	8	J	1	80	E	13	70	172	28	12	0	0	0	0	83	34	390	51	1	9	9	2	0	7	54	16	0	0	0	0	0	0	0	0	0	0	0	45	44	0	3.77997423442125	3.98968799404653	5.7834587218133
25	C	0.0	0.0	61	137	0	0	0	1	0	0	2	1	0	0	0	10	35	10	J	1	30	E	13	60	164	31	6	0	0	0	0	83	40	480	34	1	9	9	0	3	8	52	13	0	0	0	0	0	0	0	0	0	0	0	46	39	0	7.06316260183844	6.25335939645858	12.4263568852523
30	C	0.0	0.0	61	175	0	0	0	2	0	0	0	1	0	0	0	11	45	12	J	1	37	E	13	84	171	35	5	0	0	0	0	77	30	470	39	0	8	9	0	2	8	46	15	0	0	0	0	0	0	0	0	0	0	0	45	38	1	15.2243122507185	8.55181665515866	15.2045226016871
29	C	12.0	13.0	66	158	0	0	0	1	0	0	1	0	0	0	0	10	45	12	J	1	40	E	13	66	173	34	9	0	2	0	0	81	32	460	50	0	8	9	2	0	3	67	17	0	0	0	0	0	0	0	0	0	0	0	47	41	0	-2.18274453781518	-0.943916244822759	1.47676683490852
25	C	10.0	6.0	67	147	0	2	0	0	0	0	0	0	0	0	1	12	85	5	J	1	87	E	14	72	168	30	13	0	0	0	0	82	33	425	63	1	5	9	3	0	3	67	16	0	0	0	0	0	0	0	0	0	0	0	49	40	0	7.47680306695051	7.24794025200675	-5.59435853127954
29	C	10.0	9.0	69	155	0	2	1	0	0	0	2	0	1	0	0	12	55	6	J	1	80	E	14	70	167	33	13	0	1	0	0	80	31	445	73	1	9	9	3	0	5	50	16	0	0	0	0	0	0	0	0	0	0	0	48	37	0	14.0769953749214	15.0857158847825	3.83078889363436
17	C	5.0	4.0	60	99	0	0	0	0	0	0	1	0	1	0	0	10	35	7	J	1	57	E	11	80	129	19	12	0	0	0	0	85	40	385	73	1	9	9	2	0	2	65	21	0	0	0	0	0	0	0	0	0	0	0	46	41	0	-0.521505067153762	-1.89814902388749	-2.01233612886763
30	C	0.0	4.0	70	160	0	0	0	0	0	1	0	0	1	0	0	15	45	10	K	1	83	E	13	68	183	27	17	0	0	0	0	78	32	430	57	0	9	9	0	3	6	56	16	0	0	0	0	0	0	0	0	0	0	0	47	36	0	2.5552411675301	3.66346977395509	8.31124055407815
28	C	0.0	0.0	61	120	0	0	0	0	0	1	2	0	0	0	0	12	45	13	J	1	70	E	11	78	137	36	12	0	0	0	0	83	34	490	64	1	9	9	2	0	1	52	14	0	0	0	0	0	0	0	0	0	0	0	46	40	0	2.26840889643117	4.05813689333157	5.2651821186222
24	C	15.0	7.0	65	125	0	0	0	0	0	0	2	0	0	0	0	12	35	15	J	1	60	E	15	70	141	27	12	0	0	0	0	86	29	560	70	1	9	9	2	0	5	55	18	0	0	0	0	0	0	0	0	0	0	0	48	43	0	5.47285658578915	4.80897183860741	8.3572563152467
26	C	40.0	13.0	62	104	0	0	0	0	0	0	0	1	0	0	0	12	65	15	J	1	40	E	13	66	117	28	8	0	0	0	0	86	30	475	56	0	9	9	3	0	6	55	12	0	0	0	0	0	0	0	0	0	0	0	45	38	0	6.406648147239	5.3228390766524	9.5469249001785
27	C	18.0	11.0	63	120	0	0	0	0	0	0	1	1	0	0	0	9	45	10	J	1	70	E	13	70	150	26	12	1	0	0	0	91	41	480	52	1	8	9	3	0	2	73	23	0	0	0	0	0	0	0	0	0	0	0	47	40	0	-6.01679880177476	-4.92697370812719	-4.09712914566588
27	C	0.0	0.0	65	135	0	0	0	0	0	0	0	0	1	0	0	12	45	10	J	1	83	E	13	70	159	30	16	0	0	0	1	83	35	450	57	1	8	9	4	0	0	45	14	0	0	0	2	0	0	0	0	0	0	1	47	38	0	6.1158292367092	5.00685894136895	4.45061929009831
37	C	7.0	18.0	60	125	0	0	1	0	0	0	1	0	1	0	0	11	95	10	J	1	70	B	13	88	141	43	12	0	1	0	0	78	25	500	66	1	4	9	1	0	9	74	22	6	0	0	0	0	0	0	0	0	0	5	48	46	0	-1.35135073558359	-3.36704072595251	2.27992826769292
27	C	20.0	9.0	65	168	0	0	0	0	0	0	0	0	0	0	0	10	75	8	L	1	83	E	11	74	209	33	12	0	0	0	0	86	39	500	81	1	7	9	0	3	5	50	16	0	0	0	0	0	0	0	0	0	0	0	47	41	0	4.64341608417057	5.01594184067905	8.61524838904714
32	C	0.0	0.0	62	113	0	0	0	0	0	0	0	0	1	0	1	12	85	7	E	1	93	E	16	78	137	31	18	0	0	0	0	83	23	420	65	1	5	9	0	2	7	66	20	0	0	0	0	0	0	0	0	0	0	1	46	39	0	-1.8541563110156	-1.17407180761896	2.35713754469856
34	C	0.0	0.0	62	122	0	0	0	0	0	0	0	0	0	0	0	17	65	10	E	1	90	E	15	70	138	33	18	0	0	0	0	80	30	470	52	0	7	9	2	0	7	73	22	0	0	0	0	0	0	0	0	0	0	0	44	39	0	-4.68573687071444	-3.72411177367292	-1.43021979672333
27	C	0.0	8.0	62	130	0	0	0	0	0	0	0	0	0	0	0	13	55	10	J	1	43	E	11	60	146	31	9	0	0	0	0	83	29	470	26	1	2	7	2	0	2	56	18	0	0	0	2	0	0	0	0	0	0	2	48	37	0	1.68931901583064	1.62462395228756	4.00519476033887
29	C	0.0	11.0	62	120	0	0	0	0	0	0	0	0	0	0	0	14	55	10	J	1	43	E	11	70	138	33	9	0	0	0	0	82	30	400	62	0	8	9	2	0	5	62	18	0	0	0	0	0	0	0	0	0	0	0	43	40	0	0.828312535367696	1.36924239445459	3.91217163741681
27	C	0.0	0.0	62	136	0	0	0	0	0	0	0	0	2	0	0	10	45	10	F	1	50	E	13	80	147	32	10	0	0	0	0	79	34	555	70	0	6	9	2	0	1	48	14	0	0	0	0	0	0	0	0	0	0	0	45	38	1	5.81362386315202	5.06328808540119	5.79436488997789
27	C	0.0	0.0	63	150	0	0	0	0	0	1	0	0	0	0	0	12	85	10	J	1	87	E	11	82	161	31	12	0	0	0	0	81	33	560	59	1	9	9	2	0	4	51	17	0	0	0	0	0	0	0	0	0	0	0	46	37	0	5.37477107006094	4.70468445789971	6.15802193859258
35	C	0.0	2.0	63	135	0	0	0	0	0	0	0	0	0	0	1	8	65	8	F	1	90	E	12	98	156	46	16	0	0	0	0	82	34	450	66	1	9	9	0	2	4	62	18	0	0	0	0	0	0	0	0	0	0	0	48	40	0	0.522841149269435	0.129308022058952	3.21517537500596
26	C	0.0	3.0	62	110	0	0	0	0	0	1	0	0	0	0	1	16	45	7	J	1	83	E	14	70	132	27	17	0	0	0	0	83	35	400	71	1	9	10	0	2	3	60	18	0	0	0	0	0	0	0	0	0	0	0	48	40	0	-1.1377963760519	0.398642034039552	2.76170016767463
26	C	0.0	0.0	61	130	0	0	0	0	0	0	2	0	1	0	0	12	35	12	J	1	53	E	11	60	160	30	12	0	1	0	0	83	30	370	52	1	8	9	2	0	2	48	14	0	0	3	0	1	0	0	0	0	0	0	45	39	1	7.34483580069702	5.87207891556094	7.67687686340268
26	C	0.0	0.0	61	130	0	0	0	0	0	0	2	0	1	0	0	12	35	12	J	1	53	E	11	60	160	30	12	0	1	0	0	79	27	370	62	1	2	9	2	0	5	55	15	0	0	0	0	0	0	0	0	0	0	0	45	39	0	4.10927861241002	4.40834232247034	7.38570378241029
25	C	1.0	9.0	63	130	0	0	1	0	0	0	0	1	0	0	0	10	35	8	J	1	47	E	12	70	138	26	10	0	0	0	0	85	38	360	49	1	8	9	3	0	8	61	20	0	0	0	0	0	0	0	0	0	0	0	45	41	0	2.6922819105384	1.92744373062924	4.55708361009686
30	C	5.0	10.0	67	150	0	0	0	0	0	0	1	1	0	0	0	16	45	8	F	1	70	E	16	78	167	25	12	0	0	0	0	85	39	600	50	1	2	9	3	0	1	69	20	0	0	0	1	0	0	0	0	0	0	0	48	42	0	-3.2942809407071	-3.97415586207267	-4.41185013368689
20	C	30.0	3.0	67	147	0	0	0	0	0	0	0	1	0	0	0	8	55	10	J	1	77	E	12	80	160	27	12	0	0	0	0	81	37	450	62	1	9	9	3	0	3	58	17	0	0	0	0	0	0	0	0	0	0	0	46	42	0	3.42353227359563	1.952814774903	3.16641767569993
19	C	10.0	2.0	61	175	0	0	0	0	0	0	0	0	2	0	0	10	45	5	J	1	50	E	12	96	174	24	10	0	0	0	0	81	40	540	73	1	9	9	2	0	5	63	18	0	0	0	0	0	0	0	0	0	0	0	47	42	1	-1.58101393429975	-0.84176158237432	-0.838350203953103
23	C	20.0	5.0	60	225	0	0	0	0	0	0	1	0	2	1	0	11	35	10	J	1	43	E	12	60	189	27	11	0	1	0	0	81	39	425	61	0	9	9	2	0	1	70	20	0	0	0	0	0	0	0	0	0	0	0	44	41	0	-4.85780752397094	-3.5723292969183	-2.792820205652
22	C	0.0	0.0	67	145	0	0	0	0	0	0	0	0	1	0	1	12	65	20	J	1	80	E	12	60	175	45	16	0	0	0	0	81	40	430	56	1	8	9	0	2	8	68	19	0	0	0	0	0	0	0	0	0	0	0	48	42	0	1.45557601157451	0.670335579423572	8.04269880912418
24	C	0.0	0.0	67	165	0	0	0	0	0	0	0	0	0	0	0	15	45	10	J	1	83	E	12	70	165	38	16	0	0	0	0	80	34	595	63	0	6	9	0	2	11	46	14	0	0	0	0	0	0	2	0	0	0	0	46	39	0	9.66492453031398	8.15306672174356	14.1566441374301
22	C	20.0	5.0	64	122	0	0	2	0	0	0	0	0	0	0	0	12	75	5	J	1	70	E	12	80	154	28	12	0	0	0	0	81	34	300	56	1	9	9	2	0	3	66	18	0	0	0	0	0	0	0	0	0	0	0	47	37	0	-2.46132400567403	-2.99472667682168	-4.09921490503598
29	C	7.0	13.0	62	108	0	0	0	0	0	0	0	1	3	0	0	12	45	10	J	1	63	E	12	50	134	34	12	0	0	0	0	83	41	480	48	1	7	9	0	2	5	48	16	0	0	0	0	0	0	0	0	0	0	0	49	40	0	8.71630554024849	6.45260969028069	11.1531081717187
22	C	0.0	0.0	64	120	0	1	2	0	0	0	0	0	0	1	1	12	85	7	J	1	93	E	12	65	143	26	17	0	0	0	0	88	37	500	58	1	6	9	2	0	3	59	16	0	0	0	0	0	0	0	0	0	0	0	48	46	0	11.0168682196024	11.4127795350804	-0.297722842976058
25	C	17.0	10.0	63	103	0	0	0	0	0	1	0	0	2	0	1	7	55	10	J	1	73	E	13	76	121	26	12	0	0	0	0	78	36	560	90	0	8	8	2	0	2	32	11	0	0	0	0	0	0	0	0	0	0	0	45	41	0	8.5832330022216	8.33031983224146	10.2434576268834
21	C	20.0	7.0	65	123	0	0	0	0	0	0	1	0	0	0	0	11	55	10	J	1	37	E	14	68	134	25	7	0	0	0	0	84	35	400	60	1	9	9	3	0	7	60	19	0	0	0	0	0	0	0	0	0	0	0	44	39	0	4.19348030113975	2.76416591845487	6.04110780466505
20	C	0.0	0.0	64	122	0	0	0	0	0	0	0	0	0	0	0	10	55	8	J	1	63	E	12	60	147	24	12	0	0	0	0	79	34	375	53	0	8	9	0	3	7	55	16	0	0	0	0	0	0	0	0	0	0	0	46	40	0	4.1063090938184	4.00331164027064	8.55801465038699
21	C	0.0	0.0	65	130	0	0	0	0	0	2	0	0	0	0	0	10	55	10	J	1	63	E	11	70	152	26	12	0	0	0	0	79	28	410	43	0	8	9	2	0	5	54	16	0	0	0	0	0	0	0	0	0	0	0	45	41	0	2.45801469137936	4.23276098546807	6.44940750047553
22	C	0.0	0.0	62	114	0	0	0	0	0	0	2	0	0	0	0	11	65	15	J	1	77	E	10	72	134	29	14	1	0	0	0	77	29	440	52	0	7	9	2	0	6	59	18	0	0	0	0	0	0	0	0	0	0	0	46	40	0	3.94124307156217	3.31956963282461	6.87816991941099
25	C	20.0	8.0	63	135	0	0	0	0	0	0	5	0	0	0	0	10	45	8	J	1	50	E	12	74	147	26	11	3	0	0	0	73	28	370	55	0	8	9	2	0	6	53	16	0	0	0	0	0	0	0	0	0	0	0	47	36	0	5.23642686714942	4.49062536735857	6.51663021675093
27	C	5.0	11.0	67	125	0	0	0	0	0	0	3	0	0	0	1	12	65	5	I	1	60	B	13	74	142	33	10	0	0	0	0	80	37	300	57	0	1	9	3	0	2	48	14	5	0	0	0	0	0	0	0	0	0	1	45	39	0	2.75833335042238	3.66725089916986	2.34912064690992
31	C	0.0	0.0	65	140	0	0	2	0	0	0	0	0	0	0	0	12	35	12	J	1	50	E	12	82	160	30	10	0	0	0	0	80	33	700	77	0	8	9	3	0	2	62	16	0	0	0	0	0	0	0	0	0	0	0	45	42	1	1.45569918115701	0.736437615717048	2.54942573962703
27	C	15.0	8.0	63	115	0	0	0	0	0	0	0	1	0	0	0	16	55	20	J	1	73	E	10	76	135	32	14	0	0	0	0	80	29	485	58	1	8	9	0	3	5	68	21	0	0	0	0	0	0	0	0	0	0	0	48	41	0	2.00531518909959	0.0373813656309081	6.63319988736778
30	C	10.0	11.0	62	122	0	0	0	0	0	0	0	1	0	1	0	16	55	10	J	1	60	E	10	70	138	34	14	0	0	0	0	86	34	500	49	1	9	9	1	2	6	58	20	0	0	0	0	0	0	0	0	0	0	0	47	41	0	3.50817639748582	3.18854500600941	8.23295981430292
25	C	0.0	4.0	59	94	0	0	0	0	0	0	0	0	1	0	0	9	25	7	J	1	37	E	12	80	123	23	12	1	0	0	1	83	29	425	52	1	3	7	3	0	4	48	14	0	0	0	0	0	0	0	0	0	0	0	46	40	1	7.06754143626014	4.32142378761404	6.46950146455761
23	C	0.0	0.0	63	100	0	0	0	0	0	0	0	0	0	0	1	12	75	13	F	1	73	E	14	76	123	27	12	0	0	0	0	77	25	420	78	1	5	8	3	0	5	55	14	0	0	0	0	0	0	0	0	0	0	0	47	41	0	3.07622816764082	3.16576104349825	7.05407993795512
24	C	40.0	5.0	64	110	0	0	0	0	0	1	1	0	0	0	1	14	65	50	I	1	90	B	13	70	123	28	15	1	0	0	1	75	31	270	34	1	7	8	4	0	8	27	8	0	0	0	0	0	0	0	0	0	0	0	45	29	0	13.7799732927588	14.0258503859846	22.3409325444583
18	C	10.0	6.0	63	108	0	0	0	0	0	1	0	0	0	0	1	9	65	4	J	1	63	E	9	76	139	22	11	0	0	0	0	84	36	480	77	1	9	9	3	0	6	58	16	0	0	0	0	0	0	0	0	0	0	0	46	40	0	0.510332636230745	0.691997107353006	-0.0345066448014641
25	C	15.0	9.0	62	108	0	0	0	0	0	1	0	0	0	0	1	14	85	10	J	1	83	E	11	60	143	21	14	0	0	0	0	81	29	530	59	1	9	9	2	0	5	59	17	0	0	0	0	0	0	0	0	0	0	0	47	41	0	2.88623636594451	2.08118585561936	3.9308910335153
26	C	0.0	0.0	66	123	0	0	0	0	0	0	0	0	0	0	0	12	45	8	J	1	70	E	12	80	144	25	12	0	0	0	1	80	25	315	59	0	9	9	3	0	9	59	17	0	0	0	0	0	0	0	0	0	0	0	49	35	0	1.74564171949072	2.65228595847466	5.1463557342406
22	C	0.0	0.0	67	160	0	0	0	0	0	0	0	0	1	0	1	12	65	7	J	1	67	E	11	100	194	25	12	0	0	0	0	86	33	640	72	1	8	9	3	0	9	64	20	0	0	0	0	0	0	0	0	0	0	0	46	40	0	-0.997151294566417	0.298558051801722	2.36755143765348
24	C	0.0	0.5	67	218	0	0	0	0	0	0	1	0	0	1	1	12	95	10	J	1	60	E	11	72	220	28	12	0	0	0	0	82	39	610	54	0	9	9	2	0	12	48	15	0	0	0	0	0	0	0	0	0	0	0	45	40	0	7.24865097114794	7.83068613326814	11.9929111684649
19	C	8.0	3.0	61	105	0	0	0	0	0	1	1	0	0	0	0	10	55	5	J	1	63	E	12	74	124	22	12	0	0	0	0	86	36	420	55	0	8	9	3	0	3	52	14	0	0	0	0	0	0	0	0	0	0	0	45	40	0	1.88423011212995	2.64634838490917	1.71292245125955
22	C	3.0	7.0	67	135	0	0	0	0	0	3	1	0	0	0	1	12	75	10	J	1	73	E	13	60	165	26	12	0	0	0	0	87	35	390	49	1	9	9	1	1	2	78	23	0	0	0	0	0	0	0	0	0	0	0	46	42	0	-7.81944753217039	-7.34122291603243	-4.11995165249371
29	C	20.0	11.0	66	113	1	0	0	0	0	0	0	0	0	0	0	12	45	8	J	1	53	E	14	70	133	31	10	0	0	0	0	88	33	390	56	0	8	9	3	0	10	57	16	0	0	0	0	0	0	0	0	0	0	0	45	41	1	6.19019975936042	3.84784348822379	6.89691134290584
32	C	20.0	15.0	66	118	3	0	0	0	0	0	0	0	0	0	0	12	55	7	J	1	57	E	14	74	128	35	10	0	0	0	0	77	29	485	69	0	8	9	3	0	1	73	21	0	0	0	0	0	0	0	0	0	0	0	45	41	0	-7.86191753916603	-6.04429439653437	-6.72976082468642
17	C	20.0	2.0	66	160	0	1	0	0	0	0	0	0	0	0	0	11	65	10	J	1	60	E	9	60	182	21	11	0	0	0	0	89	42	510	56	1	8	9	3	0	2	62	16	0	0	0	0	0	0	0	0	0	0	0	49	40	0	12.7190673366605	11.0991968607614	0.711499463043964
21	C	10.0	4.0	63	150	0	0	0	0	0	0	1	1	0	0	1	12	55	8	J	1	73	E	13	80	165	29	14	0	1	0	0	82	31	460	40	1	9	9	2	0	3	62	20	0	0	0	0	0	0	0	0	0	0	0	47	39	0	-0.779069030090522	-0.135471598883244	0.389196140571624
29	C	12.0	12.0	65	155	0	2	0	0	0	0	0	0	0	0	1	10	95	7	J	1	73	E	12	70	162	33	12	0	0	0	0	89	29	450	65	1	9	9	2	0	4	66	18	0	0	0	0	0	0	0	0	0	0	0	46	43	0	9.89970995637161	9.03810573019164	-1.95627358332349
19	C	0.0	0.0	61	107	0	0	0	0	0	0	0	0	0	0	1	12	55	7	J	1	80	E	11	78	129	22	12	0	0	0	0	83	35	420	70	0	9	9	2	0	2	71	21	0	0	0	0	0	0	0	0	0	0	0	46	39	0	-4.24750120452501	-4.9342717866635	-5.4759596154441
29	C	15.0	11.0	66	114	0	0	1	0	0	1	0	0	0	0	1	12	35	10	A	1	77	E	12	72	143	32	17	0	0	0	0	79	39	335	35	0	9	9	0	3	6	60	17	0	0	0	0	0	0	0	0	0	0	0	45	40	0	0.821129946146928	2.17989997650753	6.91905810510941
25	C	20.0	6.0	68	172	0	1	0	0	0	0	0	0	0	0	1	13	105	10	J	1	87	E	10	70	191	29	14	0	0	0	0	81	33	460	98	0	6	9	2	0	3	68	20	0	0	0	0	0	0	0	0	0	0	0	46	41	0	7.55085663317641	8.49507759494607	-1.93932223467014
32	C	0.0	0.0	63	178	0	0	0	0	0	0	0	0	0	0	0	12	45	6	J	1	40	E	13	70	193	34	8	0	0	0	0	83	33	560	91	0	8	9	2	0	4	66	16	0	0	1	0	0	0	0	0	0	0	1	44	41	0	-0.924554358387715	-1.83007171479463	-1.34996422177737
33	C	0.0	0.0	60	130	0	0	0	0	0	1	1	0	0	0	0	12	45	12	J	1	50	E	10	74	152	35	11	0	0	0	0	76	31	620	98	1	6	9	2	0	2	60	16	0	0	0	0	0	0	0	0	0	0	0	47	40	0	2.37346856146286	1.55664568955489	3.37674152265775
36	C	0.0	17.0	62	180	0	0	0	0	0	0	2	0	0	0	0	15	55	12	J	1	63	E	11	80	194	35	14	0	0	0	0	77	26	450	59	0	9	9	3	0	6	61	18	0	0	0	0	0	0	0	0	0	0	0	47	40	0	2.68020667879481	2.20045253780224	5.30328297160252
29	C	20.0	15.0	65	145	0	0	0	0	0	0	0	0	0	0	0	12	65	10	J	1	47	E	13	70	168	39	7	0	0	0	0	74	26	415	59	1	3	9	0	2	14	57	17	0	0	0	0	0	0	0	0	0	0	0	49	41	1	10.8771429350147	5.3298026836114	12.5874270224073
21	C	40.0	5.0	66	132	0	0	0	0	0	0	1	1	2	0	0	10	85	10	J	1	73	E	12	82	159	33	10	0	0	0	0	81	31	440	69	1	9	9	3	0	0	67	20	0	0	0	0	0	0	0	0	0	0	0	45	39	0	-4.25731559873965	-3.14606509966485	-3.59910510690954
18	C	0.0	0.0	61	108	0	0	1	0	0	0	0	0	0	0	0	12	35	5	J	1	63	E	11	68	146	21	12	0	0	0	0	84	37	550	65	1	9	9	1	0	8	51	14	6	0	0	0	0	0	0	0	0	0	3	46	40	0	5.38052754252274	4.4755977730319	7.65468538524087
25	C	10.0	6.0	62	125	0	3	0	0	0	1	0	0	1	0	0	12	65	12	J	1	70	E	11	74	148	27	12	0	0	0	0	79	32	450	44	0	9	9	3	0	2	63	16	0	0	0	0	0	0	0	0	0	0	0	46	44	0	11.6992949157255	10.9665444205678	0.987112795422726
24	C	20.0	9.0	62	129	0	0	0	0	0	0	0	0	0	0	0	12	75	8	J	1	70	E	11	62	134	32	12	1	0	0	0	81	34	440	48	1	9	9	2	0	7	63	21	0	0	0	0	0	0	0	0	0	0	0	46	41	0	-0.6462570334336	0.577249503301621	2.51546960634265
23	C	10.0	6.0	65	130	0	0	0	0	0	0	1	0	1	0	0	10	55	8	J	1	63	E	13	60	155	26	12	0	0	0	0	74	28	350	69	0	8	9	3	0	6	60	19	0	0	0	0	0	0	0	0	0	0	0	45	39	0	0.175664911320763	1.66719383535099	3.4409006247021
28	C	10.0	10.0	64	128	0	0	0	0	0	1	2	1	2	0	0	10	45	15	J	1	63	E	13	74	151	29	12	0	2	0	0	79	37	420	59	0	9	9	2	0	3	53	19	0	0	0	0	0	0	0	0	0	0	0	44	40	0	5.98677093878993	4.89913056975243	7.65649966034637
28	C	10.0	10.0	64	128	0	0	0	0	0	1	2	1	2	0	0	10	45	15	J	1	63	E	13	74	151	29	12	0	2	0	0	80	38	440	68	1	8	9	2	0	3	56	21	0	0	0	0	0	0	0	0	0	0	0	47	40	0	4.95126376200267	3.8005786055927	6.54842793145429
28	C	0.0	2.0	65	135	0	0	0	0	0	0	0	0	1	0	0	16	45	10	O	1	60	E	13	76	151	32	14	0	0	0	0	85	28	410	53	0	9	9	0	2	7	64	16	0	0	0	0	0	0	0	0	0	0	0	47	41	0	0.428284077043199	0.967206510118801	6.28850847515265
17	C	30.0	2.0	68	130	0	0	1	0	0	0	1	0	0	0	0	10	35	7	J	1	63	E	12	80	160	21	12	0	0	0	0	84	35	480	63	0	9	9	2	0	7	58	16	0	0	0	0	0	0	0	0	0	0	0	44	39	0	3.39018134276702	2.37532976746266	3.99430709965832
24	C	0.0	0.0	63	140	0	0	0	0	0	0	0	0	0	0	0	12	45	10	J	1	77	E	12	68	164	26	12	0	0	0	0	81	34	500	58	1	9	9	3	0	0	50	15	0	0	0	0	0	0	0	0	0	0	0	46	43	0	4.04304455906492	3.48802332186361	3.02286541465794
21	C	0.0	0.0	61	123	0	0	0	0	0	2	0	0	0	0	0	12	35	7	F	1	77	E	15	80	135	25	17	0	0	0	0	82	29	400	58	0	4	9	0	2	3	68	18	0	0	0	0	0	0	0	0	0	0	0	46	41	0	-0.670021386739891	-2.96868625896966	-0.530564936545388
33	C	0.0	0.0	64	160	0	0	0	0	0	0	2	0	0	0	0	8	65	8	D	1	83	B	16	80	178	38	14	0	0	0	0	84	40	720	59	1	8	9	2	0	16	31	9	0	0	0	0	0	0	2	0	0	0	2	47	38	0	11.1614695206606	12.180257864175	16.0583100249812
35	C	0.0	0.0	64	165	0	0	0	0	0	0	1	0	0	0	1	9	75	10	D	1	87	B	17	70	193	38	14	0	0	0	0	80	34	550	54	0	9	9	3	0	9	35	10	0	0	0	0	0	0	2	0	0	0	1	47	42	0	11.0845400188189	10.5364781760409	13.5438073032387
27	C	20.0	11.0	60	125	0	0	0	0	0	1	1	0	0	0	0	10	45	7	J	1	77	E	14	68	134	29	12	0	1	0	0	88	41	440	53	1	9	9	3	0	4	68	21	0	0	0	0	0	0	0	0	0	0	0	46	39	0	-1.88600913968913	-2.81850433121866	-2.45417507678372
25	C	0.0	6.0	60	98	0	0	2	0	0	0	2	0	0	0	0	10	45	17	I	1	60	B	11	60	118	25	14	0	0	0	0	80	28	320	67	1	8	9	3	0	4	47	13	0	0	0	0	0	0	0	0	0	0	0	45	43	0	9.2147957508497	7.53329842900187	11.131033804886
32	C	20.0	14.0	65	124	1	0	0	0	0	1	0	1	2	1	0	6	45	12	J	1	47	E	15	66	139	32	8	1	0	0	0	78	28	500	46	1	9	10	2	0	1	61	20	0	1	0	0	0	0	0	0	0	0	0	48	40	0	1.58512476772338	0.755685071579848	2.08626259218146
23	C	0.0	0.0	62	104	0	3	0	0	0	0	0	0	0	0	0	12	45	6	H	1	53	A	15	70	126	25	9	0	0	0	0	80	26	400	69	1	9	9	0	2	12	63	16	0	0	0	0	0	0	0	0	0	0	0	47	40	0	11.9113649338342	12.1612196327848	5.67883716411506
19	C	0.0	0.0	62	145	0	0	2	0	0	0	0	0	0	0	0	13	35	10	L	1	53	E	13	70	163	24	12	0	0	0	0	91	39	370	68	1	5	9	0	2	5	65	17	0	0	0	0	0	0	0	0	0	0	0	43	40	1	4.62392137949355	0.124933934671559	4.94573506393538
20	C	0.0	0.0	62	125	2	0	0	0	0	3	0	0	0	0	0	13	35	6	L	1	57	E	13	80	140	26	12	0	0	0	0	91	41	420	41	0	7	8	0	2	9	53	15	0	0	1	0	0	0	0	0	0	0	1	43	41	0	3.08796977790481	3.36521082557816	8.58000446239586
21	C	0.0	0.0	62	130	0	1	0	0	0	2	0	0	0	0	0	13	45	8	L	1	63	E	13	68	137	27	12	0	0	0	0	80	38	360	60	0	9	9	0	2	4	62	22	0	0	0	0	0	0	0	0	0	0	0	44	41	0	11.4758770688681	11.3753026034761	3.49724043155394
33	C	30.0	18.0	60	100	0	1	2	1	0	0	4	0	0	0	0	7	65	10	J	1	50	E	14	62	134	34	9	0	0	0	1	84	30	350	50	1	8	9	3	0	4	70	22	0	0	0	0	0	0	0	0	0	0	0	47	40	1	-2.67540520065284	8.35052024871451	-1.05009249975493
28	C	0.0	0.0	63	111	0	0	0	0	0	1	0	0	0	0	0	12	55	18	J	1	77	E	13	64	142	31	12	0	0	0	0	76	27	260	51	0	8	9	3	0	7	63	18	0	0	0	0	0	0	0	0	0	0	0	46	37	0	1.82930920019887	2.30477117413331	6.69507809140111
29	C	0.0	0.0	63	133	0	0	0	0	0	0	0	0	0	0	1	16	55	5	L	1	87	E	13	90	150	32	17	0	0	0	0	83	36	425	51	0	9	9	0	2	5	63	17	0	0	0	0	0	0	0	0	0	0	0	44	38	0	-1.06936672075878	-1.14627489089545	0.673595045174906
22	C	10.0	4.0	66	113	0	0	0	0	0	0	2	0	0	0	1	12	65	10	J	1	67	E	14	80	136	26	12	0	0	0	0	81	39	325	98	1	8	8	2	0	9	72	22	0	0	0	0	0	0	0	0	0	0	0	46	40	0	-4.85075892713085	-3.67750238566282	0.57516033539224
28	C	0.0	0.5	61	120	0	1	0	0	0	0	1	0	0	0	0	11	75	8	J	1	53	E	11	78	152	29	8	1	1	0	0	88	37	425	71	0	8	9	2	0	6	64	18	0	1	0	0	0	0	0	0	0	0	1	47	42	0	8.36695521775837	11.0316989580272	1.53063070380537
31	C	0.0	3.0	61	145	0	0	0	0	0	0	3	0	0	0	0	11	85	8	J	1	50	E	12	80	166	32	9	1	2	0	0	80	38	600	98	1	7	9	3	0	4	60	19	0	0	0	0	0	0	0	0	0	0	0	48	42	0	2.97628396479615	1.29180963498111	2.62064418298766
39	C	0.0	0.0	63	139	0	0	0	0	0	0	1	0	1	0	0	12	55	15	J	1	67	E	12	76	157	35	12	2	1	0	1	85	38	560	72	1	9	9	0	2	9	73	21	0	0	0	0	0	0	0	0	0	0	0	45	39	0	-2.16101312906217	-1.93011371890819	5.0558118011791
21	C	20.0	5.0	65	130	0	0	0	0	0	0	0	0	0	0	0	15	0	10	J	1	60	E	12	78	145	25	17	0	0	0	0	82	27	350	42	0	9	9	3	0	3	67	19	0	0	0	0	0	0	0	0	0	0	0	45	40	0	-1.42957950088172	-1.61391966014777	-0.134709124478911
22	C	20.0	11.0	63	130	0	0	1	0	0	0	0	0	0	0	0	12	0	20	A	1	27	E	13	70	157	24	12	0	0	0	0	87	36	490	49	1	9	9	0	2	2	66	16	0	0	0	0	0	0	0	0	0	0	0	45	37	0	0.802273006706557	0.569103414120463	6.79360575245397
27	C	0.0	0.0	62	125	0	0	0	0	0	0	0	0	1	0	0	12	45	8	J	1	50	E	14	70	149	31	10	0	1	0	0	80	28	500	43	0	7	9	2	0	1	66	18	0	0	0	0	0	0	0	0	0	0	0	46	39	1	-2.37566974230187	-2.35766524690675	-2.43134228388224
16	C	0.0	0.0	61	118	0	0	0	0	0	0	0	2	0	0	1	11	45	10	J	1	50	E	11	60	134	21	10	0	0	0	0	83	38	370	54	0	9	9	0	2	1	55	18	0	0	0	0	0	0	0	0	0	0	0	46	42	0	3.17579805400065	2.80639064221702	5.98252509899451
18	C	0.0	1.0	60	122	0	0	0	0	0	0	0	2	0	0	0	11	35	8	J	1	43	E	11	78	142	23	10	0	0	0	0	82	35	580	66	1	9	9	0	2	3	45	14	0	0	0	0	0	0	0	0	0	0	0	46	40	0	5.76539759484595	6.52142873733723	10.0939415996574
28	C	5.0	8.0	63	119	0	0	0	0	0	2	1	0	2	0	0	12	55	15	J	1	67	E	13	80	147	30	12	0	0	0	0	80	27	420	67	1	8	9	3	0	8	65	19	0	0	0	0	0	0	0	0	0	0	0	45	37	0	1.73558460530737	1.40803745557647	5.69734492262327
33	C	0.0	0.0	63	138	0	0	0	0	0	0	1	0	0	0	0	15	25	10	J	1	47	E	13	84	179	36	12	0	1	0	0	77	32	600	90	0	2	7	2	0	7	53	15	0	0	0	0	0	0	0	0	0	0	0	46	39	1	7.27030247204133	4.12733054358728	8.26021854636631
31	C	0.0	1.0	62	128	0	0	0	0	0	0	0	0	0	0	0	12	45	10	J	1	60	E	11	70	149	31	12	0	0	0	0	87	35	440	59	1	2	9	3	0	3	48	13	0	0	0	0	0	0	0	0	0	0	0	48	40	0	6.35748677831117	5.72883523868642	7.27167617273852
22	C	7.0	6.0	61	100	0	0	0	1	0	0	0	0	0	0	0	11	55	5	J	1	53	E	11	70	118	25	10	0	0	0	0	82	35	410	45	0	9	9	3	0	3	68	20	0	0	0	0	0	0	0	0	0	0	0	46	42	0	-3.32295858195561	-3.68001195804077	-4.49312384484164
24	C	1.0	8.0	60	100	0	0	0	0	0	0	0	0	0	0	0	11	45	8	J	1	50	E	11	80	117	28	11	0	0	0	0	81	38	470	58	1	9	9	3	0	5	66	20	0	0	0	0	0	0	0	0	0	0	0	46	41	0	-1.22730899567157	-0.967352437312863	0.691616394386697
36	C	60.0	18.0	66	165	0	0	0	0	0	0	0	1	0	0	0	12	55	15	J	1	80	E	13	68	195	45	14	0	0	0	0	54	22	400	43	1	3	6	3	0	6	70	20	0	0	0	1	0	0	0	0	0	0	2	46	37	0	-4.85275638813817	-2.65617573629053	1.81917055086802
20	C	15.0	10.0	63	110	0	0	0	0	0	0	0	0	0	0	0	12	45	15	J	1	60	E	11	60	134	30	14	0	0	0	0	79	29	760	64	0	7	9	3	0	4	49	16	5	1	0	0	0	0	0	0	0	0	1	45	40	0	6.93209451593518	6.62218877148368	9.83647452018947
16	C	10.0	6.0	63	118	0	0	0	0	0	0	0	0	0	0	0	9	45	14	J	1	53	E	10	70	145	20	12	0	0	0	0	78	26	340	55	1	9	10	0	3	3	57	16	0	0	0	0	0	0	0	0	0	0	0	46	40	1	10.8880423024045	3.56330836129865	8.73832421607729
30	C	10.0	13.0	64	102	0	0	0	0	0	1	1	1	0	0	0	12	25	18	J	1	57	E	13	68	125	33	13	0	0	0	0	79	29	325	55	1	8	9	2	0	4	53	15	0	0	0	0	0	0	0	0	0	0	0	46	37	0	5.38918697207247	5.67650303248926	9.47948596333488
35	C	0.0	0.0	61	138	0	0	0	0	0	0	1	0	0	0	0	4	55	10	J	1	47	E	14	70	159	40	7	0	1	0	0	79	35	545	58	0	8	9	4	0	3	47	13	0	0	0	0	0	0	0	0	0	0	0	47	41	0	6.92339041190047	6.2135352620338	7.98871667729907
24	C	20.0	12.0	55	120	0	0	0	0	0	0	0	0	0	0	0	12	45	8	J	1	63	E	12	60	131	26	10	0	0	0	0	74	27	440	49	0	8	9	3	0	7	59	18	0	0	0	0	0	0	0	0	0	0	0	46	38	0	2.70032044170483	2.30645051004396	4.38183362761466
27	C	15.0	13.0	67	150	0	0	0	0	0	0	0	0	0	0	1	11	85	8	J	1	73	E	12	68	170	28	12	0	0	0	0	82	32	710	70	0	8	9	2	0	3	53	15	0	0	0	0	0	0	0	0	0	0	0	46	40	0	3.57626188886048	3.34260928782973	3.89741716889082
26	C	20.0	11.0	64	115	0	0	2	0	0	0	1	0	0	0	0	11	45	8	J	1	57	E	13	60	130	32	9	0	1	0	0	82	33	540	52	1	8	9	2	0	3	63	17	0	0	0	0	0	0	0	0	0	0	0	45	42	0	-0.386810987703012	-0.352655037018366	0.449567828197243
27	C	0.0	9.0	61	113	0	0	3	4	0	0	0	1	1	0	0	12	75	10	J	1	73	E	15	86	122	26	12	0	0	0	0	76	25	575	62	0	8	8	3	0	5	55	17	0	0	0	2	0	0	0	0	0	0	0	45	37	0	3.9377038452532	2.57339321932675	5.62189086135796
33	C	20.0	14.0	65	124	0	0	0	0	0	0	2	0	0	0	0	12	55	17	J	1	57	E	13	70	139	34	12	0	0	0	0	81	32	480	50	1	8	9	1	2	0	47	15	0	0	0	0	0	0	0	0	0	0	0	47	40	1	10.0358028819271	6.05403067224532	10.074504415593
21	C	0.0	0.0	63	111	0	0	0	0	0	1	0	0	0	0	0	12	45	10	J	1	50	E	11	68	138	25	11	0	0	0	0	83	29	490	57	0	8	9	2	0	5	50	15	0	0	0	0	0	0	0	0	0	0	0	47	39	0	5.92822288730551	5.79551611452893	8.25353599675362
25	C	3.0	3.0	58	115	0	0	0	0	0	0	0	0	1	0	0	15	45	10	J	1	83	E	11	70	146	25	16	0	0	0	0	81	33	480	49	0	9	9	3	0	5	57	16	0	0	0	0	0	0	0	0	0	0	0	44	42	0	3.80542100210463	2.860845657174	4.71730716351339
28	C	0.0	0.0	66	155	0	0	0	1	1	1	0	0	0	0	0	8	35	22	H	1	27	E	14	70	177	42	8	0	0	0	1	80	25	600	81	0	8	9	0	3	6	50	18	0	0	0	0	0	0	0	0	0	0	0	46	45	1	16.2257654590263	8.21614659889503	16.284656201291
36	C	0.0	0.0	67	162	0	0	0	0	0	0	0	0	0	0	0	12	75	14	J	1	87	E	12	80	179	34	14	0	0	0	0	70	26	295	55	0	1	8	0	0	2	79	21	0	0	0	2	0	0	0	0	0	0	0	47	40	0	-8.42322620994885	-8.45800684856932	-3.40532629837939
37	C	8.0	9.0	57	125	0	0	0	0	0	0	1	0	1	0	0	9	45	8	J	1	43	E	13	60	158	28	9	0	0	0	1	82	31	480	47	1	5	9	0	2	9	49	13	0	0	0	0	0	0	0	0	0	0	0	48	41	1	11.9997146812913	6.78886192613565	12.2566689695084
28	C	0.0	3.0	62	118	0	0	0	0	0	1	0	0	0	0	1	14	55	15	J	1	87	E	14	70	128	25	17	0	0	0	0	80	29	350	60	1	9	9	2	0	8	62	16	0	0	0	0	0	0	0	0	0	0	0	45	40	0	4.0240143265897	2.43628728994268	6.38667342721696
21	C	10.0	7.0	65	117	0	0	0	0	0	1	1	0	0	0	1	14	85	4	J	1	70	E	13	50	152	19	10	0	0	0	0	80	32	400	36	0	7	9	3	0	4	61	16	0	0	0	0	0	0	0	0	0	0	0	46	40	0	-1.04413882690116	-1.13762872322618	-2.67161594398764
22	C	20.0	5.0	66	139	0	0	0	0	0	1	0	0	0	0	0	15	35	10	J	1	47	E	13	100	164	20	12	0	0	0	0	84	38	480	54	0	9	9	3	0	2	55	18	0	0	0	0	0	0	0	0	0	0	0	44	39	0	2.84711112356923	3.11275596216307	4.41505238550198
23	C	0.0	0.0	64	119	0	0	3	0	0	0	0	0	0	0	1	16	55	5	J	1	87	E	13	80	126	27	17	0	0	0	0	80	32	360	52	0	9	9	0	2	5	56	16	0	0	0	0	0	0	0	0	0	0	0	46	42	0	1.35017293690172	1.65349708030444	3.49762910987569
29	C	10.0	8.0	62	138	0	0	0	0	0	0	1	0	0	0	1	12	75	10	J	1	83	E	11	76	160	23	13	0	1	0	0	74	28	410	52	1	4	9	2	0	7	66	20	0	0	0	0	0	0	0	0	0	0	0	45	39	0	0.136967720756049	-0.362871351079414	2.08152956722056
24	C	0.0	7.0	63	106	0	0	0	0	0	0	1	0	0	0	0	14	55	10	J	1	77	E	13	70	127	28	14	0	1	0	0	83	32	410	35	0	9	9	3	0	1	65	19	0	0	0	0	0	0	0	0	0	0	0	46	40	0	-2.04425020687412	-1.7345602467921	-1.53427553243092
24	C	0.0	0.0	58	108	0	0	0	0	0	0	0	0	0	0	0	12	45	10	G	1	83	E	12	60	124	26	14	1	1	0	0	79	35	500	40	0	9	9	0	2	7	52	16	0	0	0	0	0	0	0	0	0	0	0	47	39	0	4.70954631054046	5.35398755065217	10.3125446134529
27	C	0.0	0.0	58	110	0	0	1	0	0	0	0	0	1	1	0	12	65	13	G	1	90	E	12	76	129	27	16	1	0	0	0	76	32	450	45	0	4	9	0	2	6	66	20	0	0	1	0	0	0	0	0	0	0	0	46	39	0	-1.53588937860208	0.0665689351201881	5.39647654960222
20	C	0.0	0.5	65	197	0	0	0	0	0	1	0	0	0	0	1	12	65	7	J	1	40	E	11	80	220	27	8	0	0	0	0	79	31	440	56	1	8	9	3	0	3	59	20	0	0	0	0	0	0	0	0	0	0	0	49	42	1	3.25299483535739	1.18076760874901	1.83835740576971
17	C	0.0	1.0	62	130	0	0	0	0	0	1	0	0	0	0	0	12	45	10	J	1	60	E	10	70	158	19	12	0	0	0	0	85	33	300	58	0	8	9	3	0	3	63	20	0	0	0	0	0	0	0	0	0	0	0	43	40	0	0.107015410934487	0.134659332950559	1.62902259800619
28	C	0.0	0.0	60	119	0	0	1	0	0	1	0	0	0	0	0	12	45	8	J	1	63	E	11	80	139	27	12	0	1	0	0	86	37	520	62	1	9	9	2	0	3	65	21	0	0	0	0	0	0	0	0	0	0	0	45	40	0	-1.8223323551086	-1.28971666056528	-0.600605716199295
26	C	0.0	0.0	66	175	0	0	0	0	0	0	0	0	0	0	0	13	65	8	J	1	77	E	15	60	186	27	13	0	1	0	0	82	39	425	59	1	8	9	2	0	3	56	15	7	0	0	0	0	0	0	0	0	0	1	47	42	0	2.27967532919818	2.19347562683042	2.66871823584201
28	C	12.0	11.0	64	125	0	0	0	0	0	0	0	0	1	0	1	12	65	10	J	1	67	E	15	54	141	30	12	0	0	0	0	87	35	530	67	1	8	9	3	0	3	70	22	0	0	0	0	0	0	0	0	0	0	0	46	41	0	-2.92680521811221	-3.08524203740007	-1.74109998416985
28	C	20.0	13.0	62	120	0	0	2	0	0	2	0	0	0	0	0	12	35	10	J	1	47	E	13	58	135	31	12	0	0	0	0	84	40	420	53	0	8	9	3	0	1	56	16	0	0	0	0	0	0	0	0	0	0	0	44	40	1	4.28546376848671	2.30723254014706	3.06719859864033
34	C	40.0	18.0	63	135	0	0	0	0	0	1	1	0	0	0	0	14	35	16	J	1	47	E	12	58	156	39	12	1	1	0	0	77	29	420	43	1	9	9	2	0	3	58	19	0	0	0	0	0	0	0	0	0	0	0	48	39	0	3.76971423764185	3.37649284582085	6.59593833600551
32	C	20.0	14.0	69	145	0	0	0	0	0	1	1	0	0	0	0	12	55	12	J	1	63	E	11	60	164	34	15	0	2	0	0	82	30	490	62	0	7	9	3	0	3	60	16	0	0	0	0	0	0	0	0	0	0	0	48	36	0	1.09941610980332	1.75148473830549	3.7914525042584
21	C	0.0	4.0	67	150	0	0	0	0	0	0	1	0	0	0	0	12	75	7	J	1	70	B	15	50	166	26	12	0	0	0	0	78	35	560	49	1	9	8	0	2	6	53	18	0	0	0	0	0	0	0	0	0	0	0	46	40	0	3.26412123637671	2.91010228079251	7.60069060907004
21	C	0.5	6.0	61	94	0	0	2	0	0	0	3	0	0	0	0	12	45	10	J	1	50	E	12	60	126	23	11	2	0	0	0	82	35	400	52	1	8	9	2	0	7	53	16	0	0	0	0	0	0	0	0	0	0	0	47	38	0	4.95754687183999	5.25540115451408	8.32461584395415
26	C	16.0	10.0	58	89	0	0	0	0	0	0	3	0	2	0	0	12	55	13	J	1	57	E	13	60	118	27	11	4	0	0	0	13	18	250	44	1	6	8	4	0	5	23	8	0	0	0	4	0	0	0	0	0	0	2	43	28	1	17.4502478281449	11.7403911890403	15.9824527721751
24	C	25.0	11.0	62	122	0	0	0	0	0	0	0	0	0	0	0	9	35	8	J	1	43	E	12	80	143	30	12	0	0	0	0	83	29	570	65	0	7	8	2	0	2	69	21	0	0	0	0	0	0	0	0	0	0	0	45	41	1	-2.54564010077957	-4.36407366710057	-2.77584514623862
25	C	25.0	10.0	62	120	0	0	0	0	0	0	0	2	0	0	0	9	55	10	J	1	70	E	12	68	143	31	13	0	0	0	0	81	32	580	61	1	8	9	2	0	3	65	20	0	0	0	0	0	0	0	0	0	0	0	47	42	0	-0.285793531858862	-0.853015012679535	0.458147860468197
30	C	50.0	15.0	64	203	0	0	0	0	0	0	0	0	0	0	0	8	65	18	J	1	47	E	11	88	185	33	8	1	2	0	0	80	38	480	60	1	9	9	2	0	1	54	17	0	0	0	0	0	0	0	0	0	0	0	49	40	0	4.61772810511131	4.33695465396435	6.9330550822489
31	C	0.0	0.0	63	105	0	0	0	0	0	0	1	0	0	0	0	10	65	10	J	1	57	E	11	90	154	35	11	0	0	0	0	84	34	480	58	0	8	8	3	0	3	55	20	0	0	0	0	0	0	0	0	0	0	0	47	40	0	0.92694211926874	2.17912223320969	4.76440698239502
23	C	14.0	5.0	66	147	0	0	0	0	0	3	0	0	0	0	1	14	65	7	J	1	77	B	10	68	167	21	12	0	0	0	0	79	30	500	75	1	9	9	0	3	3	55	16	0	0	0	0	0	0	0	0	0	0	0	49	39	0	2.18117001752646	2.40665291095652	4.89135552031463
28	C	0.0	0.0	65	135	0	2	0	0	0	0	0	0	0	0	0	12	35	10	L	1	57	E	13	60	145	31	12	0	0	0	0	87	36	600	56	0	9	9	2	0	6	55	16	0	0	0	0	0	0	0	0	0	0	0	46	38	0	15.144560363004	15.1059258421369	6.31046452527064
31	C	0.0	0.5	66	131	0	2	0	0	0	1	0	0	0	0	0	12	45	10	L	1	43	E	14	74	143	32	8	0	0	0	0	81	32	550	48	0	9	9	2	0	4	58	16	0	0	0	0	0	0	0	0	0	0	0	45	42	0	14.340837863225	13.604736235365	4.37292144599573
30	C	0.0	0.0	60	90	0	0	0	0	0	0	0	0	0	0	0	12	45	10	J	1	77	E	14	58	120	34	13	0	2	0	0	74	25	275	57	1	8	9	3	0	2	58	16	0	0	0	0	1	0	0	0	0	0	1	43	41	0	0.525077510871052	1.59241700701996	2.35688234733893
20	C	0.0	0.0	62	114	0	0	0	3	0	1	0	0	0	0	0	12	75	7	J	1	67	E	13	78	137	24	10	1	0	0	1	75	22	500	62	1	6	8	2	0	12	63	20	0	0	0	4	1	0	0	0	0	0	5	43	36	0	0.116936540767158	0.131391160576575	3.92780562326244
20	E	0.0	4.0	63	120	0	0	0	0	0	0	0	1	0	0	0	13	35	10	J	1	70	E	13	70	152	21	12	0	0	0	0	81	31	550	54	0	9	9	2	0	3	60	18	0	0	0	0	0	0	0	0	0	0	0	45	41	0	0.934523263748216	1.24820312156535	2.57757460290091
25	C	5.0	3.0	67	180	0	0	0	2	0	0	0	0	0	0	0	10	45	10	J	1	53	E	16	94	211	31	10	0	0	0	0	87	36	500	67	1	8	9	2	0	4	62	19	0	0	0	0	0	0	0	0	0	0	0	47	42	0	-0.586991237988271	0.958795326201012	2.97249555123682
29	C	10.0	7.0	56	246	0	0	0	0	0	0	0	0	1	0	0	10	85	8	J	1	53	E	15	94	207	34	9	0	0	0	0	82	37	590	70	1	9	9	3	0	7	55	16	0	0	0	0	0	0	0	0	0	0	0	45	41	1	7.10467325274929	3.96601128773971	6.23091236123209
39	C	40.0	19.0	63	123	0	0	0	0	0	0	2	0	0	0	0	12	45	8	J	1	60	E	11	86	144	52	12	0	0	0	0	80	37	540	77	0	8	9	2	0	3	52	16	0	0	0	0	0	0	0	0	0	0	0	47	39	0	3.03813662196342	3.86017329369201	4.64637509487852
40	C	7.0	3.0	63	147	0	0	0	0	0	2	1	0	1	0	0	12	55	16	J	1	53	E	12	80	164	41	11	0	1	0	0	80	30	460	83	0	8	9	2	0	1	51	15	0	0	0	0	0	0	0	0	0	0	0	44	41	0	5.89855546859565	5.0701663353982	7.21745758567662
23	C	0.0	0.0	65	132	0	0	0	0	0	1	2	0	0	0	1	12	75	10	I	1	70	B	11	70	160	22	12	0	1	0	0	80	39	370	68	1	9	9	3	0	4	63	16	0	0	0	0	0	0	0	0	0	0	0	46	40	0	0.74433779036306	0.322501441249908	2.03337286459042
29	C	0.0	5.0	59	150	0	0	0	1	0	0	0	0	0	0	0	8	35	15	F	1	47	E	12	60	183	29	12	0	0	0	1	84	35	610	77	1	8	9	0	2	5	57	14	0	0	0	0	0	0	0	0	0	0	0	47	39	1	11.4264093815465	4.38668898773339	10.624069605277
34	C	0.0	0.0	58	165	0	0	0	1	0	0	0	2	0	0	0	8	45	10	F	1	70	E	12	72	191	33	12	0	0	0	1	78	37	600	59	0	9	9	1	1	1	60	20	0	0	0	0	0	0	0	0	0	0	0	45	39	0	-0.077227389529875	0.619788423018111	3.42696520672643
39	C	20.0	16.0	59	103	0	0	0	1	0	0	0	0	0	0	0	12	55	12	J	1	47	E	11	60	110	42	8	2	0	0	0	81	30	350	38	0	9	9	3	0	3	66	18	0	0	0	0	0	0	0	0	0	0	0	44	38	1	2.19952055127046	-0.586351380033729	1.71396075924344
38	C	0.0	0.0	63	134	3	0	0	0	0	0	1	0	0	0	0	12	65	10	F	1	80	E	14	80	146	43	12	0	2	0	0	86	33	500	57	0	9	9	2	0	4	58	17	0	0	0	0	0	0	0	0	0	0	0	45	40	0	3.12964344157798	2.22967101362291	3.78304879393551
40	C	0.0	0.0	63	137	1	0	0	0	0	0	3	0	1	1	0	12	55	13	F	1	63	E	12	82	156	45	12	0	2	0	0	84	33	620	67	1	7	8	3	0	1	60	16	0	0	0	0	0	0	0	0	0	0	0	46	41	0	-0.586746620517919	-0.0300465930197662	2.28442607710493
21	C	10.0	4.0	69	150	0	0	0	0	0	0	0	0	0	0	1	12	65	7	J	1	60	E	12	86	168	24	12	0	0	0	0	82	37	460	40	1	8	9	3	0	6	52	15	0	0	0	0	0	0	0	0	0	0	0	48	40	0	4.06127930773043	4.3915364481377	5.78431225877166
23	C	3.0	6.0	68	153	0	0	0	0	0	0	0	0	0	0	0	12	55	10	J	1	57	E	12	74	164	25	12	0	0	0	0	87	35	460	49	0	9	9	3	0	2	43	14	0	0	0	0	0	0	0	0	0	0	0	46	39	1	8.75147373489937	6.93370377706372	8.09349967540778
23	C	4.0	11.0	62	135	1	0	0	0	0	0	0	0	0	0	0	9	35	4	J	1	47	E	11	78	147	24	12	0	0	0	0	87	41	440	65	0	9	9	3	0	4	70	23	0	0	0	0	0	0	0	0	0	0	0	44	42	0	-6.46600179294883	-4.80968033383679	-5.97270693494394
31	C	0.0	0.0	62	120	0	0	0	0	0	0	0	0	0	0	0	12	45	10	J	1	67	E	14	90	141	32	12	1	0	0	0	83	32	330	70	1	8	9	3	0	4	78	26	0	0	0	0	0	0	0	0	0	0	0	46	41	0	-7.27743154644725	-6.75464009943929	-5.05277426127554
33	C	20.0	15.0	64	198	1	0	0	2	0	2	0	0	0	1	0	11	45	12	J	1	40	E	13	90	205	36	10	0	0	0	0	85	34	440	65	0	8	9	3	0	3	71	16	0	0	0	0	0	0	0	0	0	0	0	46	45	1	0.313874517403201	-2.80069251546059	-0.396099774496843
36	C	0.0	13.0	62	144	0	0	0	0	0	0	0	0	0	0	0	10	35	14	J	1	20	E	13	74	155	40	5	0	0	0	0	76	36	410	52	1	9	9	3	0	3	55	16	0	0	0	0	0	0	0	0	0	0	0	46	40	0	5.19751047164032	4.57654392149764	7.88081463803596
20	C	20.0	5.0	65	122	0	0	0	0	0	0	1	0	1	0	0	12	55	20	J	1	70	E	12	60	143	23	12	0	1	0	0	78	32	625	59	1	5	9	2	0	10	53	15	6	0	0	2	0	0	0	0	0	0	3	48	47	0	7.07558064186938	7.14386557730603	12.7899851774699
32	C	13.0	17.0	63	115	0	0	0	0	0	0	0	0	0	0	0	11	35	13	J	1	63	E	11	68	133	29	12	0	0	0	0	77	33	450	41	0	9	9	3	0	3	56	16	0	0	0	0	0	0	0	0	0	0	0	44	38	0	3.38044925886281	3.48867546886957	5.79432845618987
35	C	20.0	20.0	63	115	0	0	0	0	0	0	1	0	0	0	0	10	55	10	J	1	63	E	11	70	128	32	12	0	0	0	0	73	33	460	47	0	6	9	2	0	1	55	16	0	0	0	0	1	0	0	0	0	0	0	43	39	0	2.5146441422228	2.47626440866652	2.95709180200193
28	C	2.0	8.0	61	115	0	0	0	0	0	0	0	2	0	0	0	9	45	10	J	1	50	E	12	72	137	30	11	0	0	0	0	88	35	390	91	1	8	9	3	0	4	67	20	0	0	0	0	0	0	0	0	0	0	0	47	40	0	-2.13168798667047	-1.17173515829865	0.876196749161069
33	C	0.0	0.0	62	180	0	0	0	0	0	0	1	0	0	0	0	12	65	13	J	1	47	E	13	80	182	32	6	0	1	0	0	81	33	655	64	0	9	9	0	2	5	59	16	0	0	0	0	0	0	0	0	0	0	0	45	42	0	1.06959230920821	3.29512604945562	9.08355400001449
23	C	5.0	5.0	62	85	0	0	0	4	0	0	1	0	3	0	1	8	35	13	F	1	47	E	12	58	105	30	11	0	0	0	0	75	36	400	56	0	10	10	2	0	4	52	16	0	0	0	0	0	0	0	0	0	0	0	45	39	1	8.16780531832051	5.45855933129754	8.45140810077254
21	C	20.0	4.0	63	112	0	0	0	0	0	0	0	0	0	0	1	12	75	7	J	1	73	E	15	80	147	25	12	0	0	0	0	81	31	520	50	0	9	9	0	3	3	65	20	0	0	0	0	0	0	0	0	0	0	0	46	42	0	-1.19099285180251	-1.57624335209793	0.943551696826314
23	C	20.0	6.0	63	114	0	0	0	0	0	0	3	0	0	0	0	12	55	8	J	1	67	E	14	65	137	26	12	0	1	0	0	75	28	430	61	0	8	9	0	2	4	65	16	0	0	0	0	0	0	0	0	0	0	0	45	41	0	0.64599533797875	-0.861161581744076	2.61594514449127
38	C	0.0	0.0	63	145	3	0	0	0	0	0	1	0	0	0	0	12	65	20	J	1	77	E	11	80	167	36	12	0	2	0	0	78	33	440	66	0	1	9	2	0	2	59	18	0	0	0	0	0	0	0	0	0	0	0	49	40	0	1.78693387528351	2.7075493439792	5.60703645707551
40	C	0.0	0.0	62	150	3	0	0	0	0	1	3	0	0	0	0	12	65	22	J	1	77	E	11	78	165	37	12	0	2	0	0	82	33	310	53	1	8	9	3	0	13	58	20	0	0	0	0	0	0	0	0	0	0	0	47	38	0	5.97343069982159	5.93128383721647	12.3948563025394
29	C	30.0	17.0	63	125	0	0	0	0	0	0	0	0	2	0	0	12	65	7	F	1	90	E	16	70	152	33	17	1	4	0	0	75	29	510	70	1	8	8	0	2	12	60	18	0	0	0	0	0	0	0	0	0	0	0	45	41	0	1.97894426406136	1.24586934087512	7.11673439291176
30	C	0.0	7.0	68	145	0	0	0	0	0	1	0	0	0	0	0	12	65	10	J	1	90	E	15	76	170	41	17	0	0	0	0	87	41	540	92	1	9	10	0	3	5	61	19	0	0	0	0	0	0	0	0	0	0	0	48	40	0	0.693150492786757	1.35085801048477	5.53746838574334
26	C	20.0	8.0	65	102	1	0	0	0	0	0	0	0	0	0	0	10	35	8	J	1	37	E	15	80	129	32	8	0	0	0	0	80	39	610	78	1	2	9	2	0	3	55	15	0	0	0	1	0	0	0	0	0	0	0	46	39	1	5.38178743020786	3.0759575952771	4.26004686420548
25	C	20.0	10.0	65	196	0	0	0	0	0	0	1	0	0	0	0	11	55	7	J	1	53	E	12	80	222	37	12	0	0	0	0	82	35	400	45	0	9	9	2	0	5	67	19	0	0	0	0	0	0	0	0	0	0	0	46	39	1	0.525003434644061	-1.7772600906132	-0.635006686192058
18	C	3.0	5.0	61	98	0	0	0	0	0	0	1	0	0	0	0	12	35	8	J	1	67	E	11	60	125	31	12	0	1	0	0	78	31	340	35	0	4	7	2	0	7	67	20	0	0	0	3	0	0	0	0	0	0	0	45	40	0	-2.4772414530719	-2.29972669335394	0.686561728335553
38	C	0.0	0.0	64	155	0	0	0	0	0	0	0	0	0	0	0	12	95	12	J	1	63	E	14	80	165	38	10	0	0	1	0	81	29	580	72	0	7	9	0	2	3	70	20	0	0	0	0	0	0	0	0	0	0	0	47	39	0	-2.14721979031401	-2.4554147028933	2.01271250666004
39	C	0.0	0.0	64	157	0	0	0	0	0	0	0	0	0	0	0	12	65	14	J	1	60	E	14	80	166	38	11	0	0	1	0	66	24	425	55	0	9	5	4	0	10	55	16	5	0	0	3	0	0	0	0	0	0	2	46	34	0	3.85207822821533	4.62526099975309	10.3831666270669
24	C	40.0	9.0	69	100	0	0	0	0	0	0	0	0	1	0	0	8	35	15	J	1	57	E	9	78	140	31	12	1	1	0	1	84	31	325	65	1	3	8	0	3	3	70	21	0	0	0	1	0	0	0	0	0	0	0	44	49	0	-2.67231105037748	-3.05576607274361	3.22295125144591
26	C	15.0	15.0	64	140	0	0	0	0	0	0	0	0	1	0	0	12	55	6	J	1	63	E	14	78	149	29	12	0	0	0	0	76	25	490	83	1	9	9	0	2	3	60	18	0	0	0	0	0	0	0	0	0	0	0	46	45	0	0.106497958707	0.267860451753297	2.43716862749065
30	C	15.0	19.0	64	145	0	0	0	0	0	1	0	0	2	0	0	12	65	10	J	1	67	E	13	70	155	32	12	0	0	0	0	80	28	485	67	0	9	10	3	0	2	56	16	0	0	0	2	0	0	0	0	0	0	1	46	42	0	1.76535440164797	2.48514799904913	3.43154715169614
19	C	0.0	0.0	58	110	0	0	0	1	0	0	0	0	0	0	1	10	55	5	J	1	53	E	13	70	139	22	10	0	0	0	0	77	38	470	57	1	9	9	2	0	6	54	16	0	0	0	0	0	0	0	0	0	0	0	45	41	1	2.87225217551196	2.91720334076446	3.22023323069171
26	C	15.0	2.0	63	134	0	0	0	0	0	0	1	1	0	0	0	4	35	12	J	1	23	E	12	62	146	28	4	0	0	0	0	83	34	490	47	0	9	9	3	0	4	58	19	0	0	0	0	0	0	0	0	0	0	0	44	39	0	3.28899884173269	3.37272679105432	6.52265977895504
22	C	9.0	6.0	65	138	0	1	2	0	0	0	1	0	0	0	0	12	55	13	J	1	53	E	15	76	159	29	10	1	0	0	0	80	36	500	71	0	8	10	3	0	3	55	15	0	0	0	0	0	0	0	0	0	0	0	46	40	0	15.6431401483598	14.8935738547376	5.94213331420824
23	C	10.0	7.0	64	128	0	1	0	0	0	0	1	0	0	0	0	12	45	17	J	1	40	E	15	62	150	30	9	1	0	0	0	77	28	360	84	0	6	9	2	0	3	63	21	0	0	0	0	0	0	0	0	0	0	0	46	41	0	10.0481394174546	12.4656542267609	4.53715794438977
34	C	0.0	15.0	64	118	3	0	0	0	0	0	1	0	0	0	0	12	65	8	J	1	67	E	13	64	133	35	10	0	2	0	0	89	31	400	39	0	9	10	2	0	3	64	19	0	0	0	0	0	0	0	0	0	0	0	46	41	0	0.647981586930157	-0.906714690344445	-0.284139883401321
27	C	20.0	12.0	69	189	0	0	0	2	0	0	2	0	1	0	0	12	55	12	J	1	33	E	10	66	187	36	7	1	1	0	0	82	30	510	69	1	7	8	3	0	5	59	17	0	0	0	0	0	0	0	0	0	0	0	47	39	1	8.55522364727635	1.96610245270133	6.2959172646448
18	C	12.0	2.0	61	152	0	0	1	0	0	0	0	0	0	0	0	12	25	8	J	1	37	E	14	75	180	22	10	0	0	0	0	84	35	440	52	0	9	9	2	0	2	59	18	0	0	0	0	0	0	0	0	0	0	0	45	48	0	1.95168520094812	1.18326621158544	1.90493946330438
17	C	15.0	3.0	62	108	0	0	0	0	0	1	0	0	0	0	1	11	15	10	J	1	30	E	14	70	113	22	10	0	0	0	0	91	32	350	59	1	8	9	0	3	3	61	16	0	0	0	0	0	0	0	0	0	0	0	46	40	0	1.40158468496006	1.51732696301397	6.01723681906325
19	C	0.5	6.0	59	143	0	0	0	0	0	0	0	0	0	0	1	12	55	5	J	1	37	E	14	70	172	23	9	0	0	0	0	87	38	580	51	0	9	9	3	0	3	57	16	0	0	0	0	0	0	0	0	0	0	0	45	41	0	1.12270527280509	1.14762253169266	0.658355561158766
34	C	20.0	4.0	63	104	0	0	1	0	0	0	0	0	1	0	0	10	45	16	J	1	40	E	13	70	131	34	10	0	0	0	0	86	37	520	47	0	2	8	2	0	7	51	16	0	0	0	0	0	0	0	0	0	0	0	45	39	0	5.33433771724194	5.95807434524615	11.6991457448728
19	C	10.0	2.0	64	112	0	0	0	0	1	0	0	0	0	0	0	12	35	18	J	1	33	E	13	70	133	22	10	0	0	0	0	84	31	490	63	1	9	9	3	0	4	62	16	0	0	0	0	0	0	0	0	0	0	0	50	43	0	2.43605658863445	2.50586744212516	6.70446031688125
44	C	1.0	29.0	59	215	0	1	0	0	0	0	0	0	0	0	0	10	25	7	J	1	17	E	13	98	208	43	8	0	0	0	0	79	31	390	80	1	5	9	3	0	10	70	16	6	0	0	0	0	0	0	0	0	0	0	46	39	0	9.02029660573361	9.34154286652577	1.08926981068566
20	C	20.0	4.0	65	144	0	0	0	0	0	0	1	0	0	0	0	9	35	7	J	1	33	E	11	32	172	27	11	0	0	0	0	82	35	520	73	0	4	9	2	0	4	68	21	0	0	0	0	0	0	0	0	0	0	0	46	39	0	-2.73705964483834	-2.25741772751868	-1.11609603786214
21	C	10.0	3.0	61	95	0	0	0	0	0	0	0	0	0	0	0	10	35	8	J	1	47	E	14	60	119	24	10	0	0	0	0	82	38	330	56	1	8	9	2	0	3	60	18	0	0	0	0	0	0	0	0	0	0	0	46	38	0	1.783037511204	1.0154085820939	2.00509859168775
28	C	20.0	8.0	66	135	0	0	0	0	0	0	2	0	0	0	0	12	75	8	J	1	83	B	10	80	158	32	14	1	0	0	0	81	28	575	61	0	9	9	2	0	3	70	18	0	0	0	0	0	0	0	0	0	0	0	46	40	0	-1.66309573521682	-3.81306322876965	-3.49411529581264
17	C	20.0	4.0	62	120	0	0	0	0	0	0	0	0	0	0	1	11	55	10	J	1	60	E	13	60	147	18	11	0	0	0	0	81	36	590	55	0	2	8	2	0	3	50	15	0	0	0	1	0	0	0	0	0	0	0	45	48	0	3.00198483095361	3.90433145801163	6.45203808496348
28	C	20.0	10.0	63	145	1	0	0	0	0	0	0	0	0	0	0	11	65	12	J	1	57	E	12	70	168	29	10	0	0	0	0	78	31	450	72	0	8	9	3	0	3	60	19	0	0	0	0	0	0	0	0	0	0	0	48	39	0	2.3783828697286	1.82777935009201	3.97339985452661
22	C	20.0	4.0	68	126	0	0	0	0	0	0	0	0	0	0	0	12	45	5	J	1	67	E	12	70	132	25	12	0	0	0	0	82	27	530	62	0	7	9	2	0	3	63	20	0	0	0	0	0	0	0	0	0	0	0	46	40	0	-0.705507379038043	-1.65541277590126	-2.69597178211124
28	C	5.0	10.0	64	185	0	0	0	0	0	0	0	0	0	0	0	12	45	14	J	1	60	E	12	80	205	30	12	0	0	0	0	81	29	530	48	0	8	9	2	0	6	43	12	0	0	0	0	0	0	2	0	0	0	2	46	37	0	7.61019809321211	8.86648383189964	12.5591389339846
20	C	0.0	0.0	66	145	0	0	0	0	0	0	0	0	0	0	0	12	45	15	J	1	63	E	14	80	166	24	14	0	0	0	0	81	30	500	68	1	8	9	2	0	5	47	15	0	0	0	0	0	0	0	0	0	0	0	45	42	0	7.90203931872723	7.51122971114273	11.0304679955685
19	C	10.0	2.0	63	110	0	1	0	0	0	2	0	0	0	0	1	12	75	7	J	1	63	E	13	70	140	21	10	0	0	0	0	80	35	600	75	1	2	9	2	0	1	47	14	0	0	0	1	0	0	0	0	0	0	0	47	42	0	14.919827954136	15.2715236581726	3.13472092202469
23	C	20.0	5.0	63	110	0	1	0	0	0	1	1	0	1	0	0	12	75	8	J	1	60	E	13	68	135	24	10	0	0	0	0	82	37	530	79	0	8	10	3	0	7	56	18	0	0	0	0	0	0	0	0	0	0	0	47	41	0	14.8175006450887	14.4086210554184	5.1102796425782
26	C	20.0	9.0	65	117	0	0	2	0	0	0	1	0	0	0	0	9	55	13	J	1	47	E	12	64	138	28	9	0	0	0	0	82	33	450	51	1	8	9	4	0	2	60	20	0	0	0	0	0	0	0	0	0	0	0	47	41	1	3.32227195414061	1.77286396068543	3.8982371768868
26	C	0.0	0.0	65	160	0	0	2	0	0	0	0	0	0	0	0	12	65	9	J	1	47	E	12	70	182	31	8	0	0	0	0	85	32	600	80	0	8	9	3	0	2	61	18	0	0	0	0	0	0	0	0	0	0	0	47	43	0	-0.0162735858230152	0.528191265373364	1.46205058922853
31	C	0.0	17.0	65	112	0	0	3	0	0	0	0	0	0	0	1	12	65	20	I	1	77	B	14	58	122	45	14	0	0	0	0	75	28	320	56	0	6	8	2	0	8	69	20	0	0	0	1	0	0	0	0	0	0	0	47	41	0	-1.33119531703048	-1.08356983584661	4.88180165279792
33	C	0.0	0.0	65	126	0	0	0	0	0	2	0	0	0	0	0	16	45	12	J	1	77	E	12	58	138	36	14	0	0	0	0	86	29	425	50	1	8	9	2	0	6	61	16	0	0	0	0	0	0	0	0	0	0	0	46	40	0	4.15378886500765	2.02310584223765	4.88034666481471
23	C	20.0	6.0	63	125	0	0	0	0	0	5	1	0	0	0	0	12	35	13	J	1	57	E	12	70	148	25	12	0	1	0	0	87	34	580	74	1	8	9	2	0	3	59	16	0	0	0	0	0	0	0	0	0	0	0	47	39	1	4.89921363395166	2.40561544178121	4.80687450273391
19	C	5.0	5.0	58	98	0	0	0	0	0	0	0	0	0	0	0	11	95	10	J	1	73	E	12	70	133	22	12	0	0	0	0	89	38	340	63	1	4	8	2	0	5	65	19	0	0	0	0	0	0	0	0	0	0	0	47	36	0	-2.00998723700357	-1.46008474056728	1.55345983371292
23	C	0.0	0.0	62	118	0	1	0	0	0	0	0	0	0	0	0	12	45	10	J	1	40	E	11	76	141	27	10	0	0	0	0	89	33	270	51	1	9	9	0	0	9	55	16	0	0	0	0	0	0	0	0	0	0	0	43	41	1	10.4169595823921	16.1617374649235	10.9731268838359
18	C	20.0	3.0	63	110	0	0	0	0	0	0	0	0	0	0	0	12	55	10	J	1	87	E	13	75	134	24	16	0	0	0	0	83	38	370	48	0	9	9	2	0	5	61	18	0	0	0	0	0	0	0	0	0	0	0	44	45	0	0.618927602104527	1.22407072662989	2.99695770959009
21	C	20.0	7.0	62	102	0	0	0	0	0	1	0	0	0	0	0	12	45	10	J	1	83	E	13	50	126	26	16	0	0	0	0	82	40	400	62	1	3	9	3	0	4	67	16	0	0	0	0	0	0	0	0	0	0	0	43	44	0	-1.3388138641229	-1.59039162426352	-0.122214971814746
35	C	0.0	0.0	65	128	0	0	0	0	0	1	0	0	0	0	0	12	45	12	J	1	43	E	13	72	147	44	9	0	0	0	0	89	39	320	48	0	5	9	3	0	4	66	19	0	0	0	0	0	0	0	0	0	0	0	44	39	0	0.852304873802571	-0.220375970597795	2.543123229172
34	C	30.0	13.0	64	120	0	0	0	0	0	0	0	0	0	0	0	10	55	10	J	1	63	E	16	54	140	39	12	0	0	0	0	75	29	580	47	1	9	9	2	0	4	62	19	0	0	0	0	0	0	0	0	0	0	0	45	38	0	2.08004971569473	0.831528164313888	2.66898889015949
18	C	4.0	0.5	62	155	0	0	2	0	0	0	1	0	0	0	0	11	55	5	J	1	43	E	10	80	169	21	9	0	0	0	0	79	31	425	55	0	7	8	0	3	2	61	18	0	0	0	0	0	0	0	0	0	0	0	45	41	1	2.0801831867461	-1.87804051581793	0.539700865582543
19	C	0.0	19.0	63	155	0	0	0	0	0	0	1	0	0	0	0	11	35	10	J	1	33	E	10	70	181	22	9	0	0	0	0	75	26	490	73	1	9	9	2	0	2	57	18	0	0	0	0	0	0	0	0	0	0	0	46	40	0	2.03773262555136	2.53995494763019	4.08476160963941
21	C	0.0	0.0	63	169	0	0	0	0	0	2	1	1	2	0	0	11	45	10	J	1	50	E	10	82	190	24	10	0	0	0	0	76	33	600	77	0	9	9	2	0	2	63	16	0	0	0	0	0	0	0	0	0	0	0	44	40	1	-0.146770118739286	-0.0983033752524149	1.12339433329127
30	C	0.0	0.0	66	114	0	0	0	0	0	0	0	0	0	0	0	2	55	10	F	1	30	E	11	75	144	31	3	0	0	0	0	78	28	450	55	0	8	8	2	0	5	51	14	0	0	0	0	0	0	0	0	0	0	0	45	38	1	8.6539368779584	4.54686593074521	8.36832343528223
23	C	0.0	0.0	67	103	0	0	0	0	0	0	0	0	0	0	0	4	45	10	F	1	37	E	14	78	133	29	5	0	0	0	0	82	37	350	66	0	8	9	3	0	8	70	16	0	0	0	0	0	0	0	0	0	0	0	47	40	0	-3.5228749470452	-1.38352415297585	2.13441261765912
28	C	15.0	11.0	63	111	0	0	0	0	0	0	0	0	0	0	0	12	85	12	L	1	73	E	14	70	128	31	12	0	0	0	0	82	35	400	54	0	5	9	2	1	6	35	11	0	0	0	0	0	0	2	0	0	0	2	44	38	0	11.2969108489452	10.453823635745	13.4537300388519
19	C	15.0	4.0	64	124	0	0	1	0	0	1	0	0	0	0	1	12	65	10	F	1	73	E	12	70	153	22	12	0	1	0	0	82	30	540	86	0	2	6	1	0	3	47	13	6	0	0	1	0	0	0	0	0	0	1	47	42	0	4.30488147522649	4.88101166910392	9.67488844316406
27	C	40.0	11.0	64	104	0	0	0	0	0	0	0	0	1	0	0	12	35	13	J	1	33	E	12	70	116	26	8	1	0	0	0	72	23	530	78	0	3	9	3	0	2	68	16	0	0	0	0	0	0	0	0	0	0	0	44	39	0	-0.891865424451867	-1.49038258387051	0.854186171918562
20	C	0.0	3.0	66	130	0	0	0	0	0	0	0	0	0	1	1	12	35	10	J	1	63	E	12	52	153	21	14	0	0	0	0	83	41	400	58	1	8	9	2	0	5	65	16	0	0	0	0	0	0	0	0	0	0	0	46	40	0	0.220988801701395	-0.166900741633623	2.01161945262582
21	C	0.0	0.5	62	125	0	0	0	0	0	0	0	0	2	0	0	14	55	10	D	1	87	E	11	80	166	23	17	0	0	0	0	82	34	590	61	1	7	9	0	2	3	58	17	0	0	0	0	0	0	0	0	0	0	0	46	40	0	2.05652530617506	1.9912068810789	5.4961235783761
28	C	0.0	3.0	63	138	0	0	0	1	0	0	1	0	0	0	1	9	45	10	F	1	50	E	15	90	155	32	9	0	0	0	0	84	39	360	53	0	8	9	2	0	6	52	16	0	0	0	2	0	0	0	0	0	0	3	45	41	0	6.08932545941959	5.36878603734652	8.14284659395618
30	C	0.0	0.0	65	148	0	1	0	1	0	0	0	0	0	0	0	8	45	8	F	1	50	E	16	80	164	33	8	0	0	0	0	77	27	440	46	0	9	9	3	0	11	59	18	0	0	0	0	0	0	0	0	0	0	0	47	40	0	13.372689416819	14.2015204120982	6.09751626710503
32	C	0.0	0.0	64	145	0	0	0	0	0	0	0	0	0	0	0	8	55	10	F	1	53	E	16	78	159	37	8	1	0	0	1	79	35	465	62	1	9	9	2	0	3	43	13	0	0	0	2	1	0	0	0	0	0	0	45	37	0	6.53900263522611	7.34507409504736	9.0245943145779
29	C	0.0	0.0	62	145	0	0	0	0	0	0	1	0	0	0	0	12	65	12	J	1	83	E	12	64	160	32	12	0	1	0	0	87	33	450	64	0	6	8	3	0	3	67	20	0	0	0	2	0	0	0	0	0	0	0	47	39	0	-2.43243212133553	-2.65706212431841	0.0170823429716203
28	C	0.0	0.0	61	126	0	1	0	0	0	0	0	0	0	0	0	10	45	12	J	1	60	E	14	70	155	29	12	0	0	0	0	82	32	650	64	0	8	9	2	0	2	31	9	0	0	0	0	0	0	0	0	0	0	0	47	39	0	22.436882943712	21.1918459417454	11.4756655757092
22	C	0.0	0.0	66	124	0	0	0	0	0	0	1	0	1	0	0	15	55	20	H	1	87	B	14	80	148	30	16	0	0	0	0	86	32	380	52	1	9	9	3	0	5	60	18	0	0	0	0	0	0	0	0	0	0	0	46	39	0	0.337827397969483	3.13913609040815	7.05397685707043
24	C	0.125	5.0	63	100	0	0	0	0	0	0	0	0	0	0	0	6	45	10	J	1	70	E	12	60	128	25	12	0	0	0	0	62	28	500	55	0	8	9	2	0	2	49	14	0	0	0	0	0	0	0	0	0	0	0	45	42	0	5.36218807200092	4.91586326666726	5.83100328656334
23	C	5.0	9.0	60	111	0	0	0	0	0	0	1	0	1	0	0	12	45	6	J	1	40	E	10	68	135	25	9	0	1	0	0	81	33	320	58	0	7	9	2	0	4	61	19	0	0	0	0	0	0	0	0	0	0	0	46	42	1	2.06386515013647	0.304946949784244	0.80355595756736
25	C	4.0	10.0	59	110	0	0	0	0	0	0	1	0	0	0	0	12	55	8	J	1	37	E	10	60	136	27	9	0	1	0	0	83	34	350	42	0	9	9	3	0	4	57	16	0	0	0	0	0	0	0	0	0	0	0	47	39	1	4.47341154249392	2.63807322319217	4.20788973165737
29	C	30.0	13.0	62	129	0	0	0	0	0	0	1	1	2	0	0	12	45	15	J	1	53	E	14	70	148	32	12	0	4	0	0	77	32	435	45	1	8	9	3	0	7	66	20	0	0	0	0	0	0	0	0	0	0	0	47	39	0	0.685438322171655	0.921764518534758	5.17491215437494
31	C	30.0	13.0	62	129	0	0	0	0	0	0	2	2	2	0	0	12	55	18	J	1	63	E	13	78	153	33	12	0	2	4	0	83	33	575	78	0	7	9	2	0	3	65	20	0	0	0	0	0	0	0	0	0	0	0	46	41	0	1.47490504591485	0.526368031413674	3.79020781535158
24	C	0.5	4.0	64	120	0	0	0	0	0	0	1	0	1	0	0	12	65	8	J	1	90	E	12	78	143	26	16	0	0	0	0	76	36	340	64	1	9	9	2	0	4	62	18	0	0	0	0	0	0	0	0	0	0	0	43	40	0	0.170376329264631	-0.0352594923591054	0.58456642477373
26	C	3.0	9.0	63	158	3	0	0	0	0	0	0	1	0	0	0	8	0	14	J	1	30	E	11	70	177	31	11	0	0	0	0	83	38	500	76	1	9	9	0	2	3	53	17	0	0	0	0	0	0	0	0	0	0	0	48	35	1	10.9120573681627	5.33678521567937	10.9334455943774
29	C	5.0	12.0	62	194	3	0	0	0	0	4	1	1	0	0	0	8	45	16	J	1	53	E	10	80	185	34	11	0	1	0	1	82	40	545	57	1	6	8	1	2	3	45	14	0	0	0	0	0	0	0	0	0	0	0	48	39	0	6.08376113465854	6.79505341257658	13.4239481440902
24	C	0.0	0.0	65	128	0	1	0	0	0	0	1	0	2	0	0	12	65	7	H	1	77	B	14	86	156	26	12	0	0	0	0	89	41	400	59	1	3	7	3	0	7	68	22	0	0	0	1	0	0	0	0	0	0	1	48	26	0	7.89941917727985	7.70000229997466	-1.38931658622533
20	C	4.0	6.0	66	125	0	0	0	1	0	4	0	1	1	0	0	13	75	10	G	1	80	E	11	82	149	22	14	0	0	0	0	81	33	580	40	0	10	10	0	3	8	60	19	0	0	0	0	0	0	0	0	0	0	0	46	40	0	3.013641365507	2.60507412209698	7.86884496441609
31	C	30.0	13.0	65	215	0	0	0	0	0	0	1	0	0	0	1	12	65	6	J	1	47	E	11	70	237	34	7	0	0	0	0	89	30	310	95	1	7	8	2	0	8	70	21	0	0	0	0	0	0	0	0	0	0	0	47	41	0	-4.77753632544148	-3.911926199366	-1.31012807186599
35	C	40.0	17.0	67	212	0	0	0	0	0	0	0	0	0	1	0	12	45	10	J	1	40	E	11	100	222	37	7	0	0	0	0	79	31	420	41	0	9	9	2	0	0	66	22	0	0	0	0	0	0	0	0	0	0	0	46	40	1	1.37025347232455	-2.27838407965594	-2.14538644251867
34	C	30.0	17.0	59	100	0	0	0	0	0	0	1	0	2	0	0	8	35	12	J	1	43	E	11	60	114	39	11	1	0	0	0	79	30	300	48	0	4	9	4	0	4	52	16	0	0	0	1	0	0	0	0	0	0	0	43	38	0	4.04345979460779	5.33191541671573	8.14352932517213
20	C	0.0	0.0	64	122	0	0	0	0	0	0	1	0	0	0	0	12	45	8	J	1	67	E	12	70	140	27	12	0	0	0	0	80	36	400	72	0	6	9	2	0	7	60	18	0	0	0	0	0	0	0	0	0	0	0	44	30	0	2.83384610293649	1.85572242243754	3.85734451540686
23	C	0.0	0.0	64	115	0	0	0	1	0	0	1	1	0	1	0	12	45	13	J	1	67	E	12	80	140	30	12	0	0	0	0	66	31	350	68	0	9	9	0	2	1	57	18	0	0	0	0	0	0	0	0	0	0	0	45	40	0	2.13134192427425	2.42980405523618	6.13967698675375
19	C	0.0	0.0	60	110	3	0	0	0	0	0	0	0	0	0	0	10	35	10	J	1	63	E	12	68	141	20	12	0	0	0	0	79	34	590	58	0	6	9	0	3	11	58	17	0	0	0	0	0	0	0	0	0	0	0	46	38	0	5.18155980507062	4.21453074728409	10.5322741860339
21	C	0.0	0.0	60	120	3	0	0	2	0	0	1	1	0	0	0	11	35	8	J	1	63	E	10	80	142	21	12	0	0	0	0	84	41	450	66	0	9	9	0	3	4	55	18	0	0	0	0	0	0	0	0	0	0	0	44	41	0	4.38781536185766	3.22307825591586	6.80543307167188
22	C	0.0	0.0	60	123	3	0	0	0	0	0	0	2	0	0	0	10	45	10	J	1	67	E	10	74	147	22	12	0	0	0	0	82	37	450	60	1	9	9	0	3	6	50	17	0	0	0	0	0	0	0	0	0	0	0	46	40	0	5.47343543682062	6.00212479709143	10.9486029672964
23	C	0.0	0.0	59	125	3	0	0	0	0	0	0	1	0	0	0	10	75	8	J	1	85	E	10	68	150	24	12	0	0	0	0	84	39	650	57	0	9	9	0	2	10	57	20	0	0	0	0	0	0	0	0	0	0	0	45	40	0	2.53704649380986	3.60682652764273	8.56028264937759
28	C	5.0	2.0	64	160	1	0	0	0	0	0	0	0	0	0	0	11	45	18	J	1	50	E	12	70	179	30	11	0	0	0	0	86	31	460	67	1	8	10	2	0	5	70	18	0	0	0	0	0	0	0	0	0	0	0	47	37	0	-1.65338841658544	-0.980991474197255	3.23685028857628
27	C	20.0	5.0	65	148	0	0	0	0	0	0	0	0	0	0	0	12	75	8	J	1	73	E	12	70	160	29	12	0	1	0	0	79	33	380	63	0	9	10	2	0	8	65	20	0	0	0	0	0	0	0	0	0	0	0	46	38	0	-0.400723960287742	-0.0977219485803227	2.0593193307033
22	C	43.0	7.0	64	135	0	0	0	0	0	0	0	0	0	0	0	9	45	10	J	1	40	E	13	66	157	25	8	0	0	0	0	82	32	460	66	1	4	8	2	0	4	70	19	0	0	0	1	0	0	0	0	0	0	0	46	39	0	-3.31847737238433	-3.59252058521918	-0.368648189482607
23	C	15.0	6.0	59	110	0	0	0	0	0	0	0	0	0	0	1	12	85	6	J	1	53	E	11	50	127	23	8	0	0	0	0	85	35	470	65	1	1	9	3	0	4	48	15	0	0	0	1	0	0	0	0	0	0	0	46	37	1	4.71103841393984	4.89903432464278	5.20851817475759
25	C	20.0	10.0	59	115	0	0	0	1	0	0	0	0	1	0	0	12	45	10	J	1	43	E	12	62	131	25	9	0	0	0	0	80	29	510	65	0	9	9	2	0	3	64	20	0	0	0	0	0	0	0	0	0	0	0	44	38	1	0.934688693439022	-0.0753344145943018	1.71584307848613
23	C	20.0	8.0	65	158	0	0	0	0	0	0	0	1	1	0	0	12	15	13	J	1	40	E	9	80	182	27	12	0	0	0	0	84	31	490	53	0	8	9	2	0	0	74	22	0	0	0	0	0	0	0	0	0	0	0	46	41	0	-5.54052141942167	-5.45368634003871	-4.51351709652278
22	C	0.0	3.0	64	140	0	1	0	0	0	0	0	0	0	0	0	12	85	5	I	1	73	B	12	80	156	23	12	1	0	0	0	79	33	450	53	1	9	9	3	0	6	55	16	0	0	0	0	0	0	0	0	0	0	0	49	39	0	12.6829178958315	13.2016796599918	1.71318787490376
25	C	20.0	5.0	60	102	0	0	0	0	0	0	0	0	1	0	1	15	95	13	J	1	87	E	11	84	135	28	12	0	0	0	0	83	36	370	47	0	8	8	0	3	3	65	18	0	0	0	0	0	0	0	0	0	0	0	42	41	0	-2.4315697835125	-1.47723710368805	3.85298727696728
32	C	0.125	16.0	63	127	0	0	0	0	0	0	0	0	0	0	0	7	35	17	F	1	60	E	14	60	151	29	12	0	1	0	0	81	33	580	75	0	9	10	2	0	2	51	13	0	0	0	0	0	0	0	0	0	0	0	47	41	0	7.09434776536571	5.54198018486766	8.28692303762896
34	C	0.0	0.0	63	130	0	0	0	0	0	0	1	0	0	0	0	7	35	15	F	1	60	E	15	70	151	30	12	0	1	0	0	81	26	750	94	0	9	9	3	0	1	55	16	0	0	0	0	0	0	0	0	0	0	0	48	42	0	4.93407795395137	3.41865902901352	5.23429763697777
37	C	0.5	17.0	62	133	0	0	0	0	0	0	1	1	1	0	0	7	35	12	F	1	50	E	16	84	152	33	11	0	1	0	0	78	34	580	93	1	8	9	2	0	2	62	19	0	0	0	0	0	0	0	0	0	0	0	48	41	0	0.258378972794198	0.736437615717048	2.54942573962703
20	C	30.0	7.0	65	135	0	0	0	0	0	1	0	0	0	0	0	11	25	10	J	1	27	E	12	70	157	24	11	0	0	0	0	81	33	430	47	1	6	8	2	0	5	62	18	0	0	1	1	0	0	0	0	0	0	2	47	41	1	4.22092741768853	0.409039615317406	4.24810545724593
23	C	35.0	9.0	65	139	0	1	1	0	0	1	0	0	2	0	0	10	45	12	J	1	43	E	12	72	158	26	11	0	0	0	0	82	33	415	46	0	3	7	3	0	1	57	17	0	0	0	2	0	0	0	0	0	0	0	45	38	1	2.42417461930214	12.131534859255	3.12080063775428
23	C	0.0	6.0	62	120	0	0	1	0	0	0	0	0	0	0	0	11	45	10	J	1	50	E	11	45	140	27	10	0	0	0	0	87	31	350	52	1	9	9	3	0	7	66	16	0	0	0	0	0	0	0	0	0	0	0	45	38	0	0.256395025596813	0.0557851148854511	3.07994128819638
20	C	20.0	4.0	66	127	0	1	0	0	0	0	0	0	0	0	0	12	65	14	J	1	60	E	12	50	144	21	10	0	0	0	0	81	37	410	52	1	7	9	2	0	3	51	14	0	0	0	0	0	0	0	0	0	0	0	46	41	0	16.7236277414579	16.3911339036526	7.55896159308302
22	C	40.0	7.0	66	140	0	0	0	0	0	0	1	0	0	0	0	12	55	13	J	1	57	E	12	70	146	23	10	0	0	0	0	75	33	380	51	0	6	10	2	0	3	64	20	0	0	0	0	0	0	0	0	0	0	0	44	39	0	-1.14548671954321	0.33819494568255	2.72153827996251
42	C	0.5	7.0	65	150	0	0	0	0	0	0	0	0	0	0	0	12	35	15	I	1	77	B	14	88	179	45	16	0	0	0	0	77	26	220	54	0	4	8	6	0	9	67	18	7	0	0	0	0	0	0	0	0	1	3	43	45	0	0.0159311643989857	-0.561936105106895	4.81770907682911
34	C	0.0	18.0	66	183	0	0	0	0	0	0	1	0	2	0	0	12	35	12	I	1	43	B	12	80	198	37	10	0	1	0	0	83	35	560	65	0	5	8	0	2	3	63	16	0	0	0	0	0	0	0	0	0	0	0	47	43	1	3.54286277321144	-0.23568479428843	5.62345161529341
20	C	0.0	0.5	65	120	0	0	0	0	0	1	0	0	0	0	0	12	25	10	J	1	47	E	13	76	141	35	12	0	0	0	0	77	35	400	59	1	6	8	2	0	3	53	15	0	0	0	0	0	0	0	0	0	0	0	45	43	0	3.193527025108	3.03234771706345	5.80063815765729
23	C	20.0	5.0	62	102	0	0	0	0	0	0	1	0	1	0	1	12	35	10	J	1	47	E	13	70	125	23	11	0	0	0	0	81	26	325	27	1	8	8	3	0	3	59	18	0	0	0	2	0	0	0	0	0	0	2	44	38	1	3.73474517608324	0.774441114028833	3.52316512504104
18	C	0.0	0.0	61	160	0	0	0	0	0	1	0	0	0	0	0	10	35	8	J	1	53	E	11	86	179	20	12	0	0	0	0	82	38	555	59	1	5	8	3	0	7	61	17	0	0	0	0	0	0	0	0	0	0	0	47	42	0	-0.506435601718254	0.460607899707297	3.71580842861337
21	C	0.125	5.0	66	220	0	0	0	0	0	1	0	0	0	0	0	11	35	17	J	1	30	E	13	92	219	28	3	0	0	0	0	72	24	450	56	1	9	10	2	0	7	55	16	0	0	0	0	0	0	0	0	0	0	0	45	43	1	11.2620586428207	5.95752383670443	11.0361402738101
33	C	0.0	0.0	63	123	0	0	0	1	0	0	2	0	0	0	0	8	35	10	J	1	43	E	13	82	137	27	11	1	0	0	0	78	22	430	66	1	9	9	2	0	8	55	16	7	0	0	0	0	0	0	0	0	0	0	45	38	0	4.78505060374616	4.84313940802295	8.3089855233313
20	C	20.0	7.0	62	124	0	0	0	0	0	0	0	0	0	0	1	12	65	10	J	1	57	E	13	76	146	23	11	0	0	0	0	80	42	530	53	0	9	9	2	0	2	64	19	1	0	0	0	0	0	0	0	0	0	0	46	41	0	-1.65106096188034	-0.614570646371987	0.479813875004356
37	C	30.0	19.0	52	98	0	0	0	0	0	0	1	0	1	0	0	12	55	20	L	1	70	E	15	70	117	37	10	0	0	0	0	84	37	360	45	0	8	9	3	0	2	76	22	0	0	0	0	0	0	0	0	0	0	0	46	41	0	-5.2952016697815	-4.92283393878792	-1.96759517530572
28	C	20.0	8.0	64	114	0	0	0	0	0	0	2	1	0	0	0	12	45	13	J	1	60	E	14	52	133	29	12	0	0	0	0	75	26	340	51	1	9	9	4	0	10	47	15	0	0	0	0	0	0	1	0	0	0	1	47	34	0	9.35171765749536	8.3695684785053	12.9102807844809
31	C	40.0	17.0	63	165	0	0	0	0	0	0	1	0	0	0	0	11	55	8	J	1	67	E	14	90	200	34	12	0	0	0	0	81	32	465	91	1	7	9	2	0	2	63	19	0	0	0	0	0	0	0	0	0	0	0	46	41	0	-1.57547576086848	-0.840109294453832	-0.662971749967535
27	C	15.0	8.0	66	145	0	0	0	0	0	0	2	0	0	0	0	12	45	12	J	1	67	E	13	68	167	31	12	0	0	0	0	82	28	460	85	1	9	9	2	0	2	60	18	0	0	0	0	0	0	0	0	0	0	0	47	40	0	0.656097413453246	1.34032509265654	2.86086027636183
28	C	10.0	8.0	66	147	0	0	0	0	0	0	2	0	0	0	0	12	75	15	J	1	77	E	14	70	166	32	12	0	0	0	0	79	26	350	71	0	9	9	3	0	9	46	18	0	0	0	0	0	0	0	0	0	0	0	47	38	0	7.94939675280406	8.57832140646138	13.0164973088035
27	C	0.5	2.0	64	163	0	0	0	0	0	0	0	0	0	0	0	8	75	17	I	1	50	B	14	88	173	33	8	1	0	0	0	89	37	410	63	0	9	9	3	0	2	63	16	0	0	0	0	0	0	0	0	0	0	0	47	41	0	3.82684677289965	1.07249379850851	3.95407293322441
28	C	30.0	5.0	63	147	0	1	0	0	0	0	1	1	0	0	1	12	85	7	J	1	77	E	11	90	167	39	14	0	0	0	0	83	32	520	78	0	8	9	0	2	2	68	19	0	0	0	0	0	0	0	0	0	0	0	44	43	0	8.90231143033558	7.57560822019449	-1.87197283678128
24	C	10.0	7.0	65	121	0	0	0	0	0	0	0	0	1	0	1	12	35	7	J	1	57	E	11	68	136	26	12	0	0	0	0	78	33	525	65	1	5	9	3	0	6	65	16	0	0	0	0	0	0	0	0	0	0	0	50	40	0	-1.34432873386638	-0.682058894333073	0.719278797962049
23	C	0.0	0.0	69	145	0	0	0	0	0	0	0	0	0	0	1	16	85	7	J	1	63	B	11	70	166	32	12	0	0	0	0	78	37	440	56	0	9	9	0	2	2	60	19	0	0	0	0	0	0	0	0	0	0	0	47	42	0	0.285767662470111	0.291342012988937	2.55575221352911
20	C	0.5	3.0	61	150	0	0	0	0	0	0	0	0	0	0	1	12	65	10	J	1	70	E	15	80	165	25	12	0	0	0	0	77	38	490	64	1	6	9	3	0	6	57	18	0	0	0	0	0	0	0	0	0	0	0	48	42	0	2.9292476648771	3.28352149463189	5.68950254403992
30	C	20.0	12.0	61	120	1	0	0	0	0	0	0	0	0	0	1	15	105	8	J	1	80	B	13	60	134	30	14	0	0	0	0	78	38	450	57	0	8	9	0	3	4	71	23	0	0	0	0	0	0	0	0	0	0	0	45	40	0	-4.75183815784927	-3.77022785496766	-0.544674092281425
18	C	16.0	2.0	63	124	0	0	0	0	0	0	0	0	1	0	0	12	55	7	J	1	43	E	11	54	141	20	10	0	0	0	0	80	36	350	62	1	7	9	2	0	4	67	16	0	0	0	0	0	0	0	0	0	0	1	45	28	0	-1.66893061066122	-1.93197533127869	-0.964813643748726
20	C	20.0	4.0	63	120	0	0	2	0	0	0	0	0	2	0	1	12	75	8	J	1	60	E	12	48	130	22	10	0	1	0	0	80	34	310	50	1	9	10	2	0	5	66	20	0	0	0	0	0	0	0	0	0	0	0	46	39	0	-2.09485664778347	-1.09478749699293	0.387709330740615
30	C	0.0	12.0	62	161	0	0	0	1	0	0	1	0	0	0	1	12	35	5	J	1	77	E	11	82	165	33	17	0	0	0	0	86	31	450	52	1	9	9	0	2	2	66	19	0	0	0	0	0	0	0	0	0	0	0	46	40	0	-2.56454854474095	-3.27911995143392	-2.48934632965715
30	C	0.5	7.0	62	110	0	0	1	0	0	0	0	0	0	0	0	12	45	10	J	1	53	E	12	70	133	35	12	0	0	0	0	83	21	340	50	1	9	9	2	0	6	62	17	0	0	0	0	0	0	0	0	0	0	0	48	40	0	1.81815444001464	1.49973824570334	4.1875763397116
25	C	5.0	7.0	64	120	0	0	0	0	0	0	0	0	0	0	0	12	35	10	J	1	60	E	12	70	138	31	12	0	0	0	0	77	35	410	60	1	8	9	3	0	10	55	16	0	0	0	0	0	0	0	0	0	0	0	47	41	0	5.03197966488472	5.0368191223461	8.71396274444767
21	C	0.0	1.0	64	183	0	0	0	0	0	1	0	0	0	0	0	10	35	10	J	1	43	E	12	80	189	29	9	0	0	0	0	79	36	480	98	1	9	9	0	3	2	63	17	0	0	0	0	0	0	0	0	0	0	0	47	39	0	0.567066573100015	0.155838495714367	3.96762016215215
16	C	4.0	4.0	65	120	0	0	0	0	0	1	0	0	0	0	0	10	45	7	J	1	50	E	10	54	159	23	11	0	0	0	0	88	39	500	78	1	7	9	0	3	8	65	22	0	0	0	0	0	0	0	0	0	0	0	47	42	1	3.86972987689214	0.0348400764694921	4.60291929575141
21	C	0.0	0.0	67	120	0	0	0	0	0	1	0	0	0	0	0	12	45	13	J	1	70	B	13	80	147	33	12	0	0	0	0	84	34	340	40	0	9	10	2	0	5	55	16	0	0	0	0	0	0	0	0	0	0	0	45	41	0	4.30956390408223	4.37016136801458	7.30050829657262
34	C	0.0	6.0	61	132	0	0	0	0	0	1	0	1	0	0	0	12	55	9	J	1	67	E	13	84	148	36	12	3	0	0	0	80	36	250	67	0	9	9	2	0	2	39	11	0	0	0	0	0	0	0	0	0	0	0	44	38	0	7.58561386574	7.66130490170539	8.30651934364069
24	C	0.0	0.0	61	128	1	0	0	0	0	0	0	0	0	0	0	12	35	10	J	1	47	B	15	70	138	31	12	0	0	0	0	88	38	330	69	1	8	9	2	0	4	55	16	6	0	0	0	0	0	0	0	0	0	1	43	49	1	5.28713411441715	3.78790317221516	5.93158652385687
20	C	0.0	0.0	64	130	0	0	0	0	0	0	0	0	1	1	1	13	65	10	L	1	83	B	12	74	149	25	13	0	0	0	0	82	37	410	57	1	8	9	0	2	1	60	19	0	0	0	0	0	0	0	0	0	0	0	46	39	0	1.12536944810827	0.455474350603014	3.03510909280636
35	C	20.0	19.0	66	159	0	0	0	0	0	0	2	0	0	0	0	11	55	5	J	1	63	B	12	88	175	42	12	0	0	0	0	87	40	500	60	0	9	9	0	2	6	65	17	0	0	0	0	0	0	0	0	0	0	0	46	39	0	-4.55078426188267	-1.4451580338063	1.10954747199691
30	C	15.0	11.0	58	86	0	0	0	0	0	0	1	1	0	0	1	12	75	10	J	1	60	E	13	64	106	31	10	0	1	0	0	86	30	425	42	1	6	8	3	0	5	72	21	0	0	0	0	0	0	0	0	0	0	0	45	39	0	-4.18862874103791	-4.52088820118781	-1.30695890572605
33	C	20.0	15.0	58	85	0	0	0	0	0	0	0	1	2	0	0	12	45	10	J	1	50	E	13	60	99	32	10	0	1	0	0	76	30	440	39	0	2	8	3	0	3	59	16	0	0	0	0	0	0	0	0	0	0	0	46	39	0	0.0199850962204331	0.736092724746989	3.43171190634706
21	C	5.0	4.0	65	135	0	0	0	0	0	0	0	0	0	0	0	11	55	10	J	1	63	E	12	78	152	24	12	0	0	0	0	83	32	550	74	0	7	9	2	0	10	65	18	0	0	0	0	0	0	0	0	0	0	0	45	40	0	1.27399499191133	0.965217502999695	4.55461443368837
24	C	5.0	8.0	64	137	0	0	0	0	0	0	0	1	1	0	0	11	65	13	J	1	67	E	12	72	150	27	12	0	0	0	0	83	36	390	72	0	9	9	3	0	7	73	18	0	0	0	0	0	0	0	0	0	0	0	44	41	0	-2.68065048276965	-2.8412034928974	0.694850008761121
38	C	10.0	16.0	61	125	0	0	0	0	0	0	1	0	0	0	1	12	45	12	F	1	77	E	14	80	141	35	12	0	1	0	0	79	36	490	72	0	9	10	2	0	7	73	21	0	0	0	0	0	0	0	0	0	0	0	47	40	0	-3.52291566608336	-3.14565819254477	-0.0370718340261842
40	C	0.0	15.0	60	130	0	0	0	0	0	0	0	0	0	0	0	6	65	10	F	1	70	E	14	70	153	39	12	0	0	0	0	85	37	470	79	1	8	9	2	0	4	62	20	0	0	0	0	0	0	0	0	0	0	0	48	43	0	0.419881637953403	0.742744489896562	2.45725762986409
35	C	0.0	0.0	61	117	0	0	0	0	0	0	5	0	3	0	0	11	65	15	J	1	50	E	10	60	130	36	11	1	1	0	0	86	35	420	41	0	6	9	2	0	5	63	18	0	0	0	0	0	0	0	0	0	0	0	48	38	0	0.807947529145164	1.76369595015383	5.46095854537607
20	C	15.0	3.0	62	120	0	0	0	0	0	0	0	0	0	0	1	12	35	7	J	1	57	E	11	78	128	22	12	0	0	0	0	86	41	440	54	0	8	9	2	0	3	63	18	0	0	0	0	0	0	0	0	0	0	0	46	42	0	-1.08557188957525	-0.676984244244063	-0.334574606378304
20	C	3.0	4.0	63	123	0	0	0	0	0	0	0	0	0	0	0	11	35	7	J	1	33	E	13	84	153	24	9	0	0	0	0	82	35	625	68	0	9	9	2	0	3	55	14	0	0	0	0	0	0	0	0	0	0	0	46	40	0	1.6499831845072	2.80317200023844	3.59882560900398
23	C	0.0	0.0	64	115	0	0	0	0	0	0	0	0	1	0	1	13	45	15	K	1	83	E	12	68	133	24	17	0	0	0	0	84	38	350	48	1	9	9	0	3	7	61	18	0	0	0	0	0	0	0	0	0	0	0	46	40	0	1.77814575927886	2.84098578881215	9.0519472486591
34	C	30.0	23.0	62	150	0	0	0	0	0	0	1	0	1	0	0	8	35	8	J	1	70	E	10	90	162	33	12	0	0	0	0	86	40	430	59	1	9	9	0	3	3	74	21	0	0	0	0	0	0	0	0	0	0	0	46	42	0	-4.13707218303648	-5.42212799762744	-2.42639032490032
33	C	0.0	0.0	62	149	0	0	2	0	0	0	1	0	0	0	0	12	45	13	J	1	83	E	12	76	158	36	16	0	0	0	0	84	36	525	60	1	8	9	2	0	5	56	15	0	0	0	0	0	0	0	0	0	0	0	46	38	0	3.90674333239076	3.83290831866574	6.53248141383663
31	C	20.0	16.0	64	114	0	0	0	0	0	0	0	0	0	0	0	12	55	16	J	1	53	E	14	70	128	30	12	0	0	0	0	78	32	750	51	1	7	9	2	0	0	50	16	0	0	0	0	0	0	0	0	0	0	0	46	40	1	6.26705508538659	4.8350614462543	6.26961517058652
30	C	20.0	13.0	66	105	3	0	0	0	0	0	1	0	0	0	0	12	65	15	J	1	47	E	12	68	127	29	10	0	0	0	0	79	33	460	68	1	5	9	2	0	7	51	15	0	0	0	0	0	0	0	0	0	0	0	44	38	0	5.77697406444028	6.89661801537015	11.3070089889675
36	C	1.0	17.0	63	156	0	0	0	0	0	0	0	0	0	0	0	14	65	10	F	1	67	E	13	60	187	43	12	0	3	0	0	84	41	660	69	0	8	9	2	0	5	70	24	7	0	0	0	0	0	0	0	0	0	1	48	42	0	-2.25514542751984	-2.48791144077149	-0.399359652307626
38	C	2.0	20.0	64	172	0	1	0	0	0	1	1	0	0	0	0	12	65	9	F	1	57	E	13	74	189	44	11	0	2	0	1	82	38	500	80	0	1	6	3	0	8	72	22	0	0	0	4	0	0	0	0	0	0	3	46	42	1	-0.931552197817939	6.89782380330896	-0.721055972712099
23	C	20.0	6.0	66	124	0	1	0	0	0	0	0	1	1	0	1	12	85	7	J	1	70	E	14	90	147	24	12	0	0	0	0	81	31	540	83	1	5	8	3	0	9	64	20	6	0	0	1	0	0	0	0	0	0	0	47	39	0	10.7254373211764	9.99880950198884	1.58915398873693
27	C	15.0	11.0	64	124	0	0	0	0	0	0	0	0	1	1	0	17	55	8	J	1	83	E	15	68	135	31	16	0	0	0	0	78	25	380	42	0	5	8	3	0	2	42	14	0	0	0	0	0	0	0	0	0	0	0	47	40	0	3.62682313697119	5.19758392146174	6.16927769118147
30	C	20.0	10.0	64	108	0	0	0	0	0	1	0	0	1	0	0	12	85	17	J	1	60	E	14	68	134	32	10	0	0	0	0	81	32	410	62	1	9	9	2	0	3	64	16	0	0	0	0	0	0	0	0	0	0	0	43	38	0	2.37509701335619	0.87845334293783	4.02899773614454
21	C	0.0	0.0	63	123	0	0	0	1	0	0	0	0	0	0	0	13	35	10	G	1	77	E	8	70	141	23	17	0	0	0	0	84	35	300	49	1	8	9	2	0	8	67	20	0	0	0	0	0	0	0	0	0	0	0	47	39	0	-0.983887044706726	-0.510630304454775	2.31367143515269
23	C	0.0	0.0	67	130	0	0	0	0	0	2	0	0	1	0	0	16	45	15	G	1	83	E	13	74	185	29	17	1	0	0	0	82	34	590	85	1	8	9	2	0	9	58	17	0	0	0	0	0	0	0	0	0	0	0	49	44	0	4.99841573214263	4.31093663390165	8.60788891576419
22	C	5.0	5.0	65	205	0	0	0	0	0	1	0	0	0	0	1	10	65	2	A	1	47	E	13	90	200	24	8	0	0	0	0	82	32	500	66	0	9	9	3	0	3	68	20	0	0	0	0	0	0	0	0	0	0	0	46	41	1	-12.2026244270391	-6.19050500778893	-10.5653577968676
23	C	7.0	3.0	64	207	0	0	0	0	0	1	0	0	0	0	0	10	75	8	A	1	40	E	13	80	210	25	8	0	0	0	0	77	34	360	36	1	9	9	1	3	12	45	13	0	0	0	0	0	0	2	0	0	0	1	47	35	1	16.2538329408471	8.66177568869235	14.9069819714344
22	C	0.0	0.0	56	104	0	0	0	0	0	0	0	0	1	0	0	12	55	10	J	1	80	E	11	74	117	24	12	0	0	0	0	83	39	390	65	0	8	8	2	0	6	72	22	0	0	0	0	0	0	0	0	0	0	0	44	41	0	-5.90501160710588	-4.51588999461112	-1.33084092077998
26	C	0.0	0.0	59	101	0	0	0	0	0	3	1	0	0	0	0	12	55	13	J	1	80	E	11	76	116	27	12	0	1	0	0	83	40	535	87	1	9	9	2	0	6	57	16	0	0	0	0	0	0	0	0	0	0	0	45	39	0	2.38619343235607	3.74943309420699	6.82011888238635
20	C	30.0	4.0	61	153	0	0	0	0	0	0	0	0	1	0	0	10	65	15	J	1	47	E	9	78	184	21	9	0	0	0	0	83	37	340	42	0	9	10	2	0	3	61	19	0	0	0	0	0	0	0	0	0	0	0	46	40	0	0.0153420731647844	2.03844030311696	5.05162284938765
25	C	0.0	0.0	63	112	1	0	1	0	0	2	1	0	0	0	0	11	55	8	J	1	67	E	12	124	132	27	10	0	0	0	0	72	31	350	57	0	9	9	3	0	2	53	14	0	0	0	0	0	0	0	0	0	0	0	43	40	0	2.47444193110162	3.05821464090579	3.26913404362533
24	C	10.0	6.0	66	180	0	0	0	1	0	0	2	0	0	0	1	12	75	5	J	1	70	E	12	100	218	29	12	0	0	0	0	78	37	580	63	1	9	10	2	0	3	47	14	0	0	0	0	0	0	0	0	0	0	0	46	42	0	4.00506915733712	4.21965790756866	3.17768765408174
26	C	14.0	9.0	66	219	0	0	0	0	0	1	2	0	1	0	0	12	45	8	J	1	63	E	11	120	216	31	12	0	0	0	0	81	40	395	45	1	10	10	3	0	9	67	22	0	0	0	0	0	0	0	0	0	0	0	45	40	0	-1.09459974868545	-0.647926692531352	1.93972251107428
22	C	20.0	3.0	61	100	0	0	0	0	0	0	0	0	1	1	0	9	35	10	J	1	53	E	12	70	112	24	12	0	0	0	0	78	35	260	42	1	9	9	3	0	4	74	23	0	0	0	0	0	0	0	0	0	0	0	46	38	0	-5.920312961262	-4.53040991126892	-2.56427770680303
28	C	0.0	0.0	61	140	1	0	0	0	0	1	0	0	1	0	0	12	35	10	I	1	70	B	12	68	137	29	13	0	0	0	0	84	35	430	48	1	6	9	2	0	8	51	16	0	0	0	0	0	0	0	0	0	0	0	45	39	0	6.21450736773974	5.92343315583005	8.92536537218083
31	C	0.0	0.0	61	150	5	0	0	0	0	1	1	0	4	0	1	12	75	12	I	1	77	B	12	64	139	32	13	0	0	0	0	83	38	495	46	1	8	9	3	0	5	59	16	0	0	0	0	0	0	0	0	0	0	0	46	38	0	3.218153323321	2.57143484921	5.11368874200505
20	C	30.0	3.0	63	185	0	0	0	0	0	0	1	0	2	0	1	11	45	8	J	1	33	E	11	60	194	27	9	0	0	0	0	82	35	490	57	1	5	9	0	2	2	55	16	0	0	0	0	0	0	0	0	0	0	0	46	40	0	3.51598976918851	2.93167095399916	6.20404166545076
20	C	13.0	5.0	61	104	0	0	0	0	0	1	0	0	0	0	1	14	75	7	J	1	67	E	11	78	140	28	13	0	0	0	0	77	35	360	64	1	8	9	3	0	3	62	18	0	0	0	0	0	0	0	0	0	0	0	45	42	0	-0.594659603849309	-0.383797685149839	-0.213694090908418
20	C	10.0	5.0	67	100	0	0	1	0	0	0	0	0	0	0	0	12	35	8	J	1	57	E	12	82	117	21	12	0	0	0	0	81	30	385	52	0	9	9	3	0	13	54	15	0	0	0	0	0	0	0	0	0	0	0	43	39	0	7.42550736294184	5.46279811335135	9.13279753579897
28	C	0.0	0.0	60	145	0	0	0	2	0	1	0	0	0	0	0	4	55	15	F	1	30	E	16	90	159	27	6	0	0	0	1	81	40	570	66	0	9	9	2	0	2	50	15	0	0	0	0	0	0	0	0	0	0	0	46	39	1	9.07412338592513	5.99899720656735	8.90129567839089
39	C	0.0	14.0	65	124	0	1	1	1	0	0	1	0	0	0	0	12	45	15	J	1	70	E	15	60	143	43	12	0	1	0	0	81	38	460	53	0	8	8	3	0	2	62	18	0	0	0	0	0	0	0	0	0	0	0	44	42	0	10.6549082942008	10.7101414875776	2.43928895521405
19	C	20.0	4.0	63	102	0	0	0	0	0	1	0	0	1	0	0	12	25	7	J	1	47	E	16	70	132	20	12	0	0	0	0	80	36	370	93	0	8	9	2	0	7	53	17	6	0	0	0	0	0	0	0	0	0	0	45	41	1	6.34446761755793	4.44393501426716	6.3614417911097
22	C	40.0	5.0	63	118	0	0	0	0	0	1	0	0	1	0	0	12	45	5	J	1	63	E	14	60	127	23	12	1	0	0	0	83	40	365	44	1	9	9	3	0	3	65	19	0	0	0	0	0	0	0	0	0	0	0	45	40	0	-1.33844249577315	-2.46541790989574	-3.443141076704
28	C	0.0	0.0	59	103	0	0	0	0	0	1	1	1	0	0	0	12	45	10	F	1	60	E	14	60	125	42	12	0	0	0	0	80	25	390	54	1	8	9	0	3	6	68	22	0	0	0	0	0	0	0	0	0	0	0	46	40	0	-0.684546744642561	-1.04770901275254	3.9599955233638
17	C	15.0	1.0	63	111	1	1	0	0	0	0	0	0	0	0	0	11	75	10	H	1	60	E	13	70	147	21	10	0	0	0	0	82	41	420	68	1	7	9	2	0	2	51	16	0	0	0	0	0	0	0	0	0	0	0	44	41	0	14.2334799321342	15.2758752581539	4.92437186582094
18	C	5.0	2.0	62	108	0	0	0	0	0	0	0	0	0	0	1	12	35	7	J	1	77	E	13	68	121	21	14	0	0	0	0	80	28	330	54	1	4	9	2	0	5	59	16	0	0	0	0	0	0	0	0	0	0	0	46	43	0	0.306853325299494	1.30712237735843	2.05691482940452
22	C	18.0	4.0	66	110	0	0	0	0	0	0	0	0	0	0	0	12	45	10	J	1	60	E	13	70	132	25	12	0	0	0	0	82	38	550	70	1	7	9	4	0	6	62	18	3	0	0	1	0	0	0	1	0	0	3	46	39	0	0.252909462330652	1.41059474326859	3.97498696174854
23	C	0.5	2.0	63	101	0	0	0	0	0	0	1	0	0	0	0	12	55	8	J	1	70	E	12	84	114	24	12	0	1	0	0	83	39	310	42	1	9	9	2	0	1	60	18	0	0	0	0	0	0	0	0	0	0	0	47	40	0	-0.0017640415830969	-0.0702644137030131	-0.474128580468694
19	C	18.0	2.0	61	108	0	0	2	0	0	1	0	0	0	0	0	8	45	7	J	1	40	E	15	70	131	20	9	0	0	0	0	86	34	400	45	1	9	9	0	2	4	67	19	0	0	0	0	0	0	0	0	0	0	0	46	34	1	2.74156226137558	-1.72891176008722	1.75760068253412
25	C	10.0	8.0	66	130	0	0	0	0	1	2	1	1	0	0	0	16	65	8	G	1	90	E	12	70	165	26	17	0	0	0	0	80	37	525	61	1	5	8	1	2	2	67	19	0	0	0	0	1	0	0	0	0	0	0	47	43	0	-5.60813834906054	-3.88108022994677	-0.644825767389527
26	C	0.0	0.0	64	128	0	0	0	0	0	1	0	0	0	0	1	16	75	10	K	1	93	E	11	76	143	25	17	0	0	0	0	80	31	460	61	0	8	9	0	3	5	70	21	0	0	0	0	0	0	0	0	0	0	0	45	40	0	-1.90761662328957	-2.65163323684878	1.44834512202891
18	C	0.0	0.0	63	110	0	0	0	0	0	0	0	0	0	0	0	9	45	8	J	1	33	C	13	70	148	23	7	1	1	0	0	77	25	430	58	0	8	9	2	0	5	56	16	0	0	0	0	0	0	0	0	0	0	0	45	43	0	2.88518430499784	3.35189282715898	5.34853760662582
21	C	30.0	6.0	64	106	0	0	0	0	0	1	0	0	0	0	0	10	35	10	J	1	57	E	12	74	124	25	11	0	0	0	0	83	32	425	45	0	8	9	3	0	2	69	21	0	0	0	0	0	0	0	0	0	0	0	44	39	0	-3.96871095258269	-2.8510078084835	-1.77600366811467
24	C	40.0	8.0	63	110	0	0	0	0	0	0	1	0	0	0	0	11	35	10	J	1	57	E	12	52	134	28	11	0	0	0	0	86	41	400	59	1	9	9	3	0	4	62	19	0	0	0	0	0	0	0	0	0	0	0	44	39	0	2.17352658527195	0.907822776100407	2.8509362404277
21	C	0.0	0.0	67	130	0	1	0	0	0	1	0	0	0	0	0	11	45	10	J	1	60	E	10	70	152	29	12	0	0	0	0	79	29	400	42	1	9	9	3	0	4	64	22	0	0	0	0	0	0	0	0	0	0	0	48	43	0	10.2731164076399	10.9270978583931	1.37344537433041
22	C	11.0	7.0	63	122	0	0	0	0	0	0	1	0	0	0	0	9	85	8	J	1	73	E	12	60	150	28	12	0	0	0	1	78	32	650	65	1	8	10	2	0	5	64	20	0	0	0	0	0	0	0	0	0	0	0	47	40	0	0.576821382162218	-0.385387214674962	0.876348245365399
18	C	15.0	5.0	63	114	0	0	0	0	0	1	0	0	0	0	0	12	65	10	J	1	57	E	15	78	135	19	12	0	1	0	0	82	35	400	58	1	8	9	2	0	2	57	16	0	0	0	0	0	0	0	0	0	0	0	47	39	1	5.32127541686095	2.23250965128131	3.35156622777385
19	C	20.0	5.0	63	110	0	0	0	0	0	1	0	0	1	0	0	12	25	10	J	1	50	E	16	75	128	20	12	0	0	0	0	81	27	390	65	0	8	9	3	0	2	62	19	0	0	0	0	0	0	0	0	0	0	0	44	41	0	-1.12875273782458	0.321939673394239	1.54727909856494
21	C	20.0	6.0	63	102	0	0	0	0	0	2	0	0	1	0	0	12	55	4	J	1	67	E	15	70	133	21	12	0	0	0	0	83	32	415	67	1	6	9	3	0	1	58	18	0	0	0	0	0	0	0	0	0	0	0	46	35	0	-0.243238800844699	-1.00743934504959	-3.85886148921243
23	C	0.0	0.0	61	133	0	0	1	0	0	1	0	0	0	0	0	12	55	10	J	1	53	E	11	82	150	25	10	0	0	0	0	81	34	560	92	1	9	9	2	0	7	55	16	0	0	0	0	0	0	0	0	0	0	0	48	40	0	5.65450371894059	4.49149661004278	7.50139719819499
27	C	0.0	0.0	61	140	0	0	0	0	0	1	0	0	0	0	0	12	65	15	J	1	57	E	11	90	154	28	10	0	0	0	0	81	32	470	82	1	9	9	2	0	6	69	20	0	0	1	0	0	0	0	0	0	0	1	45	41	0	-1.71266315991354	-0.730646718034456	3.14189981057658
17	C	20.0	1.0	63	127	0	0	2	0	0	0	1	0	0	0	0	11	25	7	J	1	30	E	14	70	140	19	11	0	0	0	0	81	30	550	56	1	4	9	3	0	3	64	22	0	0	0	0	0	0	0	0	0	0	0	47	35	0	-0.32758141006834	-0.757784805016369	0.0603457183179748
18	C	20.0	3.0	63	113	0	0	1	0	0	0	0	0	0	0	0	11	55	10	J	1	53	E	13	70	136	20	11	0	0	0	0	76	30	720	81	1	6	9	2	0	5	57	16	0	0	0	0	0	0	0	0	0	0	0	46	39	0	1.45832436022853	3.24121056589354	5.62440119880619
38	C	3.0	20.0	63	120	0	0	0	0	0	0	3	0	1	1	0	8	45	10	J	1	43	E	16	72	145	39	8	1	3	0	0	78	31	440	43	0	6	9	2	0	6	69	22	0	0	0	0	0	0	0	0	0	0	0	45	40	0	-0.913586059288542	-1.45607921503443	1.38210513383578
19	C	10.0	4.0	63	115	0	0	0	0	0	1	0	0	0	0	1	12	45	10	J	1	43	E	13	68	140	23	10	0	0	0	0	81	33	460	47	1	9	9	2	0	2	51	15	0	0	0	0	0	0	0	0	0	0	0	45	40	0	4.976855986207	4.58819242733553	5.97376837997056
26	C	20.0	10.0	65	104	0	0	0	0	0	1	2	1	0	0	0	8	35	12	J	1	33	E	12	58	125	29	9	3	1	0	1	87	33	375	55	0	8	9	0	3	2	49	14	0	0	0	0	0	0	0	0	0	0	0	43	38	0	7.286433642038	5.96745230596085	10.5906328702868
19	C	10.0	3.0	66	130	0	0	0	0	0	0	0	0	0	0	0	12	45	5	J	1	40	E	12	60	155	24	11	0	0	0	0	85	31	460	55	0	4	3	3	0	7	48	14	0	0	0	2	0	0	0	0	0	0	0	47	45	1	4.8748382786294	4.21171796637028	6.07171516602345
30	C	5.0	11.0	65	100	0	0	0	0	0	0	1	0	0	0	0	12	75	10	J	1	93	E	12	70	134	35	18	0	1	0	0	85	38	370	48	1	9	9	2	0	1	56	18	0	0	0	0	0	0	0	0	0	0	0	46	39	0	2.11055689618914	1.72427424347151	1.67695995775473
25	C	0.0	9.0	64	130	0	0	2	0	0	0	3	1	1	0	0	12	95	7	I	1	60	B	15	86	143	22	12	0	2	0	1	85	33	480	81	0	9	9	3	0	5	55	15	0	0	0	0	0	0	0	0	0	0	0	46	37	0	4.78636826502904	3.05488634818402	4.11634049184669
34	C	20.0	19.0	62	155	0	0	2	0	0	0	0	1	0	1	0	11	35	8	J	1	47	B	10	68	190	35	12	0	0	0	0	79	34	540	74	0	7	9	3	0	8	54	15	5	0	0	0	0	0	0	0	0	0	0	47	39	0	6.00864367628386	4.63261188566067	7.28569404663841
28	C	0.0	0.0	66	135	0	2	0	0	0	0	1	1	0	1	0	12	65	5	J	1	67	E	12	78	157	33	12	0	0	0	0	81	30	400	70	0	8	8	3	0	3	71	22	0	0	0	0	0	0	0	0	0	0	0	44	39	0	4.03134142225709	4.47750520720112	-7.02029320215843
29	C	0.0	0.0	63	126	0	0	0	0	0	0	0	0	0	0	0	8	45	10	A	1	53	E	12	60	172	30	10	0	2	0	0	85	32	450	69	0	9	9	2	0	2	54	14	0	0	0	0	0	0	0	0	0	0	0	44	39	0	3.72289570412637	3.40229978284357	4.60163850132964
20	C	0.0	2.0	64	210	0	0	0	0	0	0	0	0	1	0	0	12	45	7	J	1	50	E	14	76	222	28	10	0	0	0	0	82	34	400	80	1	6	8	2	0	2	84	26	0	0	0	0	0	0	0	0	0	0	0	47	42	0	-10.5597454251167	-12.5020459563097	-11.5646079494054
22	C	0.125	5.0	63	103	0	1	1	0	0	0	1	2	0	0	0	12	25	13	J	1	63	E	11	70	137	25	12	1	0	0	0	83	32	500	71	0	8	9	1	2	4	52	15	0	0	0	0	0	0	0	0	0	0	0	45	39	0	17.0189626356632	16.3239119843485	10.0638669136755
22	C	0.0	3.0	65	138	0	0	2	0	0	0	0	0	0	0	0	12	85	10	I	1	93	B	11	60	168	30	15	0	0	0	0	82	30	400	66	1	8	7	2	0	4	57	19	7	0	0	0	0	0	0	0	0	0	0	47	39	0	0.871831893283434	1.28589206107698	3.62634142414744
25	C	0.0	6.0	65	145	0	0	2	0	0	0	0	0	0	0	0	12	75	15	I	1	93	B	11	76	174	32	13	0	0	0	0	82	34	510	62	0	9	9	3	0	1	54	16	0	0	0	0	0	0	0	0	0	0	0	45	40	0	3.52718392457263	3.36766794850755	4.6087762986369
18	C	18.0	3.0	62	115	0	0	0	0	0	0	0	0	0	0	0	10	35	15	J	1	43	E	14	78	141	22	11	0	0	0	0	91	33	500	57	1	9	9	3	0	5	46	14	0	0	0	0	0	0	0	0	0	0	0	46	40	0	8.7904660237401	8.07852982496386	11.9537814172122
18	C	8.0	3.0	66	107	0	0	0	0	0	0	0	0	1	0	0	10	35	15	J	1	53	E	12	64	122	21	13	0	0	0	0	79	24	400	49	0	9	9	2	0	4	61	19	0	0	0	0	0	0	0	0	0	0	0	46	41	0	4.62536435734294	2.27654979875886	5.57585075500455
34	C	0.0	0.0	65	150	0	1	0	0	0	0	3	0	1	0	1	12	85	8	J	1	85	E	11	70	162	38	12	3	1	0	3	80	33	320	57	0	8	9	3	0	8	69	20	0	0	0	0	0	0	0	0	0	0	0	45	35	0	8.16216285771069	8.8527446699551	-0.652269932009157
36	C	10.0	18.0	63	100	0	0	0	2	0	0	1	0	0	0	0	12	55	8	J	1	57	E	17	80	125	35	10	1	0	0	0	82	30	440	56	0	6	9	0	2	3	60	18	0	0	0	0	0	0	0	0	0	0	0	44	39	1	3.25909926867704	1.05236359988419	4.33137732673386
24	C	0.0	0.0	63	115	0	0	1	0	0	0	0	0	0	0	1	12	25	10	J	1	63	B	13	66	136	24	12	1	0	0	0	84	40	360	72	1	9	9	2	0	6	59	16	0	0	0	0	0	0	0	0	0	0	0	46	36	0	3.41848378784655	2.59264536749457	5.11481767433722
22	C	20.0	8.0	66	110	0	0	0	0	0	0	0	0	0	0	0	11	35	13	J	1	33	E	16	68	139	23	8	1	3	0	0	79	38	410	49	0	9	9	3	0	7	68	20	0	0	0	0	0	0	0	0	0	0	0	43	39	0	1.62212974295866	-0.0350019894636384	4.12330188898857
30	C	20.0	14.0	63	98	0	0	0	0	0	0	1	0	1	0	0	11	45	10	J	1	40	E	14	70	129	31	7	0	2	1	0	78	30	470	48	0	7	9	2	0	7	45	13	4	0	0	0	0	0	0	0	0	0	1	47	36	0	7.64757261322442	8.01582542851948	11.2852032511477
15	C	7.0	3.0	65	106	0	0	1	0	0	0	0	0	1	0	0	9	15	8	J	1	30	E	9	80	145	18	10	0	0	0	0	84	38	440	75	0	8	9	0	2	3	74	23	0	0	0	0	0	0	0	0	0	0	0	44	39	1	-1.71978577191607	-4.91084710842225	-1.20708792784564
28	C	0.0	0.0	61	140	0	0	0	0	0	2	0	0	0	0	0	8	45	15	J	1	43	E	12	72	165	35	7	1	0	0	0	86	34	520	74	1	8	9	3	0	6	59	18	0	0	0	2	0	0	0	0	0	0	1	48	41	0	2.67723924645939	3.75204940407037	7.90954745158779
31	C	0.0	0.0	61	135	0	0	0	0	0	5	0	0	0	1	0	8	35	18	J	1	37	E	13	80	170	36	7	1	0	0	0	77	34	440	90	1	9	9	1	1	8	68	22	0	0	0	0	0	0	0	0	0	0	0	46	39	0	0.496794849547174	1.0000303424579	8.82178303866224
24	C	20.0	8.0	67	156	0	0	0	0	0	0	0	0	1	0	0	12	45	10	J	1	63	E	10	68	175	27	12	0	1	0	0	79	28	460	76	1	2	4	2	0	9	69	20	0	0	0	2	0	0	0	0	0	0	2	45	36	0	-2.75034974768998	-2.20372170322376	2.13156754932663
19	C	0.0	1.0	61	103	0	0	0	0	0	0	0	0	0	0	0	14	55	10	J	1	87	E	11	70	120	21	14	0	0	0	0	89	31	440	54	1	7	9	3	0	8	65	19	0	0	0	1	0	0	0	0	0	0	1	45	39	0	-0.820330994266677	0.251006268641005	2.90827391595339
30	C	12.0	12.0	62	125	0	0	0	0	0	0	0	0	0	0	0	12	55	8	J	1	73	E	12	76	134	31	12	1	0	0	0	86	40	460	53	1	7	9	0	2	8	72	20	0	0	0	0	0	0	0	0	0	0	0	46	40	0	-4.20216143679018	-3.15884655296018	1.43628315575123
24	C	30.0	9.0	61	100	0	0	0	0	0	0	2	0	0	1	0	12	15	13	J	1	20	E	14	70	122	24	10	0	0	0	0	84	26	400	70	0	9	9	3	0	10	64	16	0	0	0	0	0	0	0	0	0	0	0	44	41	0	3.12425310817927	2.54378559740812	7.7417763333453
30	C	7.0	14.0	62	140	0	1	0	0	0	1	0	0	0	0	0	9	65	12	J	1	47	E	11	80	152	39	9	0	0	0	0	91	39	540	64	1	8	9	2	0	3	42	12	0	0	0	0	0	0	0	0	0	0	0	46	38	0	17.2230702112548	19.0260810564732	9.96528738164418
32	C	20.0	17.0	64	130	0	0	0	0	0	1	1	0	0	0	0	12	55	11	J	1	63	E	11	68	144	33	12	0	0	0	0	81	27	480	58	1	8	9	3	0	3	64	16	0	0	0	0	0	0	0	0	0	0	0	44	35	0	-0.0901132671261006	-0.112149197902431	1.63523787119168
26	C	0.0	6.0	62	130	1	0	0	0	0	1	0	0	0	0	0	12	65	10	J	1	60	E	14	68	156	30	12	0	0	0	0	83	29	575	66	1	10	10	2	0	10	41	12	0	0	0	0	0	0	0	0	0	0	0	47	40	0	8.94581251376123	9.54898760563911	13.2652325026872
37	C	0.0	0.0	59	140	0	0	0	0	0	2	1	0	0	0	0	10	65	15	I	1	47	B	12	70	176	42	7	2	1	0	1	77	34	490	52	0	8	9	3	0	9	55	18	0	0	0	0	0	0	0	0	0	0	0	45	40	1	10.5277157475734	5.90702664031259	10.8467100213549
26	C	0.0	9.0	66	154	0	0	0	0	0	0	1	0	0	0	0	12	65	10	J	1	67	E	13	70	170	28	12	0	0	0	0	79	34	550	76	1	8	9	3	0	8	64	19	0	0	0	0	0	0	0	0	0	0	0	47	39	0	1.03095533804627	0.937530342668587	3.94857910309524
34	C	0.0	0.0	52	110	0	0	0	0	0	3	1	0	0	0	0	13	65	10	A	1	47	E	15	56	133	34	7	2	0	0	0	85	40	370	53	1	4	9	2	0	3	65	21	0	0	0	0	0	0	0	0	0	0	0	48	40	0	-0.611051079792839	-0.560324229847925	1.15615668621793
20	C	20.0	3.0	63	121	0	0	0	3	0	0	1	0	0	0	0	12	55	10	J	1	57	E	14	70	139	20	10	0	0	0	0	82	38	410	71	0	8	9	2	0	6	64	19	0	0	0	0	0	0	0	0	0	0	0	44	38	0	0.785370274774859	0.601519483182432	3.21142880183403
21	C	0.0	0.0	63	114	1	0	1	0	0	1	0	0	0	0	0	12	75	13	J	1	50	E	13	80	135	22	9	0	0	0	0	79	30	510	67	0	4	8	2	0	7	43	8	7	0	0	1	0	0	1	0	0	0	2	45	41	1	12.7147548821993	7.90429730277937	12.8518309492853
25	C	0.0	0.0	62	114	0	0	0	0	0	2	0	0	2	1	0	12	45	10	J	1	43	E	13	60	121	25	8	0	0	0	0	82	30	435	68	1	9	10	3	0	2	47	13	0	0	0	0	0	0	0	0	0	0	0	48	37	0	6.21377028548502	5.90436346141764	7.30134500887273
22	C	0.0	4.0	62	145	0	0	0	0	0	0	1	0	0	1	0	9	55	7	J	1	53	E	12	76	162	35	11	0	0	0	0	83	35	370	54	0	9	9	3	0	3	69	20	0	0	0	0	0	0	0	0	0	0	0	45	41	0	-1.80386940187167	-3.28945202002862	-2.899536300483
24	C	0.0	7.0	63	146	0	0	0	0	0	0	2	1	0	1	0	9	45	10	J	1	53	E	13	72	160	35	10	0	0	0	0	83	34	360	74	1	6	9	3	0	4	70	18	0	0	0	0	0	0	0	0	0	0	0	46	41	0	-3.22038584025501	-2.59246355557799	-0.609537613563051
35	C	15.0	20.0	65	127	0	0	0	0	0	0	2	1	0	0	0	7	35	17	J	1	47	E	12	70	151	41	12	0	4	1	0	78	24	400	47	0	7	9	4	0	6	47	14	0	0	0	0	0	0	0	0	0	0	0	43	39	0	8.32344967535585	8.2400247974661	12.7414748757009
20	C	19.0	5.0	63	118	0	0	0	0	0	0	0	0	0	0	1	12	65	10	J	1	77	E	13	62	147	22	12	0	0	0	0	79	30	400	60	1	3	8	1	0	7	67	23	0	0	0	0	0	0	0	0	0	0	0	45	39	0	-0.808905070479005	-1.73625867443149	4.28577610827843
27	C	1.0	5.0	63	117	2	0	0	0	0	1	0	0	0	0	0	12	55	13	J	1	67	E	13	65	128	27	12	0	0	0	0	80	39	470	47	1	9	9	3	0	6	58	18	0	0	0	0	0	0	0	0	0	0	0	44	38	0	4.02341404179652	3.52745977854456	6.82256575801801
24	C	3.0	10.0	63	112	0	0	0	0	0	0	0	0	0	1	0	12	45	10	J	1	50	E	12	62	139	25	12	0	1	0	0	80	33	455	69	0	9	9	3	0	3	52	16	0	0	0	0	0	0	0	0	0	0	0	46	42	1	7.33975124916366	4.51309367567514	6.2207669954875
35	C	20.0	15.0	62	110	0	0	0	0	0	0	0	0	0	0	0	12	35	12	J	1	37	E	14	70	140	34	9	0	0	0	0	87	36	600	50	1	8	9	1	2	3	62	18	0	0	0	0	0	0	0	0	0	0	0	48	39	0	1.52728011271741	1.42804047483405	6.38696722421964
19	C	0.0	0.0	63	165	0	0	0	1	0	0	0	0	0	0	1	12	105	10	L	1	73	E	15	80	180	22	12	0	0	0	0	75	32	410	62	0	8	9	2	0	7	67	20	0	0	0	0	0	0	0	0	0	0	0	45	41	0	-1.81212323268501	-0.683825491801327	1.93164487848476
23	C	10.0	9.0	60	115	0	0	0	0	0	0	0	0	0	0	0	11	35	8	J	1	47	E	13	72	129	23	11	0	0	0	0	83	36	420	98	0	8	8	3	0	7	65	18	0	0	0	0	0	0	0	0	0	0	0	44	40	1	1.9188217761614	-1.1572457258358	2.18940172168222
21	C	15.0	5.0	65	185	0	1	0	1	0	3	2	0	0	0	0	12	55	8	J	1	63	E	10	70	208	28	11	0	0	0	0	78	25	445	35	1	9	9	0	2	12	68	19	0	0	0	0	0	0	0	0	0	0	0	46	41	0	9.40904565742349	10.5395327854495	4.86587622866943
21	C	0.0	0.0	63	142	0	0	2	0	0	0	0	0	0	0	1	12	85	8	J	1	63	E	13	64	155	25	11	0	0	0	0	85	30	390	45	0	8	9	3	0	4	52	15	0	0	0	0	0	0	0	0	0	0	0	45	41	0	2.90647692997404	4.13679907640869	5.26245662175816
24	C	0.0	0.0	64	170	0	0	0	0	0	0	0	0	0	0	0	12	35	10	J	1	47	E	13	84	168	29	10	0	0	0	0	79	35	560	58	0	8	9	2	0	2	39	20	0	0	0	0	0	0	0	0	0	0	0	46	41	0	8.25589105222456	8.16155419685152	9.50760218856715
33	C	20.0	13.0	63	127	0	0	0	0	0	1	1	0	0	0	1	12	35	5	C	1	43	E	16	58	160	37	12	0	1	0	0	90	32	500	54	1	6	9	3	0	7	63	19	0	0	0	0	0	0	0	0	0	0	0	45	33	1	1.6204481027861	-0.254534995930348	0.49310673152233
24	C	0.0	0.5	68	114	0	1	0	0	0	1	0	0	0	0	0	16	55	10	L	1	80	E	13	70	130	29	14	0	0	0	0	81	32	430	51	1	9	9	0	2	8	54	15	0	0	0	0	0	0	0	0	0	0	0	44	38	0	16.4922107128444	15.808209962001	9.65533369795819
30	C	17.0	15.0	64	155	0	0	0	0	0	1	0	0	0	0	0	11	35	12	J	1	53	E	15	80	169	28	15	3	0	1	0	83	30	470	61	0	8	9	3	0	8	66	16	0	0	0	0	0	0	0	0	0	0	0	44	39	1	4.51906199059549	0.655768384149075	4.49342400440011
35	C	0.0	13.0	62	110	0	2	0	0	3	0	0	0	1	0	0	12	45	13	M	1	50	A	19	80	144	35	12	1	1	0	0	80	28	520	51	0	6	6	2	0	5	54	18	0	0	0	0	0	0	0	0	0	0	0	45	41	1	8.78345237279281	14.7289607756106	7.58869783567631
28	C	40.0	13.0	64	126	0	0	0	0	0	0	4	0	1	0	0	12	105	8	J	1	63	E	10	56	141	28	9	1	0	0	0	86	35	555	60	1	9	9	2	0	6	59	18	0	0	0	0	0	0	0	0	0	0	0	45	39	0	3.35750503937816	2.06716004519151	3.84433283737433
22	C	0.0	0.0	62	120	0	0	0	0	0	0	0	0	0	0	1	12	65	7	D	1	73	B	13	70	142	30	12	0	0	0	0	80	36	380	48	1	7	9	0	2	7	56	16	4	0	0	0	0	0	0	0	0	0	1	48	40	0	1.99709881174277	3.17927845738619	7.09539234436444
19	C	0.0	0.0	66	125	0	0	0	0	0	0	0	0	0	0	0	11	75	10	J	1	63	E	14	86	174	22	10	0	0	0	0	82	39	670	88	0	9	9	2	0	5	55	16	5	0	0	2	0	0	0	0	0	0	4	46	39	0	4.20938249574808	3.8665772182604	6.08005048027087
35	C	0.0	9.0	64	129	0	0	0	0	0	1	0	0	1	0	0	12	65	7	J	1	70	E	13	80	162	35	12	0	0	0	0	79	39	400	74	1	7	9	2	0	14	41	12	0	0	0	0	0	0	2	0	0	0	2	46	40	0	8.95499626473152	9.28753215437996	12.5146076756684
22	C	0.0	2.0	61	120	0	0	0	0	0	0	0	0	0	0	0	15	35	8	I	1	60	B	12	100	147	23	15	0	0	0	0	79	28	390	67	1	6	9	3	0	2	70	21	0	0	0	0	0	0	0	0	0	0	0	45	37	0	-3.92851110503531	-3.88223959036789	-3.60914596684391
23	C	0.0	4.0	63	129	0	1	0	0	0	0	1	0	0	0	0	14	35	8	I	1	67	B	13	70	144	24	12	0	0	0	0	81	31	350	47	0	6	8	2	0	6	59	18	0	0	0	0	0	0	0	0	0	0	0	45	41	0	12.6646342235075	11.7546714142641	3.03555284968204
41	C	0.0	20.0	67	127	0	0	0	1	0	2	0	0	0	0	0	12	45	13	J	1	53	E	14	70	146	43	12	0	0	0	0	57	16	530	38	1	5	9	2	0	10	64	19	5	1	1	1	1	0	0	0	1	0	0	46	38	1	8.14081664233282	2.11861633704506	6.7278329036964
31	C	15.0	13.0	63	98	0	0	2	0	0	0	0	1	0	0	0	12	65	10	J	1	83	E	15	70	125	36	12	0	0	0	0	79	34	460	57	0	8	9	3	0	3	58	18	0	0	0	0	0	0	0	0	0	0	0	46	42	0	2.4691095215071	1.87706372363517	2.98576660827227
34	C	0.0	0.0	63	174	0	0	0	0	0	0	1	0	0	0	0	11	65	10	J	1	60	E	11	80	160	34	10	1	1	0	0	74	23	470	77	0	1	8	3	0	2	52	15	4	0	0	1	0	0	0	0	0	0	1	45	40	0	1.74369125844172	2.85884184790339	4.95147408719859
22	C	20.0	4.0	63	125	0	1	0	0	0	1	0	1	0	0	0	12	25	15	G	1	70	E	12	74	137	23	17	0	1	0	0	87	35	470	52	0	9	9	0	3	3	55	16	0	0	0	0	0	0	0	0	0	0	0	46	40	0	15.480689817976	15.1539936695744	8.81160381833216
19	C	0.0	0.0	63	110	0	0	0	0	0	0	0	0	0	0	0	13	55	10	L	1	87	E	12	80	142	20	13	0	0	0	0	86	38	400	46	1	9	9	0	3	3	50	18	0	0	0	0	0	0	0	0	0	0	0	45	39	0	4.66029871080606	4.89367220937921	8.4237409140194
34	C	0.0	1.0	63	127	0	0	0	0	0	3	1	0	0	0	0	12	55	10	J	1	63	E	12	74	163	33	12	0	1	0	0	83	28	450	50	1	9	9	2	0	11	61	16	0	0	0	0	0	0	0	0	0	0	0	46	39	0	2.20286659895706	2.8500639962065	6.69136798538568
22	C	0.0	3.0	66	130	0	0	0	0	0	0	0	0	1	0	0	15	35	7	J	1	47	E	13	70	141	32	8	0	0	0	0	79	30	400	63	1	6	9	5	0	7	37	11	0	0	0	3	0	1	1	0	0	0	2	47	35	1	10.531912768988	9.27677880635113	11.2361657467087
27	C	20.0	5.0	65	135	0	0	0	0	0	0	1	0	0	0	0	15	105	10	J	1	63	E	14	66	158	37	8	2	0	0	0	84	32	440	83	0	9	9	3	0	7	70	23	0	0	0	0	0	0	0	0	0	0	0	46	39	0	-4.28205667521296	-1.93949733311033	0.839537304074735
20	C	0.5	3.0	63	104	0	0	0	0	0	0	0	0	1	0	0	12	55	10	F	1	57	E	13	60	129	22	12	0	0	0	0	78	36	350	54	0	9	9	0	3	6	51	15	0	0	0	0	0	0	0	0	0	0	0	45	39	1	11.0061668409278	5.79001160741336	10.9094983819117
22	C	0.0	0.0	62	95	0	0	0	0	0	0	0	0	2	0	1	12	55	12	F	1	70	E	13	60	130	23	14	0	0	0	0	76	30	465	50	0	9	9	0	2	4	50	16	0	0	0	0	0	0	0	0	0	0	0	47	40	0	5.28271914528201	5.83765802326049	10.6449944591239
36	C	0.0	17.0	61	140	0	0	0	0	0	0	2	0	0	0	0	10	85	8	J	1	63	E	12	80	151	40	12	0	3	1	0	78	26	380	71	0	9	9	3	0	7	54	16	0	0	0	0	0	0	0	0	0	0	0	44	38	0	3.66256271871651	4.20492789306025	6.29676272035942
18	C	20.0	3.0	60	104	0	0	0	0	0	0	0	0	0	0	1	11	55	10	J	1	63	E	14	50	127	20	12	0	0	0	0	84	40	370	53	0	9	9	2	0	6	65	17	0	0	0	0	0	0	0	0	0	0	0	44	40	0	0.825027140916651	0.0914610234091717	2.59195871923228
30	C	0.5	3.0	65	129	0	0	0	0	0	0	0	0	0	0	0	12	75	18	J	1	43	E	11	68	140	31	9	0	0	0	0	76	25	300	49	0	9	10	2	0	3	65	19	0	0	0	0	0	0	0	0	0	0	0	46	39	0	1.8385831895401	0.781501107094839	4.39864904074057
33	C	0.0	0.0	65	130	0	0	0	0	0	0	0	0	2	0	0	12	65	15	J	1	40	E	11	70	140	34	9	0	0	0	0	84	34	410	53	0	7	8	2	0	3	54	15	0	0	0	0	0	0	1	0	0	0	0	46	38	0	1.64715247844987	3.66691148198005	7.83835180563265
23	C	30.0	9.0	60	98	0	0	0	0	0	0	0	0	1	0	1	12	55	15	J	1	45	E	14	60	122	25	8	0	0	0	0	78	29	450	64	1	9	9	3	0	2	62	18	0	0	0	0	0	0	0	0	0	0	0	49	40	0	1.53966954734592	1.29015797247418	3.88606922907115
18	C	2.0	2.0	66	120	0	0	0	0	0	0	0	0	0	0	1	12	45	10	J	1	60	E	12	70	138	22	12	0	0	0	0	84	37	460	58	1	9	9	0	3	6	57	18	0	0	0	0	0	0	0	0	0	0	0	46	40	0	4.03589489469025	3.57499634291965	8.62276003768181
31	C	10.0	15.0	61	118	0	0	0	0	0	0	0	0	0	0	1	11	45	17	J	1	60	E	13	68	136	31	10	1	0	0	0	82	33	380	59	0	9	9	3	0	8	61	18	0	0	0	0	0	0	0	0	0	0	0	46	38	0	2.99578583543836	3.45794277773132	8.26288676465282
17	C	7.0	2.0	65	112	0	0	0	0	0	0	0	0	0	0	1	12	35	10	J	1	53	E	12	72	144	26	12	0	0	0	0	85	37	410	44	1	7	9	0	2	8	60	18	0	0	0	0	0	0	0	0	0	0	0	46	40	1	8.4827802757944	2.94758118299783	8.68565562403954
43	C	0.0	0.0	62	190	0	0	0	1	0	0	3	1	0	0	1	5	55	14	I	1	57	B	12	112	198	48	12	0	0	0	1	83	33	450	64	0	9	9	0	2	3	49	14	0	0	0	0	0	0	0	0	0	0	0	45	40	0	6.17459128957828	6.36076771278784	11.4898805746213
20	C	19.0	3.0	63	112	0	0	0	0	0	0	0	0	0	0	0	11	45	5	J	1	70	E	12	70	137	26	12	0	1	0	0	83	36	540	93	1	9	9	2	0	3	64	18	0	0	0	0	0	0	0	0	0	0	0	47	41	0	-3.37848008064481	-2.12043773632632	-3.21734960466586
21	C	18.0	4.0	65	120	0	0	0	0	0	0	2	0	1	0	0	12	45	10	J	1	70	E	12	76	136	28	12	0	1	0	0	80	30	430	68	1	8	8	2	0	5	57	18	0	0	0	0	0	0	0	0	0	0	0	46	40	0	3.47902446776403	1.85874072938045	4.95331276115163
33	C	0.0	17.0	66	140	0	1	0	0	0	0	0	0	0	0	0	12	55	15	J	1	80	E	12	80	162	41	14	0	0	0	0	79	38	470	66	0	9	9	0	3	8	56	15	0	0	0	0	0	0	0	0	0	0	0	47	41	0	16.2924070599373	15.9733581787542	11.0960944607992
21	C	0.0	3.0	64	148	0	0	0	0	0	0	1	0	0	0	0	12	45	8	J	1	53	E	14	90	161	23	12	0	0	0	0	84	38	390	75	1	7	8	3	0	2	71	20	0	0	0	1	0	0	0	0	0	0	1	45	42	0	-5.1433663631446	-5.4338545187456	-4.03085703752693
18	C	0.0	0.0	67	130	3	0	1	0	0	3	1	0	1	0	0	13	55	4	J	1	80	E	11	80	143	21	12	0	0	0	0	80	35	355	63	1	8	9	3	0	6	63	18	0	0	0	0	0	0	0	0	0	0	0	46	41	0	-1.41293521903675	-1.55686858863013	-2.59905931094341
18	C	18.0	2.0	62	102	0	0	0	0	0	1	0	0	0	0	0	8	55	10	J	1	33	E	12	80	128	26	7	0	0	0	0	74	26	480	48	0	8	9	3	0	7	50	14	6	0	0	0	0	0	0	0	0	0	0	45	40	1	10.0414355991721	6.51134953342712	9.89169443897383
30	C	40.0	10.0	62	180	0	0	0	0	0	2	0	0	0	0	0	8	55	12	J	1	47	E	12	70	189	34	9	0	0	0	0	78	31	560	82	1	9	9	3	0	6	63	18	0	0	0	0	0	0	0	0	0	0	0	47	38	1	3.63325576122955	1.57063308590666	4.94860911987703
34	C	30.0	19.0	62	118	0	1	0	0	0	0	0	0	0	0	0	9	25	13	J	1	57	E	15	72	143	37	12	0	1	0	0	81	33	425	71	1	9	9	2	0	3	58	17	0	0	0	0	0	0	0	0	0	0	0	46	39	0	12.8313622731176	13.7035161534728	4.67161783747822
21	C	0.5	3.0	63	120	0	0	0	0	0	0	0	0	0	0	1	12	85	8	J	1	93	B	14	50	137	24	13	0	0	0	0	84	32	480	60	0	7	9	4	0	3	54	16	5	0	0	2	1	0	0	0	0	0	3	45	42	0	5.74311598631369	2.73089387827516	2.93322125621914
42	C	40.0	30.0	62	103	0	0	0	0	0	0	0	1	1	0	0	13	45	20	J	1	77	E	17	70	124	41	12	0	1	0	0	78	31	400	56	1	2	9	2	0	3	60	16	5	0	0	1	0	0	0	0	0	0	1	45	39	0	2.19496750474983	2.66798090202173	6.01313957276427
22	C	1.0	4.0	65	146	0	0	0	1	0	0	0	0	1	0	1	12	75	7	J	1	63	E	11	66	175	25	12	0	0	0	0	83	40	500	89	0	9	10	3	0	3	60	16	0	0	0	0	0	0	0	0	0	0	0	46	42	0	1.20457802681221	0.487172266453917	0.734678591657873
25	C	0.0	0.0	63	150	0	0	0	0	0	7	1	0	0	1	0	11	35	17	J	1	37	E	12	90	153	27	8	0	0	0	0	78	30	525	52	1	5	9	3	0	3	48	15	0	0	0	0	0	0	0	0	0	0	0	48	40	1	10.4571728548399	7.19370504894331	10.8036590423171
29	C	12.0	12.0	64	135	0	0	1	0	0	0	0	0	0	0	1	12	85	7	J	1	73	E	13	68	164	27	12	0	0	0	0	83	33	460	59	0	2	7	3	0	7	65	17	0	0	0	0	1	0	0	0	0	0	0	46	42	0	-0.910348168382552	-1.8122470402008	0.616672619021267
33	C	20.0	8.0	63	113	0	0	1	0	0	1	0	0	0	0	1	12	85	10	F	1	60	E	14	70	126	35	10	0	0	0	0	81	25	350	55	1	5	9	3	0	9	66	21	0	0	0	0	0	0	0	0	0	0	0	47	40	0	0.71083098941405	0.362969178053417	3.75228759147163
31	C	0.0	13.0	66	137	2	0	0	0	0	0	0	0	0	0	0	12	65	12	J	1	70	E	14	80	163	36	12	1	0	0	0	82	39	600	98	1	9	9	0	2	3	64	19	0	0	0	0	0	0	0	0	0	0	0	49	40	0	-0.514656599664667	0.159814292048073	4.52842618409606
22	C	7.0	8.0	65	100	0	0	1	0	0	0	0	0	0	0	0	12	25	15	J	1	70	E	11	70	120	24	13	0	1	0	0	89	39	390	74	1	9	9	2	0	8	66	20	0	0	0	0	0	0	0	0	0	0	0	46	41	0	0.167620810408526	0.92949056641644	5.16232799382687
27	C	5.0	12.0	64	122	0	0	1	0	0	0	0	0	0	0	0	13	55	16	G	1	87	B	12	70	149	37	15	0	0	0	0	81	33	300	71	0	9	9	2	0	5	60	18	0	0	0	0	0	0	0	0	0	0	0	47	39	0	4.38490828160057	2.67321955574349	5.92751362877809
30	C	10.0	11.0	65	120	0	0	1	0	0	0	0	0	2	0	0	13	105	16	G	1	73	B	12	78	147	39	12	1	0	0	0	79	30	360	35	1	8	9	4	0	7	49	15	0	0	0	0	0	0	0	0	0	0	0	48	28	0	5.74364635054126	7.37568680370542	11.5298479493611
21	C	1.0	1.0	64	130	0	0	0	0	0	0	0	0	1	0	0	12	55	13	J	1	80	E	13	80	189	25	12	0	0	0	0	78	30	370	50	1	8	9	2	0	5	39	12	0	0	0	0	0	0	0	0	0	0	0	48	37	0	8.90049400012475	9.29250337810663	12.0914853613871
21	C	1.0	1.0	64	130	0	0	0	0	0	0	0	0	1	0	0	12	55	13	J	1	80	E	13	80	189	25	12	0	0	0	0	76	21	400	65	1	2	9	2	0	5	66	18	0	0	0	1	0	0	0	0	0	0	0	47	37	0	-1.29946315166809	-0.230297908984466	2.48616196264028
29	C	0.0	0.0	66	140	0	0	0	0	0	0	0	0	0	0	0	12	55	10	J	1	80	E	13	86	155	31	12	0	0	0	0	82	30	410	58	1	8	9	0	2	7	62	19	0	0	0	0	0	0	0	0	0	0	0	49	40	0	1.16396136809644	1.561089164073	6.53887542056071
32	C	0.0	0.0	66	140	0	0	0	0	0	0	0	0	0	0	0	12	65	12	J	1	83	E	13	70	161	33	12	0	0	0	0	79	34	560	60	0	9	9	1	2	1	54	17	0	0	0	0	0	0	0	0	0	0	0	45	42	0	4.35925510195366	3.16841588578263	6.35561703928544
34	C	0.0	14.0	62	154	0	0	0	1	0	0	0	1	0	0	0	12	75	8	A	1	83	E	13	80	162	33	12	0	0	0	0	76	31	470	73	1	9	9	2	0	2	68	19	0	0	0	0	0	0	0	0	0	0	0	44	41	0	-2.18692028338311	-3.24507338531289	-3.36721784799073
23	C	20.0	13.0	61	148	0	0	0	0	0	0	0	0	0	0	0	9	35	8	J	1	33	E	10	64	156	26	9	0	0	0	0	82	39	380	44	0	9	9	2	0	2	65	20	0	0	0	0	0	0	0	0	0	0	0	43	40	0	-1.04611841410644	-1.26637452031292	-0.494998312426517
30	C	0.0	0.0	68	140	0	0	0	0	0	0	0	0	1	0	1	5	35	12	F	1	33	E	13	80	154	39	5	0	0	0	0	80	38	410	52	1	9	9	0	2	3	65	18	0	0	0	0	0	0	0	0	0	0	0	46	36	0	1.96998460070682	0.198574026614049	5.21777744419169
37	C	0.0	0.0	63	172	0	0	0	0	0	1	0	0	0	0	0	5	65	10	F	1	33	E	12	80	188	37	3	0	0	0	0	80	34	470	59	0	8	9	0	2	6	70	22	0	0	0	0	0	0	0	0	0	0	0	43	39	1	2.74600608117776	-1.63048037540934	3.8477881962004
38	C	0.0	0.0	63	174	0	0	0	0	0	1	0	0	0	0	0	5	55	10	F	1	30	E	13	78	184	39	3	0	0	0	0	81	34	580	42	0	9	9	0	2	0	66	23	0	0	0	0	0	0	0	0	0	0	0	46	41	1	-2.50542547930841	-1.9849484829046	0.792547043033234
18	C	0.0	4.0	65	123	0	0	0	0	0	0	1	0	1	0	0	9	65	15	J	1	57	E	11	70	144	25	10	0	0	0	0	87	31	400	64	1	9	10	2	0	4	55	16	0	0	0	0	0	0	0	0	0	0	0	46	39	0	4.3742042646501	4.56456163648202	7.81354486053233
34	C	0.0	16.0	62	141	0	0	0	0	0	0	0	1	0	0	1	12	95	8	J	1	73	E	14	90	160	30	12	0	0	0	0	82	37	420	84	0	3	9	0	3	3	56	16	0	0	0	0	0	0	0	0	0	0	0	46	40	0	1.36438631694005	2.40862483808805	5.41995439023098
37	C	0.0	20.0	63	148	0	0	0	0	0	0	1	1	0	0	0	12	65	10	J	1	77	E	14	78	169	35	14	0	0	0	0	79	37	590	74	1	7	9	0	3	3	61	19	0	0	0	0	0	0	0	0	0	0	0	46	38	0	3.24441359556153	0.917483052661521	4.58672937551617
38	C	39.0	20.0	62	140	0	2	0	0	0	0	1	0	0	0	0	12	55	12	J	1	57	E	11	74	161	40	11	1	2	0	1	79	35	400	67	1	9	9	3	0	3	69	20	0	0	0	0	0	0	0	0	0	0	0	46	40	0	7.91047010433103	8.82858014876953	-0.49619427056648
30	C	19.0	12.0	65	135	0	1	0	0	0	1	0	1	1	1	0	6	65	15	F	1	33	E	16	74	160	44	6	0	0	0	0	85	37	490	75	1	3	3	2	0	2	51	14	0	0	0	2	0	0	0	0	0	0	0	45	42	1	5.38390462070599	15.3593434675229	7.77903535042019
33	C	0.5	1.0	59	127	0	0	0	0	0	0	1	0	0	0	0	7	55	7	J	1	43	E	11	74	155	36	7	0	0	0	0	79	34	400	51	1	9	8	2	0	8	63	16	0	0	0	0	0	0	0	0	0	0	0	45	40	0	-1.65988953778024	-0.345805069848097	2.89830290199432
24	C	0.0	0.0	60	90	0	0	0	0	0	0	0	0	0	0	1	16	25	10	C	1	70	A	15	68	113	28	17	0	0	0	0	82	33	350	52	1	7	9	0	3	5	65	19	0	0	0	0	0	0	0	0	0	0	0	46	40	0	-0.307444993949777	-0.0911169016328919	4.43049714256265
22	C	10.0	4.0	60	98	1	0	0	0	0	3	1	0	1	0	0	12	25	12	J	1	27	E	15	95	108	35	9	0	0	0	0	83	37	480	39	1	9	9	2	0	10	54	16	0	0	0	0	0	0	0	0	0	0	0	44	41	0	5.1301041691355	6.24072646917683	11.0947746841001
23	C	0.0	5.0	64	125	0	0	0	0	0	0	0	1	0	0	0	12	45	10	J	1	50	E	12	74	146	25	10	0	0	0	0	82	29	525	63	1	7	9	1	2	4	47	15	0	0	0	0	0	0	0	0	0	0	0	46	41	1	11.1519370947517	6.65450382933907	11.2348712188312
20	C	10.0	4.0	66	122	0	0	0	0	0	0	0	0	0	0	1	12	35	5	J	1	53	E	15	70	150	26	12	0	0	0	0	77	34	375	67	0	7	8	2	0	1	61	16	0	0	0	0	0	0	0	0	0	0	0	45	42	1	-4.35724793742687	-2.6030583891123	-3.36752566700706
18	C	0.0	0.0	65	135	0	0	0	0	0	0	1	0	2	0	0	12	25	10	J	1	40	E	13	74	150	24	10	0	0	0	0	80	39	580	62	1	2	9	0	3	3	49	16	0	0	0	0	0	0	0	0	0	0	0	45	41	1	9.69882805019514	5.82324135584026	10.1831254268916
33	C	20.0	12.0	63	153	0	0	2	0	0	0	1	0	0	0	0	9	35	10	J	1	63	E	11	70	168	39	12	0	3	0	0	80	31	380	70	1	8	8	2	0	7	74	21	0	0	0	0	0	0	0	0	0	0	0	48	40	0	-4.16024948414953	-5.04386268900991	-1.27105330544707
28	C	10.0	8.0	63	193	1	0	0	0	0	0	0	0	0	0	0	13	65	7	J	1	83	E	12	78	196	33	12	0	0	0	0	80	31	530	63	0	9	9	3	0	3	70	20	0	0	0	0	0	0	0	0	0	0	0	43	41	0	-4.91127033311133	-4.13739243599535	-4.27825773038819
30	C	6.0	18.0	61	115	0	0	2	0	0	0	3	0	2	0	0	7	75	7	J	1	40	E	16	70	152	32	9	1	1	0	0	80	28	370	54	1	9	9	3	0	11	54	16	0	0	0	0	0	0	2	0	0	0	1	46	36	0	4.00069001657279	4.99904675416375	8.0655977518284
20	C	0.0	3.0	66	125	0	0	0	0	0	0	0	0	0	1	0	9	55	6	J	1	87	E	14	70	150	32	14	0	0	0	0	71	27	380	47	0	9	9	3	0	9	71	20	0	0	0	0	0	0	0	0	0	0	0	45	41	0	-4.26958126824568	-3.5164336033203	-2.36924480164996
32	C	20.0	15.0	63	125	1	0	0	2	0	0	1	0	2	0	0	12	65	8	J	1	70	E	11	80	142	34	12	0	0	0	0	82	34	410	98	1	9	9	2	0	3	51	15	0	0	0	0	0	0	0	0	0	0	0	47	39	0	4.73188850040195	4.07918812281701	4.69264638568427
19	C	10.0	3.0	64	118	0	0	0	0	0	1	0	0	1	0	1	12	35	5	J	1	43	E	12	80	138	20	12	0	0	0	0	84	39	480	54	0	4	9	3	0	5	60	18	0	0	0	0	0	0	0	0	0	0	0	44	36	1	0.709223262156394	0.488263896658904	0.626467222979925
22	C	0.0	6.0	65	125	0	0	0	0	0	0	1	1	1	0	0	12	75	10	A	1	73	E	13	72	153	23	12	0	1	0	0	80	35	660	62	1	9	9	3	0	0	59	15	0	0	0	0	0	0	0	0	0	0	0	48	42	0	-0.384635319876928	0.242931225758487	-0.180740623447824
25	C	20.0	7.0	62	115	0	0	0	0	0	0	0	1	0	1	0	12	55	8	J	1	43	E	13	60	134	26	11	0	0	0	0	78	32	480	43	0	9	9	3	0	4	52	15	0	0	0	0	0	0	0	0	0	0	0	44	39	0	4.71228528465431	4.39193215208985	5.87089784714715
27	C	10.0	10.0	62	120	0	0	0	0	0	0	0	0	1	0	0	12	45	10	J	1	53	E	12	70	132	27	11	0	0	0	0	74	23	440	44	1	8	9	2	0	3	67	20	0	0	0	0	1	0	0	0	0	0	0	47	39	0	-1.38147478144861	-1.52477615771302	0.0778802534841549
21	C	20.0	5.0	61	140	0	0	1	1	0	1	2	0	0	0	0	10	65	7	J	1	50	E	13	70	157	22	8	0	1	0	0	84	36	560	77	1	8	9	2	0	5	55	17	0	0	0	0	0	0	0	0	0	0	0	45	40	0	2.3319604849756	3.18232140786408	4.42024755549278
22	C	0.0	5.0	62	232	0	0	0	0	0	0	1	0	0	0	0	12	25	13	L	1	37	B	7	96	221	27	10	0	0	0	0	82	35	550	66	1	9	9	0	2	6	61	16	0	0	0	0	0	0	0	0	0	0	0	45	39	0	3.1201763061364	2.87508623001734	9.15615591012955
22	C	20.0	6.0	65	155	0	0	0	0	0	0	0	0	0	0	0	10	75	8	J	1	73	E	12	68	166	27	12	0	0	0	0	82	39	510	68	0	9	10	2	0	3	48	15	0	0	0	0	0	0	0	0	0	0	0	46	41	0	4.96593453199115	5.03846125820597	5.60796495003029
17	C	15.0	5.0	63	100	0	0	0	0	0	1	1	0	0	0	0	10	35	15	L	1	33	E	11	60	117	23	11	0	0	0	0	80	32	350	56	1	9	9	3	0	9	47	14	0	0	0	0	0	0	0	0	0	0	0	47	36	1	12.6395369470321	8.8272409720214	14.0397041514704
19	C	10.0	4.0	64	140	0	0	0	0	0	0	0	0	0	0	1	12	65	10	J	1	60	E	14	70	166	19	10	0	0	0	0	83	30	500	65	1	8	9	2	0	11	54	15	0	0	0	0	0	0	0	0	0	0	0	44	39	0	5.40324329742314	5.59335581069031	9.5108957050415
22	C	20.0	6.0	63	155	0	1	0	0	0	0	0	0	0	0	0	12	55	10	J	1	47	E	14	60	170	22	9	0	0	0	0	80	34	450	58	0	9	9	2	0	7	50	15	0	0	0	0	0	0	0	0	0	0	0	46	39	0	16.9564583069959	17.2362089807532	8.9309567004195
27	C	4.0	12.0	63	155	0	0	1	0	0	0	1	0	0	1	0	9	35	13	J	1	33	E	13	66	178	35	8	0	0	0	0	78	26	500	69	1	9	9	2	0	3	53	16	0	0	0	0	0	0	0	0	0	0	0	47	41	0	5.30925321662144	4.9709673411647	7.81754291721572
28	C	11.0	13.0	62	140	0	0	0	0	0	0	0	0	1	0	0	9	45	12	J	1	53	E	12	60	170	36	10	0	0	0	0	78	31	530	64	0	7	8	2	0	3	49	16	0	0	1	0	0	0	0	0	0	0	0	44	42	0	5.01884635713863	4.74039081296891	8.00207266107732
24	C	0.0	0.0	64	149	0	0	0	0	0	2	0	0	0	0	0	12	45	8	J	1	67	E	13	72	167	28	13	0	1	0	0	79	38	340	50	1	9	10	3	0	4	60	15	0	0	0	0	0	0	0	0	0	0	0	45	41	0	0.693272098286813	1.07548903808276	2.10476293669174
23	C	20.0	8.0	63	100	0	0	0	0	0	2	1	0	0	0	0	9	25	10	J	1	37	E	12	70	131	24	11	2	0	0	0	74	27	300	53	0	8	9	3	0	10	65	19	0	0	0	0	0	0	0	0	0	0	0	45	40	1	6.04007034917016	1.29741379894805	5.34683598644809
36	C	0.0	0.0	66	114	0	0	0	0	0	0	1	0	0	0	0	12	55	7	J	1	70	E	15	86	139	37	12	0	1	0	0	83	32	380	76	1	9	9	3	0	15	49	14	0	0	0	0	0	0	2	0	0	0	0	46	39	0	6.30114832375228	7.03342716803983	10.4417826476505
38	C	0.0	0.0	65	120	0	0	0	0	0	0	2	0	1	0	0	13	65	7	J	1	80	E	15	70	140	37	16	0	1	0	0	81	38	320	70	1	9	9	3	0	5	67	20	0	0	0	0	0	0	0	0	0	0	0	45	40	0	-0.792528688856832	-2.11976715151405	-1.45181734581552
20	C	0.0	2.0	60	105	0	0	1	1	0	0	0	0	0	0	0	15	105	10	J	1	93	E	13	80	130	24	16	0	0	0	0	83	34	425	55	1	1	6	0	3	3	52	14	0	0	0	1	0	0	0	0	0	0	2	45	41	0	1.31196722527609	2.96663228249085	7.39674000724629
23	C	0.0	0.0	65	126	0	0	0	1	0	0	0	0	0	0	0	12	35	10	F	1	63	E	15	70	143	26	12	0	0	0	0	81	36	375	62	0	9	9	3	0	3	70	20	0	0	0	0	0	0	0	0	0	0	0	46	40	0	-3.53694111755839	-3.03448015963417	-1.62004308463428
20	C	12.0	5.0	64	105	0	1	0	1	0	0	0	0	1	0	1	12	85	10	J	1	85	E	13	64	142	21	12	0	0	0	0	78	36	460	51	0	9	9	2	0	4	58	15	0	0	0	0	0	0	0	0	0	0	0	45	40	0	12.7310946742359	13.0712858465718	3.10074923792359
21	C	20.0	5.0	65	110	0	1	0	0	0	0	0	0	0	0	0	12	45	8	J	1	70	E	14	70	132	22	12	0	0	0	0	81	29	380	59	1	9	9	2	0	7	61	22	0	0	0	0	0	0	0	0	0	0	0	46	40	0	11.855751475644	12.3156683106587	2.82454845164758
25	C	0.0	0.0	62	95	0	0	0	0	0	0	1	0	0	0	1	12	75	7	F	0	70	E	14	70	123	30	12	0	0	0	0	82	27	330	75	1	9	9	0	2	7	50	15	0	0	0	0	0	0	0	0	0	0	0	45	38	0	6.58352606926735	5.3535789357637	9.34080212523845
17	C	0.0	0.0	67	134	0	0	0	0	0	0	0	0	0	0	0	12	35	10	J	1	63	E	12	62	143	20	12	0	0	0	0	79	32	430	96	1	9	9	2	0	7	64	18	1	0	0	0	0	0	0	0	0	0	0	47	41	0	0.148340980199773	0.764515336248365	3.56698224180616
18	C	0.0	0.0	67	138	0	0	0	0	0	0	0	0	1	0	0	12	45	10	J	1	60	E	12	84	145	21	12	0	0	0	0	83	29	430	54	1	8	9	2	0	6	57	15	0	0	0	0	0	0	0	0	0	0	0	47	42	0	2.54544800988507	3.41042882850159	5.99215108744958
22	C	20.0	8.0	62	100	0	0	0	0	0	0	1	0	0	0	0	12	25	8	J	1	50	E	11	68	109	23	12	0	0	0	0	80	31	360	38	1	9	9	3	0	6	38	11	3	0	0	0	0	0	0	0	0	0	1	43	35	0	6.48260458849885	9.07201082281927	11.1377167633817
26	C	40.0	10.0	58	102	0	0	0	0	0	0	0	0	0	0	0	12	35	10	J	1	33	E	15	50	126	26	8	1	0	0	0	77	29	425	32	1	4	8	3	0	7	50	16	0	0	0	0	0	0	0	0	0	0	0	46	39	0	4.73296183123028	5.34493053321848	9.735843922692
32	C	20.0	25.0	64	220	0	0	0	1	0	0	1	1	0	0	0	4	45	12	F	1	27	E	14	70	236	44	4	0	2	0	0	81	35	780	94	0	9	8	3	0	1	73	20	0	0	0	0	0	0	0	0	0	0	0	47	45	0	-6.50538802394474	-5.56134623992533	-2.91055921713598
23	C	40.0	12.0	63	140	0	0	0	1	0	0	1	0	1	0	0	10	55	8	J	1	47	E	11	70	161	27	9	0	1	0	0	83	38	650	75	1	9	9	2	0	3	63	18	0	0	0	0	0	0	0	0	0	0	0	47	39	0	-0.519294960386536	-0.2250425403906	0.753898043383364
31	C	0.0	0.0	66	115	0	1	0	0	0	1	1	5	1	0	0	11	25	13	J	1	47	E	13	70	127	30	12	0	1	0	0	85	33	345	65	0	7	8	3	0	2	65	21	0	0	0	0	0	0	0	0	0	0	0	44	40	0	8.86487451539715	9.40991907327908	1.09108734629737
26	C	0.0	0.0	62	145	0	0	2	0	0	0	0	0	1	0	0	8	45	10	F	1	33	E	12	50	169	33	8	0	0	0	0	79	32	440	68	0	9	9	0	3	6	65	20	0	0	0	0	0	0	0	0	0	0	0	45	37	0	-0.160991930475226	0.63976844596262	6.13771040159828
19	C	20.0	6.0	64	118	0	0	1	0	0	0	0	0	0	0	0	10	25	15	J	1	47	E	11	64	142	29	12	0	0	0	0	83	36	620	61	1	9	9	3	0	2	66	20	0	0	0	0	0	0	0	0	0	0	0	46	39	1	3.01949775023305	-0.456976129344951	2.08856734168193
42	C	30.0	24.0	61	110	0	0	0	0	0	3	0	0	0	0	1	10	55	18	J	1	37	E	14	66	139	51	8	0	0	0	0	82	36	580	69	1	8	9	2	0	6	76	11	0	0	0	0	0	0	0	0	0	0	0	46	40	1	1.97641205067321	-3.50350527079558	1.24153124281129
30	C	0.0	0.0	63	138	0	0	0	0	0	0	0	0	0	0	0	5	35	15	F	1	20	E	17	70	154	33	2	0	0	0	0	80	29	450	54	1	9	9	3	0	8	67	21	0	0	0	0	0	0	0	0	0	0	0	45	43	0	-0.562657996459005	1.12342377425463	6.2403463845283
24	C	0.0	0.0	64	161	0	0	0	0	0	2	0	0	0	1	0	12	75	10	J	1	70	E	9	78	182	25	12	0	0	0	0	61	24	335	67	0	9	9	2	0	3	67	19	0	0	0	0	0	0	0	0	0	0	0	45	40	0	-2.95249748972678	-1.74082699401747	-0.437357667888574
24	C	0.0	0.0	65	130	0	0	0	0	0	0	1	0	1	0	1	12	45	15	F	1	83	E	15	58	154	30	17	0	1	0	0	77	33	410	63	1	8	9	0	3	3	49	14	0	0	0	0	0	0	0	0	0	0	0	45	41	0	6.89768661884869	6.18078543744789	11.0655800030981
20	C	0.0	0.0	62	94	0	0	0	1	0	0	0	1	0	0	1	12	25	13	J	1	50	E	13	60	115	22	14	0	0	0	0	82	35	480	41	1	7	8	2	0	5	49	15	0	0	0	0	0	0	0	0	0	0	0	48	40	0	6.41293416013328	5.55388284869151	9.86517311415763
20	C	0.0	0.0	62	120	0	0	0	0	0	3	0	0	0	0	1	12	65	10	J	1	60	E	14	80	133	23	10	0	1	0	0	78	31	440	60	1	9	9	3	0	4	49	13	0	0	0	0	0	0	0	0	0	0	0	47	37	0	4.83858001069988	5.71791781058906	7.6501859683279
23	C	0.0	0.0	62	118	0	0	0	0	0	1	0	0	0	0	0	12	55	8	J	1	57	E	14	76	129	26	11	1	1	0	0	71	26	410	54	0	8	9	0	2	7	49	14	0	0	0	0	0	0	0	0	0	0	0	48	37	1	10.7116222216409	6.17540433939297	10.8539217274663
30	C	10.0	14.0	65	114	0	0	1	0	0	0	1	0	2	0	0	5	35	10	I	1	33	E	14	50	139	31	8	2	3	0	2	78	34	540	39	0	6	8	3	0	9	54	15	0	0	0	0	0	0	0	0	0	0	0	45	37	0	4.03706356429247	4.38235324613809	9.30279314009559
31	C	5.0	16.0	66	111	0	0	0	0	0	0	2	0	1	0	0	6	55	10	L	1	57	E	14	70	125	32	11	2	3	0	2	78	31	410	55	1	9	9	3	0	9	56	11	0	0	0	0	0	0	0	0	0	0	0	46	39	0	4.38802573996683	4.50220420585646	7.97992048549127
41	C	1.0	6.0	66	138	0	0	0	0	0	0	0	0	1	0	0	12	55	10	J	1	57	E	13	72	158	42	12	0	0	0	0	78	34	460	65	1	9	9	2	0	9	66	20	0	0	0	0	0	0	0	0	0	0	0	47	40	0	-0.327540970492076	0.401140130387559	3.84331765862558
23	C	30.0	5.0	61	122	0	0	0	0	0	1	0	0	0	0	0	16	85	5	J	1	60	E	11	80	151	26	11	0	0	0	0	83	33	520	54	1	8	9	0	3	3	63	18	0	0	0	0	0	0	0	0	0	0	0	49	40	0	-0.371896938246039	-1.40195972426491	0.14661135077082
34	C	0.0	0.0	66	132	0	0	0	0	0	0	3	0	0	0	1	10	55	5	F	1	57	E	13	80	153	28	10	0	0	0	0	83	29	500	64	0	9	9	1	1	3	44	14	0	0	0	0	0	0	0	0	0	0	0	45	42	0	5.88290205139763	5.46555933438686	7.1261708732987
35	C	0.0	0.0	65	136	0	0	0	0	0	0	5	0	0	0	0	9	45	10	F	1	53	E	13	80	155	29	10	0	0	0	0	86	34	510	72	0	8	9	3	0	3	48	14	6	0	0	0	0	0	0	0	0	0	1	46	39	1	8.59809538418907	5.81797874112117	7.48426555070159
39	C	0.0	0.0	66	146	0	0	0	0	0	0	4	0	0	1	0	9	85	13	F	1	53	E	13	80	163	32	8	0	0	0	0	76	29	390	58	1	9	9	2	0	2	41	13	0	0	0	0	0	0	2	0	0	0	1	45	39	0	8.03127413113894	8.14065232310041	10.2157403159617
23	C	20.0	4.0	68	165	0	1	0	0	0	0	0	0	0	1	0	12	45	8	J	1	50	E	12	80	170	27	10	0	0	0	0	80	35	435	56	0	6	9	3	0	4	51	16	0	0	0	0	0	0	0	0	0	0	0	46	41	0	15.5786100645416	15.552972205583	5.47432823085902
33	C	20.0	15.0	67	215	0	0	0	0	0	1	0	0	1	0	0	12	55	15	J	1	67	E	16	86	229	32	12	0	0	0	0	86	37	570	83	1	1	8	2	0	10	64	18	0	0	0	2	0	0	0	0	0	0	0	46	40	0	1.12448459190314	1.08607143390651	6.90151830206609
22	C	0.0	1.0	65	130	0	0	0	0	0	0	2	0	0	0	1	12	105	8	J	1	83	E	13	80	159	27	12	1	0	0	0	80	34	350	60	1	2	9	3	0	3	57	16	0	0	0	1	0	0	0	0	0	0	2	44	39	0	1.40189384390366	1.73802973824234	2.10508199468828
27	C	0.0	1.0	64	140	2	0	0	0	0	0	4	0	1	0	0	12	105	8	J	1	83	E	13	62	163	31	12	1	0	0	0	76	27	360	33	1	8	9	2	0	6	40	13	0	0	0	2	0	0	0	0	0	0	4	48	39	0	8.26222227404097	8.13021113326839	9.61162839612133
17	C	5.0	2.0	68	145	0	0	0	0	2	0	0	0	0	0	1	9	55	10	I	1	73	B	14	80	201	21	12	0	0	0	0	85	37	560	77	0	7	9	2	0	5	68	19	0	0	0	0	0	0	0	0	0	0	0	47	42	0	-0.688988660718755	-1.63552695039079	0.355820920779776
35	C	20.0	20.0	60	110	0	0	0	0	0	1	1	0	1	0	0	10	75	17	J	1	70	E	11	80	126	39	12	1	1	0	0	71	24	270	45	1	6	9	3	0	7	33	14	0	0	0	0	0	0	0	0	0	0	0	45	30	0	11.6777759892117	11.9431339825515	16.3700292746154
26	C	0.0	6.0	64	120	0	0	1	0	0	0	0	0	2	0	1	18	65	10	L	1	90	E	12	80	137	23	17	0	0	0	0	80	32	460	34	0	3	9	0	2	3	54	16	0	0	0	1	0	0	0	0	0	0	1	43	41	0	3.11084633885361	3.45869556888762	6.92433849042267
29	C	0.0	6.0	63	119	0	0	0	0	0	0	0	0	1	0	0	18	35	15	L	1	77	E	12	78	132	26	17	0	0	0	0	82	34	500	49	0	9	9	2	0	4	53	16	0	0	0	0	0	0	0	0	0	0	0	44	41	0	5.18179740732281	5.0365333163569	7.94056216355246
26	C	0.0	0.0	68	133	0	0	0	1	0	0	1	0	1	0	1	16	35	7	P	1	77	E	11	70	153	26	17	0	0	0	0	81	29	460	55	0	9	9	0	3	4	48	14	0	0	0	0	0	0	0	0	0	0	0	44	41	0	4.22063395135879	5.1428673107278	8.04080307152414
25	C	40.0	8.0	66	190	0	1	0	0	0	1	0	0	0	0	0	12	45	10	J	1	53	E	11	68	192	28	8	0	0	0	0	82	28	500	51	0	9	9	3	0	7	65	18	0	0	0	0	0	0	0	0	0	0	0	45	40	1	2.16279170035081	11.3627108971959	2.90109359867505
36	C	20.0	18.0	64	172	0	0	0	0	0	2	0	0	0	0	0	9	35	12	J	1	30	E	12	70	187	36	11	0	0	0	0	84	27	400	51	1	4	8	2	0	3	62	18	0	0	0	1	0	0	0	0	0	0	0	48	40	0	-2.25811979993675	0.187354879046861	3.81585734170512
18	C	35.0	3.0	65	130	0	0	0	0	0	0	0	0	1	0	1	12	45	7	J	1	77	E	12	70	147	26	12	0	0	0	0	76	29	480	78	0	9	9	0	2	11	53	14	0	0	0	0	0	0	0	0	0	0	0	46	37	0	5.85797601667188	5.05206766058096	9.93556773370471
31	C	0.0	0.0	64	140	0	0	0	0	0	0	0	0	1	0	1	12	75	5	J	1	70	E	10	68	155	29	12	0	0	0	0	83	35	350	70	1	9	10	3	0	6	57	16	0	0	0	0	0	0	0	0	0	0	0	46	41	0	1.97413139097602	1.58233492299836	1.57648234657232
28	C	10.0	15.0	69	139	1	0	0	0	0	0	1	2	1	0	0	10	75	12	J	1	53	E	12	58	151	30	8	1	1	0	0	77	37	590	74	0	8	9	2	0	3	71	20	0	0	0	0	0	0	0	0	0	0	0	46	41	1	-2.48988380413257	-2.96705448602804	-0.792839714859118
21	C	30.0	7.0	66	119	0	0	0	0	0	0	0	0	0	0	0	9	45	10	J	1	50	E	13	70	148	25	10	0	0	0	0	82	29	445	48	1	8	9	2	0	0	66	22	0	0	0	0	0	0	0	0	0	0	0	46	40	0	-1.7364159208558	-2.40645449297807	-2.45080869719793
21	C	20.0	5.0	66	137	0	0	0	0	0	0	0	0	0	0	1	12	65	7	J	1	57	E	13	80	174	25	11	0	0	0	0	83	39	430	74	0	9	9	2	0	9	65	18	0	0	0	0	0	0	0	0	0	0	0	46	41	0	-1.18833223291498	-0.0081493066325912	2.23303295512372
15	C	0.0	0.0	64	137	0	0	0	0	0	1	0	0	0	0	0	8	55	10	G	1	87	E	12	72	160	22	13	0	0	0	0	76	30	490	44	1	9	9	0	2	9	68	20	0	0	0	0	0	0	0	0	0	0	0	44	42	0	-1.25921289730837	-0.71544518831119	4.65899304306733
21	C	0.0	0.0	64	148	0	0	1	0	0	0	1	0	0	0	1	12	65	7	J	1	60	E	12	70	172	22	10	0	0	0	0	80	33	500	59	1	9	9	2	0	5	57	15	0	0	0	0	0	0	0	0	0	0	0	49	44	0	1.62286408976078	2.30225253393003	3.35718454930469
27	C	0.0	10.0	67	150	0	1	0	0	0	0	0	0	0	0	0	12	75	7	J	1	73	E	13	80	168	35	12	0	0	0	0	81	28	620	57	1	9	9	2	0	2	52	15	0	0	0	0	0	0	0	1	0	0	0	45	39	0	15.7913868612338	13.9152499074531	2.12759837432175
37	C	40.0	12.0	63	139	0	0	0	1	0	0	0	0	1	0	0	12	55	12	J	1	43	E	13	76	150	40	11	0	0	0	0	83	36	575	60	0	6	8	2	0	3	72	22	0	0	0	1	0	0	0	0	0	0	0	43	40	0	-4.64814138585982	-4.4867114392648	-1.12902865425146
35	C	10.0	18.0	65	153	0	0	0	0	0	1	0	0	0	0	0	12	65	18	J	1	80	E	11	80	180	35	12	0	0	1	0	80	37	680	84	0	9	8	3	0	2	53	14	0	0	0	0	0	0	0	0	0	0	0	45	40	0	3.30249541778007	3.54340231142828	7.11184995988382
27	C	0.0	0.0	66	125	0	0	0	1	0	0	0	0	1	0	0	16	15	10	J	1	50	E	13	70	147	41	17	0	1	0	0	79	33	560	59	1	9	9	0	3	5	57	16	0	0	0	0	0	0	0	0	0	0	0	46	39	1	8.23929170130092	3.44406963755692	8.34632783472144
18	C	0.0	4.0	63	126	0	0	0	0	0	1	0	0	1	0	0	9	25	10	J	1	27	E	12	60	158	18	10	0	0	0	0	86	33	390	83	1	9	9	0	2	3	58	16	0	0	0	0	0	0	0	0	0	0	0	46	40	0	2.70071569843684	2.75607828163828	7.32018849421992
22	C	12.0	5.0	63	135	0	0	0	0	0	1	0	0	0	0	0	12	55	10	J	1	70	E	15	60	153	23	14	0	0	0	0	82	36	500	62	1	8	9	0	3	4	50	14	0	0	0	0	0	0	0	0	0	0	0	44	40	0	6.22156818666592	5.42316008093768	9.64284781806177
41	C	0.0	0.0	68	242	0	0	0	0	0	0	0	0	0	0	0	12	55	5	J	1	57	E	14	72	235	56	10	0	0	0	0	80	37	650	73	0	9	9	0	3	2	48	15	0	0	0	0	0	0	0	0	0	0	0	46	47	1	4.64591706058659	3.86998936592205	5.0707596642961
20	C	5.0	3.0	63	112	0	0	0	0	0	0	1	0	0	0	1	10	55	10	J	1	53	E	12	80	136	24	10	0	1	0	0	79	36	350	66	1	9	9	3	0	7	62	21	0	0	0	0	0	0	0	0	0	0	0	45	40	1	4.66399489815023	1.73902871055579	4.72507712995194
34	C	0.0	0.0	67	210	0	0	0	0	0	2	0	0	0	0	0	5	55	7	F	1	40	E	18	78	225	35	5	1	0	0	0	86	35	400	98	0	8	8	3	0	7	65	18	0	0	0	0	0	0	0	0	0	0	0	44	41	0	-0.699950393235974	-1.39185290902121	1.61922832309195
40	C	0.0	0.0	66	145	3	0	0	0	0	0	1	0	2	1	0	12	55	10	J	1	67	E	13	90	146	45	12	0	1	0	0	80	33	370	77	0	7	9	2	0	9	58	16	0	0	0	0	0	0	0	0	0	0	0	44	38	0	3.062527023375	3.60900154207354	6.90413083858252
25	C	0.0	0.0	66	155	0	0	0	0	0	1	0	0	0	0	0	12	85	12	I	1	87	B	13	70	189	27	12	0	0	0	0	83	38	400	65	1	9	9	2	0	4	49	14	0	0	0	0	0	0	0	0	0	0	0	47	40	0	6.71384552699676	5.79076998965274	7.83757597193184
24	C	50.0	9.0	62	123	0	0	0	0	0	0	1	0	0	0	1	12	15	10	J	1	63	E	14	80	137	24	16	0	0	0	0	85	35	465	55	1	8	10	2	0	1	57	18	0	0	0	0	0	0	0	0	0	0	0	45	40	0	3.16099305463051	1.72363059441253	2.19793585945993
20	C	5.0	6.0	62	118	0	0	0	0	1	0	2	0	1	0	0	8	55	13	J	1	57	B	12	60	140	24	11	0	0	0	0	83	28	330	61	0	8	9	2	0	3	68	20	0	0	0	0	0	0	0	0	0	0	0	43	40	0	-2.18136273235932	-1.43743011233634	0.930526118413998
32	C	20.0	14.0	62	154	0	0	0	0	0	0	1	0	0	0	1	10	75	10	J	1	63	E	12	66	175	37	12	0	1	0	0	84	40	420	67	0	9	9	2	0	3	60	18	0	0	0	0	0	0	0	0	0	0	0	45	38	0	1.02907433839371	1.33698679598268	2.78930586319631
20	C	0.0	0.0	65	140	0	0	0	3	0	1	0	0	1	0	0	12	45	15	J	1	60	E	10	78	159	26	12	0	0	0	0	80	25	400	58	1	4	9	3	0	16	49	14	0	0	0	1	1	0	0	0	0	0	2	45	44	0	7.07215700489915	9.07135040181907	15.3378483945864
21	C	0.0	0.0	65	143	0	0	0	2	0	1	0	0	0	0	0	12	45	20	J	1	67	E	10	80	160	27	12	0	0	0	0	88	30	460	52	0	9	9	2	0	8	62	20	0	0	0	0	0	0	0	0	0	0	0	44	43	0	2.65603979684283	3.29311735669253	8.44993734651947
32	C	0.0	0.0	62	128	0	0	0	0	0	1	2	0	0	0	0	12	55	10	J	1	57	E	13	65	145	34	11	0	0	0	0	87	35	550	70	0	9	9	4	0	4	55	15	0	0	0	0	0	0	0	0	0	0	0	45	41	1	4.71502838293473	3.66029067558739	5.62725630867075
33	C	0.0	0.0	62	129	1	0	0	0	0	0	2	0	2	0	0	12	75	10	J	1	63	E	13	60	148	35	10	0	0	0	0	79	34	475	70	1	9	9	3	0	4	51	16	0	0	0	0	0	0	0	0	0	0	0	47	40	0	5.0924917638924	5.00820656170646	6.88186129293646
20	C	20.0	7.0	64	145	0	0	0	0	0	0	0	0	0	0	0	10	35	5	J	1	43	E	12	80	164	22	10	0	0	0	0	80	40	400	86	0	5	9	3	0	3	72	20	1	0	0	0	0	0	0	0	0	0	0	44	40	1	-6.05022616399853	-5.43597695301249	-6.08834497649931
19	C	20.0	3.0	66	170	0	0	0	0	0	1	0	0	0	0	0	9	5	8	J	1	17	E	13	70	185	22	8	0	0	0	0	80	34	350	56	0	8	9	3	0	6	65	19	0	0	0	0	0	0	0	0	0	0	0	43	37	0	-1.63287488222872	0.157672168485714	2.73255130807789
20	C	15.0	5.0	66	170	0	0	0	0	0	1	1	1	0	1	0	9	35	10	J	1	40	E	12	80	186	23	8	0	0	0	0	75	34	450	65	0	8	9	2	0	8	65	18	0	0	0	0	0	0	0	0	0	0	0	44	37	0	1.36605887892026	0.848157504902335	4.33235987173687
31	C	20.0	13.0	62	123	0	0	0	0	0	0	1	0	0	0	0	12	35	10	L	1	47	E	11	60	133	36	10	0	0	0	0	77	30	440	33	0	7	9	2	0	6	50	14	0	0	0	0	0	0	0	0	0	0	0	47	36	1	7.87977815653014	6.09222626885356	8.92532848205406
38	C	0.0	0.0	64	160	0	0	0	0	0	1	1	0	0	0	0	12	45	10	L	1	40	E	13	70	176	50	8	0	2	0	0	80	29	540	79	1	9	9	3	0	10	50	15	0	0	0	0	0	0	0	0	0	0	0	47	37	0	8.15277234449521	7.05570477248438	11.1019532324954
24	C	30.0	9.0	61	92	0	0	0	0	0	0	0	1	1	0	0	11	55	8	J	1	67	E	14	68	111	24	12	0	0	0	0	79	34	480	64	0	9	9	2	0	0	66	20	0	0	0	0	0	0	0	0	0	0	0	45	41	0	-3.16657774760254	-3.14826041217949	-4.23717478045673
31	C	20.0	12.0	66	124	0	0	0	1	0	0	1	0	0	0	1	14	55	10	I	1	87	E	12	82	139	30	17	0	0	0	0	78	34	420	52	1	8	9	3	0	10	58	16	0	0	0	0	0	0	0	0	0	0	0	46	36	0	2.93143048050548	3.55608820792274	6.75024994106863
24	C	20.0	7.0	66	140	0	0	0	0	0	1	0	0	0	0	0	12	65	13	J	1	67	E	11	70	152	25	12	0	0	0	0	84	35	510	58	0	7	9	2	0	11	59	16	0	0	0	0	0	0	0	0	0	0	0	44	41	0	3.35318841891998	4.19836071462723	8.81618150624406
43	C	20.0	24.0	68	135	0	0	0	0	0	3	0	0	0	0	1	16	85	12	B	1	87	B	12	80	144	45	16	0	0	0	0	85	41	300	65	1	9	9	0	3	5	50	16	0	0	0	0	0	0	0	0	0	0	0	45	39	0	5.46539897090278	5.9055007483306	10.7676278869437
20	C	0.0	0.0	62	121	0	0	0	0	0	0	0	0	0	0	1	13	75	10	J	1	70	E	11	80	140	20	12	0	0	0	0	81	29	390	46	0	9	9	0	2	7	55	15	0	0	0	0	0	0	0	0	0	0	0	45	40	0	2.9268956282173	4.44001328815638	9.61676822705449
21	C	0.0	0.0	62	122	0	4	1	0	0	0	0	0	0	0	0	13	45	8	J	1	60	E	11	70	155	21	12	1	0	0	0	74	32	370	47	1	9	9	3	0	4	55	17	1	0	1	0	0	0	0	0	0	0	1	47	41	0	13.6325660418022	14.0013266479974	3.73386883267902
22	C	0.0	0.0	62	120	0	3	0	0	0	0	0	0	0	0	0	12	55	12	J	1	63	E	11	76	153	22	12	1	0	0	0	79	35	565	45	1	8	9	3	0	2	45	13	0	0	0	0	0	0	0	0	0	0	0	47	40	0	16.1332101431309	17.586005891028	7.78611500182527
36	C	20.0	20.0	63	150	0	0	1	0	0	0	1	0	0	0	0	9	45	14	J	1	70	E	16	68	156	37	12	0	0	0	0	83	33	580	69	0	6	8	2	1	6	74	20	0	0	0	0	0	0	0	0	0	0	0	44	40	0	-7.16792528257832	-4.61707595066405	-0.195230957081714
38	C	40.0	22.0	62	139	0	0	0	0	0	0	0	0	0	1	0	10	55	16	J	1	73	E	12	70	157	38	12	0	0	0	0	80	30	600	76	0	9	9	3	0	5	57	18	0	0	0	0	0	0	0	0	0	0	0	45	43	0	1.26250694915456	4.02960267222038	7.53889222316122
27	C	0.0	0.0	68	172	0	0	0	0	0	1	2	0	0	0	1	12	65	20	J	1	57	B	12	90	215	33	11	0	1	0	1	85	32	690	72	0	6	8	2	0	1	60	16	5	0	0	0	0	0	0	0	0	0	2	48	42	1	3.00881866216286	0.96222099619889	4.68095436713175
24	C	20.0	10.0	65	136	0	0	0	0	0	0	4	0	0	0	0	12	35	5	J	1	37	E	12	52	160	28	9	0	0	0	0	77	36	400	69	1	8	8	3	0	5	65	19	0	0	0	0	0	0	0	0	0	0	0	46	39	1	-2.81356564064744	-2.70231001752745	-1.46502970836388
29	C	20.0	10.0	62	132	0	0	0	0	0	1	0	0	0	0	0	12	25	15	H	1	47	E	14	70	155	43	12	0	1	0	0	80	39	420	67	0	8	9	2	0	6	66	20	0	0	0	0	0	0	0	0	0	0	0	47	39	0	-0.489158471063228	0.759114000209468	4.82018226851161
20	C	15.0	7.0	62	125	0	0	0	0	0	2	0	0	0	0	1	12	35	5	J	1	33	E	12	64	145	23	9	0	0	0	0	76	30	550	69	1	6	9	2	0	3	50	15	0	0	0	0	0	0	0	0	0	0	0	49	40	0	4.43428355038071	3.71518013526976	3.31909385279722
21	C	15.0	6.0	62	122	0	0	0	0	0	1	0	0	0	0	0	12	55	8	J	1	53	E	12	50	147	24	10	0	0	0	0	79	35	730	88	0	5	9	2	0	5	54	15	1	0	0	1	0	0	0	0	0	0	0	48	41	1	4.17663194744008	3.83454282505213	5.48242932458996
24	C	15.0	10.0	63	135	1	0	0	0	0	1	0	0	0	0	0	12	95	10	J	1	60	E	12	66	153	27	10	0	0	0	0	81	35	580	74	1	5	9	2	0	2	62	20	0	0	0	1	0	0	0	0	0	0	0	48	41	0	0.39436038885808	0.194504613714174	1.24337203491886
23	C	40.0	10.0	67	155	0	0	0	0	0	1	1	0	0	0	0	11	35	8	J	1	67	E	9	98	166	30	12	1	0	0	0	82	32	570	50	1	6	9	3	0	5	61	16	0	0	0	0	0	0	0	0	0	0	0	46	50	0	1.97966280025479	0.951345630367663	2.32925532743551
21	C	0.0	0.0	63	115	0	1	0	0	0	0	0	0	0	0	0	12	55	10	C	1	87	E	12	72	143	24	17	0	0	0	0	82	31	420	69	0	2	9	3	0	3	51	15	1	0	0	0	0	0	0	0	0	0	1	44	42	0	13.7877449673271	15.2946272627778	4.91915055672379
17	C	0.0	0.0	64	123	0	0	0	0	0	1	0	0	0	0	0	11	35	6	H	1	37	B	13	70	137	18	11	0	0	0	0	78	27	270	43	1	2	9	3	0	4	59	16	0	0	0	1	0	0	0	0	0	0	0	47	34	0	1.74764998934098	1.15020488529316	1.70921225268428
18	C	0.0	0.0	63	118	0	0	0	0	0	1	0	0	0	0	0	12	75	15	H	1	63	B	12	70	135	20	12	0	0	0	0	84	34	220	60	0	6	8	5	0	4	50	15	0	0	0	0	0	0	0	0	0	0	0	45	32	0	4.03433272030919	5.08522820162293	9.25440816370469
17	C	3.0	1.0	65	140	0	0	2	0	0	0	0	2	0	0	0	8	35	10	J	1	37	E	13	70	182	25	8	0	0	0	0	76	28	550	60	1	9	9	2	0	4	55	15	0	0	0	0	0	0	0	0	0	0	0	44	40	0	4.04005232921486	3.91619235974922	6.23753051116227
38	C	0.5	4.0	67	205	0	2	0	2	0	1	1	0	0	0	0	12	45	25	J	1	40	E	13	80	212	50	8	0	0	0	0	83	36	500	85	0	8	9	3	0	3	54	15	0	0	0	0	0	0	0	0	0	0	0	45	40	0	16.5577607052045	16.790307775846	10.0064773011484
32	C	2.0	14.0	60	120	0	0	0	0	0	1	1	0	1	0	0	5	65	10	F	1	60	E	14	68	150	33	5	0	0	0	0	80	28	490	80	0	8	9	0	2	9	71	22	0	0	0	0	0	0	0	0	0	0	0	46	41	0	-2.30935867593991	-1.77652646699568	4.0588669719783
31	C	0.0	0.0	63	117	0	0	0	0	0	0	2	0	0	0	1	12	105	10	J	1	90	E	13	70	134	37	16	0	0	0	0	87	40	420	48	0	8	9	0	2	9	66	22	0	0	0	0	0	0	0	0	0	0	0	44	39	0	-1.27485509331685	0.14811069864917	5.47804163016673
33	C	0.0	0.0	63	116	0	0	0	0	0	0	2	0	2	1	0	12	75	15	J	1	93	E	14	60	130	38	18	0	1	0	0	82	39	500	55	0	1	9	0	2	4	56	18	0	0	0	2	0	0	0	0	0	0	0	47	42	0	5.68708932048913	3.90084437391855	8.98207461624915
19	C	30.0	5.0	62	118	0	0	0	0	0	0	0	0	0	0	0	9	55	10	J	1	73	E	12	70	141	21	12	0	0	0	0	81	32	430	49	0	5	9	2	0	1	56	17	0	0	0	0	0	0	0	0	0	0	0	45	41	0	2.38867776150797	1.97656043300776	2.27861193055492
20	C	20.0	6.0	62	113	0	0	0	0	0	0	0	0	0	0	0	10	45	10	J	1	60	E	12	80	138	22	12	0	0	0	0	85	41	395	47	0	8	10	2	0	6	72	21	0	0	0	0	0	0	0	0	0	0	0	45	41	0	-1.18581006215972	-3.09610743593637	-0.570769122837763
24	C	10.0	6.0	67	157	0	0	0	0	0	0	2	0	1	0	0	12	75	7	I	1	60	B	11	88	177	26	10	0	1	0	0	80	37	360	96	1	3	6	3	0	3	58	18	5	0	0	0	1	0	0	0	0	0	0	46	38	0	-0.0564028664308141	0.152051600182558	1.46979347778174
23	C	10.0	8.0	61	115	0	0	0	0	0	0	0	0	0	0	0	12	45	13	J	1	63	E	15	70	139	24	12	0	0	0	0	80	39	580	80	1	5	7	4	0	3	58	18	0	0	0	0	0	0	0	0	0	0	0	47	41	0	1.43662427387681	1.55611029443044	4.86569254280307
26	C	20.0	11.0	61	115	0	0	0	0	0	0	0	1	0	0	0	12	45	17	J	1	63	E	14	70	130	27	12	0	0	0	0	78	37	560	84	1	9	9	2	0	0	65	18	0	0	0	0	0	0	0	0	0	0	0	46	41	0	-1.00469093962082	-0.960690945840982	0.429388124011441
39	C	0.0	18.0	59	115	0	0	0	0	0	2	0	0	1	0	1	14	85	8	J	1	80	B	10	84	142	41	12	0	1	0	0	76	29	385	78	1	8	9	0	3	3	51	16	0	0	0	0	0	0	0	0	0	0	0	46	39	0	3.97153835169677	4.11729941263867	7.02168259766578
22	C	15.0	5.0	67	125	0	2	0	0	0	0	0	0	0	0	0	11	35	13	J	1	43	B	14	84	150	24	10	0	1	0	0	82	37	600	82	0	9	9	0	2	9	67	18	0	0	0	0	0	0	0	0	0	0	0	46	40	0	11.1161644386272	11.7943192910896	7.34957402838066
21	C	0.0	3.0	64	125	0	0	0	0	0	1	0	0	1	0	0	13	25	10	P	1	43	E	12	84	127	21	14	0	0	0	0	81	29	350	66	1	9	9	2	0	10	49	14	0	0	0	0	0	0	0	0	0	0	0	45	39	1	12.0801131798619	7.3496266259107	11.3454464135335
27	C	20.0	10.0	66	153	0	0	0	1	0	0	0	0	0	0	0	10	55	4	J	1	47	E	13	80	175	37	10	0	0	0	0	77	29	520	54	1	9	9	3	0	5	56	17	0	0	0	0	0	0	0	0	0	0	0	47	38	1	-0.171787340322106	1.40368862495498	0.64421705115138
31	C	20.0	13.0	65	142	0	0	0	3	0	0	0	0	0	0	0	10	65	13	J	1	50	E	13	72	160	41	10	0	0	0	0	79	31	390	60	0	9	9	3	0	9	62	19	0	0	0	0	0	0	0	0	0	0	0	45	38	0	3.57944212670322	2.80430721482064	7.22483725915344
22	C	0.0	0.0	61	165	0	0	0	0	0	1	0	0	0	0	0	3	65	10	F	1	33	E	12	72	188	30	4	0	0	0	0	87	37	320	98	1	9	9	3	0	5	70	20	0	0	0	0	0	0	0	0	0	0	0	45	42	1	0.449697684475349	-2.05340965487019	0.636839979361719
31	C	20.0	10.0	63	150	0	0	0	0	0	1	0	0	0	0	0	14	75	12	J	1	73	E	11	50	169	32	12	1	0	0	0	77	27	390	77	0	8	9	0	2	11	60	18	0	0	0	0	0	0	0	0	0	0	0	46	39	0	3.90105816472473	3.70908901639698	10.4320636051735
32	C	20.0	18.0	66	149	0	0	0	0	0	1	1	0	0	0	0	12	45	12	J	1	67	E	11	50	173	32	12	0	0	0	0	81	28	540	73	0	9	9	2	0	2	46	14	0	0	0	0	0	0	0	0	0	0	0	45	39	0	6.41298986890655	6.32513348843334	7.88886572126494
30	C	0.0	0.0	61	138	0	0	0	1	0	0	2	0	0	0	0	9	45	14	J	1	60	E	12	80	155	36	12	1	4	0	0	77	28	550	65	0	9	9	3	0	6	50	15	0	0	0	0	0	0	2	0	0	0	1	44	40	0	6.66476191658909	6.6813036975073	10.3550225986151
20	C	0.0	0.0	62	107	0	0	0	0	0	0	0	0	0	0	1	14	65	7	J	1	87	E	13	80	125	23	16	0	0	0	0	79	31	410	48	1	8	9	0	3	8	60	18	0	0	0	0	0	0	0	0	0	0	0	47	40	0	3.99123015017169	1.66697738777519	5.6036823370799
31	C	0.0	0.0	60	144	0	0	0	0	0	0	0	0	0	0	0	7	35	6	F	1	33	E	15	70	164	29	9	0	1	0	0	86	32	500	55	1	9	9	0	2	10	54	16	0	0	0	0	0	0	0	0	0	0	0	46	40	0	4.51002309112998	4.6794927940074	9.55540797796619
35	C	0.0	0.0	62	142	0	0	0	0	0	0	2	1	0	0	0	10	25	8	F	1	47	E	15	78	169	34	12	0	1	0	0	91	37	645	52	0	3	7	2	0	8	49	15	0	0	0	1	0	0	0	0	0	0	0	46	42	0	5.26841019532532	5.19580720558016	8.87444623696302
17	C	2.0	3.0	64	128	0	0	0	0	0	0	1	0	1	0	0	10	25	7	J	1	30	E	13	70	152	18	9	0	0	0	0	75	22	400	38	1	9	9	2	0	16	44	13	0	0	0	3	0	0	2	0	0	0	3	46	35	0	10.0785053667859	9.26247753757936	13.5879513198775
18	C	6.0	4.0	65	130	0	1	2	0	0	0	1	0	1	0	0	10	35	10	J	1	43	E	11	50	157	19	10	0	0	0	0	75	25	390	44	1	9	9	3	0	8	61	19	0	0	0	0	0	0	0	0	0	0	0	46	39	1	5.43598102719838	13.4088472672464	5.41785953511951
35	C	20.0	12.0	63	115	0	0	0	0	0	0	1	0	0	0	1	12	75	10	J	1	73	E	13	80	126	39	10	0	0	0	0	75	33	420	40	0	9	9	2	0	5	48	14	0	0	0	0	0	0	0	0	0	0	0	45	38	0	5.94695290010492	6.16127717713762	8.2201901188554
33	C	0.0	10.0	63	122	0	0	0	0	0	0	0	0	0	0	0	12	0	15	J	1	17	E	15	66	147	37	11	0	0	0	0	81	30	350	63	1	8	10	3	0	7	64	19	0	0	0	0	0	0	0	0	0	0	0	47	42	0	1.96808969535281	2.2604827645226	7.16434821947623
24	C	10.0	4.0	64	128	0	2	0	0	0	0	0	0	0	0	1	12	95	17	I	1	80	B	13	84	158	32	12	0	0	0	0	91	39	420	64	1	5	9	2	0	9	66	14	0	0	0	0	0	0	0	0	0	0	0	47	41	0	12.6272300088223	12.1850950403954	5.44687233786948
28	C	10.0	8.0	64	145	0	1	0	0	0	1	0	0	0	0	0	13	95	10	I	1	63	B	13	80	159	37	12	0	0	0	0	81	36	465	58	0	5	6	3	0	10	69	23	0	0	0	0	0	0	0	0	0	0	0	45	39	0	8.7813559805878	8.90081743571347	2.04859653474616
23	C	10.0	7.0	62	110	0	0	1	1	0	1	0	0	0	0	0	12	35	15	J	1	73	E	14	74	126	25	16	0	0	0	0	79	27	330	50	1	8	9	2	0	5	54	15	0	0	0	0	0	0	0	0	0	0	0	48	39	0	6.46620112671245	5.01026694763769	8.33338694970603
24	C	20.0	8.0	62	113	0	0	0	0	0	1	0	0	0	0	0	12	45	10	J	1	77	E	13	70	125	26	12	0	0	0	0	79	27	350	53	1	9	9	2	0	7	55	16	0	0	0	0	0	0	0	0	0	0	0	47	39	0	4.29842642886279	4.18688275259106	6.77495423032985
25	C	10.0	7.0	62	115	0	0	0	0	0	0	0	0	0	0	0	12	55	13	J	1	87	E	13	70	138	27	16	0	0	0	0	77	23	330	47	0	9	9	5	0	5	40	14	0	0	0	0	0	0	0	1	0	0	2	45	35	0	7.57283744582307	8.93927815772584	11.6137110629465
25	C	10.0	7.0	62	115	0	0	0	0	0	0	0	0	0	0	0	12	55	13	J	1	87	E	13	70	138	27	16	0	0	0	0	75	27	375	58	1	3	9	4	0	4	50	15	0	0	0	2	0	0	0	0	0	0	2	45	35	0	4.62718342146646	5.6362219613017	7.93231985037822
34	C	20.0	13.0	64	150	0	1	0	0	0	0	3	2	1	0	1	12	85	6	J	1	83	E	13	76	150	34	12	1	0	0	1	84	36	370	52	0	9	9	2	0	1	61	20	0	0	0	0	0	0	0	0	0	0	0	45	42	0	8.589658572636	9.55518066241007	-3.52036774636322
26	C	20.0	5.0	62	125	0	0	0	0	0	0	1	0	0	0	1	12	35	5	J	1	57	E	18	74	147	24	12	0	0	0	0	81	26	360	55	0	4	9	2	0	8	50	14	0	0	0	0	0	0	0	0	0	0	0	43	39	0	3.29796369743985	4.72649454963085	5.54813262046533
26	C	20.0	5.0	62	125	0	0	0	0	0	0	1	0	0	0	1	12	35	5	J	1	57	E	18	74	147	24	12	0	0	0	0	77	26	225	48	0	1	7	3	0	8	55	16	0	0	0	2	0	0	0	0	0	0	1	43	39	1	2.74275816991766	1.79669537228613	3.6136209344611
19	C	15.0	5.0	68	125	0	0	0	0	0	0	0	0	0	0	0	10	35	10	J	1	63	E	14	60	147	34	12	0	0	0	0	85	41	380	61	0	3	9	0	3	3	65	18	0	0	0	0	0	0	0	0	0	0	0	44	41	0	-1.73086693303234	-0.599663823844151	3.30048807099583
21	C	30.0	5.0	65	155	0	0	0	0	0	0	0	0	0	0	0	9	35	10	J	1	70	E	12	90	166	21	12	0	0	0	0	78	29	590	64	0	9	8	2	0	3	70	20	0	0	0	0	0	0	0	0	0	0	0	44	41	0	-3.81920379835421	-4.28968283426014	-1.98762486121151
24	C	30.0	8.0	64	149	0	0	0	0	0	0	0	0	0	0	0	11	95	13	J	1	93	E	12	76	165	24	15	0	0	0	0	84	37	550	65	1	8	9	3	0	6	65	18	0	0	0	0	0	0	0	0	0	0	0	46	45	0	0.419768876063373	0.30477765931941	3.12018672039817
23	C	8.0	6.0	65	135	0	0	0	0	0	0	1	0	0	0	0	15	65	20	J	1	83	E	11	60	176	35	12	0	0	0	0	78	33	490	27	1	9	9	1	2	6	45	13	0	0	0	0	0	0	0	0	0	0	0	47	42	0	9.20662485881761	8.90271640040172	15.7212474518403
23	C	8.0	6.0	65	135	0	0	0	0	0	0	1	0	0	0	0	15	65	20	J	1	83	E	11	60	176	35	12	0	0	0	0	85	33	530	57	0	8	9	1	3	6	56	15	0	0	0	0	0	0	0	0	0	0	0	45	42	0	4.9237322506973	5.17181057555873	11.9580105704339
24	C	3.0	8.0	66	139	0	0	0	0	0	0	0	0	0	1	1	15	85	15	J	1	87	E	12	70	172	36	12	0	0	1	0	61	24	480	47	0	8	9	0	2	3	50	15	0	0	0	0	0	0	0	0	0	0	0	46	45	0	4.13321109996499	5.79794317027383	10.610029465881
18	C	10.0	6.0	66	125	0	0	0	0	0	0	1	0	0	0	0	10	55	10	J	1	60	E	12	62	164	19	11	0	1	0	0	84	39	420	60	1	5	9	3	0	3	57	14	0	0	0	0	0	0	0	0	0	0	0	46	41	0	2.9604799716597	2.55473646683021	4.0700714889809
32	C	0.0	0.0	62	150	0	0	0	0	0	1	3	0	0	0	0	5	75	12	F	0	73	E	11	78	180	37	12	0	2	0	0	78	38	580	75	0	7	8	0	2	6	46	13	4	0	0	0	0	0	0	0	0	0	2	46	40	0	6.95614730770982	6.46336901123807	12.9139868789495
19	C	20.0	3.0	65	145	0	0	0	0	0	0	0	0	1	0	1	12	75	10	J	1	87	E	13	80	159	20	12	0	0	0	0	82	36	400	61	1	2	9	3	0	4	60	19	0	0	0	0	0	0	0	0	0	0	0	46	41	0	0.741346962678644	1.34821413434498	2.77246531884633
22	C	0.0	0.0	64	125	0	0	0	0	0	2	0	0	0	0	1	14	75	10	J	1	80	E	11	60	147	22	14	0	0	0	0	80	31	400	55	1	9	10	0	2	3	58	16	0	0	0	0	0	0	0	0	0	0	0	45	44	0	1.50492763963966	2.07948908587192	5.70665893417385
28	C	0.0	8.0	63	125	0	0	0	0	0	1	0	0	0	0	0	17	55	13	L	1	87	E	12	74	145	36	17	0	0	0	0	79	39	360	68	1	9	9	2	0	8	64	15	0	0	0	0	0	0	0	0	0	0	0	47	41	0	0.356215358213396	1.27713794079925	4.77798572488409
33	C	10.0	15.0	62	150	0	0	1	0	0	0	2	0	0	0	0	16	75	7	J	1	73	E	13	95	174	54	12	0	0	0	0	77	31	410	52	0	9	9	2	0	8	62	16	0	0	0	0	0	0	0	0	0	0	0	43	37	0	0.0925154967011547	0.858958904601025	2.56728785552975
20	C	10.0	2.0	59	92	0	0	0	0	0	0	1	0	0	0	1	12	85	7	J	1	60	E	13	62	118	26	8	0	0	0	0	77	35	460	59	1	5	8	3	0	5	58	16	0	0	0	0	0	0	0	0	0	0	0	47	39	0	2.75491820697015	0.749382196811143	2.81153380964396
17	C	10.0	4.0	63	102	0	0	0	0	0	0	0	0	0	0	0	10	15	7	J	1	25	E	11	70	120	23	11	0	0	0	0	82	35	470	61	0	8	9	3	0	10	61	16	0	0	0	0	0	0	0	0	0	0	0	46	40	0	3.69597733181967	2.29720495413203	5.37129761128698
28	C	0.0	0.0	63	160	0	0	0	0	0	0	0	0	0	0	0	12	55	15	J	1	67	E	12	80	163	35	12	1	0	0	0	83	39	460	56	1	9	9	2	0	6	65	18	0	0	0	0	0	0	0	0	0	0	0	46	39	0	0.184391378435825	0.944970106537887	4.65719037155828
20	C	8.0	4.0	66	115	0	0	0	0	0	1	1	0	0	0	0	14	75	10	J	1	73	E	13	70	142	25	12	0	0	0	0	81	36	500	66	0	8	9	0	3	3	75	22	0	0	0	0	0	0	0	0	0	0	0	45	40	0	-5.35461494321243	-5.43602418189812	-1.75222851571394
26	C	40.0	1.0	69	173	0	0	0	0	0	0	1	0	1	0	0	8	45	10	J	1	60	E	14	70	201	32	11	0	0	0	0	80	31	460	85	1	8	9	2	0	8	63	18	0	0	0	0	0	0	0	0	0	0	0	47	44	0	-0.0697615154325215	1.45341904366053	4.59125674753986
22	C	0.0	0.0	66	105	0	0	0	0	0	1	1	0	1	0	0	12	35	10	H	1	53	E	18	78	144	25	12	0	1	0	0	84	36	330	64	1	5	9	0	3	6	62	16	0	0	0	0	0	0	0	0	0	0	0	46	45	0	0.782000308426204	1.6643057601214	6.81818528994383
19	C	2.0	3.0	63	122	0	0	1	1	0	0	0	0	0	0	0	12	55	7	J	1	43	E	12	68	148	20	9	0	0	0	0	81	32	275	57	1	8	8	2	0	6	66	18	0	0	0	0	0	0	0	0	0	0	0	46	43	0	-1.90827896254382	-2.11016452315569	0.545579588764419
28	C	0.0	0.0	61	120	0	0	1	1	0	0	0	0	0	0	1	12	85	7	J	1	83	E	11	78	136	28	12	0	0	0	0	90	33	460	74	0	7	8	3	0	3	46	13	0	0	0	0	0	0	0	0	0	0	0	45	39	0	4.68633014472327	4.05246391518965	5.00324614606368
26	C	0.0	0.0	64	174	0	0	0	0	0	1	2	0	0	0	0	12	45	12	J	1	70	E	11	78	175	35	12	0	0	0	0	82	32	670	56	0	9	9	2	0	3	42	12	0	0	0	0	0	0	0	0	0	0	0	46	41	0	8.92991401080522	7.8286980265944	9.79915112776935
29	C	0.0	0.0	65	144	0	0	0	0	0	1	0	0	1	1	0	12	45	15	J	1	70	E	12	80	167	38	12	0	0	0	0	77	33	545	66	0	9	9	2	0	2	55	21	0	0	0	0	0	0	0	0	0	0	0	47	41	0	2.72049245565902	3.72433614022608	5.90333211161382
20	C	20.0	10.0	61	120	0	0	0	0	0	0	2	0	0	0	0	8	35	15	J	1	57	E	11	60	139	21	12	0	0	0	0	81	37	270	75	1	9	9	2	0	3	61	18	0	0	0	0	0	0	0	0	0	0	0	46	41	0	1.40764592192448	1.9108278064892	4.74729263420153
21	C	0.0	3.0	60	113	0	0	0	0	0	0	0	0	0	1	0	13	45	10	D	1	83	E	12	84	131	23	17	0	0	0	0	77	28	290	42	0	9	9	4	0	11	44	12	0	0	0	0	0	0	0	0	0	0	0	45	34	0	6.4945346915761	8.59258779538184	12.1353586493643
24	C	0.0	1.0	61	122	0	0	0	0	0	0	2	0	0	0	0	13	75	12	D	1	93	E	12	80	138	25	18	2	0	0	0	80	29	400	59	1	8	9	2	0	9	60	20	1	0	0	0	0	0	0	0	0	0	0	46	38	0	3.84443777881404	2.90203549941609	6.32332518445748
18	C	20.0	4.0	64	112	0	0	0	0	0	0	0	0	0	0	0	11	45	10	J	1	40	E	12	78	132	21	9	0	0	0	0	78	39	510	62	1	9	9	2	0	3	55	16	0	0	0	0	0	0	0	0	0	0	0	46	40	1	6.29391856887842	3.5628757540864	5.43855674984825
23	C	20.0	8.0	63	110	0	0	0	0	0	0	0	1	0	0	0	12	75	6	J	1	70	E	12	80	133	25	12	0	0	0	0	79	37	475	69	1	9	9	3	0	2	61	21	0	0	0	0	0	0	0	0	0	0	0	47	42	0	-1.03632060664308	-0.752613067139752	-1.62495604252254
17	C	30.0	6.0	61	110	0	0	0	0	0	0	0	1	0	0	0	9	25	10	J	1	37	E	11	40	145	21	11	0	0	0	0	82	39	550	83	0	8	9	3	0	8	56	16	0	0	0	0	0	0	0	0	0	0	0	45	41	1	8.00262234605334	4.54726365135639	8.11659508188611
18	C	0.0	5.0	61	130	0	0	2	0	0	0	0	2	1	0	0	9	55	10	J	1	53	E	11	76	165	22	11	0	0	0	0	76	31	530	75	1	8	8	2	2	3	56	16	0	0	0	0	1	0	0	0	0	0	1	46	40	0	1.51997177099149	1.85715580637655	4.50979552438821
18	C	0.0	5.0	61	130	0	0	2	0	0	0	0	2	1	0	0	9	55	10	J	1	53	E	11	76	165	22	11	0	0	0	0	81	33	580	61	1	8	9	3	3	6	65	20	0	0	0	0	0	0	0	0	0	0	0	46	40	1	4.42844783355456	0.218728185296296	2.89546538030961
24	C	3.0	5.0	69	123	0	0	0	0	0	0	0	0	1	0	1	18	45	7	J	1	83	E	12	68	140	24	17	0	0	0	0	80	36	230	37	0	9	9	0	2	9	57	19	0	0	0	0	0	0	0	0	0	0	0	44	41	0	5.05907206308192	3.10786999480657	7.38738226597531
25	C	0.0	0.0	67	125	0	0	0	0	1	0	1	0	1	0	1	12	35	8	J	1	77	E	14	78	151	27	17	0	0	0	0	82	33	440	51	0	8	9	0	3	4	53	15	0	0	0	0	0	0	0	0	0	0	0	46	41	0	3.02293536348186	3.77134454757726	7.11439772496022
22	C	8.0	5.0	64	120	0	0	0	0	0	1	3	0	2	0	1	15	95	3	B	1	73	B	10	80	138	23	12	0	0	0	0	66	29	340	44	0	6	9	3	0	3	64	16	5	0	0	0	0	0	0	0	0	0	2	46	32	0	-4.28162990381923	-3.54984427674328	-6.67202643094061
29	C	10.0	2.0	65	129	0	0	0	0	0	0	0	0	1	0	0	12	35	10	J	1	70	E	13	60	150	29	12	0	0	0	0	82	27	500	84	0	9	9	3	0	3	60	19	0	0	0	0	0	0	0	0	0	0	0	43	43	0	-0.487145700416476	1.24820312156535	2.57757460290091
17	C	20.0	2.0	63	112	0	0	0	0	0	0	0	0	0	0	0	11	75	20	J	1	70	E	13	79	134	18	10	0	0	0	0	77	28	380	57	0	8	9	2	0	3	62	16	0	0	0	0	0	0	0	0	0	0	0	44	42	0	2.5366694960015	1.93633584933115	5.39702883622596
21	C	3.0	8.0	59	84	0	0	0	0	0	5	0	0	0	0	0	12	35	10	J	1	43	E	13	80	107	22	12	0	0	0	0	80	39	395	59	1	9	9	2	0	3	48	14	0	0	0	0	0	0	0	0	0	0	0	45	39	1	6.01860538829964	5.94584465491521	7.78920011501325
22	C	10.0	11.0	64	98	0	0	0	0	0	1	1	0	0	0	0	10	55	10	J	1	63	E	14	60	112	24	12	1	0	0	1	78	25	290	52	1	8	9	3	0	4	60	19	0	0	0	0	0	0	0	0	0	0	0	45	40	0	1.16265854763504	1.65173623815173	3.49630467319021
23	C	0.0	0.0	64	115	0	0	0	0	0	0	0	0	1	0	1	12	75	10	G	1	70	B	14	70	128	21	12	0	0	0	0	84	32	350	56	1	3	8	4	0	7	50	14	0	0	0	1	0	0	0	0	0	0	2	46	35	0	3.73869037757382	4.87240695066576	8.60896993026283
17	C	10.0	2.0	69	101	0	1	0	0	0	0	1	0	0	0	0	9	55	8	J	1	53	E	12	58	116	22	10	0	1	0	0	74	25	275	51	1	8	8	3	0	12	61	18	0	0	0	0	0	0	0	0	0	0	0	46	40	0	11.7500423580693	12.3721682148124	5.44559046375582
23	C	18.0	5.0	62	120	0	0	0	0	0	0	0	0	0	0	0	12	75	10	J	1	73	E	12	70	138	22	12	0	0	0	0	83	41	450	59	0	9	9	2	0	7	61	18	0	0	0	0	0	0	0	0	0	0	0	44	44	0	1.75047817325614	1.89848006160687	4.53632801814968
25	C	20.0	7.0	62	120	0	1	0	0	0	0	1	0	1	0	0	12	55	8	J	1	63	E	12	86	148	24	12	0	0	0	0	80	38	475	57	0	7	9	3	0	1	71	22	0	0	0	0	0	0	0	0	0	0	0	45	45	0	7.5756016209872	6.07740512154084	-5.68206877224304
19	C	0.0	2.0	54	105	0	0	0	0	0	3	1	0	0	1	0	9	35	10	J	1	33	E	12	60	111	22	8	0	1	0	0	77	35	360	20	0	8	9	3	0	6	56	16	0	0	0	0	0	0	0	0	0	0	0	43	38	0	4.1061911855726	4.13573991450484	7.19936171019516
19	C	40.0	3.0	62	144	0	0	0	0	0	1	0	0	1	1	0	12	35	15	J	1	33	E	13	88	152	22	9	0	0	0	0	78	31	470	59	1	9	9	0	2	1	54	16	0	0	0	0	0	0	0	0	0	0	0	45	41	1	9.99203463477465	4.29502655932226	9.05848905643417
25	C	0.0	0.0	64	123	0	0	0	0	0	1	0	0	0	0	0	17	35	7	L	1	77	E	10	54	141	26	17	0	0	0	0	79	35	490	49	0	5	8	0	2	7	50	15	0	0	0	0	0	0	0	0	0	0	0	46	38	0	2.1802599955541	4.09859691440779	8.97374656246421
29	C	0.5	11.0	64	120	0	0	1	0	0	2	1	0	0	0	1	17	35	7	I	1	77	E	12	64	141	25	17	0	0	0	0	82	39	460	73	1	9	9	2	0	7	62	18	0	0	0	0	0	0	0	0	0	0	0	45	39	0	-0.887488253216992	0.584600323575314	1.94400689054836
26	C	4.0	7.0	62	112	0	0	0	0	0	0	0	0	0	0	0	12	55	15	J	1	67	B	13	65	135	27	12	0	0	0	0	80	33	450	38	1	7	9	3	0	6	45	13	0	0	0	0	0	0	0	0	0	0	0	44	48	0	9.45800236372542	8.33641491434117	12.1126875117938
24	C	35.0	8.0	63	122	0	0	0	0	0	0	1	0	0	0	0	12	75	6	J	1	70	E	13	80	151	29	12	0	0	0	0	78	40	500	61	0	8	9	3	0	2	49	14	0	0	0	0	0	0	0	0	0	0	0	46	44	0	4.30069351651387	3.68216940801982	2.84825710062545
25	C	25.0	9.0	63	127	0	0	0	0	0	1	2	0	0	0	0	12	65	8	J	1	67	E	12	70	142	30	12	0	0	0	0	79	35	390	37	0	3	9	2	0	8	65	21	0	0	0	0	0	0	0	0	0	0	0	45	42	0	1.09700082905503	-0.0217188276212208	2.24057153379881
33	C	20.0	18.0	63	137	4	0	0	0	0	0	0	0	0	0	0	12	45	12	J	1	50	E	13	80	165	35	12	0	0	0	0	77	26	450	98	0	9	9	3	0	5	72	22	0	0	0	0	0	0	0	0	0	0	0	45	41	0	-6.3971701905738	-2.81253619897629	0.154945315263955
41	C	0.0	0.0	64	150	0	0	0	0	0	0	3	0	1	0	1	12	65	10	J	1	77	E	14	72	169	41	12	0	0	0	0	79	30	440	54	0	9	9	2	0	3	56	16	0	0	0	0	0	0	0	0	0	0	0	46	41	0	2.24676112283103	2.71896094913348	3.9392030728049
29	C	0.0	2.0	60	156	0	0	0	1	0	1	1	0	0	0	1	9	35	7	J	1	33	E	9	90	164	22	8	0	1	0	0	84	29	390	64	0	7	7	2	0	3	64	20	0	0	0	1	0	0	0	0	0	0	2	46	41	0	-2.12901076912244	-1.96296111187749	-0.187933202589352
31	C	1.0	14.0	60	166	0	0	3	1	0	1	1	1	1	0	1	9	75	10	J	1	40	E	9	95	172	24	7	0	1	0	0	78	32	450	46	0	9	9	2	0	1	64	21	0	0	0	0	0	0	0	0	0	0	0	45	43	0	-3.12087729462649	-0.829820570786191	0.0264301081300351
29	C	0.0	0.0	62	121	0	0	0	0	1	0	0	0	0	0	0	5	45	8	F	1	60	E	13	70	148	31	12	0	0	0	0	76	35	520	76	1	9	9	0	2	6	54	17	0	0	0	0	0	0	0	0	0	0	0	46	39	0	4.29237220287782	4.16832860207824	8.48078816346559
21	C	0.0	6.0	63	105	0	0	0	0	0	0	1	0	0	0	0	14	15	13	G	1	43	E	13	70	126	23	12	0	0	0	0	81	31	330	48	1	10	9	2	0	7	58	18	0	0	0	0	0	0	0	0	0	0	0	47	41	0	6.42161587917786	4.07264519684409	8.0895646731829
44	C	0.0	0.0	61	157	0	0	0	0	0	4	0	0	0	0	0	12	75	10	J	1	60	E	13	60	180	45	8	0	0	0	0	83	38	450	77	1	5	9	3	0	13	53	15	0	0	0	0	0	0	0	0	0	0	0	46	40	0	6.63790408988989	6.3095417033386	10.6747962454794
22	C	0.0	0.5	64	116	0	0	0	0	0	0	0	0	0	0	0	16	55	7	K	1	87	E	12	78	132	26	17	0	0	0	0	84	41	330	53	1	10	10	3	0	5	65	16	0	0	0	0	2	0	0	0	0	0	2	45	38	0	-0.730585696619676	-1.32023737496914	-0.766847173256497
23	C	0.0	2.0	62	102	0	0	0	0	0	0	0	0	1	1	0	17	25	7	N	1	63	E	12	60	125	23	14	0	0	0	0	82	38	360	72	0	4	9	0	2	4	52	16	3	0	0	1	0	0	0	0	0	0	1	46	40	0	3.49263633611458	3.97703738360105	7.10892313741484
25	C	0.0	0.0	64	144	0	0	0	0	0	0	1	0	0	0	0	12	65	10	J	1	67	E	13	70	158	26	12	0	0	0	0	73	28	440	49	0	7	9	0	2	3	48	15	0	0	0	0	0	0	0	0	0	0	0	44	40	0	6.82467407475949	5.80451721588619	9.69031094032092
23	C	5.0	4.0	63	128	1	1	0	1	0	0	1	0	1	0	1	11	65	5	J	1	67	B	12	78	146	28	12	0	1	0	0	83	31	325	68	0	9	9	2	0	6	58	16	5	0	0	0	0	0	0	0	0	0	1	44	40	0	11.4175685880839	12.1385976297867	0.745483912078358
25	C	7.0	9.0	63	127	1	1	0	0	0	0	1	0	0	0	1	11	65	8	J	1	67	B	13	80	138	30	12	0	0	0	0	82	28	340	27	1	8	9	3	0	7	58	18	0	0	0	0	0	0	0	0	0	0	0	45	40	0	12.9776738406562	13.5535893439696	4.1255200628234
26	C	20.0	9.0	60	88	0	0	0	0	0	1	0	0	0	0	0	11	35	9	J	1	40	E	12	70	113	30	9	0	0	0	0	75	33	400	92	1	9	9	2	0	3	71	22	0	0	0	0	0	0	0	0	0	0	0	46	39	1	-1.83841354394504	-3.46077076674933	-1.99199479549549
29	C	0.0	0.0	66	120	0	0	1	0	0	0	0	0	0	0	1	12	55	20	L	1	67	E	13	72	147	22	11	0	0	0	0	80	27	410	67	0	3	8	2	0	2	57	16	0	0	0	0	0	0	0	0	0	0	0	44	41	0	2.33222416362551	2.44737496312388	6.53948147804401
41	C	0.0	0.0	65	140	0	0	0	0	0	1	1	0	1	0	0	12	65	10	J	1	67	E	12	76	162	44	12	0	1	0	1	82	39	400	68	0	6	9	2	0	3	61	19	0	0	0	0	0	0	0	0	0	0	0	47	39	0	0.670462507780141	0.879500356042143	2.25799983253618
21	C	30.0	7.0	62	115	0	0	0	0	0	0	0	0	0	0	0	8	45	13	J	1	70	E	13	66	160	22	12	0	0	0	0	81	33	510	53	0	9	10	2	1	8	56	16	0	0	0	0	0	0	0	0	0	0	0	46	44	0	4.85547566280688	4.71865150516221	8.54483134542814
18	C	0.0	1.0	61	115	0	0	0	0	0	2	0	0	1	0	0	14	75	10	I	1	93	E	12	50	134	18	13	0	0	0	0	82	36	410	42	1	9	9	1	3	9	56	14	4	0	0	0	0	0	0	0	0	0	1	46	36	0	5.39709196869312	4.21142592022673	9.52462101002402
20	C	0.0	1.0	62	115	1	0	0	0	0	1	0	1	1	0	1	12	25	10	I	1	70	E	12	70	130	20	15	0	0	0	0	78	31	420	46	0	7	9	0	3	1	50	16	0	0	0	0	0	0	0	0	0	0	0	43	39	0	4.09426338736314	4.31542842580333	7.15463066166117
27	C	0.0	0.0	66	170	0	0	0	1	0	1	1	0	0	0	0	7	75	16	J	1	57	E	12	60	178	28	9	1	0	0	0	77	37	510	62	1	9	9	3	0	3	67	19	0	0	0	0	0	0	0	0	0	0	0	47	42	0	1.86715032757966	-0.533324440874657	2.47662773073847
21	C	30.0	5.0	66	160	0	0	0	0	0	0	1	0	1	0	0	11	85	5	J	1	83	E	10	90	189	25	14	0	0	0	0	81	33	490	68	0	9	9	3	0	6	59	16	0	0	0	0	0	0	0	0	0	0	0	46	46	0	1.08535477853234	0.638361049028621	0.398210102654154
43	C	1.0	2.0	61	140	0	0	0	0	0	0	0	0	0	0	1	9	55	10	J	1	33	E	14	70	167	41	7	0	1	0	0	77	29	265	61	0	3	8	2	0	3	53	16	5	0	0	1	0	0	0	0	0	0	1	42	42	0	3.956555476372	3.21218051678455	6.22950332433673
31	C	0.0	0.0	66	145	0	0	0	0	0	0	2	0	2	0	0	5	45	8	F	1	37	E	14	80	166	34	5	0	0	0	0	73	35	395	55	0	9	9	0	3	4	55	18	0	0	0	0	0	0	0	0	0	0	0	45	41	0	2.33325073538037	3.55527455186421	7.59765462443161
35	C	10.0	19.0	65	116	0	0	0	0	0	1	0	0	1	0	0	12	55	12	J	1	63	E	11	66	140	41	12	0	0	0	0	81	38	640	52	0	8	9	2	0	2	57	17	0	0	0	0	0	0	0	0	0	0	0	49	39	0	2.61161361663439	2.5707129818176	4.17176551856773
19	C	3.0	2.0	66	132	0	0	0	0	0	0	0	0	0	0	1	12	45	5	J	1	70	E	12	68	164	19	12	0	0	0	0	87	30	320	50	1	8	9	2	0	3	56	15	0	0	0	0	0	0	0	0	0	0	0	46	40	0	1.29425048984478	1.10633739864722	0.037387921829712
21	C	0.0	3.0	66	156	0	0	0	0	0	0	0	0	2	0	0	12	45	8	J	1	70	E	11	70	175	21	12	0	0	0	0	86	41	340	48	1	6	7	3	0	10	51	16	0	0	0	0	0	0	2	0	0	0	0	48	38	0	5.41379090705918	4.64221796387027	8.42153118232721
34	C	20.0	13.0	63	128	0	0	0	0	0	1	0	0	0	1	0	11	55	12	J	1	63	E	15	72	151	34	12	0	0	0	0	82	30	450	57	1	8	10	2	0	5	65	20	0	0	0	0	0	0	0	0	0	0	0	44	40	0	1.23086959024263	0.247597200689186	3.01376609368791
23	C	10.0	5.0	62	125	0	0	0	0	0	0	0	0	0	0	0	11	15	10	J	1	43	E	12	70	154	22	12	0	0	0	0	84	35	470	46	0	9	9	3	0	4	61	18	0	0	0	0	0	0	0	0	0	0	0	47	41	0	1.97464602349067	1.50014475165827	3.69449676745463
19	C	20.0	5.0	64	150	0	0	0	0	0	0	0	0	0	0	1	14	55	4	J	1	63	E	12	60	158	23	11	0	0	0	0	80	35	565	58	1	9	9	3	0	2	54	16	0	0	0	0	0	0	0	0	0	0	0	46	42	0	0.757838823807391	0.981175896170486	-1.24780838550558
20	C	20.0	3.0	64	145	0	0	0	0	0	0	0	0	0	0	0	12	45	8	J	1	60	E	12	70	169	25	11	0	0	0	0	79	36	530	50	1	6	9	3	0	2	55	16	0	0	1	0	0	0	0	0	0	0	0	47	41	0	3.76799607856029	2.42148719089809	2.74920726619902
22	C	20.0	6.0	64	152	0	0	0	0	0	0	1	0	0	0	0	12	25	17	J	1	37	E	12	60	174	26	11	0	0	0	0	82	37	555	47	1	9	10	2	0	4	57	16	0	0	0	0	0	0	0	0	0	0	0	46	41	0	6.07327215344703	4.33435571925616	8.30905316855339
39	C	0.0	0.0	64	169	0	0	0	0	0	0	0	0	1	0	0	9	55	7	I	1	43	B	13	68	187	43	7	0	0	0	0	82	32	475	54	1	6	9	1	1	6	46	14	0	0	0	0	0	0	0	0	0	0	0	45	41	0	6.00319696838339	6.74737361400132	10.9238138106509
23	C	13.0	9.0	62	107	0	0	0	0	0	0	0	0	0	0	0	10	55	10	J	1	63	E	14	54	130	25	11	0	0	0	0	77	34	380	52	0	9	9	2	0	4	68	22	0	0	0	0	0	0	0	0	0	0	0	43	41	0	-1.74975684355716	-1.79134310612531	0.0233885015425246
22	C	20.0	5.0	61	115	0	0	0	0	0	0	0	0	0	0	0	12	35	7	J	1	57	E	13	60	135	21	12	0	0	0	0	87	32	325	65	1	8	8	3	0	10	66	19	0	0	0	0	0	0	0	0	0	0	0	46	38	0	0.115257238501142	-1.41524650745981	2.08174142809973
25	C	5.0	8.0	61	120	0	0	0	0	0	0	1	0	1	0	0	12	75	10	J	1	73	E	13	64	147	24	12	0	0	0	0	81	38	560	63	1	8	9	3	0	5	56	18	0	0	0	0	0	0	0	0	0	0	0	45	39	0	4.35406744207583	3.36687324260165	5.40157060882386
25	C	0.0	0.0	63	125	0	0	0	0	0	1	0	0	0	0	0	12	35	18	B	1	23	B	12	80	155	39	5	3	1	0	0	83	32	460	65	1	7	9	3	0	4	59	19	0	0	0	0	0	0	0	0	0	0	0	46	37	0	4.6061574864221	3.85561975376299	8.24422592586174
38	C	2.0	24.0	66	141	0	1	0	0	0	0	0	2	0	0	0	10	75	10	J	1	60	E	14	78	156	42	10	0	0	0	0	79	38	460	67	1	9	9	0	2	7	59	16	0	0	0	0	0	0	0	0	0	0	0	46	38	0	13.5027272583442	13.9393192532646	7.84197212604916
35	C	13.0	15.0	60	126	0	0	0	0	0	0	0	0	0	0	0	14	45	8	L	1	83	E	11	80	149	32	17	0	2	0	0	76	28	490	98	1	8	9	0	2	3	67	21	0	0	0	0	0	0	0	0	0	0	0	44	40	0	-2.37688906030219	-2.26605887431758	0.530910331460697
28	C	20.0	10.0	64	119	0	0	0	0	0	0	0	0	0	0	0	9	55	10	J	1	67	E	14	70	134	34	12	0	0	0	0	79	33	380	65	0	8	9	3	0	3	61	16	0	0	0	0	0	0	0	0	0	0	0	44	40	0	0.017306974266867	0.879500356042143	2.25799983253618
21	C	20.0	5.0	65	100	0	0	2	0	0	0	0	0	0	0	0	12	35	10	J	1	47	E	13	68	125	23	11	0	0	0	0	76	22	400	52	1	3	9	3	0	7	62	18	0	0	0	0	0	0	0	0	0	0	0	45	38	0	1.95247723783895	1.81566865708295	4.90784803432894
36	C	20.0	21.0	63	106	0	0	0	0	0	0	0	2	0	0	0	11	65	17	E	1	63	E	12	74	120	37	11	0	0	0	0	76	31	460	69	1	9	9	2	0	3	51	15	0	0	0	0	0	0	0	0	0	0	0	44	39	0	6.63393813391722	5.86425429329833	9.0055410828757
24	C	0.5	10.0	64	220	0	0	0	0	0	0	1	0	1	0	0	12	45	8	J	1	50	E	14	92	227	29	8	0	0	0	0	79	31	490	47	1	6	9	3	0	9	59	15	0	0	0	0	0	0	0	0	0	0	1	46	42	0	3.30387474786147	2.90662835202443	5.75291134129634
26	C	0.0	6.0	61	122	0	0	0	0	0	0	0	0	0	0	1	12	75	10	J	1	87	B	12	70	136	30	12	0	0	0	0	76	27	430	56	1	9	9	3	0	3	52	16	0	0	0	0	0	0	0	0	0	0	0	46	38	0	3.15832965472375	4.04401285273595	5.10210329438327
28	C	40.0	10.0	62	119	0	0	0	0	0	1	2	0	1	0	0	12	65	8	A	1	53	E	18	60	140	35	9	0	1	0	0	79	26	655	50	1	7	9	2	0	3	71	22	0	0	0	0	0	0	0	0	0	0	0	46	41	1	-2.84135148396012	-3.90703775065392	-3.0654711928841
24	C	0.5	4.0	67	116	0	0	0	0	0	0	0	0	1	0	1	16	45	4	L	1	83	E	12	68	134	24	15	0	0	0	0	79	25	490	71	0	7	5	0	3	3	57	17	0	0	0	1	0	0	0	0	0	0	1	45	39	0	-2.2304471605835	-1.03219315003114	0.304385039843685
25	C	0.5	6.0	67	126	0	0	0	0	0	0	1	0	0	0	0	16	45	8	L	1	77	E	12	80	141	25	12	0	0	0	0	73	27	485	38	0	9	9	0	2	5	51	15	0	0	0	0	0	0	0	0	0	0	0	46	39	0	4.84850389029701	4.75252321271639	8.45379062128632
27	C	20.0	10.0	64	125	0	0	0	0	0	0	2	0	0	0	0	12	55	12	J	1	73	E	14	60	137	27	12	0	0	0	0	82	35	450	42	0	8	10	3	0	4	45	15	0	0	0	0	0	0	0	0	0	0	0	44	40	0	6.75400693246802	7.22969585530792	9.53221260942398
25	C	0.0	0.0	66	171	0	0	0	0	0	0	1	0	0	0	1	12	105	7	J	1	93	E	13	70	190	31	18	0	0	0	0	78	28	530	49	1	9	9	0	3	6	52	15	0	0	0	0	0	0	0	0	0	0	0	45	39	0	4.34507306474582	4.13892911484211	7.42004285045836
27	C	0.0	0.0	67	170	0	0	0	0	0	0	0	0	0	1	0	12	25	10	J	1	70	E	13	72	198	32	18	0	0	0	0	79	28	460	62	1	8	10	3	0	5	57	18	0	0	0	0	0	0	0	0	0	0	0	47	39	0	2.72324110044228	3.02515972958909	5.10916327743346
26	C	0.0	0.0	61	125	0	0	0	0	0	0	1	0	0	0	0	14	45	20	C	1	77	A	14	92	139	25	12	0	0	0	0	79	29	360	63	0	6	9	0	2	3	50	17	1	0	0	0	0	0	0	0	0	0	2	45	39	0	6.27493856897269	6.528188419225	12.3714139779312
38	C	0.0	0.0	66	134	0	0	0	0	0	0	2	0	1	0	0	6	35	26	I	1	25	B	12	88	183	39	2	0	0	0	0	80	38	650	70	0	7	9	3	0	3	60	15	0	0	0	0	0	0	0	0	0	0	0	44	40	0	4.13505702304196	3.85785327138111	8.86804546301683
20	C	0.0	0.5	61	132	0	0	0	0	0	1	0	0	1	0	1	12	65	10	I	1	57	B	13	80	150	24	10	0	1	0	0	83	38	390	52	0	9	9	2	0	3	51	15	0	0	0	0	0	0	0	0	0	0	0	46	41	0	4.8432411319154	4.76975173132392	6.35680983321078
18	C	0.0	0.0	65	120	0	0	0	0	0	0	0	0	0	0	1	13	75	7	J	1	80	E	13	88	144	21	12	0	0	0	0	76	33	440	47	0	8	9	0	3	5	56	16	0	0	0	0	0	0	0	0	0	0	0	44	41	0	2.84854806657563	2.59315132720223	5.7665573916026
20	C	0.0	0.0	67	120	0	0	0	0	0	0	0	0	1	0	1	13	45	10	J	1	83	E	14	70	138	23	14	0	0	0	0	81	32	535	57	1	9	9	2	0	8	58	18	0	0	0	0	0	0	0	0	0	0	0	46	43	0	3.84172152662691	3.19582343434513	5.94800075780594
21	C	0.0	0.0	65	110	0	0	0	0	0	0	0	0	1	0	0	12	55	10	J	1	87	E	14	78	130	24	16	0	0	0	0	79	39	500	50	0	9	9	0	3	6	49	14	0	0	0	0	0	0	0	0	0	0	0	45	41	0	6.5496915194483	6.08178248125031	10.6811190695768
22	C	20.0	7.0	64	145	0	0	0	1	0	0	0	0	0	0	0	9	55	8	L	1	67	E	11	60	166	29	12	0	0	0	0	80	28	410	64	1	6	9	2	0	0	60	19	0	0	0	0	0	0	0	0	0	0	0	46	37	0	-1.4751931619217	-0.60651718542599	-1.67340546998744
23	C	20.0	8.0	64	152	0	0	0	0	0	0	0	0	0	0	0	9	55	10	L	1	57	E	11	70	172	30	10	0	0	0	0	70	22	470	56	1	8	8	3	0	7	46	15	0	0	0	0	0	0	0	0	0	0	0	45	35	1	8.48623118239673	6.32665362986118	10.3029885307948
23	C	40.0	7.0	63	108	0	0	0	0	0	0	1	0	0	0	0	10	35	13	J	1	37	E	12	74	143	35	11	0	0	0	0	78	30	510	31	1	6	9	3	0	5	53	15	0	0	0	0	0	0	0	0	0	0	1	44	38	0	6.36919982950474	5.51675432560624	9.0363620697039
24	C	40.0	8.0	64	110	0	0	0	1	0	0	1	0	0	0	0	11	45	13	J	1	43	E	12	60	154	38	11	0	0	0	0	84	36	360	52	0	9	9	3	0	5	67	22	0	0	0	0	0	0	0	0	0	0	0	44	40	1	2.58285677193055	-0.207211823118897	3.1567442262552
24	C	6.0	5.0	64	128	0	0	0	5	0	3	0	0	0	0	0	9	55	10	L	1	53	E	12	90	155	36	10	1	0	0	1	76	38	480	67	1	7	9	2	0	9	60	18	0	0	0	4	0	0	0	1	0	0	1	46	36	0	1.6002893336228	2.99385590724167	6.52864627990399
22	C	0.0	0.0	58	90	0	0	0	0	0	1	1	0	0	0	1	9	75	8	F	1	73	E	14	66	127	22	11	0	0	0	0	79	31	570	51	1	8	9	2	0	5	43	11	5	0	0	0	0	0	0	0	0	0	3	46	40	0	7.83852819666966	7.16288720876075	8.49003404576882
20	C	10.0	2.0	62	115	0	0	0	0	0	0	0	0	0	0	0	10	55	10	J	1	57	E	13	70	135	26	12	0	0	0	0	84	39	550	74	0	4	9	2	0	3	48	13	0	0	0	0	0	0	0	0	0	0	0	47	45	0	5.26875020604476	5.76700619102056	7.36270623989247
22	C	2.0	8.0	64	118	0	0	0	0	0	0	0	1	0	1	0	10	45	13	J	1	53	E	12	70	132	28	12	0	0	0	0	94	40	715	91	1	8	9	3	0	1	50	15	0	0	0	0	0	0	0	0	0	0	0	49	42	0	5.25343026669806	4.95927957186122	6.47144870939882
26	C	0.0	5.0	63	155	0	0	0	0	0	0	0	0	1	0	0	16	45	6	J	1	70	E	12	88	166	32	17	0	0	0	0	80	41	410	57	1	9	9	2	0	6	65	21	0	0	0	0	0	0	0	0	0	0	0	46	44	0	-3.01087024424931	-1.23101650965559	-0.60251872700101
29	C	0.0	0.0	62	118	0	0	1	0	0	1	1	0	1	0	1	13	45	10	H	1	50	B	14	54	147	30	11	0	0	0	0	81	27	325	42	0	9	9	3	0	4	59	16	0	0	0	0	0	0	0	0	0	0	0	46	40	1	2.33161705718539	2.21726116712469	4.29456123262279
45	C	20.0	27.0	64	132	0	0	0	0	0	1	2	0	0	0	0	12	45	10	J	1	70	E	13	90	149	49	12	2	4	0	1	77	27	345	70	1	4	8	3	0	6	65	20	0	0	0	0	0	0	0	0	0	0	0	45	38	0	-2.95956947628537	-1.1637416512168	2.22437694265505
21	C	0.0	0.5	64	137	0	0	1	0	0	0	0	0	0	0	1	12	75	8	I	1	70	B	12	50	173	22	12	0	0	0	0	86	40	560	83	0	8	9	0	3	3	53	14	0	0	0	0	0	0	0	0	0	0	0	44	41	0	3.7575061754456	3.54515812655547	6.61860396145873
23	C	0.0	0.0	64	154	0	0	4	0	0	3	0	1	1	0	0	12	85	10	I	1	70	B	18	68	161	24	12	0	0	0	0	83	36	360	70	0	4	8	1	1	4	60	20	0	0	0	0	0	0	0	0	0	0	0	45	40	0	-0.28958858371107	0.56110107794382	5.75933184684521
22	C	0.0	4.0	61	97	0	0	0	1	0	0	1	0	0	0	0	16	55	20	J	1	80	E	11	60	128	24	12	0	0	0	0	83	33	540	68	1	8	9	0	3	3	60	18	0	0	0	0	0	0	0	0	0	0	0	45	41	0	0.75751289197168	2.79465521299065	8.55338083123819
24	C	0.0	3.0	61	105	0	0	0	0	0	0	0	0	1	0	0	16	55	6	J	1	87	E	11	68	128	26	16	0	0	0	0	80	31	390	75	1	8	9	0	2	7	58	18	0	0	0	0	0	0	0	0	0	0	0	46	40	0	1.69493595604359	1.85249584895529	4.97295778114722
21	C	0.0	3.0	60	165	0	0	0	0	0	2	0	0	0	0	0	9	35	12	J	1	37	E	12	70	177	26	9	0	0	0	1	75	24	400	38	0	8	9	5	0	7	20	6	0	0	0	3	0	1	2	1	0	0	3	47	36	0	14.2211745056307	13.9137202657044	17.871338048909
21	C	0.0	0.0	61	130	3	0	0	0	0	0	0	0	0	0	0	12	35	8	H	1	47	B	13	80	145	25	12	0	0	0	0	81	39	340	47	1	9	10	2	0	5	60	18	0	0	0	0	0	0	0	0	0	0	0	46	32	0	-0.0661365610062639	1.61273917872248	3.34683892354997
31	C	0.0	12.0	66	102	0	1	0	0	0	1	1	1	0	0	0	12	95	8	J	1	70	E	13	56	144	37	16	1	0	0	1	81	36	350	55	0	7	9	2	0	2	68	22	0	0	0	0	0	0	0	0	0	0	0	47	40	0	6.79330446066	7.82393293414939	-3.50723430594556
41	C	10.0	26.0	63	160	0	0	0	1	0	0	4	1	1	0	0	12	75	10	D	1	70	E	13	76	174	40	12	1	0	0	1	81	37	470	76	1	8	9	3	0	7	65	19	0	0	0	0	0	0	0	0	0	0	0	44	42	0	-0.269838817598087	0.241967813844297	2.91772824917721
22	C	30.0	4.0	64	115	0	0	0	0	0	0	0	0	1	0	0	9	75	10	J	1	60	E	14	80	137	25	10	0	0	0	0	76	28	450	60	1	8	9	2	0	4	63	19	0	0	0	0	0	0	0	0	0	0	0	44	38	0	0.353875716956439	0.449408775119613	2.33602140800009
29	C	0.0	0.0	63	135	0	0	0	0	0	0	0	0	0	0	1	6	65	10	F	1	83	E	13	60	150	34	12	0	0	0	0	83	40	400	77	0	7	9	3	0	6	60	18	0	0	0	0	0	0	0	0	0	0	1	46	42	0	0.716235584548975	1.93958141082164	4.10779808744952
31	C	0.0	0.0	60	130	0	2	2	1	0	0	2	1	1	0	0	10	65	12	J	1	47	B	14	82	142	32	9	0	0	0	0	82	39	435	68	1	5	9	3	0	7	57	15	0	0	0	0	0	0	0	0	0	0	0	46	38	0	13.9012128927347	15.1346929316859	7.39528622921718
20	C	5.0	4.0	61	100	0	0	0	0	0	0	0	0	0	0	0	9	65	7	J	1	37	E	11	62	134	21	9	0	0	0	0	82	36	380	65	1	5	9	2	0	7	55	16	0	0	0	0	0	0	0	0	0	0	0	45	40	1	7.49225752020915	3.84661121457524	5.93548481833894
23	C	10.0	7.0	61	108	0	0	0	0	0	1	0	1	0	0	0	9	35	10	J	1	33	E	11	60	130	24	9	0	0	0	0	81	32	380	63	0	9	10	3	0	6	64	19	0	0	0	0	0	0	0	0	0	0	0	46	39	0	0.628778459579767	0.908964779531303	3.9446241836996
39	C	20.0	10.0	64	130	0	0	2	0	0	0	1	0	2	0	0	12	55	8	J	1	87	E	11	76	147	40	16	0	0	0	0	90	35	410	66	1	9	9	2	0	9	63	16	0	0	0	0	0	0	0	0	0	0	0	46	38	0	-0.472782104768429	0.797130196760227	2.9796148792155
19	C	2.0	3.0	62	122	0	0	0	0	0	2	1	0	1	0	0	11	35	8	J	1	43	E	11	80	147	22	12	0	0	0	0	79	38	435	80	0	9	10	3	0	4	50	15	0	0	0	0	0	0	0	0	0	0	0	43	49	1	7.86896094463513	5.07702399431505	6.56192651655104
21	C	20.0	8.0	66	150	0	0	0	0	0	0	1	0	0	0	0	12	55	10	J	1	47	E	11	48	171	21	10	0	1	0	0	85	38	525	65	0	9	9	2	0	0	71	20	0	1	0	0	0	0	0	0	0	0	0	44	42	0	-6.43142554595228	-4.67216926316338	-4.6833850482295
18	C	0.0	0.0	61	95	0	0	0	0	0	0	0	0	0	0	0	10	25	10	J	1	27	E	13	70	114	20	9	0	0	0	0	80	35	360	52	1	9	8	2	0	7	67	19	0	0	0	0	0	0	0	0	0	0	0	43	34	1	2.2064869931191	-1.26213019653233	3.17832902633395
22	C	0.0	1.0	60	98	0	0	0	0	0	0	0	1	1	0	0	11	35	10	J	1	33	E	13	96	119	24	9	2	0	0	0	83	29	510	72	1	6	9	2	0	1	58	18	0	0	0	0	0	0	0	0	0	0	0	47	37	0	-0.550741491810451	1.72091916563768	2.7232783682148
20	C	20.0	2.0	62	104	0	0	0	1	0	0	0	0	0	0	0	11	35	8	J	1	43	E	12	68	135	22	11	0	0	0	0	77	29	440	64	0	9	9	3	0	4	62	20	0	0	0	0	0	0	0	0	0	0	0	45	41	0	0.989435255717881	0.561175917691987	2.00694527858559
19	C	10.0	3.0	62	106	0	0	0	0	0	0	0	0	1	0	0	9	45	7	J	1	30	E	14	70	124	26	9	0	0	0	0	83	33	500	67	1	9	9	2	0	3	55	18	0	0	0	0	0	0	0	0	0	0	0	49	39	1	4.75768856377192	2.84192930689092	3.69125401362948
30	C	0.0	0.0	65	122	0	0	0	0	0	0	0	0	0	0	0	10	65	7	A	1	60	E	16	70	150	30	11	0	0	0	0	88	29	555	61	1	9	9	3	0	9	56	15	0	0	0	0	0	0	0	0	0	0	0	47	41	0	1.76552593384943	3.61421872399355	5.83426314679888
32	C	0.0	0.0	62	125	0	0	0	0	0	0	2	0	0	0	0	10	75	8	A	1	63	E	16	76	150	29	10	0	1	0	0	80	39	600	41	0	9	9	2	0	7	49	14	0	0	0	0	0	0	0	0	0	0	0	47	42	0	4.9081712290429	5.93454221318839	8.04136542696586
26	C	0.0	10.0	66	134	0	1	0	0	0	0	0	1	1	1	0	16	75	8	I	1	93	E	13	70	164	27	16	0	0	0	0	83	35	510	70	1	8	9	0	3	6	52	15	0	0	0	0	0	0	0	0	0	0	0	48	40	0	16.4446929810716	15.367950569115	7.67231271315901
21	C	0.0	0.0	68	175	0	0	0	0	0	0	0	0	0	0	1	15	35	7	J	1	77	E	13	58	195	24	13	0	0	0	0	81	30	520	51	0	9	9	2	1	7	56	17	0	0	0	0	0	0	0	0	0	0	0	44	40	0	3.49405045375499	2.96412924612855	4.34415618997548
32	C	0.0	0.0	64	139	0	0	1	0	0	2	1	0	1	0	0	12	35	10	J	1	53	E	13	70	154	34	12	0	2	0	0	81	36	450	54	1	8	9	3	0	6	58	20	0	0	0	0	0	0	0	0	0	0	0	49	39	1	4.82386291162739	3.11312099402609	5.81494024203375
36	C	0.0	0.0	64	134	0	0	0	0	0	0	0	0	0	0	0	9	55	16	J	1	67	E	14	80	149	37	12	0	1	0	0	81	35	380	69	1	8	9	0	3	3	48	13	0	0	0	0	0	0	0	0	0	0	0	49	42	0	5.64508244677116	6.84694148282517	12.2106177283844
25	C	30.0	9.0	63	107	0	0	0	0	0	1	3	0	0	0	0	12	75	12	J	1	87	E	12	70	133	28	12	0	0	0	0	80	32	500	46	0	9	9	2	0	3	67	21	0	0	0	0	0	0	0	0	0	0	0	45	39	0	-1.11943245560609	-1.54106748108409	0.0526808791250382
33	C	0.0	0.0	67	175	0	2	0	0	0	0	0	1	1	0	0	14	35	7	J	1	23	E	11	70	208	37	6	0	0	0	0	82	35	325	76	1	8	9	0	2	3	50	16	0	0	0	0	0	0	0	0	0	0	0	46	42	1	6.91645269790252	15.7653899667992	7.78524077036126
26	C	0.0	0.0	67	135	0	0	0	0	0	0	1	0	0	0	1	12	55	14	O	1	57	E	12	85	153	27	10	0	0	0	0	81	32	400	50	1	9	9	2	0	9	50	14	0	0	0	0	0	0	0	0	0	0	0	44	40	1	11.7077420934178	7.39338423754192	11.9598068229307
42	C	0.0	19.0	60	196	0	0	0	1	0	0	0	0	2	0	0	9	65	13	J	1	37	E	11	90	209	41	9	0	0	0	0	80	28	410	53	0	6	9	2	0	13	57	16	0	0	0	0	0	0	0	0	0	0	0	47	39	1	11.3959597421521	5.71773536252609	11.3172326891039
21	C	0.0	0.0	64	112	0	0	1	0	0	0	0	0	0	0	0	12	45	5	J	1	63	E	13	70	135	24	12	0	0	0	0	81	31	420	53	1	9	9	3	0	5	69	19	4	0	0	0	0	0	0	0	0	0	1	46	40	0	-3.18736675109209	-3.67076062739192	-3.91969555562726
23	C	35.0	9.0	63	125	0	1	0	0	0	0	0	0	1	0	0	12	55	10	J	1	53	E	13	80	156	26	10	0	0	0	0	81	33	510	61	1	9	9	3	0	3	59	16	0	0	0	0	0	0	0	0	0	0	0	46	38	1	2.90154917131997	12.7689124147575	2.96437216507098
33	C	25.0	18.0	62	118	1	0	0	4	0	0	1	0	0	0	0	10	45	12	J	1	50	E	14	80	139	40	10	0	1	0	0	82	40	370	56	0	8	9	4	0	3	68	21	0	0	0	0	0	0	0	0	0	0	0	44	41	0	-1.36702134196126	-1.52603588683911	0.713360679371065
24	C	0.0	0.0	61	139	0	0	0	0	0	0	0	0	1	0	1	5	75	8	F	1	47	E	14	85	169	27	5	0	0	0	0	82	34	525	58	0	9	9	0	2	5	60	17	0	0	0	0	0	0	0	0	0	0	0	46	40	0	0.954558945709661	1.77730669314054	5.97744787378221
23	C	0.0	0.0	62	135	0	0	0	0	0	1	0	0	0	0	1	12	55	10	J	1	67	E	13	80	149	26	10	1	0	0	0	80	30	600	64	0	8	9	2	0	6	47	14	0	0	0	0	0	0	0	0	0	0	0	48	37	0	7.57491927452568	6.81455863752499	9.30346181077785
25	C	0.0	0.0	61	142	0	0	0	1	0	4	1	0	0	0	0	12	35	10	J	1	37	E	13	68	159	28	8	1	0	0	0	82	31	400	60	0	5	7	0	2	6	58	16	0	1	0	2	0	0	0	0	0	0	0	48	38	0	2.5602605957747	2.31619864229673	8.77841356766655
33	C	0.0	0.0	63	208	0	0	0	0	0	0	1	0	0	0	0	15	45	10	J	1	83	E	13	88	223	42	16	0	0	0	0	79	32	410	61	1	6	10	1	2	0	55	19	0	0	0	0	0	0	0	0	0	0	0	46	42	0	1.44932954690417	1.81345960787776	3.69416212774011
38	C	0.0	0.0	62	145	0	0	0	0	0	0	0	1	1	0	0	16	55	12	I	1	87	B	13	64	154	38	18	0	1	0	0	80	32	315	31	0	1	2	4	0	7	58	14	0	0	0	3	0	0	0	0	0	0	1	44	33	0	3.15612412621296	2.16970113529884	6.17139114163314
21	C	0.125	7.0	60	126	0	1	0	0	0	0	2	0	0	0	0	9	45	10	J	1	43	E	14	80	140	26	9	0	0	0	0	85	40	510	62	1	9	9	2	0	7	63	20	0	0	0	0	0	0	0	0	0	0	0	48	39	0	11.3555869991997	12.3513438227504	4.07425435711503
24	C	0.0	0.0	60	110	0	0	0	0	0	0	0	1	0	0	1	6	65	7	F	1	60	E	14	60	132	26	10	0	0	0	0	82	38	430	68	0	7	9	0	3	6	60	12	0	0	0	0	0	0	0	0	0	0	0	44	42	0	1.90026242932999	1.54555580199573	5.37828442347305
26	C	0.0	0.0	60	115	0	0	0	0	0	0	0	1	0	0	1	8	85	10	F	1	77	E	14	80	134	28	13	0	0	0	0	82	34	475	60	0	9	10	1	1	10	60	16	0	0	0	0	0	0	0	0	0	0	0	44	38	0	1.67283037407745	3.05365645609805	8.8817138195655
22	C	30.0	8.0	68	135	0	0	0	0	0	1	0	0	0	0	1	10	65	7	J	1	60	E	12	68	146	24	10	1	1	0	0	78	28	260	57	1	9	9	3	0	6	52	16	4	0	0	0	0	0	0	0	0	0	1	45	37	0	4.77295249744127	4.3915364481377	5.78431225877166
23	C	30.0	10.0	67	145	0	0	0	0	0	3	0	0	0	1	0	10	35	8	J	1	47	E	12	70	158	26	10	2	1	0	1	74	27	470	57	1	9	10	3	0	5	53	16	0	0	0	0	0	0	0	0	0	0	0	47	38	0	4.89843940150924	4.27061199159761	6.02774416883846
34	C	0.0	16.0	68	165	0	0	0	0	0	0	1	1	0	0	0	12	65	10	H	1	67	B	15	78	194	43	12	0	0	0	1	81	41	565	62	0	6	9	3	0	3	58	16	0	0	0	0	0	0	0	0	0	0	0	46	38	0	3.99548244917405	2.07939959270168	3.46829708295217
21	C	5.0	1.0	62	126	0	0	0	0	0	0	2	0	0	0	1	12	35	10	J	1	60	B	14	72	146	23	10	0	0	0	0	85	35	500	56	1	8	9	1	2	6	56	16	0	0	0	0	0	0	0	0	0	0	0	46	37	0	4.76342169797582	3.95469118023989	9.00574521140789
22	C	5.0	5.0	62	115	0	0	0	0	0	0	0	0	0	0	1	12	65	15	J	1	73	B	14	80	140	24	10	0	0	0	0	80	30	485	62	1	9	9	3	0	9	54	18	0	0	0	0	0	0	0	0	0	0	0	46	40	0	4.83529527468123	5.94253830038096	10.4274803734741
39	C	1.0	22.0	61	90	0	0	0	0	0	0	1	0	1	0	0	7	45	20	A	1	40	E	14	80	116	41	9	0	3	0	0	81	37	370	76	1	9	9	3	0	3	66	20	0	0	0	0	0	0	0	0	0	0	0	46	43	1	4.64593111785579	0.597213503287393	4.5725531705224
29	C	15.0	9.0	62	115	0	0	0	0	0	0	1	0	0	0	0	16	45	13	B	1	83	E	12	72	138	30	17	0	1	0	0	77	31	455	57	0	9	9	0	3	2	62	20	0	0	0	0	0	0	0	0	0	0	0	44	40	0	0.288692706023044	0.66021854601893	4.61166540441852
24	C	0.0	7.0	64	220	2	0	0	0	0	0	0	0	1	0	0	12	35	10	J	1	27	E	11	90	212	27	9	0	0	0	0	79	32	450	56	1	9	9	3	0	9	56	17	0	0	0	0	0	0	0	0	0	0	0	47	39	1	9.05688382818949	4.88725889082257	8.898198696723
29	C	0.0	0.0	66	140	0	0	0	0	3	0	0	0	0	1	1	10	75	15	D	1	50	B	14	80	158	32	7	0	0	0	0	74	28	560	61	1	6	9	0	3	12	31	9	0	0	0	0	0	0	2	0	0	0	0	47	40	1	21.5380323136373	13.5311779498329	21.6569663963492
30	C	0.0	0.0	66	140	0	0	0	0	0	0	0	0	0	0	1	10	75	13	D	1	50	B	13	70	160	35	8	0	0	0	0	77	38	600	83	0	3	6	0	2	4	44	14	5	0	0	2	0	0	0	0	0	0	0	47	41	1	13.8646567474207	6.99670827949822	13.4354054375677
22	C	0.0	0.0	63	132	0	0	0	0	0	1	3	1	0	0	0	11	45	12	J	1	50	E	14	68	162	24	10	0	1	0	0	80	35	600	61	1	9	10	2	0	5	53	16	0	0	0	0	0	0	0	0	0	0	0	45	42	0	5.13723216670724	5.17224686694165	8.20892242816945
29	C	8.0	10.0	62	118	0	0	0	0	0	0	0	1	0	0	0	12	65	7	J	1	70	E	15	68	131	32	12	1	2	0	0	79	39	365	56	0	7	9	2	0	3	60	16	0	0	0	0	0	0	0	0	0	0	0	45	43	0	1.02399094321993	0.398388592036591	0.522947331362472
21	C	20.0	6.0	63	125	0	0	0	0	0	0	0	0	0	0	1	11	75	8	J	1	50	E	12	90	149	22	9	0	0	0	0	86	30	415	44	0	9	9	2	0	3	58	18	0	0	0	0	0	0	0	0	0	0	0	45	42	0	3.16485846826251	1.77023486729696	2.7136934922852
25	C	20.0	9.0	63	135	0	0	0	0	0	0	0	0	0	1	0	11	105	10	J	1	60	E	12	64	141	26	10	0	0	0	0	75	35	460	66	1	7	7	2	0	1	70	22	0	0	0	0	0	0	0	0	0	0	0	47	41	0	-4.61364547887275	-4.95575771335573	-3.46619466420855
20	C	0.0	0.0	60	100	0	0	0	0	0	1	1	0	0	0	0	12	35	7	J	1	57	E	11	80	118	22	12	0	0	0	0	84	29	450	83	0	1	9	3	0	2	47	16	0	0	0	1	0	0	0	0	0	0	2	45	40	1	5.2044850355493	4.87571046799423	4.82022386221351
31	C	0.0	0.0	65	123	1	0	0	0	0	0	0	1	1	0	0	18	75	8	J	1	73	E	12	70	138	37	12	0	0	0	0	85	40	315	57	1	10	10	1	2	5	55	15	0	0	0	0	0	0	0	0	0	0	0	45	38	0	2.68980241885149	3.37889441165038	7.13786549090913
32	C	40.0	16.0	67	117	0	0	0	0	0	0	0	0	0	0	0	11	45	20	J	1	63	E	16	88	138	37	12	0	2	0	0	82	35	490	51	0	6	9	2	0	6	69	22	0	0	0	0	0	0	0	0	0	0	0	44	36	0	-0.987255965066089	-0.202871489111963	4.42043392480257
19	C	15.0	3.0	64	130	0	0	0	0	0	0	1	0	0	0	1	12	75	5	J	1	50	E	11	70	145	21	11	0	0	0	0	80	38	400	57	0	8	8	2	0	5	60	19	0	0	0	0	0	0	0	0	0	0	0	44	40	1	-0.07354634704169	-0.767729460098467	0.256999828069453
23	C	20.0	7.0	63	131	0	0	0	0	0	0	1	1	0	0	0	12	55	13	J	1	57	E	12	70	129	25	11	0	0	0	0	46	16	405	47	1	2	5	3	0	8	59	18	5	0	0	2	3	0	0	0	1	0	1	41	37	0	2.01412796625022	2.55795615228253	7.61325813598575
21	C	0.0	0.0	63	119	0	0	0	0	0	0	0	0	0	0	0	15	105	10	L	1	93	E	13	70	137	21	17	0	0	0	0	81	33	400	49	0	9	9	0	2	4	55	15	0	0	0	0	0	0	0	0	0	0	0	43	41	0	3.18944784626201	3.36951238995767	7.17195683320351
22	C	0.0	0.0	62	116	0	0	0	1	0	0	1	0	3	1	0	16	45	10	L	1	83	E	13	70	125	23	18	0	1	0	0	84	37	390	52	1	9	9	0	3	5	52	16	0	0	0	0	0	0	0	0	0	0	0	46	39	0	6.4169202069218	4.85633532075692	9.19470455660614
21	C	0.0	0.0	63	111	0	0	0	0	0	0	0	0	0	0	1	12	35	7	J	1	57	E	14	72	139	24	12	0	0	0	0	84	34	380	66	0	9	9	3	0	5	48	14	1	0	0	0	0	0	0	0	0	0	1	46	41	1	6.71269609199064	5.51452225812039	6.64981930021625
21	C	10.0	5.0	68	147	0	0	0	0	0	1	0	0	0	0	1	14	25	20	J	1	70	E	11	64	166	28	13	0	0	0	0	80	31	460	83	1	9	9	0	3	3	65	21	0	0	0	0	0	0	0	0	0	0	0	46	41	0	2.06675207941665	0.819893303342159	6.7355268270562
23	C	0.0	1.0	62	120	0	0	1	2	0	0	0	0	1	0	1	12	75	10	J	1	80	E	13	72	139	27	12	0	0	0	0	82	40	260	85	1	8	9	4	0	2	72	21	5	0	0	0	0	0	0	0	0	0	1	46	41	0	-3.79751750183054	-4.56556112395689	-3.90660533132783
28	C	0.0	0.0	65	121	0	0	0	0	0	0	1	0	0	0	0	12	55	8	J	1	83	E	14	76	138	30	13	0	1	0	0	75	29	580	91	0	8	8	3	0	3	55	15	1	0	0	0	0	0	0	0	0	0	0	45	42	0	1.73519579265704	1.32424455228768	2.70838742094845
25	C	20.0	10.0	65	147	0	0	0	0	0	0	1	0	1	0	1	12	65	10	J	1	60	E	16	60	151	35	12	0	0	0	0	82	31	410	64	0	9	9	0	2	6	64	20	0	0	0	0	0	0	0	0	0	0	0	44	38	0	0.895111696972436	0.727916045266349	5.75100768491232
25	C	0.0	9.0	64	144	0	0	0	1	0	0	0	0	0	0	0	12	55	10	J	1	67	E	11	80	151	28	12	0	0	0	0	79	27	400	75	1	6	9	2	0	12	56	17	0	0	0	1	0	0	0	0	0	0	1	46	39	0	3.37899153309562	4.94739666151388	8.96231747578349
27	C	0.0	10.0	65	136	0	0	0	1	0	0	1	2	0	0	0	12	75	15	J	1	73	E	10	65	138	29	12	0	0	0	0	80	27	370	71	0	7	9	3	0	6	48	15	0	0	0	0	0	0	0	0	0	0	0	45	40	0	8.11279792309728	7.32390990307504	10.9868179373234
20	C	0.0	4.0	64	210	0	0	0	1	0	0	1	0	0	0	1	12	65	20	J	1	47	E	13	80	218	33	9	0	0	0	0	83	37	400	50	0	9	9	0	3	6	53	14	0	0	0	0	0	0	0	0	0	0	0	44	40	0	7.63182237417971	6.72736739496517	14.1559472389958
23	C	15.0	4.0	65	125	0	0	1	0	0	0	1	0	0	0	0	12	45	7	J	1	63	E	11	70	140	24	12	0	0	0	0	87	38	470	54	1	9	9	3	0	2	56	18	1	0	0	0	0	0	0	0	0	0	1	45	41	0	1.14121793735074	1.68609534728627	1.49797677969328
18	C	15.0	2.0	64	125	0	0	0	0	0	1	0	0	0	0	0	12	65	12	J	1	77	E	11	70	147	18	12	0	0	0	0	79	34	620	55	0	9	9	0	2	8	66	21	0	0	0	0	0	0	0	0	0	0	0	45	39	0	1.56067582664247	0.515722041115418	6.3975899867672
34	C	15.0	17.0	62	123	0	0	0	0	0	0	0	0	0	0	1	9	35	10	A	1	33	E	13	88	132	48	9	0	0	0	0	80	25	340	75	1	8	9	3	0	9	69	23	0	0	0	0	0	0	0	0	0	0	0	50	38	1	2.63738150766145	-0.653562794879727	3.20256079774223
38	C	0.0	0.0	62	125	0	0	0	0	0	0	2	0	1	0	1	12	65	10	J	1	63	E	12	80	142	41	10	0	0	0	0	79	30	350	42	1	4	8	3	0	9	58	19	5	0	0	0	0	0	2	0	0	0	1	47	38	0	1.49986652343087	2.49334441963081	6.86933722183626
31	C	10.0	17.0	61	183	0	0	0	0	0	0	0	0	0	0	0	8	45	15	J	1	60	E	12	100	181	35	12	0	0	0	0	79	34	450	1	1	8	9	3	0	11	61	20	0	0	0	0	0	0	0	0	0	0	0	45	38	0	3.18262660904638	3.7924586165535	8.96857382036152
41	C	0.0	0.0	58	118	0	0	0	0	0	1	1	1	0	0	1	4	45	20	F	1	37	E	18	90	141	49	5	0	2	0	0	76	30	405	78	0	8	9	2	0	10	53	15	0	0	0	0	0	0	0	0	0	0	0	45	39	1	14.7248441641873	7.5648455476717	13.7939379905251
34	C	0.0	18.0	65	162	0	0	0	0	0	0	0	1	0	0	0	12	35	12	J	1	53	E	13	70	186	49	12	0	0	0	0	82	35	390	74	0	5	9	2	0	2	58	17	0	0	0	0	0	0	0	0	0	0	0	43	42	1	3.01104488088925	2.31152880679448	4.08547195626616
30	C	10.0	11.0	61	120	0	0	0	0	0	0	1	0	0	0	0	16	35	6	J	1	57	B	14	70	136	36	12	0	0	0	0	79	29	350	56	0	8	9	0	3	3	59	18	0	0	0	0	0	0	0	0	0	0	0	46	39	0	1.51803124594804	0.744121273380328	3.0225481904311
19	C	6.0	2.0	62	102	0	0	1	0	0	0	0	0	1	0	0	8	35	10	J	1	50	E	12	68	136	25	13	0	0	0	0	81	34	400	51	0	6	8	0	3	8	68	22	0	0	0	0	0	0	0	0	0	0	0	45	39	1	5.18636418600935	-1.62362560424254	5.14820662179305
37	C	0.0	0.0	60	95	0	0	1	2	0	0	1	0	0	0	0	12	55	14	J	1	43	E	10	72	119	41	7	1	1	0	0	80	24	330	66	1	8	9	0	3	3	65	21	4	0	0	0	0	0	0	0	0	0	1	45	40	1	6.56566904100379	0.410330129452652	5.73398369528591
41	C	0.0	0.0	59	102	1	0	0	0	0	1	1	0	2	0	0	12	45	16	J	1	37	E	9	88	119	41	5	1	1	0	0	78	28	475	57	1	9	9	0	2	7	63	18	0	0	0	0	0	0	0	0	0	0	0	45	44	1	9.61097315253101	2.7307065773274	9.94082299465633
34	C	0.0	0.0	62	200	0	0	0	0	0	1	0	0	0	0	0	8	55	17	H	1	37	B	15	90	199	27	8	0	2	0	0	77	30	440	65	1	8	9	1	2	11	49	15	0	0	0	0	0	0	0	0	0	0	0	47	39	1	18.7175899162224	8.9524074554934	17.4180902314588
24	C	0.0	0.0	64	133	1	0	0	0	0	0	1	1	0	0	0	12	55	17	J	1	43	E	14	80	155	29	10	2	0	1	0	79	35	350	74	0	9	9	3	0	10	51	15	0	0	0	0	0	0	0	0	0	0	0	46	42	0	8.98526066271557	7.8488362102414	13.4987176211895
28	C	0.0	0.0	64	138	1	0	0	0	0	0	0	0	1	0	0	12	65	15	J	1	67	E	13	80	157	32	12	2	0	1	0	82	31	370	48	1	9	9	2	0	5	56	17	0	0	0	0	0	0	0	0	0	0	0	48	41	0	2.43727531443455	4.34714732445538	7.76911136378094
24	C	20.0	9.0	64	133	0	0	0	0	0	1	1	0	0	0	0	9	75	10	I	1	73	E	13	78	154	30	12	0	0	0	0	85	31	475	48	1	9	9	3	0	1	75	21	0	0	0	0	0	0	0	0	0	0	0	47	41	0	-5.13680140154178	-6.39357390928148	-6.16405581235288
28	C	0.0	0.0	59	148	0	0	0	0	0	0	1	0	0	0	0	12	45	5	F	1	63	E	13	70	164	36	12	0	2	0	0	84	38	500	42	0	9	9	0	3	8	55	16	0	0	1	0	0	0	0	0	0	0	1	46	42	0	4.21747197233086	3.05138727512631	6.21813305070695
20	C	0.0	0.0	65	122	0	0	0	0	0	0	0	0	1	0	0	12	55	8	J	1	87	E	12	70	134	24	14	0	0	0	0	78	31	270	63	0	8	9	2	0	5	66	20	0	0	0	0	0	0	0	0	0	0	0	45	41	0	-0.0154995694820019	-1.43643326025206	-0.427047306717528
24	C	20.0	10.0	61	135	0	0	0	0	0	1	1	0	0	0	0	8	75	12	J	1	50	E	11	70	145	29	11	0	0	0	0	75	25	470	42	0	8	9	2	0	4	55	16	0	0	0	0	0	0	0	0	0	0	0	44	37	0	2.11498047101095	4.16405272525612	6.84227994622498
23	C	0.0	0.0	66	137	0	0	0	0	0	1	1	0	0	1	0	12	35	10	J	1	57	E	16	65	160	26	12	0	0	0	0	81	26	600	67	1	9	9	0	2	2	72	20	0	0	0	0	0	0	0	0	0	0	0	46	41	1	0.993912623647067	-4.10945909873859	-0.580745032281259
30	C	10.0	14.0	64	123	0	0	0	0	0	0	1	0	0	0	0	12	75	9	J	1	63	E	13	70	142	33	12	0	0	0	0	79	30	655	56	1	6	9	2	0	1	61	18	0	0	0	0	0	0	0	0	0	0	0	48	40	0	-0.275993465779934	-0.108300288123184	0.0040900057284805
34	C	20.0	18.0	64	135	0	0	0	0	0	0	1	0	0	0	0	12	95	10	J	1	80	E	13	80	155	36	12	0	0	0	0	74	31	620	63	1	8	9	2	0	1	74	23	0	0	0	0	0	0	0	0	0	0	0	47	39	0	-6.14949928827359	-5.98064862730413	-5.8693055228271
31	C	18.0	8.0	62	150	0	0	0	0	0	1	1	1	0	0	0	12	25	11	J	1	30	E	10	60	189	33	5	0	3	0	0	85	28	425	83	0	9	9	3	0	5	63	19	0	0	0	0	0	0	0	0	0	0	1	44	28	0	0.559892792288498	1.33468177728767	4.41525280160796
21	C	0.0	0.0	65	132	0	0	1	0	0	3	0	0	0	0	1	12	75	7	J	1	80	E	12	68	155	26	12	0	0	0	0	82	37	425	59	1	9	10	0	2	3	61	18	0	0	0	0	0	0	0	0	0	0	0	48	42	0	-0.185724259831574	0.0297753196836208	2.44173441221941
23	C	0.0	0.0	68	138	0	0	0	0	0	0	0	0	0	0	0	14	75	6	B	1	93	E	14	60	150	25	17	0	0	0	0	85	35	490	49	1	7	9	0	3	2	56	16	0	0	0	0	0	0	0	0	0	0	0	47	43	0	3.03422129015017	1.08773234432439	2.29650574009479
32	C	0.0	0.0	62	124	1	0	0	0	0	0	0	0	0	0	0	11	55	15	J	1	57	E	12	62	146	36	12	0	0	0	0	83	35	410	64	1	5	9	2	0	2	45	13	0	0	0	0	0	0	0	0	0	0	0	46	39	0	6.88965078396253	7.24738127433918	9.68407683476786
33	C	20.0	18.0	62	115	0	0	0	0	0	1	2	1	0	0	0	10	35	8	J	1	33	E	13	70	134	29	9	0	2	0	0	80	33	450	65	0	8	9	3	0	0	72	24	0	0	0	0	0	0	0	0	0	0	0	44	40	0	-4.34673238557385	-5.4989256525675	-6.01027770593512
35	C	0.0	2.0	67	160	0	1	0	0	0	0	0	0	0	0	0	7	45	15	L	1	63	E	12	80	185	43	12	0	1	0	0	82	23	420	57	1	8	9	3	0	3	70	20	0	0	0	0	0	0	0	0	0	0	1	46	40	0	7.53759293683339	8.77448304830765	0.0343728953524023
35	C	0.125	19.0	63	225	0	0	0	0	0	0	1	0	0	0	0	6	35	15	J	1	33	E	12	88	236	39	9	3	0	0	0	85	31	350	68	0	9	9	0	3	7	57	16	0	0	0	0	0	0	0	0	0	0	0	46	38	1	10.6672718955943	5.06417401734974	12.1707748288032
24	C	0.0	0.0	63	123	0	0	0	4	0	1	1	1	0	0	0	12	15	20	L	1	40	E	13	60	143	27	12	1	3	0	0	77	31	485	35	0	7	8	1	2	3	57	16	0	0	0	0	0	0	0	0	0	0	0	44	39	1	10.6590553712227	3.31673125564546	10.8009292576124
26	C	0.0	0.0	65	136	0	0	0	0	0	1	1	1	0	0	1	12	65	13	J	1	70	E	12	65	153	33	12	0	2	0	0	80	35	420	61	0	9	9	2	0	2	70	24	0	0	0	0	0	0	0	0	0	0	0	45	43	0	-1.98437002627279	-2.89129377776303	-1.20912059669352
19	C	7.0	3.0	63	130	0	0	1	0	0	1	0	0	0	0	0	12	35	10	J	1	53	E	13	80	165	20	12	0	0	0	0	72	23	550	68	1	8	9	2	0	8	63	20	0	0	0	0	0	0	0	0	0	0	0	46	42	0	2.03980906439044	1.54256254609527	4.80384612550293
25	C	20.0	7.0	64	120	0	0	0	0	0	0	0	0	0	0	0	12	55	17	J	1	67	E	14	68	146	32	12	0	0	0	0	82	34	490	61	1	9	9	3	0	8	58	18	0	0	0	0	0	0	0	0	0	0	0	46	42	0	4.55480844521954	4.56895647717256	9.26120983241897
15	C	0.0	2.0	62	100	0	1	0	0	0	1	0	0	0	0	0	9	35	10	J	1	57	E	11	86	136	20	12	0	0	0	0	85	34	600	65	1	1	8	0	2	3	41	10	0	0	0	0	0	0	0	0	0	0	0	47	39	0	17.3770876324921	17.7605504779679	11.4144131189919
29	C	0.0	0.0	61	127	0	0	0	0	0	2	0	0	0	0	0	5	35	8	F	1	37	E	13	70	145	35	9	0	0	0	0	72	23	400	63	0	5	9	2	0	9	66	21	0	0	0	0	0	0	0	0	0	0	0	44	41	1	4.94088098371795	0.131556492246323	3.1831070241542
25	C	15.0	6.0	61	105	0	0	0	0	0	1	1	0	0	0	0	12	75	12	J	1	87	E	12	68	133	27	13	0	0	0	0	76	25	270	51	1	9	9	4	0	10	58	16	4	0	0	0	0	0	0	0	0	0	3	46	33	0	3.98534706061125	3.97058615024555	7.75239658213072
25	C	15.0	6.0	61	105	0	0	0	0	0	1	1	0	0	0	0	12	75	12	J	1	87	E	12	68	133	27	13	0	0	0	0	74	31	310	51	0	9	9	4	0	6	56	15	4	0	0	0	0	0	0	0	0	0	2	44	33	0	3.9257392739882	3.86297584488551	6.5625262647796
33	C	20.0	15.0	64	112	0	0	0	0	0	2	2	0	0	0	0	11	45	16	J	1	40	E	14	70	153	39	7	2	0	0	0	77	39	440	42	1	7	9	3	0	0	70	23	0	0	0	0	0	0	0	2	0	0	2	45	40	0	-3.12311232084296	-3.06568354158031	-1.47065929181653
21	C	20.0	5.0	66	112	0	0	0	0	0	0	0	0	0	0	0	12	45	10	J	1	63	E	12	70	131	25	12	0	0	0	0	74	36	380	70	1	7	9	2	0	7	70	20	0	0	0	0	0	0	0	0	0	0	0	46	37	0	-2.66858760318072	-1.93949733311033	0.839537304074735
28	C	18.0	10.0	64	125	0	0	0	0	0	0	1	0	0	0	1	14	55	10	J	1	87	E	12	64	133	30	17	0	0	0	0	73	37	370	62	1	4	9	0	2	7	70	21	0	0	0	1	0	0	0	0	0	0	1	48	40	0	-1.49816114301315	-2.07845192249903	2.74630689996309
26	C	15.0	10.0	68	120	0	1	2	0	0	0	1	0	0	0	1	18	85	10	L	1	87	E	12	60	147	27	14	0	0	0	0	81	35	460	62	1	8	9	0	3	7	56	18	0	0	0	0	0	0	0	0	0	0	0	47	40	0	14.3793076312098	14.7570281288804	8.19661679231518
23	C	0.0	0.0	63	112	0	0	0	0	0	1	0	0	0	0	1	14	35	8	P	1	70	E	13	70	132	24	14	0	0	0	0	85	35	400	82	1	9	9	2	0	6	62	18	0	0	0	0	0	0	0	0	0	0	0	46	38	0	0.775345623926067	0.758202087095822	2.40185358137598
24	C	0.0	0.0	64	115	0	1	0	0	0	1	0	0	0	1	0	13	35	10	P	1	77	E	13	70	129	26	16	0	0	0	0	86	39	310	48	0	9	10	2	0	8	64	21	0	0	0	0	0	0	0	0	0	0	0	47	41	0	12.338772815666	11.7156377719171	3.11482712396811
25	C	0.0	1.0	64	142	0	0	0	0	0	1	1	0	0	0	1	12	75	10	J	1	43	B	15	80	162	25	9	0	0	0	0	72	21	230	42	0	5	8	7	0	7	43	14	0	0	0	0	0	0	0	1	0	0	1	44	33	1	8.60471052269873	7.40150383515659	11.6332587513167
23	C	13.0	5.0	62	115	0	0	0	0	0	0	0	0	1	0	1	12	45	10	G	1	83	E	12	64	135	24	17	0	0	0	0	90	38	390	38	1	8	9	0	2	5	58	16	0	0	0	0	0	0	0	0	0	0	0	47	41	0	3.94878567588704	2.63896183468181	6.95811589036673
21	C	2.0	7.0	64	180	0	0	1	0	0	0	0	0	0	1	1	12	25	7	J	1	50	E	9	80	188	23	12	0	0	0	0	82	32	510	79	1	2	9	2	0	6	71	24	0	0	0	0	0	0	0	0	0	0	0	47	44	1	-2.13822097521459	-3.33738303896292	-1.83621634330795
29	C	0.0	0.0	66	190	0	0	0	0	0	0	0	0	0	0	0	12	25	8	J	1	70	B	11	70	209	33	14	0	0	0	0	76	31	410	83	0	9	9	2	0	7	52	15	0	0	0	0	0	0	0	0	0	0	0	46	38	0	5.88589474245225	4.82824878634614	6.80330694017787
21	C	0.0	5.0	63	108	0	0	0	0	0	0	2	0	0	0	1	7	35	10	J	1	43	B	16	70	130	23	12	0	0	0	0	87	34	350	43	1	9	9	1	1	15	33	10	0	0	0	0	0	0	2	0	0	0	2	46	37	0	13.1144779811006	12.7928189098016	20.3864230261544
25	C	10.0	6.0	64	130	0	0	0	0	0	0	1	0	0	0	1	12	85	6	J	1	83	E	14	72	151	27	15	0	0	0	0	78	35	350	56	1	9	9	2	0	8	65	20	0	0	0	0	0	0	0	0	0	0	0	45	40	0	-0.399358429001449	-0.932263233032109	0.045779710143913
26	C	13.0	8.0	53	140	0	0	0	0	0	1	1	0	0	0	0	12	75	7	J	1	83	E	12	60	156	28	15	0	0	0	0	80	38	340	57	0	9	9	2	0	3	69	21	0	0	0	0	0	0	0	0	0	0	0	45	40	0	-2.47829184117561	-3.66981692874817	-3.8066303357758
37	C	8.0	23.0	67	130	3	1	0	0	0	0	0	0	0	0	0	8	45	7	J	1	63	E	13	64	151	43	12	0	0	0	0	89	35	480	66	0	9	9	0	2	5	58	18	0	0	0	0	0	0	0	0	0	0	0	45	40	0	12.3543386083488	12.9469372990327	4.97520342116887
23	C	20.0	7.0	63	130	0	0	0	0	0	0	0	1	0	0	0	12	25	5	J	1	50	E	10	64	142	26	12	0	0	0	0	79	33	430	59	1	9	9	2	0	5	54	15	1	0	0	0	0	0	0	0	0	0	1	47	41	1	2.91634434023523	2.69713313296699	2.73121164976828
23	C	0.5	1.0	68	138	0	0	0	0	0	0	0	0	1	0	0	12	45	10	F	1	60	E	16	70	158	25	15	0	0	0	0	78	30	505	43	0	9	9	3	0	7	56	16	0	1	0	0	0	0	0	0	0	0	0	47	41	0	4.9542274150828	4.02941413067428	6.91263705141599
19	C	0.0	0.0	63	114	0	0	1	0	0	0	0	0	0	0	1	9	55	20	J	1	37	E	12	94	147	25	8	0	1	0	0	80	32	490	51	0	9	9	0	2	2	69	22	0	0	0	0	0	0	0	0	0	0	0	42	41	0	-0.802109372890495	-0.922197808299972	5.11164950096485
21	C	0.0	0.5	64	120	0	1	0	0	0	1	1	0	1	0	0	9	35	10	J	1	33	E	12	74	148	25	9	0	1	0	0	78	39	445	57	0	9	9	3	0	0	63	20	0	0	0	0	0	0	0	0	0	0	0	43	42	0	9.30134379934674	10.0177110473411	-1.14979412153449
19	C	20.0	6.0	61	110	0	0	0	0	0	0	0	0	1	0	0	10	25	10	J	1	57	E	12	70	138	25	12	0	0	0	0	82	33	460	62	1	8	8	3	0	7	54	18	0	0	0	0	0	0	0	0	0	0	0	45	42	0	3.17740888206293	3.64028882694119	7.5933443913087
21	C	20.0	5.0	60	128	0	1	0	0	0	0	0	0	1	0	0	10	45	15	J	1	60	E	13	60	142	26	12	0	0	0	0	82	31	460	68	1	8	8	3	0	2	57	18	0	0	0	0	0	0	0	0	0	0	0	48	39	0	14.7308975859963	12.8368829066803	4.75910162432476
29	C	20.0	13.0	66	160	0	0	0	1	0	0	1	1	0	0	0	10	85	7	J	1	63	E	13	60	179	33	11	0	1	0	0	85	39	600	82	1	9	9	2	0	2	64	20	0	0	0	0	0	0	0	0	0	0	0	46	42	0	-1.17484837237066	-1.54067978768727	-1.75676074680229
17	C	13.0	1.0	64	120	0	0	0	0	0	1	0	0	0	0	0	12	25	8	J	1	50	E	14	70	141	21	12	0	0	0	0	77	30	450	48	0	9	9	2	0	7	51	14	0	0	0	0	0	0	0	0	0	0	0	47	38	1	7.38541471996801	5.42851334289061	7.75878238144903
19	C	10.0	4.0	64	134	0	0	0	0	0	1	0	0	0	0	0	12	45	10	J	1	63	E	13	65	146	21	12	0	0	0	0	82	28	520	49	0	9	9	3	0	6	54	14	0	0	0	0	0	0	0	0	0	0	0	46	40	0	5.30493823805708	4.49112275051087	7.02974676708198
17	C	0.0	0.0	64	131	0	0	2	0	0	0	2	0	0	1	1	11	45	7	J	1	63	E	12	78	159	19	12	0	1	0	0	77	32	570	53	1	9	9	2	0	7	56	15	5	0	0	0	0	0	0	0	0	0	1	46	40	0	4.44296141619273	3.14147594169314	4.76709249676329
18	C	0.0	0.0	64	125	0	0	0	0	0	0	0	0	0	1	0	11	45	10	J	1	63	E	12	60	161	20	12	0	1	0	0	79	37	245	54	1	9	9	2	0	6	54	17	0	0	0	0	0	0	0	0	0	0	0	45	42	0	5.95862777917352	4.49112275051087	7.02974676708198
29	C	0.0	0.0	63	147	0	0	0	0	0	1	1	0	0	0	0	7	35	12	C	0	77	E	13	70	169	32	14	0	0	0	0	79	29	385	69	0	9	9	0	2	8	58	18	0	0	0	0	0	0	0	0	0	0	0	43	41	0	5.79655912719571	3.85063994235383	9.76140741652793
32	C	10.0	11.0	65	155	0	0	0	0	0	0	2	0	0	0	1	12	75	8	J	1	63	B	14	80	168	37	12	0	0	0	0	84	39	370	49	0	9	9	2	0	5	61	19	0	0	0	0	0	0	0	0	0	0	0	45	41	0	2.04760881164643	1.00210750813357	2.45031222697108
19	C	20.0	3.0	66	117	0	0	0	0	0	0	0	0	0	0	0	10	85	10	J	1	50	E	14	80	138	24	11	0	0	0	0	79	37	455	56	0	8	9	3	0	3	61	16	0	0	0	0	0	0	0	0	0	0	0	45	41	0	0.86830360785812	1.0958209529405	2.77388107883209
24	C	0.0	0.0	61	100	1	0	1	0	0	0	1	0	0	0	0	12	25	5	J	1	53	E	10	68	114	24	12	2	0	0	0	77	35	450	39	1	5	9	3	0	4	51	16	0	0	0	0	0	0	0	0	0	0	0	43	38	1	3.12133627398906	3.43428715196005	3.0723477565462
36	C	0.0	14.0	67	170	0	0	0	0	0	0	0	0	1	0	0	12	75	8	L	1	40	B	14	86	224	51	6	0	0	0	0	81	32	665	98	0	6	9	0	2	3	70	19	7	0	0	0	0	0	0	0	0	0	2	46	41	0	-3.91773097482462	-3.1017688350646	0.440327630074664
24	C	25.0	8.0	60	92	0	0	1	0	0	1	2	0	0	0	0	13	65	10	J	1	80	E	12	60	118	31	12	0	0	0	0	74	28	350	43	1	8	9	3	0	7	63	18	0	0	0	0	0	0	0	0	0	0	0	47	40	0	1.25801542107136	0.976278601008288	3.48438170505481
37	C	0.0	2.0	61	135	0	0	0	0	0	0	0	0	0	0	0	9	105	18	J	1	77	E	12	82	161	37	12	0	0	0	0	78	32	610	67	1	8	8	2	0	9	60	19	0	0	0	0	0	0	0	0	0	0	0	46	41	0	2.82450988777546	2.81342241925719	8.766681490345
23	C	15.0	10.0	67	124	0	0	0	0	0	2	1	0	0	0	1	10	75	8	J	1	53	E	12	64	144	30	8	0	0	0	0	83	32	380	69	1	9	9	2	0	3	65	18	0	0	0	0	0	0	0	0	0	0	0	47	39	0	-0.462151321691617	-1.16244949867815	-0.297099055121965
21	C	30.0	5.0	63	115	0	0	2	0	0	0	3	0	0	0	0	12	15	8	J	1	57	E	11	72	121	29	18	0	0	0	0	76	29	490	36	1	9	8	2	0	9	50	14	0	0	0	0	1	0	2	0	0	0	1	46	37	0	5.20261798431653	4.94661903741457	8.70841707078488
24	C	0.0	0.0	63	155	0	0	0	0	0	1	0	0	0	0	0	10	95	15	I	1	70	B	13	74	174	25	12	0	0	0	0	83	30	410	79	1	6	8	3	0	5	54	15	0	0	0	0	0	0	0	0	0	0	0	46	39	0	2.37386829101104	3.88182927173673	8.26811427575987
35	C	10.0	14.0	64	174	0	0	0	0	0	0	0	0	1	0	1	14	105	8	H	1	93	B	9	64	184	40	15	0	0	0	0	77	32	380	89	0	8	9	2	0	3	72	19	0	0	0	0	0	0	0	0	0	0	0	46	34	0	-4.24365409870022	-4.89445996762445	-4.75821191681486
24	C	0.0	10.0	61	90	1	0	0	0	0	2	1	0	0	0	0	12	55	5	J	1	77	B	14	80	114	29	12	0	1	0	0	78	33	410	62	0	9	8	0	2	6	55	16	0	0	1	0	0	0	0	0	0	0	1	45	41	0	1.21063564845017	1.24455423031449	4.59919167657232
25	C	0.0	9.0	62	93	0	1	0	0	0	1	1	0	0	0	0	12	35	8	J	1	67	B	14	70	110	29	13	0	1	0	0	80	34	370	57	0	4	7	1	2	8	55	18	0	0	0	0	0	0	0	0	0	0	0	45	40	0	13.6281901350501	13.9145998935294	8.25188842351936
36	C	20.0	22.0	63	120	0	0	0	0	0	0	0	0	0	0	0	8	75	17	F	1	60	E	9	70	152	39	12	1	1	0	2	78	37	410	48	0	8	8	3	0	3	52	16	0	0	0	0	0	0	0	0	0	0	0	45	42	0	4.01570927613526	4.39003678954735	8.59168801549272
27	C	0.0	12.0	61	114	0	0	0	0	0	1	0	0	1	0	0	12	25	8	J	1	30	E	13	58	135	24	8	0	0	0	0	80	35	445	63	1	6	8	3	0	6	62	19	0	0	0	0	0	0	0	0	0	0	0	46	41	0	-0.874165546223976	0.103063976092365	3.46530546214882
25	C	8.0	3.0	69	135	0	0	3	0	0	0	0	0	0	0	0	16	85	6	A	1	77	E	13	64	153	31	12	0	0	0	0	78	32	400	75	1	9	9	0	2	4	66	20	0	0	0	0	0	0	0	0	0	0	0	43	45	0	-2.64116719471471	-2.13648002839574	0.15746182022745
43	C	0.125	21.0	63	139	0	0	0	0	0	1	1	0	0	0	0	8	65	12	F	1	70	E	14	82	156	43	12	0	0	0	0	82	41	410	73	1	9	8	2	0	7	63	22	0	0	0	0	0	0	0	0	0	0	0	47	41	0	1.75175762204928	0.350813767718853	4.6322505680858
24	C	20.0	8.0	63	130	0	0	0	0	0	0	1	0	1	0	1	12	75	7	J	1	73	E	14	70	144	27	12	0	0	0	0	78	32	450	59	0	9	9	0	2	7	53	19	4	0	0	0	0	0	0	0	0	0	1	47	39	0	3.31036055496584	4.27783042154593	8.20346407325652
26	C	20.0	10.0	65	128	0	0	1	0	0	0	0	0	0	0	0	12	55	10	J	1	73	E	14	70	143	28	13	0	0	0	0	79	30	490	66	0	9	9	0	3	1	64	19	0	0	0	0	0	0	0	0	0	0	1	47	40	0	-1.57207644330298	-1.08564718754772	1.65448335429159
32	C	0.0	0.0	66	160	0	0	2	0	0	2	0	0	0	0	0	12	55	8	J	1	47	B	13	70	179	37	8	0	0	0	0	82	33	500	63	0	8	9	0	2	6	62	20	0	0	0	0	0	0	0	0	0	0	0	47	42	0	2.48721509615932	1.21546038434549	5.73047135735794
31	C	0.0	0.0	57	132	0	0	0	0	0	0	1	0	0	0	1	12	105	10	J	1	50	E	13	60	154	45	10	0	0	0	0	82	35	640	75	1	7	8	3	0	2	52	15	0	0	0	0	0	0	0	0	0	0	0	49	38	1	4.94161547567588	2.98627690758346	5.25538115084467
28	C	10.0	14.0	64	128	0	0	1	0	0	1	1	1	1	0	0	8	45	17	J	1	63	E	11	70	148	32	10	1	1	0	0	86	36	390	68	1	6	9	2	0	3	70	22	0	0	0	0	0	0	0	0	0	0	0	46	41	0	-2.75892782834623	-1.86368298587325	1.21063551529885
25	C	20.0	13.0	60	105	0	0	0	0	0	0	0	0	0	0	0	10	25	10	J	1	40	E	15	60	127	30	12	0	0	0	0	77	27	290	52	1	9	9	2	0	6	63	21	0	1	0	0	0	0	0	0	0	0	0	46	39	0	1.07971192862685	1.24585716762414	4.16043151480021
32	C	16.0	15.0	68	159	0	0	0	1	0	3	3	0	0	0	1	12	55	17	J	1	70	E	13	90	165	31	10	0	1	0	0	82	37	500	68	1	9	9	2	0	8	65	19	0	0	0	0	0	0	0	0	0	0	0	48	40	0	0.883879586371197	1.63654187179135	6.251060609935
22	C	20.0	3.0	61	150	0	0	1	0	0	0	1	0	0	0	1	14	45	10	J	1	70	E	11	78	176	30	12	0	0	0	0	81	34	485	52	0	9	9	3	0	3	60	18	0	0	0	0	0	0	0	0	0	0	0	49	42	0	0.72677637521343	1.24820312156535	2.57757460290091
25	C	20.0	10.0	66	117	0	0	0	0	0	0	3	0	1	0	0	9	35	10	J	1	33	E	12	58	138	26	11	0	0	0	0	82	34	420	69	0	7	9	3	0	3	67	22	0	0	0	0	0	0	0	0	0	0	0	46	44	0	0.944911419533319	-1.26830341146476	0.689516324540597
38	C	0.0	0.0	62	145	0	0	0	0	0	0	0	0	0	0	0	8	45	10	J	1	40	E	11	90	151	43	8	0	0	0	0	89	34	450	41	1	9	9	2	0	0	55	19	0	0	0	0	0	0	0	0	0	0	0	46	39	1	2.0948963889271	2.1956189727467	2.36738715316296
20	C	40.0	10.0	63	142	0	0	0	0	0	1	2	1	1	0	0	10	45	10	J	1	50	E	13	74	167	24	11	0	0	0	0	83	32	525	62	0	7	8	3	0	1	69	19	0	0	0	0	0	0	0	0	0	0	0	47	41	1	-3.60812752990012	-4.36074714642848	-2.69066020595008
26	C	30.0	11.0	63	105	0	0	0	0	0	0	1	0	0	0	0	11	65	10	J	1	70	E	16	86	125	27	12	0	0	0	0	76	36	490	98	0	1	8	3	0	2	64	20	0	0	0	0	0	0	0	0	0	0	0	43	40	0	0.12108889137476	-1.94606793278448	-0.0697152518410844
18	C	40.0	3.0	63	146	0	0	0	1	0	0	0	0	0	0	0	12	65	5	J	1	67	E	10	70	191	23	12	0	0	0	0	85	37	430	49	1	5	9	3	0	3	61	18	0	0	0	0	0	0	0	0	0	0	0	45	40	0	0.164860307177349	-0.821686215591385	-1.85502036493142
38	C	15.0	20.0	64	150	2	1	1	0	0	3	0	0	0	0	0	12	35	10	J	1	30	E	15	70	180	38	9	0	0	0	0	78	27	525	66	1	9	9	2	0	4	59	18	0	0	0	0	0	0	0	0	0	0	0	46	39	1	3.72590545627966	13.3788919098273	4.37543545074682
25	C	20.0	7.0	67	122	0	1	0	0	0	0	1	0	0	0	1	9	65	8	A	1	57	E	17	48	146	25	9	0	0	0	0	85	33	500	67	0	4	9	0	2	5	56	18	0	0	1	0	0	0	0	0	0	0	1	46	42	0	15.8133905869808	14.1137072922754	6.71407860311759
22	C	0.0	1.0	61	131	0	0	1	1	0	0	0	0	0	0	1	14	75	7	J	1	93	E	10	68	150	28	16	0	0	0	0	79	31	480	71	0	9	9	0	2	8	61	18	0	0	0	0	0	0	0	0	0	0	0	46	38	0	-0.910258650194034	1.18472374114605	5.01331148486795
24	C	0.0	2.0	61	145	0	0	0	0	0	1	0	0	2	0	0	14	45	10	J	1	67	E	10	80	155	29	16	0	0	0	0	84	31	565	89	0	9	9	2	0	7	61	19	0	0	0	0	0	0	0	0	0	0	0	45	40	0	3.40802649850952	1.97448318256598	4.71758022124519
19	C	20.0	9.0	63	155	0	0	0	0	0	0	1	0	1	0	0	12	35	7	J	1	43	E	13	66	162	23	9	0	2	0	0	84	39	270	69	0	9	10	3	0	8	55	18	0	0	0	0	0	0	0	0	0	0	0	45	42	1	6.65037352988144	3.99332487849419	6.25435825179286
18	C	15.0	2.0	66	122	0	0	1	2	0	0	2	0	3	0	0	11	35	4	J	1	53	E	12	56	133	22	12	0	0	0	1	78	29	320	59	1	9	10	3	0	6	70	20	0	0	0	0	0	0	0	0	0	0	0	47	36	0	-3.41750745164687	-4.34537736086162	-4.94039705084616
25	C	0.0	0.0	63	116	0	0	1	0	0	0	0	0	0	0	0	12	95	12	J	1	63	E	13	82	144	28	10	0	0	0	0	79	38	340	72	1	1	9	2	0	5	50	16	0	0	0	0	0	0	0	0	0	0	0	45	41	0	4.44421399013287	6.04445533771929	8.86085829105536
19	C	10.0	6.0	64	136	0	0	0	0	0	0	2	0	0	0	1	13	25	10	J	1	27	E	11	72	151	25	8	0	0	0	0	78	32	390	41	0	6	9	2	0	5	61	20	0	2	0	0	0	0	0	0	0	0	1	45	41	0	2.15525467493258	1.98894212718927	4.82102262543392
21	C	10.0	5.0	64	125	0	0	0	0	0	0	1	0	1	0	0	12	55	15	J	1	43	E	11	66	139	26	8	0	0	0	0	81	32	420	46	0	9	9	3	0	3	67	19	0	0	0	0	0	0	0	0	0	0	0	44	40	0	0.496736081417504	-0.492639283024356	2.56910336965739
33	C	20.0	12.0	64	135	0	0	0	0	0	0	3	0	2	0	0	12	45	15	J	1	63	E	11	78	164	36	12	2	2	1	0	82	32	400	42	0	6	9	2	0	3	50	13	0	0	0	0	0	0	0	0	0	0	0	45	41	0	6.06923128446542	5.93689775966252	8.70325986999262
18	C	8.0	4.0	63	130	0	0	0	0	0	0	0	0	0	0	0	9	45	10	J	1	50	E	11	60	140	20	11	0	0	0	0	78	33	460	40	0	8	8	2	0	1	55	15	0	0	1	0	0	0	0	0	0	0	0	44	42	0	2.56403640051969	1.47540412759031	3.19606563248045
30	C	30.0	10.0	61	145	0	0	0	0	0	0	1	0	0	0	0	12	55	10	J	1	53	E	13	85	159	33	9	0	0	0	0	85	29	430	77	1	8	9	3	0	6	65	20	0	0	0	0	0	0	0	0	0	0	0	45	41	1	2.41462100055909	0.218728185296296	2.89546538030961
17	C	0.0	1.0	66	130	0	0	0	0	0	0	1	1	0	0	0	11	25	5	J	1	70	E	13	99	154	19	13	0	0	0	0	84	41	440	74	1	3	8	0	3	7	58	19	0	0	0	0	0	0	0	0	0	0	0	49	41	0	-0.0436720059165548	0.433322565149978	4.19894134738416
23	C	10.0	6.0	63	120	0	0	0	0	0	0	1	0	0	0	0	12	25	10	J	1	47	E	12	85	140	30	12	0	0	0	0	78	29	340	60	1	9	9	2	0	9	66	20	0	0	0	0	0	0	0	0	0	0	0	47	39	1	2.30747432866004	0.528752627015324	4.1476478738117
21	C	20.0	9.0	61	142	0	0	0	0	0	0	0	0	0	1	1	12	65	20	J	1	60	E	11	82	162	27	11	0	0	0	0	77	30	480	65	1	9	9	0	2	8	50	19	0	0	0	0	0	0	0	0	0	0	0	45	39	0	8.4382250650723	8.06241848495194	15.847501717367
30	C	20.0	12.0	63	107	0	0	2	0	0	0	3	1	1	0	1	12	75	13	J	1	40	E	11	54	123	41	7	0	1	0	0	79	31	420	47	0	9	9	2	0	6	55	16	0	0	0	0	0	0	0	0	0	0	0	43	41	1	10.1498483995118	5.01093593992928	8.79282542491408
19	C	8.0	4.0	65	145	0	0	0	1	0	2	0	0	0	0	0	10	35	15	F	1	63	E	12	80	166	25	12	0	0	0	0	82	34	575	72	1	10	9	2	0	3	48	13	0	0	0	0	0	0	0	0	0	0	0	45	40	0	5.89351377602414	6.59498254012867	9.36704744148583
23	C	0.0	0.0	66	110	0	0	1	0	0	0	0	0	0	0	1	14	35	10	J	1	77	E	13	80	132	25	16	0	0	0	0	84	39	510	93	0	8	9	0	2	2	68	20	0	0	0	0	0	0	0	0	0	0	0	46	40	0	-4.23405894680482	-2.47926949732393	0.714527006632053
25	C	0.0	0.0	65	104	0	0	0	0	0	0	1	0	1	0	0	14	55	10	J	1	87	E	13	70	130	26	17	0	0	0	0	82	40	500	62	1	9	9	2	0	3	51	15	0	0	0	0	0	0	0	0	0	0	0	45	40	0	5.48337140835894	4.38993501573066	5.45102312859869
25	C	15.0	9.0	66	107	0	0	0	0	0	0	1	0	1	0	0	12	55	13	J	1	73	E	16	64	145	27	12	0	0	0	0	84	35	440	69	0	9	9	2	0	4	66	20	0	0	0	0	0	0	0	0	0	0	0	45	40	0	1.88298016759643	-0.424404163155284	2.062415336687
26	C	10.0	4.0	62	115	0	0	0	0	0	1	2	0	0	0	0	9	55	10	F	1	47	E	12	62	137	29	9	0	1	0	0	80	33	430	64	0	9	9	2	0	2	69	20	0	0	0	0	0	0	0	0	0	0	0	45	40	1	-0.160613004208168	-2.72339531185573	-1.47167345292855
20	C	5.0	5.0	69	115	0	0	0	0	0	0	1	0	1	0	1	12	25	10	G	1	70	E	12	68	157	31	14	0	0	0	0	79	38	540	71	1	8	9	2	0	13	57	18	0	0	0	0	0	0	0	0	0	0	0	49	41	0	3.84630382525817	4.70438756798892	8.88109079945158
23	C	20.0	4.0	65	106	0	2	0	1	0	0	1	0	0	0	0	10	75	10	J	1	80	E	12	70	123	26	14	0	1	0	0	78	36	440	52	0	4	9	2	0	3	49	16	0	0	0	0	0	0	0	0	0	0	0	47	40	0	17.2628561284421	16.0544970570011	5.80709330479871
36	C	25.0	20.0	65	115	0	0	0	2	0	0	3	0	1	0	0	12	65	10	J	1	40	E	10	80	145	47	8	0	2	0	1	85	39	465	75	0	3	10	2	0	1	55	16	0	0	0	0	0	0	0	0	0	0	0	44	35	0	2.02634969696573	2.7698935411211	3.65733840344153
37	C	0.0	2.0	59	118	0	0	0	0	0	0	0	0	0	0	0	10	75	13	J	1	73	E	12	70	129	41	12	0	0	0	0	77	31	400	50	0	7	9	2	0	7	48	15	0	0	0	0	0	0	0	0	0	0	0	47	39	0	6.99646654129987	7.25129723120437	10.7702192522994
17	C	20.0	5.0	61	98	0	0	0	1	0	0	0	0	0	0	0	10	55	5	J	1	57	E	12	60	121	22	11	1	0	0	0	79	30	350	59	1	9	9	0	2	9	63	19	0	0	0	0	0	0	0	0	0	0	0	47	42	0	-0.420777824338677	0.165813177441092	3.67347517355511
19	C	13.0	8.0	65	120	0	1	0	0	0	0	0	0	0	1	1	12	55	12	J	1	73	E	15	70	155	28	12	0	0	0	0	84	39	400	65	1	9	9	0	2	4	55	18	2	0	0	0	0	0	0	0	0	0	1	48	40	0	14.1164907748403	14.9409887688639	8.24388287519089
27	C	19.0	11.0	61	134	0	0	0	0	0	2	1	1	0	0	0	8	55	12	H	1	67	E	14	90	165	31	12	0	0	0	0	82	36	470	64	1	9	9	2	0	1	58	20	0	0	0	0	0	0	0	0	0	0	0	49	41	0	2.03342895505879	1.70091532205919	2.68922537760755
21	C	0.0	1.0	62	105	0	0	0	0	0	1	1	0	0	0	1	12	55	5	J	1	87	E	13	80	119	22	15	0	0	0	0	84	35	480	46	0	6	9	2	0	8	60	19	1	0	0	0	0	0	0	0	0	0	1	46	40	0	-1.10055681421585	0.651037831252365	0.914680460918503
23	C	0.0	2.0	61	100	0	0	0	0	0	1	0	0	0	0	0	12	75	8	J	1	93	E	13	70	117	24	16	0	0	0	0	80	31	360	29	0	8	8	0	2	10	60	18	0	0	1	0	0	0	2	0	0	0	2	46	36	0	-0.242379251300599	1.16004764088967	6.97435369767732
25	C	0.0	0.0	61	106	0	0	0	0	0	0	0	0	0	0	0	12	35	10	J	1	53	E	13	70	116	27	12	2	0	0	0	81	38	455	50	0	9	9	2	0	7	48	14	0	0	0	0	0	0	0	0	0	0	0	46	37	0	6.12965005404199	6.912961567645	9.9438459394106
20	C	0.0	0.0	63	135	0	2	0	0	0	0	0	2	0	0	0	12	45	15	J	1	67	E	12	80	153	23	12	0	0	0	0	86	40	405	62	0	9	9	2	0	5	46	14	0	0	0	0	0	0	0	0	0	0	0	44	37	0	18.1444168794943	18.677327118564	10.6924107204128
21	C	0.0	0.0	64	138	0	0	0	0	0	0	0	0	0	0	0	12	55	8	J	1	67	E	12	76	153	25	12	0	0	0	0	77	28	540	44	1	8	9	3	0	4	55	15	0	0	0	0	0	0	0	0	0	0	0	45	45	0	0.364903797839548	3.00774886373189	4.05376722190408
34	C	0.0	12.0	65	136	0	0	0	0	0	0	0	0	0	0	0	12	75	8	J	1	87	E	14	65	146	41	16	0	0	0	0	78	29	520	67	0	9	9	2	0	7	48	14	0	0	0	0	0	0	0	0	0	0	0	46	38	0	5.10113377232457	5.95668697964806	7.6460150870265
20	C	10.0	3.0	62	122	0	0	0	0	0	0	1	0	0	0	0	11	55	10	J	1	73	E	12	56	137	26	14	0	0	0	0	87	40	425	49	1	9	9	2	0	6	46	16	0	0	0	0	0	0	0	0	0	0	0	46	41	0	8.29848418673346	7.05072255470585	9.43708180393702
39	C	18.0	11.0	65	133	0	0	0	0	0	2	1	0	0	0	0	12	45	12	J	1	60	B	9	80	155	46	12	0	0	0	0	78	33	420	56	0	9	9	0	3	5	54	18	0	0	0	0	0	0	0	0	0	0	0	46	42	0	4.03197474438566	4.84995010166132	10.1730803748841
24	C	0.0	0.0	62	113	0	0	0	0	0	0	2	0	2	1	0	17	75	10	C	1	93	A	13	60	134	24	18	0	0	0	0	78	36	405	76	0	6	10	3	0	6	50	17	0	0	0	0	0	0	0	0	0	0	0	46	41	0	5.17375425652859	5.50926797217802	7.53508984116846
20	C	0.0	0.0	62	110	0	0	0	0	0	0	1	0	0	0	0	12	25	10	J	1	30	E	13	70	129	21	8	1	0	0	0	81	27	320	42	0	9	9	2	0	5	54	15	0	0	0	0	0	0	0	0	0	0	0	44	39	0	6.25253080689665	4.65525820025594	7.4569786372348
23	C	0.125	8.0	69	139	0	0	0	1	0	0	0	0	1	0	1	16	55	7	I	1	87	E	14	70	151	23	15	0	0	0	0	76	29	570	64	1	9	9	2	0	9	71	27	0	0	0	0	0	0	0	0	0	0	0	46	44	0	-1.7624279378956	-3.13255427420163	-1.44112588725051
19	C	0.0	2.0	60	138	0	0	0	0	0	0	0	0	0	0	0	11	35	10	F	1	43	E	13	80	161	20	11	0	0	0	0	83	31	395	56	0	7	10	0	2	1	47	16	0	0	0	0	0	0	0	0	0	0	0	44	41	1	8.53637141622008	5.63634653075344	8.96027094105925
18	C	0.0	0.0	63	119	0	0	3	0	0	0	0	0	0	0	0	11	35	10	I	1	57	E	13	70	151	22	12	1	0	0	0	86	30	430	55	1	9	9	2	0	0	58	17	0	0	0	0	0	0	0	0	0	0	0	46	41	1	0.796838894352735	0.839199300914415	0.700131736070662
20	C	0.0	3.0	61	135	0	0	0	0	0	1	0	0	0	0	1	13	35	10	J	1	53	E	13	70	167	22	10	0	0	0	0	85	36	370	88	1	8	9	0	3	7	49	16	5	0	0	0	0	0	0	0	0	0	1	43	40	1	10.4251238011394	6.75186221179664	12.2459658752383
23	C	0.0	0.0	51	85	0	1	0	0	0	0	0	0	1	0	1	17	25	10	C	1	70	A	15	70	106	27	17	0	0	0	0	74	25	390	71	0	9	10	0	3	7	61	18	0	0	0	0	0	0	0	0	0	0	0	47	40	0	12.3627303078173	13.0057211473798	6.7256422388427
18	C	0.0	2.0	64	104	0	0	0	0	0	1	1	0	0	0	0	10	35	4	J	1	53	E	13	60	126	20	12	0	0	0	0	73	21	300	36	0	8	9	0	2	6	48	14	0	0	0	0	0	0	0	0	0	0	0	44	37	0	2.85127709186361	4.54438189242464	6.49101387364461
22	C	20.0	9.0	66	135	0	0	0	0	0	1	0	0	0	0	1	12	75	7	J	1	85	E	12	78	140	24	12	0	0	0	0	87	33	600	50	1	4	7	3	0	4	42	13	1	0	0	0	1	0	0	0	0	0	1	47	42	0	6.9849659849423	5.52318235800856	6.84152578649313
22	C	10.0	3.0	63	105	0	0	0	0	0	0	0	0	0	0	0	10	35	10	J	1	37	E	14	80	128	25	11	0	0	0	0	85	35	350	42	0	7	9	2	0	2	61	18	0	0	0	0	0	0	0	0	0	0	0	46	39	0	-0.84576268466089	0.902060761873367	2.36174295647048
37	C	0.0	0.0	64	140	1	0	0	0	0	0	2	0	1	1	0	12	65	12	J	1	60	E	14	86	166	40	9	0	0	0	0	82	41	420	98	0	8	9	2	0	6	68	19	0	0	0	0	0	0	0	0	0	0	0	44	45	0	-2.18139893819281	-0.797778584847793	2.33153321419366
24	C	20.0	7.0	63	118	0	0	1	0	0	0	0	0	0	0	1	12	65	7	J	1	60	E	17	80	125	28	12	0	0	0	0	90	32	540	59	0	9	9	2	0	3	61	18	0	0	0	0	0	0	0	0	0	0	0	45	41	0	-1.54277419238605	0.118571363731668	0.415346743647572
20	C	30.0	4.0	64	96	0	0	0	0	0	0	0	0	1	0	0	12	15	7	J	1	33	E	12	50	128	22	10	0	0	0	0	75	27	405	53	1	8	8	0	3	9	67	16	0	0	0	0	0	0	0	0	0	0	0	47	36	1	3.58399613460869	-1.59036747741225	4.54548124258291
24	C	0.0	2.0	63	110	3	1	0	0	0	0	1	0	0	0	0	9	45	7	I	1	53	B	13	74	124	32	12	0	0	0	0	77	30	300	43	0	8	9	2	0	2	61	18	0	0	0	0	0	0	0	0	0	0	0	44	43	0	8.60865579578263	10.7520093453306	-0.713471778625252
26	C	20.0	6.0	63	130	1	0	0	0	0	0	0	0	0	0	0	16	55	10	J	1	73	E	14	64	146	26	12	1	0	0	0	70	24	450	64	1	6	9	2	0	6	58	16	0	0	0	0	0	0	0	0	0	0	0	47	40	0	1.8849886462362	2.85908883341396	5.20912447832534
24	C	0.0	0.0	64	165	0	0	0	0	0	0	2	0	1	1	0	12	35	12	I	1	53	B	13	76	172	25	12	0	0	0	0	76	32	470	68	1	8	8	2	0	7	58	16	0	0	0	0	0	0	0	0	0	0	0	46	39	0	3.67856389752069	2.60049040099271	7.19873715705435
34	C	40.0	17.0	61	150	0	0	0	0	0	0	1	0	0	0	0	12	55	8	J	1	70	E	12	72	170	36	16	0	2	0	0	83	32	610	95	1	6	9	2	0	1	66	20	0	0	0	0	0	0	0	0	0	0	0	46	41	0	-1.21463546195751	-2.61200764045652	-3.03789789093798
36	C	30.0	18.0	69	160	0	0	0	0	0	0	2	0	0	0	0	12	65	9	J	1	77	E	13	70	171	37	16	0	2	0	0	78	28	585	60	1	9	10	2	0	9	60	20	0	0	1	0	0	0	0	0	0	0	0	47	37	0	1.93026773938104	2.44366174082402	5.20845493210229
20	C	0.0	0.0	61	123	0	0	0	0	0	1	0	0	0	0	0	12	45	10	J	1	43	E	13	74	140	23	9	0	0	0	0	73	26	300	39	1	5	8	4	0	8	58	18	0	0	0	0	0	0	0	0	0	0	0	46	39	0	2.77020577496684	2.53763525665007	7.00417884112857
33	C	10.0	16.0	65	126	0	1	0	0	0	0	0	2	0	0	0	9	55	15	J	1	67	E	15	70	147	34	12	2	0	0	0	79	36	440	64	1	8	9	3	0	5	58	19	1	0	0	0	0	0	0	0	0	0	1	46	39	0	14.1592178021051	14.4856933972721	6.46445339480108
24	C	20.0	7.0	67	133	0	0	0	0	0	0	0	0	1	0	0	14	45	13	L	1	67	E	12	70	149	27	12	1	0	0	0	76	29	470	62	0	9	9	3	0	2	58	17	0	0	0	0	0	0	0	0	0	0	0	45	42	0	1.22310088436023	2.31136964899014	4.09095083118833
19	C	20.0	2.0	65	140	0	0	0	0	0	1	0	0	1	0	1	12	65	12	J	1	70	E	12	68	165	20	12	0	0	0	0	82	37	630	84	1	9	9	3	0	4	55	16	0	0	0	0	0	0	0	0	0	0	0	48	40	0	3.43897520683394	3.90971033170635	6.23572433916923
31	C	30.0	10.0	67	165	1	0	0	0	0	3	0	3	1	0	0	12	55	18	J	1	63	E	13	80	176	31	12	0	0	1	0	84	38	580	60	1	9	9	3	0	2	62	20	0	0	0	0	0	0	0	0	0	0	0	46	41	0	2.54243762857969	1.44698032393768	4.27278344639258
33	C	20.0	13.0	66	159	0	0	0	0	0	1	1	1	1	0	0	12	105	20	J	1	60	E	11	75	171	34	12	0	0	1	0	77	35	420	41	1	9	9	2	0	5	60	20	0	0	0	0	0	0	0	0	0	0	0	45	37	0	2.93133388974088	3.48078185366728	7.86873349452857
20	C	20.0	5.0	63	127	0	0	0	0	0	0	1	0	1	1	0	12	45	10	J	1	63	E	12	78	151	21	12	0	1	0	0	84	40	360	44	0	6	9	0	2	2	65	20	0	0	1	0	0	0	0	0	0	0	1	45	41	0	-1.56121129848354	-0.96006159172719	2.49095274263483
18	C	13.0	3.0	64	114	0	0	0	0	0	2	0	1	1	0	0	9	25	10	J	1	17	E	12	76	136	22	7	0	0	0	0	80	33	420	62	1	8	9	2	0	4	63	21	0	0	0	0	0	0	0	0	0	0	0	46	41	1	4.14229301204474	1.00298158304684	3.65618155069432
24	C	0.0	0.5	61	121	0	0	1	0	0	0	0	0	0	0	0	12	55	6	J	1	63	E	16	80	161	26	12	0	1	0	0	81	37	420	68	0	8	10	3	0	8	48	16	0	0	0	0	0	0	0	0	0	0	0	46	39	0	5.86941529836087	5.77577743129657	7.16024685322004
42	C	0.0	0.0	66	139	0	1	0	0	0	0	0	0	1	0	1	11	95	8	J	1	60	E	13	88	152	44	10	0	0	0	0	83	37	490	61	1	8	9	4	0	6	58	16	0	0	0	0	0	0	0	0	0	0	0	48	39	0	12.772149376621	13.4031844163355	3.7999934552329
22	C	0.0	0.0	65	118	0	0	2	2	0	0	0	0	1	0	1	16	45	10	B	1	83	E	11	84	125	24	17	0	0	0	0	80	31	490	69	1	9	9	0	2	2	60	20	0	0	0	0	0	0	0	0	0	0	0	47	39	0	2.77692353582674	0.888058795685277	4.00679211085207
26	C	0.0	2.0	64	139	0	0	0	1	0	0	1	0	0	0	0	7	15	7	F	1	10	E	13	76	160	23	7	0	0	0	0	81	36	490	41	0	8	9	2	1	3	51	16	0	0	0	0	0	0	0	0	0	0	0	48	40	0	5.29317895030948	4.52765347748259	5.75146401795114
28	C	0.0	1.0	63	136	0	0	0	1	0	0	0	0	1	0	0	6	45	10	F	1	27	E	13	80	154	24	5	0	0	0	0	81	33	625	61	0	8	9	3	0	6	63	20	0	0	0	0	0	0	0	0	0	0	0	47	40	0	1.50586043550077	1.41357733192219	4.56041047486055
24	C	0.0	4.0	66	163	0	0	0	0	0	0	0	0	0	0	0	12	75	8	J	1	77	B	12	70	175	25	15	0	0	0	0	85	36	300	54	1	9	9	0	3	4	62	19	0	0	0	0	0	0	0	0	0	0	0	47	39	0	0.958896477929208	0.293263660864288	3.60617669664102
26	C	0.0	7.0	66	180	0	1	0	0	0	0	0	0	1	0	0	14	55	6	J	1	70	B	13	70	190	27	13	0	0	0	0	79	34	420	69	0	9	9	2	0	7	58	16	0	0	0	0	0	0	0	0	0	0	0	45	37	0	12.7817782194619	12.8073590109738	2.32258435308857
20	C	0.0	2.0	64	96	0	0	0	1	0	2	0	0	0	0	0	14	45	20	J	1	83	E	13	70	122	21	14	0	0	0	0	85	40	430	58	1	8	9	3	0	2	55	16	0	0	0	0	0	0	0	0	0	0	0	47	43	0	3.95027497167092	4.16409190851999	6.97195746218795
23	C	0.0	5.0	61	95	0	0	0	1	0	1	1	0	0	0	0	10	35	13	J	1	50	E	13	66	115	30	10	0	1	0	0	79	31	450	46	0	3	9	4	0	8	49	15	0	0	0	1	0	0	0	0	0	0	1	44	33	1	12.6749777846332	7.44173096298153	11.6415174481109
22	C	0.0	9.0	60	97	0	0	0	0	0	0	0	0	1	0	1	12	75	7	J	1	70	E	12	66	119	25	12	0	0	0	0	79	30	395	43	1	9	9	3	0	5	65	22	0	0	0	0	0	0	0	0	0	0	0	43	39	0	-0.509414786968919	-1.10549894557971	-0.254739079208015
32	C	20.0	10.0	67	120	0	0	0	0	0	1	0	0	1	0	0	9	75	18	J	1	53	B	11	80	136	31	11	0	0	0	0	81	39	380	79	0	3	1	2	0	2	66	20	0	0	0	2	0	0	0	0	0	0	1	44	38	1	3.30163421779027	-1.3137066672995	2.68398606374951
22	C	20.0	2.0	61	109	0	0	0	0	0	1	2	0	0	0	0	12	65	7	J	1	70	E	12	85	138	25	12	0	0	0	0	82	37	470	68	1	7	9	4	0	3	64	21	0	0	0	0	0	0	0	0	0	0	0	48	41	0	-1.42184172602692	-1.26906569422156	-1.1589566787367
19	C	20.0	6.0	62	110	0	0	1	0	0	0	1	0	0	0	0	11	85	7	J	1	63	E	14	70	135	22	10	0	0	0	0	79	33	500	62	1	9	9	3	0	3	60	18	0	0	0	0	0	0	0	0	0	0	0	48	41	0	0.474719219732639	0.487172266453917	0.734678591657873
21	C	20.0	5.0	74	110	0	0	0	0	0	0	0	0	0	1	0	10	55	10	J	1	47	E	14	50	129	22	8	0	0	0	0	81	30	435	55	1	9	9	3	0	6	57	19	0	0	0	0	0	0	0	0	0	0	0	47	44	0	5.13259891963941	3.5762122774635	6.38751136978965
19	C	10.0	6.0	63	130	0	0	0	0	0	1	0	0	1	0	0	12	35	8	J	1	77	E	12	60	152	22	13	0	0	0	0	69	22	480	67	1	9	9	3	0	6	46	14	0	0	0	0	0	0	0	0	0	0	0	47	39	0	4.47121530695377	6.4746555355632	8.04596976281739
31	C	10.0	15.0	63	170	0	0	0	0	0	2	2	0	0	0	0	10	35	18	J	1	47	E	13	74	242	42	11	0	0	0	0	73	27	530	75	1	9	8	3	0	2	57	16	0	0	0	0	0	0	0	0	0	0	0	45	41	0	0.406399599898225	2.48430251737632	6.62037462126612
20	C	18.0	2.0	64	130	0	0	0	0	0	0	0	0	0	0	0	14	35	10	J	1	77	E	13	70	150	25	16	0	0	0	0	78	40	450	78	1	4	8	0	2	4	57	18	0	0	0	0	0	0	0	0	0	0	0	46	46	0	2.49747789937104	1.65216406819171	6.73797514302313
26	C	0.0	0.0	65	150	0	0	0	0	0	0	1	0	0	0	0	12	45	8	J	1	77	E	12	80	176	30	14	0	0	0	0	76	31	520	77	1	7	9	2	0	7	61	22	0	0	0	0	0	0	0	0	0	0	0	48	40	0	0.737508872842681	1.32241304246423	3.14521597703006
19	C	0.0	1.0	65	110	0	0	0	0	0	1	0	0	0	0	1	12	75	7	J	1	87	B	12	65	146	22	12	0	0	0	0	82	37	520	48	0	9	9	3	0	2	49	14	0	0	0	0	0	0	0	0	0	0	0	46	39	0	4.19030272419505	3.85131030774907	3.26426792097642
20	C	15.0	3.0	65	115	0	0	0	0	0	0	0	0	0	0	0	12	35	10	L	1	53	E	13	70	130	24	12	0	0	0	0	81	39	470	69	1	3	8	2	0	3	63	18	0	0	0	4	0	0	0	0	0	0	2	46	42	0	-0.389775786674258	-0.94261616482334	1.68576145968743
18	C	6.0	3.0	62	108	0	0	0	0	0	0	0	0	0	0	0	11	45	10	J	1	43	E	10	70	136	23	10	0	1	0	0	78	35	310	48	0	8	9	3	0	7	56	18	0	0	0	0	0	0	0	0	0	0	0	48	41	0	1.58693125559193	4.24642354690307	7.43016099369071
25	C	0.0	6.0	62	131	0	0	0	0	0	0	0	0	0	0	1	10	75	10	J	1	53	E	12	84	152	26	8	1	0	0	0	82	36	520	46	1	7	9	2	0	7	72	24	0	0	0	0	0	0	0	0	0	0	0	44	39	1	0.653569357804017	-2.76767346864917	0.179321045365638
33	C	30.0	17.0	64	204	0	0	0	0	0	0	1	0	0	0	0	12	55	12	I	1	43	E	12	90	180	38	9	0	0	0	0	71	26	580	66	0	7	8	2	0	7	72	21	0	0	0	0	0	0	0	0	0	0	0	43	37	0	-4.99267044175196	-3.39172861274096	1.33055173445756
19	C	10.0	3.0	63	119	0	0	0	0	0	0	1	0	0	1	0	10	45	13	J	1	53	E	11	68	146	21	11	0	2	0	0	85	28	415	54	0	8	10	2	0	1	65	21	0	0	0	0	0	0	0	0	0	0	0	44	38	0	-0.355512845531916	-0.837578565168887	0.624356512031374
21	C	9.0	6.0	66	117	0	0	2	0	0	0	1	0	0	0	0	10	75	12	J	1	60	E	11	58	150	22	11	0	2	0	0	80	33	455	60	1	9	10	2	0	4	65	20	0	0	0	0	0	0	0	0	0	0	0	44	39	0	-0.0508072885398762	0.0031397056820314	2.46994185493385
18	C	15.0	3.0	67	140	0	0	0	0	0	0	0	0	1	0	1	10	55	5	J	1	67	E	12	60	157	20	12	0	0	0	0	82	30	480	80	1	8	8	0	3	4	49	15	0	0	0	0	0	0	0	0	0	0	0	47	42	0	1.90779294134549	2.92599421594665	5.79995002216087
20	C	0.0	1.0	59	149	0	0	0	0	0	0	0	0	0	0	1	12	25	3	J	1	27	B	11	90	172	26	8	0	1	0	0	82	40	420	67	1	8	10	3	0	2	53	16	0	0	0	0	0	0	0	0	0	0	0	46	37	1	-2.32280465898158	1.0031993499846	-1.71621783978294
24	C	0.0	0.0	69	137	0	0	0	0	0	0	0	0	1	1	1	12	45	4	H	1	83	E	12	70	154	25	17	0	0	0	0	74	36	420	57	1	9	9	0	2	8	54	16	0	0	0	0	0	0	0	0	0	0	0	48	42	0	1.53456079921286	2.57180314234912	4.55098266840585
32	C	25.0	17.0	64	114	0	0	0	0	0	0	2	0	1	0	0	12	55	6	J	1	60	E	16	80	130	31	11	1	1	0	0	79	38	405	72	1	7	8	3	0	6	65	21	0	0	0	0	0	0	0	0	0	0	0	44	39	0	-2.24717979475043	-2.27052817599454	-0.455720699873178
34	C	40.0	20.0	64	114	0	0	0	0	0	0	2	0	1	0	0	12	55	8	J	1	60	E	16	80	127	32	11	1	0	0	0	73	25	330	68	0	9	9	2	0	9	57	16	0	0	0	0	0	0	0	0	0	0	0	44	38	0	2.84435268016721	3.55885309389901	6.23542040764836
28	C	0.0	0.5	62	100	0	0	0	0	0	0	1	0	1	0	0	12	35	12	J	1	53	E	16	60	124	35	11	0	2	0	1	83	37	530	51	1	7	8	2	0	2	56	16	1	0	0	0	0	0	0	0	0	0	1	49	40	0	0.907933343497118	1.91125598081632	4.70240683708931
18	C	30.0	4.0	63	114	0	0	0	0	0	1	0	0	0	0	0	8	25	10	J	1	17	E	14	96	140	19	6	0	0	0	0	84	40	450	37	1	9	9	2	0	7	71	22	0	0	0	0	0	0	0	0	0	0	0	44	38	0	-2.82644407565	-1.82214029633454	1.77216479751898
19	C	0.0	2.0	66	115	0	0	0	0	0	0	0	0	0	0	0	12	45	15	J	1	73	E	11	60	136	22	13	0	0	0	0	78	36	430	53	0	9	9	0	3	4	60	19	1	0	0	0	0	0	0	0	0	0	0	44	42	0	1.91903512463066	2.5938097147394	8.01089307265294
27	C	0.0	9.0	62	129	0	0	0	0	0	1	1	0	0	0	0	12	85	7	J	1	60	E	14	82	135	28	11	0	4	0	0	80	31	500	76	1	8	10	3	0	8	48	14	5	0	0	0	0	0	0	0	0	0	1	47	38	0	4.38419018141258	6.19778041986762	8.17928305073375
29	C	0.0	14.0	62	122	0	1	0	0	0	1	2	1	0	0	0	12	45	10	J	1	50	E	14	78	132	30	11	0	4	0	0	80	35	420	50	0	8	9	2	0	4	66	19	0	0	0	0	0	0	0	0	0	0	0	46	38	0	11.5748502412733	10.1802439775779	0.795487137606371
41	C	20.0	26.0	65	154	0	0	0	0	0	0	0	0	0	0	1	10	45	5	J	1	70	E	16	78	152	43	12	0	0	0	0	86	39	350	47	0	9	10	3	0	5	67	23	0	0	0	0	0	0	0	0	0	0	0	48	41	0	-3.69364104876678	-2.84468296902242	-3.20863753349395
32	C	0.0	0.0	64	117	0	0	0	0	0	0	0	0	0	0	0	11	35	20	P	1	47	E	12	60	138	29	12	0	0	0	0	79	31	350	50	1	8	10	1	2	9	59	16	0	0	0	0	0	0	0	0	0	0	0	47	41	0	5.51655246248718	5.14337037963104	13.3922283635412
19	C	2.0	2.0	66	124	0	0	0	0	0	0	1	0	0	0	1	13	15	10	J	1	63	E	12	80	144	23	13	0	0	0	0	82	33	390	61	1	8	10	0	2	10	59	18	0	0	0	0	0	0	0	0	0	0	0	47	40	0	1.50183779482148	3.63096936150315	9.70808233902554
22	C	0.0	4.0	67	133	0	0	0	0	0	1	0	0	1	0	0	14	35	8	G	1	77	E	13	82	160	25	18	0	0	0	0	81	32	315	49	0	6	7	4	4	7	42	12	0	0	0	0	0	0	0	0	0	0	0	46	34	0	7.50065801932188	6.72871556713645	9.61904447567914
22	C	0.0	4.0	67	133	0	0	0	0	0	1	0	0	1	0	0	14	35	8	G	1	77	E	13	82	160	25	18	0	0	0	0	76	35	250	53	1	9	9	4	0	7	46	13	0	0	0	0	0	0	0	0	0	0	0	46	34	0	5.71431018574283	6.71394600041565	8.58347055305773
42	C	0.0	13.0	65	138	0	0	0	1	0	0	5	0	0	1	0	10	65	8	I	1	43	B	13	84	160	43	6	1	1	0	0	82	37	410	52	0	9	9	0	3	1	55	15	0	0	0	0	0	0	0	0	0	0	0	47	43	1	4.90052042820616	2.37047967646267	4.92565714066026
24	C	0.0	0.0	63	135	0	1	0	0	0	0	0	0	1	0	0	10	75	13	F	1	83	E	11	72	143	32	12	2	0	1	0	74	33	585	65	0	8	9	0	3	7	51	15	0	0	0	0	0	0	0	0	0	0	0	45	37	0	15.1445084720592	17.1969697848656	11.5617809523906
20	C	0.0	0.0	63	125	0	0	0	3	0	1	1	0	1	0	0	15	25	10	J	1	63	E	12	80	134	23	14	0	0	0	0	78	33	420	77	1	6	8	0	2	7	52	15	0	0	0	0	0	0	0	0	0	0	0	47	36	0	4.67170847968552	4.44066629727594	10.7602814713866
26	C	0.0	0.0	64	110	0	0	0	1	0	1	1	0	0	0	0	17	45	4	I	1	77	E	13	60	122	27	17	0	0	0	0	77	39	470	56	1	4	9	0	3	13	47	15	0	0	0	0	0	0	2	0	0	0	1	46	40	0	6.43628459751587	5.97955068271543	9.27783938341161
24	C	0.0	5.0	66	140	0	0	0	1	0	0	0	0	1	0	0	17	35	8	J	1	77	E	11	76	157	27	17	0	0	0	0	77	33	540	68	1	9	9	0	3	4	48	16	0	0	0	0	0	0	0	0	0	0	0	46	40	0	5.56286104526514	5.4671965179535	8.82494550609968
26	C	0.0	5.0	65	140	0	0	0	1	0	0	1	0	0	0	0	18	25	13	J	1	70	E	11	70	149	27	18	0	0	0	0	78	24	500	83	1	9	9	3	0	1	50	16	0	0	0	0	0	0	0	0	0	0	0	46	39	0	4.60132146335615	4.74322873555677	5.95621078802609
25	C	3.0	7.0	64	114	0	0	0	0	0	0	0	0	0	0	1	14	65	10	F	1	90	E	13	80	137	27	17	0	0	0	0	80	39	380	42	1	10	10	0	3	5	60	19	0	0	0	0	0	0	0	0	0	0	0	48	39	0	1.54997582977233	1.7575825726594	5.9477175168679
20	C	20.0	5.0	65	115	0	0	0	0	0	4	0	0	2	0	1	12	25	7	I	1	70	E	13	70	144	21	17	0	0	0	0	81	37	510	67	0	7	8	0	4	8	42	14	0	0	0	0	0	0	0	0	0	0	0	46	40	0	7.33998365344939	6.88129377966221	12.1793697986529
32	C	6.0	16.0	63	161	0	1	0	1	0	0	1	0	1	0	0	12	55	18	J	1	63	E	14	64	162	32	12	0	0	0	0	74	15	535	60	1	7	10	2	0	0	55	17	0	0	0	0	0	0	0	0	0	0	0	44	38	0	14.3256676684387	14.0972814570152	4.25559667443644
15	C	30.0	3.0	62	133	0	0	0	0	0	1	0	0	1	0	0	9	35	8	J	1	47	E	12	72	164	20	10	0	0	0	0	84	29	490	87	1	9	9	3	0	7	70	22	0	0	0	0	0	0	0	0	0	0	0	47	43	0	-2.67872099292838	-2.26107554699911	0.0553300325661734
22	C	0.0	0.0	65	155	0	0	0	0	0	1	0	0	0	0	0	12	75	12	L	1	60	B	10	90	184	23	11	0	0	0	0	83	34	350	76	0	8	10	3	0	3	50	16	0	0	0	0	0	0	0	0	0	0	0	46	41	0	5.90193677538624	5.48524840054309	7.6100352423074
25	C	0.0	0.0	63	176	0	0	0	0	0	0	3	0	0	0	0	12	65	7	L	1	57	B	10	70	188	25	11	0	0	0	0	81	41	440	72	0	8	9	2	0	2	53	17	0	0	0	0	0	0	0	0	0	0	0	45	30	1	1.97234385716671	2.86094192323253	2.78799585885357
29	C	25.0	14.0	67	109	0	3	3	0	0	1	0	0	0	0	0	10	35	12	J	1	53	E	12	70	128	30	11	0	0	0	0	82	39	530	84	1	9	9	2	0	3	48	16	0	0	0	0	0	0	0	0	0	0	0	47	41	1	8.44659728629942	17.1371689304912	7.95453961988878
21	C	20.0	5.0	64	122	0	0	0	0	0	0	0	0	0	0	1	12	35	3	L	1	70	E	13	65	142	27	12	0	0	0	0	75	27	350	62	1	7	9	0	2	9	70	21	0	0	0	0	0	0	0	0	0	0	0	48	38	0	-4.29750757292112	-4.52170615800438	-3.24245082047378
20	C	30.0	5.0	62	83	0	0	0	0	0	0	0	0	0	0	0	12	35	10	J	1	47	E	15	78	102	25	10	1	0	0	0	78	28	410	54	1	5	8	3	0	4	71	22	0	0	0	1	0	0	0	0	0	0	1	48	36	0	-3.17940593472123	-4.15658203986328	-1.06106715783214
37	C	20.0	23.0	68	164	0	0	0	0	0	1	1	0	1	0	0	12	85	10	J	1	63	E	15	80	184	39	10	0	0	0	0	80	38	400	60	0	8	9	3	0	2	65	20	0	0	0	0	0	0	0	0	0	0	0	45	41	0	-0.970578503547057	-1.12462910614525	-0.139656207597399
21	C	20.0	4.0	67	170	0	0	0	0	0	0	1	0	0	0	0	10	35	8	J	1	37	E	13	70	181	31	9	0	2	0	0	77	26	500	45	0	9	9	2	0	0	71	24	0	0	0	0	0	0	0	0	0	0	0	45	41	0	-5.00663401137114	-5.06936539793239	-5.647925897887
33	C	1.0	12.0	61	145	0	0	1	0	0	1	0	1	0	0	0	12	45	10	J	1	53	E	14	78	159	39	11	0	0	0	0	74	31	530	73	0	9	9	3	0	7	61	20	0	0	0	0	0	0	0	0	0	0	0	45	42	1	4.55288843600149	2.15251222221901	5.14214378185809
34	C	0.0	0.0	64	135	0	2	2	3	0	2	0	0	0	0	0	8	25	15	F	1	20	E	15	80	143	38	8	0	1	0	0	80	29	460	52	1	9	9	2	0	4	61	18	0	0	0	0	0	0	0	0	0	0	0	48	39	0	13.5373269970532	13.6064113061691	6.05792161277855
27	C	7.0	11.0	60	98	0	0	2	0	0	0	1	0	0	0	1	10	75	10	J	1	63	E	15	80	117	27	10	0	0	0	0	81	34	300	53	0	7	9	2	0	8	58	18	0	0	0	0	0	0	0	0	0	0	0	44	38	0	2.08581276895755	3.44892118117755	6.55158813202141
27	C	0.0	0.0	64	160	0	0	0	0	0	1	1	1	0	1	0	12	65	14	J	1	70	E	11	70	179	30	12	0	0	0	0	76	34	480	62	1	7	9	2	0	1	53	15	0	0	0	0	0	0	0	0	0	0	0	48	39	0	2.16185482533879	3.86795459909082	5.30231590068377
41	C	0.0	0.0	67	130	0	0	0	1	0	1	2	0	1	0	0	12	35	15	J	1	57	E	16	80	141	41	12	0	0	0	0	82	32	530	62	0	6	9	3	0	6	60	18	0	0	0	0	0	0	0	0	0	0	0	47	39	1	7.6841792131024	3.17324473033521	7.07962136379478
25	C	0.0	0.0	60	118	0	0	2	0	0	0	0	0	0	0	0	12	65	13	I	1	60	B	12	78	143	32	12	0	0	0	0	82	35	550	51	1	9	9	0	3	4	50	15	0	0	0	0	0	0	0	0	0	0	0	47	39	0	6.77275744635239	6.14243523897889	11.3776854380686
25	C	0.0	1.0	60	100	0	1	0	0	0	0	1	1	0	0	1	9	45	10	J	1	60	E	16	60	131	32	12	1	1	0	0	76	25	300	56	1	5	9	3	0	2	65	21	0	0	0	0	0	0	0	0	0	0	0	45	42	0	9.40277511327313	9.81818680035432	-0.58061149635803
27	C	0.0	0.0	63	100	0	0	0	0	0	0	1	0	0	0	0	9	45	13	J	1	60	E	16	70	129	32	12	1	1	0	0	68	24	310	50	0	8	9	2	0	1	66	21	0	0	0	0	0	0	0	0	0	0	0	43	41	0	-1.9214602927021	-1.36724716011225	-0.0325754339682707
28	C	10.0	10.0	64	96	0	0	0	0	0	0	2	0	1	0	0	12	95	8	H	1	73	B	16	60	120	29	12	0	2	0	1	78	36	590	78	0	7	10	3	0	5	60	21	0	0	0	0	0	0	0	0	0	0	0	44	44	0	1.62614900155135	1.28206707158319	2.55825225546457
27	C	0.0	5.0	67	148	0	0	0	0	0	1	1	1	1	0	0	12	55	12	H	1	67	B	13	74	173	44	12	0	1	0	0	79	37	410	70	0	6	8	2	0	1	57	16	0	0	0	1	0	0	0	0	0	0	0	45	39	0	1.2905925320369	0.920947658760786	2.92317508470462
36	C	0.0	0.0	59	127	0	0	0	0	0	0	1	0	0	0	0	11	45	15	J	1	50	E	11	74	138	37	11	0	0	0	0	75	34	350	54	0	8	8	2	0	9	58	19	0	0	0	0	0	0	0	0	0	0	0	46	38	0	3.69200709010867	3.56317409965787	9.45045012045818
20	C	20.0	3.0	64	103	0	0	0	0	0	2	0	0	0	0	1	12	15	7	J	1	43	E	13	70	137	21	12	0	0	0	0	80	30	420	34	0	9	9	2	0	6	54	18	0	0	0	0	0	0	0	0	0	0	0	44	40	0	1.76713160644482	3.89644129666327	5.58356072093253
21	C	20.0	5.0	67	120	0	0	0	0	0	1	3	0	3	1	0	12	45	8	J	1	77	E	14	62	142	23	12	1	0	0	0	80	29	440	46	1	8	9	3	0	9	62	20	0	0	0	0	0	0	0	0	0	0	0	46	37	0	2.6671440566216	1.34354865364904	3.70440269204524
25	C	0.0	0.0	68	130	0	0	0	0	0	0	1	0	1	0	0	17	65	10	K	1	90	E	11	80	140	26	17	0	0	0	0	82	35	625	74	0	8	9	0	2	5	50	16	0	0	0	0	0	0	0	0	0	0	0	46	39	0	6.04157596573499	5.45322257544462	9.67538297180263
21	C	9.0	4.0	61	112	0	0	0	0	0	0	0	0	2	0	1	12	65	10	J	1	90	A	13	74	142	24	14	0	0	0	0	80	32	450	50	1	9	9	2	0	12	67	22	0	0	0	0	0	0	0	0	0	0	0	45	39	0	-0.0317744217102924	0.108505240611639	3.68167095971031
39	C	0.0	0.0	63	138	1	0	0	0	0	0	0	0	0	0	0	9	65	7	A	1	60	E	11	70	152	42	12	2	0	1	0	81	33	435	54	1	9	8	3	0	6	51	16	0	0	0	0	0	0	0	0	0	0	0	46	43	0	5.29747648254945	3.57103961092376	5.97738157670524
37	C	0.0	0.0	67	164	0	0	0	0	0	0	2	0	0	0	0	12	55	10	J	1	80	E	12	68	179	36	12	1	0	0	0	84	34	545	59	1	4	9	0	2	4	63	19	0	0	0	1	0	0	0	0	0	0	1	46	40	0	0.432828874293613	0.360612731071565	4.36240907657193
21	C	10.0	5.0	66	125	0	0	0	0	0	0	0	0	0	0	1	12	75	7	J	1	63	E	14	70	152	23	12	0	0	0	0	85	36	400	56	1	8	9	3	0	1	60	20	0	0	0	0	0	0	0	0	0	0	0	47	43	0	1.45631299368275	-0.305809946511383	-1.04653975474884
26	C	0.0	0.0	64	114	0	0	0	1	0	0	0	0	0	0	1	14	75	20	A	1	93	E	12	60	137	27	17	0	0	0	0	83	38	400	46	0	6	9	1	2	8	58	18	0	0	0	0	0	0	0	0	0	0	0	45	41	0	5.66883647577507	4.74277830893799	11.9250060231782
28	C	0.0	0.0	64	115	0	0	0	1	0	0	0	1	0	0	1	15	25	15	A	1	70	E	12	68	135	30	18	0	0	0	0	76	32	315	51	0	8	10	2	0	8	66	20	0	0	0	0	0	0	0	0	0	0	0	45	40	0	0.289729900448227	0.92949056641644	5.16232799382687
41	C	20.0	23.0	63	132	0	0	0	0	0	0	1	0	3	1	1	12	85	10	J	1	83	B	11	85	165	38	14	0	0	0	1	82	29	380	69	0	9	9	3	0	5	60	18	0	0	0	0	0	0	0	0	0	0	0	47	39	0	2.70587619271779	1.68121964577884	3.52745882084307
23	C	0.0	0.0	60	124	0	0	0	0	0	0	0	0	0	0	0	12	65	9	A	1	70	B	11	68	139	25	12	0	0	0	0	79	30	420	52	1	9	10	3	0	2	48	14	0	0	0	0	0	0	0	0	0	0	0	46	39	0	7.1417713705931	4.99594982796774	5.5657439210313
34	C	20.0	19.0	67	125	2	0	0	0	0	0	0	1	2	0	0	12	45	13	J	1	67	E	12	58	138	32	12	0	0	0	0	82	33	530	42	1	8	8	2	0	5	50	18	0	0	0	0	0	0	0	0	0	0	0	49	38	0	5.34852419222752	5.00514434159343	9.01399331077303
21	C	7.0	3.0	68	130	0	0	0	0	0	0	0	0	0	0	1	12	45	8	J	1	83	E	12	64	139	22	14	0	0	0	0	78	29	375	53	0	9	10	2	0	1	55	17	0	0	0	0	0	0	0	0	0	0	0	47	40	0	2.25119522909423	1.69768133953103	1.08301959082357
19	C	15.0	1.0	61	103	0	0	1	0	0	0	1	0	0	0	1	12	35	7	J	1	57	E	12	86	126	23	12	0	0	0	0	82	36	495	59	1	8	9	3	0	7	60	18	0	0	0	0	0	0	0	0	0	0	0	48	41	0	1.51650410037592	1.65844970476427	3.3762063306351
27	C	13.0	9.0	61	110	0	0	0	0	0	0	2	0	0	0	0	12	75	5	J	1	73	E	14	80	126	31	12	0	0	0	0	78	33	390	42	0	6	6	3	0	3	45	15	0	0	0	0	0	0	0	0	0	0	0	47	38	0	2.72142711386651	3.63284289897388	3.55419644461856
30	C	20.0	9.0	62	117	0	0	1	2	0	3	2	0	0	0	0	12	35	10	J	1	47	E	14	64	137	27	7	2	2	0	0	83	41	480	60	1	9	10	2	0	5	77	25	0	0	0	0	0	0	0	0	0	0	0	44	41	0	-6.76787883593584	-5.69568909085205	-3.28447648284893
19	C	4.0	6.0	61	117	0	0	0	0	0	0	1	1	0	0	0	8	55	10	L	1	67	E	13	90	137	24	12	0	1	0	0	85	41	500	84	1	8	9	3	0	2	47	15	0	0	0	0	0	0	0	0	0	0	0	47	42	0	4.5244039605302	5.59846850797057	6.57184688394817
22	C	0.0	4.0	66	217	0	0	0	0	0	0	0	0	0	0	0	12	45	6	F	1	77	E	11	84	222	27	12	0	0	0	0	74	28	580	71	0	9	10	0	2	3	67	22	0	0	0	0	0	0	0	0	0	0	0	46	40	0	-2.74370493121886	-2.89851635939412	-1.00069995008664
39	C	8.0	21.0	59	112	0	0	0	0	0	0	0	0	1	0	1	12	75	11	J	1	63	E	12	82	114	43	12	5	0	0	0	84	38	390	74	1	9	9	3	0	5	65	20	0	0	0	0	0	0	0	0	0	0	0	47	40	0	0.674220806633701	0.0514175507394139	2.53945547072036
17	C	3.0	2.0	65	117	0	0	0	0	0	0	0	0	1	1	0	11	25	5	J	1	50	E	13	76	135	25	12	0	0	0	0	87	38	540	48	0	9	9	0	2	3	51	16	0	0	0	0	0	0	0	0	0	0	0	47	40	1	3.50110518218474	3.32239678145438	5.08727558246754
18	C	10.0	4.0	65	117	0	0	0	0	0	0	0	1	0	1	0	11	45	8	J	1	70	E	13	64	141	26	14	0	0	0	0	79	29	520	58	1	8	10	0	2	6	50	15	0	0	0	0	0	0	0	0	0	0	0	47	39	0	4.94436038263184	5.43861767813694	9.58744376957366
24	C	20.0	7.0	66	120	0	0	0	0	0	4	0	0	0	1	1	11	65	4	J	1	60	E	14	80	148	25	11	0	0	0	0	76	32	430	69	0	8	8	0	2	3	61	20	0	0	0	0	0	0	0	0	0	0	0	44	40	0	-2.71538289191425	-2.32732231731612	-0.601207776621476
31	C	15.0	17.0	60	139	0	0	0	0	0	0	0	0	0	0	0	10	65	10	J	1	57	E	12	70	152	33	10	1	0	0	0	81	31	400	46	1	10	9	2	0	6	65	20	0	0	0	0	0	0	0	0	0	0	0	48	39	0	-0.932137788992057	0.167755635195691	2.77390606950049
32	C	18.0	14.0	70	125	0	0	0	2	0	0	1	0	1	0	1	12	45	8	J	1	27	E	12	80	142	36	6	0	6	0	0	77	35	395	52	1	2	7	2	0	7	61	19	0	0	1	1	0	0	0	0	0	0	1	47	38	0	2.40203429736522	0.794690034572804	4.51252732903598
20	C	10.0	5.0	67	110	0	0	0	0	0	0	3	0	0	0	0	9	15	7	J	1	40	E	11	64	134	21	12	0	0	0	0	91	40	380	52	0	9	9	3	0	4	59	16	0	0	0	0	0	0	0	0	0	0	0	47	42	0	1.82565546045936	1.49551705091806	2.54535621576361
23	C	10.0	12.0	64	117	0	0	0	0	0	0	0	0	1	1	0	7	35	15	J	1	73	E	10	64	140	24	14	0	0	0	0	86	39	415	98	0	6	9	3	0	4	63	21	0	0	0	0	0	0	0	0	0	0	0	46	45	0	0.716572461584495	1.18879107783685	4.12908357411632
18	C	0.0	3.0	59	87	0	0	0	0	0	0	1	0	0	0	0	11	45	5	J	1	50	E	12	60	100	24	10	0	0	0	2	75	30	370	50	1	8	9	4	0	12	34	11	0	0	0	0	0	0	0	0	0	0	0	47	41	1	13.3665780047894	10.1078599676393	12.0680944953939
19	C	0.0	3.0	59	88	0	0	0	0	0	0	2	0	1	0	0	10	25	8	J	1	27	E	11	80	98	25	9	1	0	0	2	77	32	310	49	0	9	9	4	0	8	23	7	5	0	0	2	0	0	0	0	0	0	1	44	30	1	17.0503603623364	12.8954408418218	15.9744014038
24	C	20.0	6.0	64	120	0	1	0	0	0	0	1	0	0	0	0	12	75	10	J	1	80	E	14	65	138	25	12	1	1	0	0	77	30	550	71	0	8	9	3	0	4	55	18	0	0	0	0	0	0	0	0	0	0	0	45	39	0	13.9555747468564	14.2734484118343	4.40013238798152
29	C	20.0	13.0	64	140	0	0	0	0	0	0	2	1	0	0	0	12	75	8	J	1	70	E	11	80	155	31	10	0	0	0	0	82	36	500	55	0	4	9	3	0	4	56	18	0	0	0	0	0	0	0	0	0	0	0	47	43	0	2.37245796240888	2.59678809014673	3.58692209232832
18	C	6.0	3.0	65	125	0	0	2	0	0	0	0	0	2	0	1	12	85	10	J	1	73	E	12	70	153	23	12	0	0	0	0	85	41	470	65	1	8	9	2	0	4	55	13	0	0	0	0	0	0	0	0	0	0	0	46	39	0	3.0082204902453	3.45723106507586	5.14299985577146
20	C	10.0	4.0	66	132	0	0	0	0	0	0	0	0	2	1	0	12	65	8	J	1	67	E	12	74	155	25	12	0	0	0	0	83	38	345	88	1	6	9	3	0	6	53	18	0	0	0	0	0	0	0	0	0	0	0	45	42	0	3.18780181713277	4.27430477046021	6.00074897045501
39	C	20.0	12.0	65	148	0	3	0	0	1	0	1	0	2	0	0	11	65	12	J	1	70	E	12	80	175	37	12	0	1	0	0	82	28	410	47	0	8	9	3	0	4	41	13	0	0	0	2	0	0	0	0	0	0	2	46	38	0	19.2306355929972	19.3265710620465	10.2551215255339
19	C	20.0	8.0	65	130	0	0	0	0	0	0	0	0	1	0	1	11	75	10	J	1	70	E	12	70	148	23	12	0	0	0	0	78	28	480	55	1	8	9	3	0	9	58	18	0	0	0	0	1	0	0	0	0	0	1	49	39	0	3.50804227483819	3.57097974542213	6.81345647782269
23	C	20.0	11.0	65	125	0	0	0	0	0	0	0	0	0	0	0	10	85	10	J	1	60	E	12	54	148	27	10	0	0	0	0	79	27	600	58	1	9	9	2	0	0	50	15	0	0	0	0	0	0	0	0	0	0	0	47	40	0	3.05850079144013	3.70349367688058	3.53671900456002
27	C	17.0	7.0	62	155	0	0	0	0	0	0	0	0	1	0	1	12	85	5	J	1	70	E	11	74	179	28	12	0	0	0	0	77	38	360	73	0	4	9	2	0	5	60	20	0	0	0	0	0	0	0	0	0	0	0	45	40	0	-1.39693139409705	0.144347146560411	-0.193705262704464
28	C	13.0	8.0	62	170	0	0	0	0	0	1	0	0	0	0	0	12	45	6	J	1	40	E	11	80	182	28	11	1	0	0	0	82	36	490	42	0	7	9	3	0	4	71	22	0	0	1	0	0	0	0	0	0	0	0	44	41	0	-5.36397678156197	-4.13413487426179	-3.67399379150292
18	C	40.0	3.0	60	143	0	1	0	0	0	1	0	0	1	0	0	10	45	5	J	1	63	E	13	80	154	21	12	0	0	0	0	78	21	400	62	1	8	9	0	2	1	59	16	0	0	0	0	0	0	0	0	0	0	0	47	42	0	9.16773978440507	10.3120439826896	-0.602764089648431
22	C	10.0	8.0	62	92	0	0	0	0	0	0	0	1	0	0	0	7	45	10	J	1	50	E	13	68	115	23	9	0	0	0	0	80	29	425	59	1	5	9	2	0	8	57	17	0	0	0	0	0	0	0	0	0	0	0	44	40	0	4.31691227154593	4.00093123722024	7.33621270216066
24	C	20.0	10.0	64	100	0	0	0	0	0	0	0	0	0	0	0	7	45	12	J	1	60	E	13	60	118	24	10	0	0	0	0	79	31	770	47	0	6	9	4	0	5	42	14	0	1	0	0	0	0	0	0	0	0	3	44	38	0	8.33361391308122	8.55293595709269	11.4435400030412
22	C	0.0	0.0	62	120	0	0	0	0	0	0	0	0	0	0	0	10	55	8	J	1	53	E	11	60	124	29	12	1	0	0	1	78	30	500	57	1	8	9	0	3	5	61	18	0	0	0	0	0	0	0	0	0	0	0	46	39	0	1.8506586131639	1.29394218443875	5.38442783828064
24	C	0.0	0.0	61	120	0	0	0	0	0	0	0	0	0	0	0	10	45	8	J	1	50	E	11	72	135	30	12	0	0	0	1	82	37	445	54	0	9	9	2	0	3	54	17	0	0	0	0	0	0	0	0	0	0	0	45	41	0	2.35144423722881	3.27550378566886	4.23200667841076
19	C	40.0	1.0	63	127	0	0	0	0	0	1	0	1	0	0	0	10	25	10	J	1	37	E	13	78	160	22	10	0	0	0	0	81	29	380	42	0	8	9	3	0	2	60	20	0	0	0	0	0	0	0	0	0	0	0	47	40	1	2.72894366431115	1.30878532404799	2.77199208759504
25	C	18.0	7.0	62	131	0	0	0	0	0	0	0	0	0	0	1	12	45	4	J	1	60	E	13	76	155	26	12	0	1	0	0	84	33	540	52	0	9	9	3	0	3	50	15	0	0	0	0	0	0	0	0	0	0	0	45	42	0	3.54343118823606	2.77689373343431	1.06194837548742
27	C	20.0	10.0	60	132	0	0	0	0	0	1	1	0	1	0	0	12	45	6	J	1	63	E	13	80	147	27	12	0	0	0	0	85	30	445	50	1	8	9	2	0	6	54	16	0	0	0	0	0	0	0	0	0	0	0	46	38	0	2.97034326999825	3.25742889186343	4.04700058114409
22	C	0.0	4.0	65	105	0	2	0	0	0	0	0	0	0	0	0	12	65	10	J	1	60	E	14	70	133	29	12	0	0	0	0	80	34	380	50	0	3	6	2	0	6	60	18	0	0	0	0	0	0	0	0	0	0	0	45	43	0	11.9584062845783	11.969076063945	4.11457965662253
25	C	10.0	7.0	65	109	0	0	0	0	0	1	0	0	3	0	1	12	55	10	J	1	63	E	14	70	138	31	12	0	0	0	0	81	29	440	43	0	7	8	2	0	3	61	19	0	0	0	2	0	0	0	0	0	0	0	44	41	0	-0.732487184803699	-0.236156766400591	2.22320621578992
26	C	20.0	8.0	61	96	0	0	0	0	0	0	0	0	0	0	0	12	65	8	J	1	83	E	16	84	110	27	12	0	0	0	0	77	28	350	65	0	9	9	2	0	2	68	22	0	0	0	0	0	0	0	0	0	0	0	42	39	0	-3.62829212282973	-3.24507338531289	-3.36721784799073
19	C	10.0	2.0	62	111	0	0	0	0	0	0	0	0	0	0	0	12	65	10	J	1	57	E	13	68	136	20	12	0	0	0	0	84	41	545	62	0	3	7	3	0	1	58	19	0	0	0	0	0	0	0	0	0	0	0	46	43	0	0.289595571608148	0.247054869080161	1.83423247006741
21	C	18.0	5.0	60	110	0	0	0	0	0	2	2	0	0	0	0	12	35	15	J	1	43	E	13	68	131	21	12	0	0	0	0	80	35	450	53	1	6	8	3	0	6	51	16	0	0	0	2	0	0	0	0	0	0	0	47	41	0	5.45760679577443	5.54213451757593	10.73582134238
22	C	20.0	6.0	62	110	0	0	0	0	0	1	2	0	1	0	0	12	45	7	J	1	63	E	13	70	136	23	12	0	0	0	0	76	35	420	72	1	6	9	2	0	4	56	18	0	0	0	1	0	0	0	0	0	0	1	48	47	0	2.29444921306894	2.36124255733836	3.01451091804817
28	C	0.0	10.0	61	125	0	0	2	0	0	0	1	0	0	0	0	10	95	10	J	1	60	E	11	80	162	35	10	0	0	0	0	79	31	460	80	0	9	9	2	0	1	54	16	0	0	0	0	0	0	0	0	0	0	0	47	41	0	4.16238438123521	2.88057183532657	3.41736610532085
30	C	0.0	12.0	61	145	0	0	0	1	0	0	1	0	0	0	0	9	65	12	J	1	73	E	11	82	160	37	10	0	0	0	0	79	32	410	64	0	3	8	2	0	1	55	17	0	0	0	0	0	0	0	0	0	0	0	45	39	0	0.438185628523988	1.59757835205567	3.50107882415112
38	C	0.0	0.0	64	111	0	0	1	0	0	0	3	0	1	0	0	14	85	12	H	1	80	B	15	70	118	41	13	1	0	0	0	79	37	240	68	1	5	8	5	0	14	39	12	0	0	0	0	1	0	0	0	0	0	3	43	39	0	8.70305255831577	9.79559915282193	15.655238378562
20	C	23.0	5.0	64	118	0	0	0	0	0	0	1	1	0	0	0	12	75	10	J	1	70	E	11	70	136	22	12	0	0	0	0	77	28	420	45	1	9	9	2	0	7	73	22	0	0	0	0	0	0	0	0	0	0	0	46	38	0	-3.57340154457775	-3.47159311372032	-0.828013428595864
26	C	30.0	5.0	62	112	0	0	1	0	0	0	0	0	0	0	0	10	45	12	J	1	50	E	13	70	135	25	10	0	0	0	0	81	32	455	59	0	8	9	3	0	9	66	22	0	0	1	0	0	0	0	0	0	0	1	45	42	0	0.667482952745788	0.904902180056291	5.0583412961798
20	C	0.0	7.0	61	87	0	0	0	0	0	0	0	0	1	0	0	12	45	10	J	1	60	E	14	74	108	20	12	0	0	0	0	81	32	390	75	0	7	9	3	0	9	66	22	0	0	0	0	0	0	0	0	0	0	0	43	41	0	1.71718004829984	0.362969178053417	3.75228759147163
17	C	6.0	3.0	62	98	0	0	0	0	0	0	1	0	0	0	0	10	55	13	J	1	73	E	12	70	119	19	12	0	0	0	0	81	40	350	66	0	7	9	1	2	8	70	22	0	0	0	0	0	0	0	0	0	0	0	45	42	0	-1.78190021008931	-1.08555010905966	5.10267998909771
19	C	12.0	5.0	62	100	0	0	0	0	0	0	0	0	0	1	0	11	55	10	J	1	73	E	11	70	120	19	12	0	0	0	0	83	35	440	69	1	5	8	0	3	0	64	18	0	0	0	0	0	0	0	0	0	0	0	47	40	0	-3.33699432359933	-2.82634075613076	0.20868158773118
22	C	0.0	0.0	64	123	0	0	0	0	0	0	1	0	0	0	0	12	35	10	J	1	60	E	14	78	136	30	12	0	0	0	0	80	33	370	45	1	8	9	3	0	9	58	16	0	0	0	0	0	0	0	0	0	0	0	47	40	0	1.95409884646079	3.69788707929183	7.11610502123235
23	C	10.0	5.0	65	138	0	0	1	0	0	0	0	1	0	1	1	14	75	10	J	1	93	E	11	60	156	25	17	0	0	0	0	81	35	360	56	0	9	9	0	3	8	61	22	0	0	0	0	0	0	0	0	0	0	0	47	43	0	2.01428792507199	2.03453827067482	7.06793875640638
20	C	20.0	3.0	66	175	0	0	0	0	0	1	1	0	0	0	1	12	75	10	J	1	73	E	16	80	193	23	12	0	0	0	0	79	33	480	45	1	6	9	3	0	2	50	15	0	0	0	0	0	0	0	0	0	0	0	48	39	0	4.02017633027807	4.54546403215985	5.40512688713897
21	C	30.0	3.0	66	175	0	0	0	0	0	0	1	0	0	0	0	12	55	15	J	1	67	E	16	86	208	34	12	0	0	0	0	82	36	380	46	1	8	9	3	0	2	57	18	0	0	0	0	0	0	0	0	0	0	0	47	41	0	2.40307022376234	3.00972412262351	5.23485052983165
24	C	6.0	11.0	65	126	3	0	0	0	0	0	1	0	0	1	0	12	65	10	J	1	77	E	12	68	146	29	14	0	0	0	0	81	35	460	64	1	6	9	3	0	6	56	21	0	0	0	0	0	0	0	0	0	0	0	47	40	0	3.82996049296907	3.57465331080486	5.86128267127358
35	C	18.0	18.0	62	120	0	0	0	0	0	0	0	0	0	0	0	12	55	12	F	1	70	E	13	78	140	37	12	3	0	1	0	79	33	470	54	1	8	9	3	0	4	50	14	0	0	0	0	0	0	0	0	0	0	0	46	38	0	4.99909112362886	5.67309050884244	8.01438550889163
24	C	0.0	5.0	64	115	0	0	0	0	0	0	1	0	0	0	1	12	55	8	F	1	63	E	12	58	138	23	12	0	1	0	0	78	33	325	72	1	8	9	3	0	8	70	20	0	0	0	0	0	0	0	0	0	0	0	46	41	0	-2.80432766133396	-2.24120577122727	0.0717062279364997
18	C	20.0	5.0	64	116	0	0	0	0	0	0	3	0	0	0	0	12	55	12	J	1	43	E	13	70	142	24	10	0	0	0	0	81	36	360	56	0	8	10	2	0	7	63	18	0	0	0	0	0	0	0	0	0	0	0	46	39	0	3.05347755130479	1.86114951802599	5.60827357005202
26	C	20.0	14.0	63	102	0	0	0	0	0	0	1	0	0	0	0	10	35	6	J	1	53	E	15	70	125	28	12	0	0	0	0	79	39	450	64	1	7	9	3	0	2	65	20	4	0	0	0	0	0	0	1	0	0	1	46	41	0	-0.36449819785564	-2.23105580290556	-2.81889573245796
28	C	20.0	15.0	64	105	1	0	0	0	0	0	1	0	1	0	0	9	65	12	J	1	67	E	15	70	119	29	12	0	0	0	0	61	21	335	52	0	8	9	3	0	5	77	24	0	1	0	0	0	0	0	0	0	0	0	46	40	0	-5.29526192552482	-5.53586013470943	-2.88966430677674
19	C	0.0	6.0	64	110	0	0	1	0	0	0	1	0	3	0	1	12	75	15	J	1	70	B	11	80	140	22	12	0	1	0	0	81	40	315	53	0	7	8	3	0	2	58	18	5	0	0	0	0	0	0	0	0	0	0	45	43	0	1.31261678239489	1.4188319888532	4.59852542941109
20	C	5.0	6.0	62	129	0	0	0	0	0	1	1	0	1	0	0	12	45	15	J	1	63	E	12	88	139	25	12	0	0	0	0	72	31	385	55	0	9	9	3	0	4	67	20	0	0	0	0	0	0	0	0	0	0	0	45	40	0	-1.65217430219625	-0.43302291653647	2.6676609542623
27	C	20.0	10.0	67	115	0	0	0	2	0	1	3	0	2	0	1	10	25	10	J	1	37	E	12	70	132	25	10	1	2	0	1	79	35	465	56	1	9	9	0	2	10	48	12	0	0	0	0	0	0	0	0	0	0	0	48	36	0	8.53916417481211	7.91692423086236	14.488324705541
29	C	20.0	11.0	66	117	0	0	0	0	0	1	3	1	3	0	0	11	35	15	J	1	47	E	13	60	130	26	10	1	2	0	1	80	24	380	65	1	9	9	4	0	4	50	14	0	0	0	0	0	0	0	0	0	0	0	47	35	0	5.86475326280636	6.45555431024586	9.89653624544085
24	C	15.0	8.0	63	125	0	0	0	0	0	0	0	0	0	0	0	9	45	5	F	1	80	E	14	70	151	28	14	0	0	0	0	84	37	470	60	0	8	9	3	0	1	62	20	0	0	0	0	0	0	0	0	0	0	0	45	41	0	-3.30801002808817	-2.19262996146772	-4.44555246225484
25	C	0.0	0.0	66	128	0	0	0	0	0	1	0	0	0	0	1	13	35	10	I	1	43	B	12	75	150	33	11	0	0	0	0	85	35	565	56	0	6	9	2	0	7	51	15	0	0	0	0	0	0	0	0	0	0	0	47	44	0	6.57313026112739	6.0435730217424	9.24288409704057
27	C	0.0	0.0	65	135	0	0	0	0	0	0	0	0	0	0	1	13	75	10	I	1	60	B	12	84	153	34	11	0	0	0	0	81	31	510	50	1	8	9	3	0	5	55	17	0	0	0	0	0	0	0	0	0	0	0	48	41	0	3.48010704083094	3.90470087771278	6.17096776338513
19	C	0.0	0.0	63	135	0	0	0	1	0	1	1	0	1	0	0	12	35	7	J	1	73	E	9	80	151	23	15	0	0	0	0	79	34	370	61	0	8	9	3	0	2	71	21	0	0	0	0	0	0	0	0	0	0	0	46	42	0	-4.55434789453515	-4.84579688637479	-5.26496471952905
30	C	0.0	0.0	60	126	0	0	0	0	0	0	0	0	2	0	0	12	45	15	M	1	40	E	16	70	144	30	9	0	0	0	0	78	35	400	77	0	9	9	0	3	7	57	19	0	0	0	0	0	0	0	0	0	0	0	45	37	1	11.9620297928468	4.97406324166893	11.9558786981091
22	C	0.0	2.0	61	119	0	0	0	0	0	1	1	0	0	0	1	14	35	15	J	1	50	E	13	64	137	23	15	0	1	0	0	83	40	580	55	0	10	10	2	0	3	57	16	0	0	0	0	0	0	0	0	0	0	0	46	42	1	6.78946899050413	3.5864424874049	6.56026710448856
30	C	10.0	8.0	63	126	1	0	0	0	0	0	1	0	0	0	1	15	95	7	F	1	90	E	15	70	147	29	16	0	0	0	0	82	35	340	52	0	8	9	2	2	1	60	18	0	0	0	0	0	0	0	0	0	0	0	47	41	0	0.204438856986685	-0.64711228088131	-1.86047738317171
31	C	0.0	11.0	63	128	0	0	0	1	0	0	0	0	1	0	1	15	65	15	F	1	90	E	15	90	154	30	16	0	0	0	0	79	31	490	50	0	8	8	0	2	3	47	14	0	0	0	0	0	0	0	0	0	0	0	48	38	0	4.22888466624381	5.57074529435363	11.3495484692338
33	C	0.0	9.0	63	130	1	0	0	0	0	0	0	0	0	1	0	14	65	10	F	1	90	E	16	68	155	32	16	0	0	0	0	82	34	410	57	0	9	9	0	3	5	48	17	0	0	0	0	0	0	0	0	0	0	0	47	40	0	5.18422687079866	6.11130735591076	10.3391705432958
22	C	0.0	0.0	61	107	0	0	1	0	0	5	0	0	1	0	0	12	35	13	I	1	53	B	15	86	128	23	12	0	1	0	0	83	34	330	57	0	3	8	3	0	8	47	14	0	0	0	0	0	0	0	0	0	0	0	43	38	0	6.76738245247097	6.88160385017946	12.0445184827711
36	C	11.0	11.0	64	170	0	0	0	0	0	0	0	0	0	0	0	9	65	8	F	1	37	E	10	85	184	46	9	0	0	0	1	77	29	435	44	0	9	9	2	0	5	73	22	0	0	0	0	0	0	0	0	0	0	0	49	40	1	-1.4325034311891	-4.07375069555295	-2.21238550935042
29	C	0.0	0.0	65	122	0	0	0	0	0	0	0	0	2	0	0	12	35	20	L	1	37	E	15	70	138	30	10	0	0	1	0	78	29	535	77	1	8	9	0	3	4	48	13	0	0	0	0	0	0	0	0	0	0	0	47	40	1	14.9565432776439	8.01056563337315	14.9573582189659
21	C	20.0	4.0	62	112	0	2	0	0	0	0	0	0	1	0	0	9	25	10	J	1	50	E	16	80	131	23	12	0	0	0	0	83	36	495	81	1	2	8	2	0	5	70	19	0	0	1	0	0	0	0	0	0	0	2	46	42	0	8.44402863775985	7.4666824029654	-0.57120149416843
28	C	20.0	10.0	65	159	0	0	1	0	0	1	0	0	0	0	0	10	55	8	J	1	67	E	11	70	178	48	12	0	0	0	0	76	31	500	77	1	9	9	3	0	12	57	18	0	0	0	0	0	0	0	0	0	0	0	48	38	0	4.84639365907106	4.04221650189057	7.30884746509453
31	C	20.0	12.0	66	172	0	0	0	0	0	1	1	0	3	0	0	10	95	10	J	1	73	E	11	70	186	51	12	0	1	0	0	78	34	480	49	0	9	9	3	0	3	59	18	0	0	0	0	0	0	0	0	0	0	0	46	38	0	1.52689226818183	1.61018800709818	2.89042897323746
36	C	0.5	13.0	62	135	0	0	0	4	0	3	0	0	0	0	0	11	85	14	J	1	50	E	11	86	150	38	11	0	0	0	1	83	29	490	67	0	8	8	2	0	4	66	22	0	0	0	2	0	0	0	0	0	0	3	42	40	0	-1.33404454479259	-1.13600639206234	2.99656359210052
23	C	0.0	6.0	67	209	0	0	0	0	0	2	0	0	0	0	0	15	65	15	J	1	90	E	10	86	209	23	16	0	0	0	0	88	40	475	86	0	9	9	3	0	7	54	16	0	0	0	0	0	0	0	0	0	0	0	45	39	0	6.04011431032565	5.29338184188802	8.93959848076102
25	C	0.0	0.0	68	154	0	0	2	0	0	0	0	0	0	0	1	15	75	10	B	1	80	B	13	80	174	28	12	0	0	0	0	83	37	550	58	0	9	9	3	0	6	66	21	0	0	0	0	0	0	0	0	0	0	0	46	41	0	-2.55833258237312	-0.56430396811317	1.63431215264957
24	C	30.0	8.0	60	106	0	0	0	0	0	0	0	0	0	0	0	8	45	10	J	1	60	E	16	70	124	24	12	0	0	0	0	78	25	400	48	0	9	9	2	0	6	69	19	0	0	0	0	0	0	0	0	0	0	0	45	40	0	-1.13764998725244	-1.67308863126322	0.864581191561056
25	C	20.0	10.0	60	105	0	0	0	0	0	0	0	0	0	0	0	9	45	12	J	1	63	E	16	78	128	25	12	0	0	0	0	81	30	245	51	0	8	9	4	0	5	38	12	0	0	0	0	0	0	0	0	0	0	0	43	40	0	8.6067002102061	9.58807360326991	12.4351846280399
23	C	0.5	13.0	67	134	0	0	0	0	0	0	0	0	0	0	0	15	25	6	J	1	70	E	12	60	146	25	16	0	0	0	0	89	38	400	61	1	9	9	0	2	3	48	14	0	0	0	0	0	0	0	0	0	0	0	46	39	0	4.47541047518139	4.53280156058734	6.6168903936232
24	C	10.0	14.0	67	134	0	0	0	0	0	0	0	0	1	0	0	15	45	8	J	1	83	E	12	70	148	26	17	0	0	0	0	77	38	530	54	1	9	9	2	0	2	58	21	0	0	0	0	0	0	0	0	0	0	0	47	40	0	0.24427412925468	0.991180633449061	0.905746442948383
22	C	0.0	0.0	64	125	0	0	0	0	0	1	0	1	0	1	0	17	25	10	L	1	70	E	12	74	148	24	17	0	0	0	0	81	36	380	71	1	8	9	3	0	1	57	16	0	0	0	0	0	0	0	0	0	0	0	45	42	0	2.06461618237141	1.63484691999521	1.98620459916453
26	C	20.0	10.0	68	160	0	0	0	0	0	1	3	0	0	0	0	12	55	6	J	1	67	E	13	80	180	31	12	0	5	0	0	80	31	440	60	1	9	9	2	0	1	69	22	0	0	0	0	0	0	0	0	0	0	0	46	40	0	-6.18020794939484	-4.64434260176563	-6.03343712190206
31	C	38.0	12.0	69	137	0	0	0	0	0	1	0	0	0	0	1	17	55	10	F	1	87	E	15	62	143	30	17	0	0	0	0	65	21	490	64	0	8	9	3	0	2	68	20	0	0	0	0	0	0	0	0	0	0	0	46	39	0	-3.34349577728307	-2.77001241998415	-2.21698499115625
33	C	20.0	14.0	69	128	0	0	0	0	0	1	2	0	0	0	1	18	85	6	F	1	93	E	15	70	143	32	17	0	0	0	0	81	28	520	61	1	6	9	2	0	3	65	20	0	0	0	0	0	0	0	0	0	0	0	46	40	0	-2.68077156990525	-2.37697638517091	-3.21682814060556
32	C	0.0	0.0	59	106	0	0	0	1	0	0	1	0	0	0	1	8	95	5	F	1	40	E	17	80	115	31	8	0	0	0	0	79	31	410	53	0	7	8	2	0	4	64	20	0	0	0	0	0	0	0	0	0	0	0	45	38	0	-2.92910423949118	-2.58969448749401	-1.75422344921878
21	C	30.0	4.0	66	140	0	0	1	0	0	1	0	0	0	0	0	7	35	8	J	1	33	E	15	70	162	27	9	0	0	0	0	82	32	470	77	1	9	9	2	0	9	59	19	0	0	0	0	0	0	0	0	0	0	0	48	41	1	5.65921940549314	3.12480954102738	6.27322972666977
26	C	5.0	8.0	63	128	0	0	0	0	0	0	0	0	0	0	0	10	75	10	I	1	43	B	10	50	144	29	8	0	1	0	0	80	32	500	62	1	9	9	3	0	10	51	15	0	0	0	0	0	0	0	0	0	0	0	47	37	1	10.221947290165	6.67803903648048	10.6680390212563
22	C	0.0	0.0	65	125	0	0	0	1	0	1	0	0	1	1	0	16	35	7	L	1	77	E	12	72	139	23	17	0	0	0	0	80	33	505	61	0	8	10	0	3	3	64	20	0	0	0	0	0	0	0	0	0	0	0	45	41	0	-2.66009519649583	-1.19306120095076	1.26044722500313
24	C	0.0	0.0	64	128	0	0	0	0	0	0	0	0	0	0	0	18	35	5	G	1	77	E	12	70	141	24	17	0	0	0	0	82	32	470	65	1	9	9	0	2	3	56	16	0	0	0	0	0	0	0	0	0	0	0	47	40	0	3.54361204064036	1.18234189191801	2.45679182556954
22	C	10.0	6.0	62	125	0	0	0	0	0	1	1	0	1	0	0	12	55	8	J	1	47	E	12	72	139	25	9	0	0	0	0	78	29	455	48	1	9	9	3	0	5	53	16	0	0	0	0	0	0	0	0	0	0	0	47	39	1	5.59421530290787	4.27061199159761	6.02774416883846
20	C	0.0	0.0	64	145	0	0	0	0	0	1	0	0	2	0	0	10	45	10	J	1	70	E	11	72	177	28	12	0	0	0	0	77	27	430	59	0	8	9	2	0	7	49	16	0	0	0	0	0	0	0	0	0	0	0	46	37	0	6.73946956918082	6.37124386107413	9.10011900363335
18	C	0.0	4.0	65	130	0	0	1	0	0	0	0	0	1	0	0	12	35	10	J	1	53	B	13	78	128	21	13	0	0	0	0	75	29	380	39	0	7	9	3	0	9	56	17	0	0	0	0	0	0	0	0	0	0	0	46	37	0	4.84519088105107	4.55317675595706	8.10147979630039
20	C	0.0	3.0	65	125	0	0	1	0	0	1	1	1	1	0	0	12	65	8	J	1	83	B	12	60	131	23	13	0	0	0	0	76	33	390	38	1	8	9	3	0	8	52	15	0	0	0	0	0	0	0	0	0	0	0	47	36	0	5.42190799281778	4.88771159811717	6.91410458708246
24	C	15.0	5.0	62	120	0	0	0	0	0	0	0	0	0	1	0	13	85	6	J	1	87	E	15	80	145	32	16	0	0	0	1	84	39	570	52	1	8	9	3	0	3	55	18	0	0	0	0	0	0	0	0	0	0	0	48	37	0	2.29183677036032	1.73203065917763	1.03172460812687
20	C	0.0	0.0	64	115	0	0	0	1	0	0	0	0	2	0	0	12	25	7	J	1	60	E	13	80	149	36	12	0	0	0	0	78	39	435	57	0	9	9	3	0	5	60	16	0	0	0	0	0	0	0	0	0	0	0	45	35	0	0.988431445443498	1.12262652253488	2.16733620663436
21	C	0.0	0.0	66	130	0	0	0	2	0	0	0	0	0	0	0	13	65	10	J	1	80	E	13	70	153	39	12	0	0	0	0	82	39	420	52	0	8	9	3	0	12	50	15	0	0	0	0	0	0	0	0	0	0	0	45	40	0	6.41542023178663	6.91923779433588	10.7249023153113
23	C	0.0	0.0	64	126	0	0	0	1	0	0	0	0	0	1	0	12	35	13	J	1	53	E	13	78	151	38	12	0	0	0	0	77	38	470	55	1	7	9	2	0	5	49	16	0	0	0	0	0	0	0	0	0	0	0	45	40	0	5.30305000587555	6.68201029165483	9.92970594475645
32	C	0.0	0.0	64	160	0	0	1	0	0	0	0	0	0	1	0	12	55	12	J	1	67	E	13	90	170	34	12	0	0	0	0	83	35	290	62	0	7	9	3	0	11	63	20	0	0	0	0	0	0	0	0	0	0	0	46	37	0	1.02220404882334	2.38007350045353	6.73150630973238
35	C	0.0	0.0	65	180	0	0	0	0	0	0	0	0	0	0	0	12	75	14	J	1	73	E	13	70	198	36	12	1	0	0	0	82	27	510	98	0	5	9	2	0	6	72	24	0	0	0	2	0	0	0	0	0	0	0	46	38	0	-2.49375382716002	-2.50613521649812	0.861058890317988
23	C	0.0	0.0	62	129	0	0	0	0	0	0	2	0	0	0	0	12	45	8	J	1	63	E	13	80	139	26	12	1	1	0	0	81	35	325	52	0	9	9	3	0	5	57	17	0	0	0	0	0	0	0	0	0	0	0	43	40	0	2.65656112580479	2.58845808170335	4.05040970076597
19	C	10.0	4.0	59	113	0	1	0	0	0	0	0	0	1	0	1	12	65	10	J	1	60	B	12	70	138	25	12	0	0	0	0	88	40	485	65	0	9	9	2	0	5	54	17	0	0	0	0	0	0	0	0	0	0	0	45	40	0	17.786810615599	15.1755768919676	6.0084522117149
21	C	0.0	8.0	59	113	0	0	0	0	0	0	0	0	0	0	0	12	45	7	J	1	70	B	12	70	133	27	12	0	0	0	0	81	39	370	56	0	9	9	3	0	1	59	17	0	0	0	0	0	0	0	0	0	0	0	45	39	0	-0.0157291680587388	0.0053725889118019	-0.854838802372008
18	C	4.0	4.0	65	105	0	0	1	0	0	0	1	0	0	0	0	10	25	5	J	1	37	E	14	72	135	19	12	0	0	0	0	82	34	395	78	0	8	9	3	0	4	66	21	0	0	0	0	0	0	0	0	0	0	0	43	44	1	-1.25281151077874	-2.25899726428695	-2.38826328198695
20	C	20.0	7.0	64	110	0	0	0	0	0	0	0	0	0	0	0	11	45	15	J	1	70	E	12	64	144	22	12	0	0	0	0	80	34	430	60	0	9	9	2	0	1	58	18	0	0	0	0	0	0	0	0	0	0	0	44	41	0	0.213804635201132	2.15266654397959	3.7826929276472
22	C	0.0	0.0	54	118	0	0	2	0	0	0	0	0	0	0	1	12	85	10	J	1	87	B	15	80	143	29	13	0	0	0	0	84	39	400	66	0	5	9	1	1	6	46	14	0	0	0	0	0	0	0	0	0	0	0	45	40	0	7.16958012011306	7.03853296404217	11.6461605024564
23	C	15.0	4.0	61	105	0	0	0	0	0	0	0	0	0	0	0	12	35	15	J	1	57	E	15	74	134	30	10	0	0	0	0	63	22	420	49	1	9	9	3	0	7	62	20	0	0	0	0	0	0	0	0	0	0	0	47	35	0	3.49938587826129	2.59232712134981	6.78980637100439
27	C	20.0	10.0	68	190	0	1	0	0	0	0	1	0	0	0	1	12	95	18	H	1	50	B	13	70	196	38	8	0	1	0	0	82	39	415	66	1	9	10	3	0	1	54	16	0	0	0	0	0	0	0	0	0	0	0	47	39	0	15.2778758547432	15.2032985117297	6.30972929168003
32	C	30.0	15.0	61	82	0	2	1	0	0	0	1	0	0	0	0	9	45	12	J	1	43	E	14	70	98	32	8	2	2	0	0	84	38	320	44	0	1	3	4	0	11	61	16	1	0	0	4	0	0	0	0	0	0	4	44	34	1	7.41967284114155	13.257968261049	7.61423276368004
22	C	13.0	3.0	64	133	0	0	0	0	0	1	2	1	0	1	0	11	45	12	J	1	60	E	11	75	146	26	12	0	0	0	0	83	33	430	70	1	8	9	2	0	3	53	16	0	0	0	0	0	0	0	0	0	0	0	46	39	0	5.75933388090441	4.447481210633	6.56327503266115
25	C	6.0	6.0	64	133	0	0	0	0	0	1	1	1	0	0	0	12	55	14	J	1	67	E	11	75	145	28	12	0	0	0	0	77	31	375	76	0	8	9	2	0	5	54	17	0	0	0	0	0	0	0	0	0	0	0	45	38	0	4.38277063388023	4.9368599853178	8.15340499984105
22	C	0.0	0.0	61	126	0	0	0	0	0	0	1	0	0	0	0	12	25	6	J	1	70	E	12	58	134	30	17	0	2	0	0	77	35	470	45	0	7	7	2	0	5	29	10	0	0	0	0	0	0	2	0	0	0	1	44	37	0	8.21948980592456	8.70521801559475	10.1207583752704
23	C	0.0	0.0	61	115	0	0	0	0	0	0	0	0	1	0	1	8	35	7	F	1	63	E	15	55	133	23	12	0	0	0	0	74	35	415	54	1	2	8	2	0	5	55	15	0	0	0	0	0	0	0	0	0	0	0	46	40	0	-0.0902682653450657	1.850343688523	3.8695726924506
32	C	40.0	16.0	66	110	0	0	0	0	0	0	1	0	0	0	0	9	65	10	J	1	50	E	15	80	130	43	9	0	0	0	0	80	29	390	59	0	8	9	2	0	1	60	18	0	0	0	0	0	0	0	0	0	0	0	44	40	1	-0.0724425417076704	0.709563302149822	1.40291186354994
19	C	0.0	0.0	65	180	0	0	0	0	0	0	0	1	1	0	0	11	65	10	J	1	60	E	9	80	195	23	10	0	0	0	0	84	37	810	74	1	9	9	2	0	2	54	17	0	0	0	0	0	0	0	0	0	0	0	48	41	0	4.29276856301244	3.31315628040883	4.38904912336657
24	C	0.0	0.0	63	130	0	0	0	0	0	0	1	1	0	0	0	8	25	10	J	1	47	E	15	72	161	23	12	0	0	0	0	78	29	400	55	1	2	9	2	0	3	54	17	0	0	0	0	0	0	0	0	0	0	0	48	39	0	4.78173619028004	3.83933749725377	5.59394473406763
21	C	30.0	4.0	62	108	0	0	0	0	0	0	1	0	0	0	0	10	35	7	J	1	47	E	13	60	119	24	12	0	0	0	0	84	35	460	82	1	9	9	2	0	3	63	20	0	0	0	0	0	0	0	0	0	0	0	45	37	1	-0.883273960693602	-0.549371747616296	-0.0302443911921841
29	C	3.0	11.0	62	119	0	0	0	0	0	0	0	0	0	1	0	14	85	8	G	1	93	E	11	74	141	33	18	0	0	0	0	73	27	450	62	1	9	8	2	0	9	63	21	0	0	0	0	0	0	0	0	0	0	0	47	40	0	-2.26528606168582	-0.444817887902928	2.64364264184628
22	C	30.0	5.0	62	117	0	0	0	0	0	0	2	0	1	0	1	12	45	7	J	1	53	E	12	70	136	24	11	1	0	0	0	86	38	510	49	0	7	9	3	0	1	61	20	0	0	0	0	0	0	0	0	0	0	0	45	41	0	-0.234771888377951	-0.585267346798888	-1.15328222479607
23	C	20.0	6.0	62	118	0	1	0	0	0	0	1	0	1	0	0	12	35	7	J	1	47	E	12	70	130	25	11	1	0	0	0	82	33	410	53	1	7	8	3	0	5	58	17	0	0	0	0	0	0	0	0	0	0	0	45	42	0	12.4563908020808	11.8198578928202	2.67502152010914
25	C	20.0	9.0	68	137	0	0	0	0	0	1	2	1	0	0	0	12	95	13	J	1	50	E	14	70	165	23	8	0	0	0	0	81	40	510	67	0	9	9	3	0	8	57	18	0	0	0	0	0	0	0	0	0	0	0	46	38	1	8.04779686833423	4.59329906139174	8.76840177875781
26	C	5.0	5.0	63	129	0	1	1	0	0	1	1	0	0	0	0	13	65	8	J	1	83	B	14	72	154	28	12	0	0	0	1	86	40	530	72	0	9	9	1	2	6	60	20	0	0	0	0	0	0	0	0	0	0	0	45	39	0	13.1205732403808	12.4833558499838	4.93604962884397
20	C	2.0	9.0	60	100	0	0	0	0	0	0	0	0	1	0	0	12	65	8	J	1	80	E	11	80	131	23	12	0	0	0	0	80	39	440	70	1	9	9	2	0	7	57	19	0	0	0	0	0	0	0	0	0	0	0	46	39	0	1.94032291383742	2.87087041258487	4.65494575906663
28	C	0.0	0.0	65	160	0	0	1	0	0	0	0	0	0	0	0	12	95	18	D	1	53	B	15	78	181	33	8	0	0	0	0	79	40	335	48	1	8	8	0	3	5	54	16	0	0	0	0	0	0	0	0	0	0	0	46	38	0	5.45729828217615	4.64877603124049	12.3480012900912
29	C	20.0	14.0	60	141	0	0	0	0	0	0	1	0	0	0	0	10	55	10	J	1	47	E	11	68	150	32	10	0	0	0	0	73	32	480	66	0	8	9	2	0	4	64	22	0	0	0	1	0	0	0	0	0	0	1	46	39	0	0.183921176583506	0.18818906030787	2.30067822854537
20	C	10.0	4.0	61	99	0	0	0	0	0	0	0	0	0	0	0	12	45	8	J	1	50	E	16	68	120	25	10	0	0	0	0	84	28	400	56	0	9	9	3	0	7	61	19	0	0	0	0	0	0	0	0	0	0	0	46	40	0	3.13268065647938	1.66531845716126	3.96297663057822
21	C	6.0	5.0	61	105	0	0	0	0	0	0	0	0	0	1	0	12	55	10	J	1	47	E	16	64	118	27	9	0	0	0	0	83	36	355	50	1	9	9	3	0	7	70	22	0	0	0	0	0	0	0	0	0	0	0	44	40	0	-0.847640452106541	-1.73559022469605	1.32581486952907
26	C	15.0	6.0	67	132	0	0	0	0	0	0	2	0	0	0	0	16	45	8	J	1	83	E	16	80	147	27	14	0	0	0	0	75	36	480	53	1	9	9	3	0	0	49	15	0	0	0	0	0	0	0	0	0	0	0	46	40	0	3.45262015498585	3.21920485849244	1.90702806735608
28	C	15.0	10.0	67	129	0	0	0	0	0	0	0	0	2	1	0	16	55	8	J	1	87	E	16	70	149	29	15	0	0	0	0	76	28	490	71	0	5	7	3	0	1	50	17	0	0	0	2	0	0	0	0	0	0	0	46	36	0	2.76525579494245	2.24421815948413	2.58557826413573
24	C	20.0	7.0	61	125	0	0	0	0	0	0	1	0	0	0	0	12	65	13	O	1	47	E	11	60	140	30	11	0	0	0	0	83	36	660	84	1	9	9	3	0	0	65	20	0	0	0	0	0	0	0	0	0	0	0	45	40	0	-2.60757297008408	-1.33521318701612	-0.482823833870202
23	C	15.0	8.0	64	122	0	0	0	0	0	1	0	0	0	0	0	10	35	15	J	1	67	E	13	78	143	29	12	0	0	0	0	79	34	475	47	0	9	9	2	0	1	61	17	0	0	0	0	0	0	0	0	0	0	0	45	40	0	1.15178939386405	0.990789103971469	2.66307003799104
18	E	25.0	3.0	64	105	0	0	3	0	0	0	1	1	2	0	0	9	15	10	J	1	30	B	11	70	134	21	12	1	0	0	0	79	37	460	41	1	9	9	2	0	6	64	20	0	0	0	0	0	0	0	0	0	0	0	46	39	0	0.717228244932116	0.947722086183775	4.03705258832509
20	C	10.0	5.0	60	82	0	0	0	0	0	0	0	0	1	0	1	12	85	10	I	1	50	E	14	70	104	22	9	0	0	0	0	82	39	250	62	1	9	9	4	0	10	60	20	0	0	0	0	0	0	0	0	0	0	0	43	39	0	2.91648529727066	3.23199435637703	7.06886552288142
21	C	0.0	1.0	63	105	0	0	0	1	0	0	0	1	1	0	0	12	35	6	J	1	20	E	13	82	118	25	6	0	0	0	0	91	32	290	61	0	9	9	0	2	6	51	14	0	0	0	0	0	0	0	0	0	0	0	42	41	1	8.60025255750278	5.03245955922959	9.06225493643181
22	C	9.0	6.0	64	140	0	0	1	0	0	0	1	0	2	0	0	12	45	10	J	1	50	E	13	70	166	26	7	0	0	0	0	79	32	575	65	0	9	9	2	0	2	57	18	0	0	0	0	0	0	0	1	0	0	2	45	40	0	3.07926956040438	2.32177375862724	3.56444322426599
27	C	20.0	10.0	64	126	0	0	0	0	0	0	0	0	0	0	0	9	35	12	J	1	43	E	15	80	150	28	10	0	0	0	0	70	37	380	56	0	8	9	3	0	7	69	24	0	0	0	0	0	0	0	0	0	0	0	45	38	0	-1.84159578372774	-0.802290807859171	2.92175256513821
19	C	0.0	0.0	64	156	0	0	0	0	0	0	0	0	0	0	0	11	45	6	L	1	83	E	12	70	177	22	17	0	0	0	0	83	33	720	90	1	8	9	0	3	2	60	19	0	0	0	0	0	0	0	0	0	0	0	47	41	0	0.0101693763958303	-0.345635062962164	1.02404592491419
24	C	0.0	0.0	67	125	0	0	0	0	0	0	0	0	2	1	1	16	45	10	O	1	83	E	15	64	139	25	17	0	0	0	0	87	33	400	49	1	9	9	0	3	7	61	19	0	0	0	0	0	0	0	0	0	0	0	47	42	0	2.0765554507177	1.93671482791752	6.86565869679752
30	C	0.0	10.0	65	127	0	0	0	0	0	1	0	0	1	0	0	12	55	8	L	1	57	E	13	72	139	33	12	0	0	0	0	84	39	440	66	1	9	9	0	2	7	72	22	0	0	0	0	0	0	0	0	0	0	0	46	40	0	-3.29479666376836	-3.17956382663478	1.41788584782586
22	C	0.0	0.0	66	132	0	0	0	0	0	0	0	0	1	0	1	12	75	10	I	1	73	B	12	70	149	28	12	0	0	0	0	81	37	465	44	1	9	9	2	0	8	48	14	0	0	0	0	0	0	0	0	0	0	0	48	37	0	6.74752834286346	6.882706291219	9.84068393652685
27	C	0.0	1.0	64	182	0	0	1	0	0	1	0	0	0	0	0	8	45	23	H	1	40	E	13	70	205	31	7	0	0	0	0	79	36	750	72	1	9	9	2	0	1	54	15	0	0	0	0	0	0	0	0	0	0	0	48	41	1	8.43402789166219	4.92717780899427	8.35710377377659
29	C	10.0	2.0	66	172	0	0	1	0	0	1	1	1	0	0	0	8	45	13	H	1	40	E	13	62	217	34	7	0	0	0	0	71	33	530	57	0	8	9	3	0	4	49	17	0	0	0	0	0	0	0	0	0	0	0	44	39	0	6.29721512899776	6.56579110776276	9.69170436325039
23	C	0.0	2.0	67	112	0	0	0	0	0	1	0	0	0	0	0	14	45	4	J	1	83	E	11	70	127	23	17	0	0	0	0	75	29	385	61	1	8	9	0	2	5	62	15	0	0	0	0	0	0	0	0	0	0	0	46	39	0	-2.32106254656389	-1.26827763842691	-0.215188237713308
22	C	0.0	1.0	63	115	0	0	0	0	0	0	2	0	0	0	0	14	65	8	B	1	90	E	11	84	138	24	17	0	0	0	0	80	37	340	52	1	9	9	3	0	6	53	14	0	0	0	0	0	0	0	0	0	0	0	48	41	0	5.45114397339797	3.9837643138562	5.30786824156771
21	C	15.0	8.0	67	128	0	0	0	0	0	0	1	0	0	1	0	12	25	12	J	1	37	E	13	60	157	23	12	0	1	0	0	82	35	620	63	1	9	9	1	1	4	55	19	0	0	0	0	0	0	0	0	0	0	0	47	40	0	5.84664679353685	4.49525781649009	9.87028610245659
22	C	10.0	8.0	66	135	0	1	0	0	0	0	2	0	1	0	0	12	25	15	J	1	50	E	13	70	159	24	12	0	1	0	0	79	33	510	63	1	9	9	2	0	6	55	19	0	0	0	0	0	0	0	0	0	0	0	45	37	1	10.6729642335623	16.0994609103775	8.70963007362435
24	C	0.0	0.0	63	125	1	0	0	0	0	0	0	0	1	0	0	12	45	8	J	1	83	E	13	80	154	35	16	0	0	0	0	81	38	455	42	0	8	8	0	2	7	66	18	0	0	0	0	0	0	0	0	0	0	0	45	40	0	-2.31297776305785	-1.89020815917307	3.28580316420807
26	C	0.0	0.0	65	128	0	2	2	0	0	0	0	0	0	0	0	17	75	4	J	1	93	E	12	76	144	37	18	0	0	0	0	83	37	425	56	0	8	10	3	0	5	56	16	0	0	0	0	0	0	0	0	0	0	0	47	41	0	12.3322417459729	11.7254225753266	-1.27789416160911
34	C	0.0	0.0	63	131	0	0	0	1	0	0	2	0	2	0	0	11	35	17	D	1	60	B	13	80	143	36	12	0	3	0	0	78	31	305	62	0	9	9	2	0	3	53	16	0	0	0	0	0	0	0	0	0	0	0	44	39	0	4.22679745993976	5.20378044207111	8.39180699153219
22	C	3.0	8.0	62	125	0	0	0	0	0	0	2	0	0	0	0	13	85	10	A	1	73	E	12	84	165	38	12	0	0	0	0	79	32	370	75	1	9	9	0	2	4	72	22	0	0	0	0	0	0	0	0	0	0	0	45	41	0	-3.81051379180716	-3.63737149919803	0.451532653174349
20	C	20.0	5.0	62	94	0	1	0	0	0	1	1	0	0	0	0	12	0	5	J	1	40	E	14	78	115	20	12	0	0	0	0	80	33	400	59	0	8	9	4	0	4	62	18	0	0	0	0	0	0	1	0	0	0	2	44	38	0	9.99353415121384	10.3286629721821	-1.2756572777434
21	C	15.0	5.0	63	104	0	0	0	0	0	2	0	0	1	0	0	12	15	10	J	1	33	E	14	75	116	21	11	0	0	0	0	79	32	325	58	1	9	10	0	2	6	68	23	0	0	0	0	0	0	0	0	0	0	0	45	39	0	-0.696988946704469	-0.702092764069532	4.78422097238331
32	C	20.0	16.0	60	115	0	0	0	0	0	2	3	1	0	0	0	12	65	17	J	1	80	E	16	88	145	34	16	1	2	0	1	80	39	420	59	0	6	9	3	0	4	65	20	0	0	0	0	0	0	0	0	0	0	0	44	41	0	1.07546684022758	0.506075378654037	3.6942525321445
35	C	10.0	15.0	64	146	0	0	0	0	0	0	2	0	1	1	0	10	45	8	J	1	60	E	14	76	163	30	12	0	0	0	0	77	30	385	93	1	8	9	2	0	7	51	16	0	0	0	0	0	0	0	0	0	0	0	47	38	0	4.83553122908554	5.30107828321055	7.45487531780295
36	C	20.0	10.0	62	146	0	0	0	0	0	0	3	0	0	0	0	10	45	10	J	1	60	E	14	70	165	32	12	0	0	0	0	75	31	370	64	0	8	9	3	0	6	62	20	0	0	0	0	0	0	0	0	0	0	0	44	39	0	2.50551368524582	1.41059474326859	3.97498696174854
28	C	0.0	0.0	63	135	0	0	0	0	0	0	0	0	0	0	1	17	35	15	O	1	77	E	10	90	144	29	18	0	0	0	0	81	33	370	68	1	9	10	0	2	2	53	18	0	0	0	0	0	0	0	0	0	0	0	47	40	0	5.5747747695307	4.52595362072286	9.05463697542979
19	C	10.0	8.0	65	165	2	0	0	0	0	0	0	0	1	0	0	11	75	7	J	1	60	E	11	70	170	24	10	0	0	0	0	81	38	620	70	0	8	8	3	0	7	62	18	0	0	0	0	0	0	0	0	0	0	0	47	39	0	-0.203004033342942	-0.366348321616363	2.3020099641686
20	C	20.0	9.0	65	160	1	0	1	0	0	0	1	0	1	0	0	10	65	8	J	1	57	E	10	84	185	27	11	0	0	0	0	78	34	600	74	0	7	9	2	0	5	55	16	0	0	0	0	0	0	0	0	0	0	0	44	40	0	3.07677604491766	3.41738650774386	4.99151299357619
31	C	0.0	0.0	62	114	0	0	0	0	0	0	0	1	1	0	0	11	65	13	J	1	50	E	13	70	115	32	9	0	0	0	0	78	29	365	53	0	8	9	2	0	1	56	17	0	0	0	0	0	0	0	0	0	0	0	44	38	0	3.40872341508289	2.86125197503671	4.40793445654351
33	C	0.0	0.0	62	143	0	0	0	0	0	4	1	0	1	1	0	12	55	7	J	1	53	E	13	88	159	35	10	0	0	0	2	80	34	540	47	1	8	9	4	0	2	59	18	0	0	0	0	0	0	0	0	0	0	0	49	38	1	1.88692184130185	0.654007870298515	0.632082137046436
17	C	10.0	5.0	63	102	0	0	0	0	0	0	0	0	2	0	1	10	25	10	J	1	47	E	11	60	126	20	10	0	0	0	0	81	37	420	49	0	9	9	2	0	1	58	19	0	0	0	0	1	0	0	0	0	0	2	45	41	0	3.42616759656347	1.54108636591657	2.29441320153536
29	C	0.0	0.0	61	115	0	0	3	0	0	0	1	1	1	0	0	12	55	11	C	1	67	E	15	62	145	38	12	0	0	0	0	75	32	445	62	0	9	9	0	2	0	56	18	0	0	0	0	0	0	0	0	0	0	0	45	40	0	1.43866981392538	1.86117479238357	4.32835785169862
17	C	3.0	6.0	65	132	0	0	0	0	0	0	0	1	0	0	0	11	35	10	J	1	57	E	11	80	172	19	12	0	0	0	0	82	34	510	53	1	9	9	0	3	9	59	20	0	0	0	0	0	0	0	0	0	0	0	47	40	0	3.99035224878087	3.50741708139963	9.44112813199933
22	C	20.0	5.0	63	109	0	1	0	0	0	1	0	0	0	0	0	12	45	15	J	1	50	E	11	70	134	24	10	0	0	0	0	86	35	475	60	0	9	9	2	0	7	59	18	0	0	0	0	0	0	0	0	0	0	0	45	38	0	14.3013253547733	14.8064577594213	7.70155879132458
25	C	6.0	4.0	66	134	0	0	0	0	0	0	0	0	0	0	1	16	45	10	G	1	80	E	10	60	146	25	18	0	0	0	0	89	30	525	49	0	5	9	2	0	1	68	19	0	0	0	2	0	0	0	0	0	0	0	46	41	0	-3.49863475803371	-3.11431466027339	-2.97813265340421
25	C	0.0	7.0	63	122	0	0	0	1	0	1	0	1	0	0	1	18	45	10	L	1	83	E	12	70	148	23	17	0	0	0	0	81	31	520	46	1	8	9	2	0	9	57	16	0	0	0	0	0	0	0	0	0	0	0	47	43	0	3.71700934649779	3.79311700991727	6.81140058728151
22	C	20.0	7.0	59	118	0	0	0	0	0	0	0	1	1	1	0	12	65	10	J	1	47	E	11	62	136	25	9	0	0	0	0	84	34	475	27	1	9	9	3	0	5	60	20	0	0	0	0	0	0	0	0	0	0	0	46	43	0	2.56145910346759	2.13822450102555	4.61732376051287
34	C	0.0	0.0	65	132	2	0	0	0	0	1	3	2	1	1	1	16	35	14	J	1	60	E	10	80	145	36	12	0	4	0	0	81	38	570	50	0	9	9	0	2	16	56	18	0	0	0	0	0	0	0	0	0	0	0	46	38	0	5.97456815781281	6.61777076868859	15.1170926962311
17	C	0.0	0.0	62	90	2	0	0	2	0	1	0	0	1	0	0	12	55	7	F	1	57	E	9	70	120	21	11	0	0	0	0	87	40	470	73	1	8	9	0	3	8	54	16	0	0	0	0	0	0	0	0	0	0	0	45	43	1	7.78095702053088	4.34523769622527	8.82783034710898
27	C	10.0	6.0	67	190	0	0	0	0	0	0	1	0	1	1	1	16	85	10	J	1	77	E	13	110	198	23	15	0	0	0	0	85	36	635	48	1	5	8	0	3	1	50	16	0	0	0	0	0	0	0	0	0	0	0	48	41	0	1.39161623138892	3.06044640444742	6.78757509888693
31	C	0.0	0.0	65	128	0	0	0	0	0	0	1	0	1	0	0	12	45	10	J	1	30	E	13	90	147	30	6	0	1	0	0	79	31	490	72	0	9	9	2	0	5	66	21	0	0	0	0	0	0	0	0	0	0	0	43	40	0	-0.702432845154973	-0.184928619354376	2.57484802134852
29	C	0.0	2.0	61	133	0	1	0	0	0	0	0	1	1	0	0	12	55	8	J	1	53	E	12	96	125	28	11	0	0	0	0	78	30	340	56	1	8	9	3	0	2	63	20	0	0	0	0	0	0	0	0	0	0	0	45	39	0	9.26998166853602	10.2426119922464	-0.770280761229528
17	C	6.0	4.0	62	111	0	0	0	0	0	1	0	0	0	0	1	10	65	7	I	1	67	B	9	64	131	22	12	0	0	0	0	80	32	490	86	1	9	9	3	0	2	61	18	0	0	0	0	0	0	0	0	0	0	0	48	39	0	-2.04127965615988	-0.330711941369658	-0.606162767363259
20	C	8.0	4.0	63	115	0	0	0	0	0	1	0	0	0	0	0	9	45	10	I	1	60	B	9	66	140	25	12	0	0	0	0	86	39	620	68	0	8	8	1	1	6	63	20	0	0	0	0	0	0	0	0	0	0	0	46	40	0	-0.0340399023623465	-0.0114997911686476	6.02586063042527
27	C	20.0	4.0	63	130	0	0	0	0	0	0	2	1	2	0	0	8	55	13	D	1	47	E	17	65	147	25	10	0	0	0	0	76	25	545	42	1	8	9	2	0	5	55	15	0	0	0	0	0	0	0	0	0	0	0	47	38	1	8.59240477580605	4.66285215084619	7.99851712232236
20	C	20.0	4.0	61	115	0	0	0	0	0	0	0	0	1	0	0	12	55	15	J	1	63	E	15	72	128	25	12	0	0	0	0	68	19	370	46	1	9	10	3	0	6	56	19	0	0	0	0	0	0	0	0	0	0	0	44	40	0	4.24106203897285	4.65627096726408	8.47050752992297
22	C	20.0	6.0	59	96	0	0	0	1	0	0	0	0	0	0	0	8	65	10	J	1	57	E	15	70	116	25	12	0	1	0	0	79	32	410	48	0	9	9	2	0	4	65	20	0	0	0	0	0	0	0	0	0	0	0	44	40	1	2.97738430963025	-0.373187284306638	1.55882528102571
23	C	20.0	7.0	59	99	0	0	0	1	0	0	0	0	0	0	0	9	45	13	J	1	60	E	15	64	118	26	12	0	1	0	0	69	24	440	56	1	8	9	2	0	5	46	15	0	0	0	0	0	0	0	0	0	0	0	46	35	0	7.71505116525341	7.54961727201194	10.6821579996731
25	C	20.0	6.0	74	125	0	0	0	0	0	0	0	0	0	0	0	14	45	6	J	1	70	E	10	70	144	27	12	0	0	0	0	82	37	450	48	0	8	9	3	0	5	55	17	0	0	0	0	0	0	0	0	0	0	0	48	39	0	1.89760961779445	2.54409968519564	2.88557303403758
35	C	18.0	16.0	76	130	0	0	0	0	0	0	0	0	0	0	0	12	65	10	J	1	80	E	14	82	144	39	12	0	0	0	0	82	40	330	64	1	9	9	3	0	7	69	21	0	0	0	0	0	0	0	0	0	0	0	48	42	0	-3.26058185431124	-1.68716172487687	0.797860700141002
22	C	0.0	0.0	62	105	0	0	0	0	0	1	0	0	0	0	0	5	25	5	F	1	23	E	15	76	146	23	5	0	0	0	0	82	39	490	83	1	8	9	2	0	2	65	20	0	0	0	0	0	0	0	0	0	0	0	47	42	0	-3.04264298643113	-2.31249774168391	-3.02851605965368
25	C	0.0	0.0	62	110	0	0	0	0	0	0	1	0	0	0	0	5	25	6	F	1	23	E	15	70	135	26	5	0	0	0	0	80	24	540	82	1	8	9	2	0	4	57	18	0	0	0	0	0	0	0	0	0	0	0	46	42	0	1.22776029206041	2.11098632699431	2.92756717533396
19	C	0.5	2.0	65	115	0	0	0	0	0	0	1	0	0	0	0	12	25	7	J	1	27	E	14	80	137	20	10	0	0	0	0	84	40	490	56	1	7	8	3	0	6	58	18	0	0	0	0	0	0	0	0	0	0	0	46	42	1	4.54039787237665	1.43096959915419	4.4011813546361
21	C	3.0	5.0	65	110	0	0	0	0	0	0	0	0	0	0	0	12	35	8	J	1	33	E	10	68	140	23	10	0	0	0	0	80	38	450	56	0	9	9	3	0	9	80	22	0	0	0	0	0	0	0	0	0	0	0	46	43	0	-6.34625269934606	-6.69447683613298	-3.63114802459012
22	C	0.0	2.0	65	116	0	0	0	0	0	1	0	0	1	0	0	12	35	10	F	1	57	E	14	70	146	24	12	0	0	0	0	82	36	480	60	1	8	9	2	0	5	55	18	0	0	0	0	0	0	0	0	0	0	0	48	40	1	8.02157136608563	3.94287183004692	6.26199783053908
30	D	2.0	12.0	68	174	0	0	0	0	1	0	2	0	3	0	0	12	85	13	J	1	73	B	14	88	179	33	12	0	0	0	0	85	35	335	56	1	1	9	1	1	7	71	17	0	0	0	2	0	0	0	0	0	0	3	48	42	0	-2.32568434090323	-1.7836664238496	4.12157629590879
21	C	5.0	1.0	62	118	0	0	0	0	0	1	0	0	0	0	0	12	45	10	J	1	50	E	11	70	130	23	11	0	0	0	0	79	37	415	79	0	8	9	2	0	5	55	18	4	0	0	0	0	0	0	0	0	0	0	46	41	0	4.80710745567837	4.03213593739285	6.47487482703121
22	C	0.5	3.0	65	131	0	0	0	0	0	0	0	0	0	0	0	12	55	8	J	1	70	E	13	70	156	22	12	0	0	0	0	76	32	400	81	0	8	10	2	0	3	51	16	0	0	0	0	0	0	0	0	0	0	0	44	39	0	5.40168495655302	4.07918812281701	4.69264638568427
25	C	40.0	11.0	62	114	0	1	0	0	0	0	0	0	0	0	0	14	95	10	J	1	83	E	11	72	130	25	12	0	0	0	0	85	38	450	64	1	6	9	1	2	2	51	15	0	0	0	0	0	0	0	0	0	0	0	46	42	0	13.0256634415734	15.1492213662872	6.86047615872344
40	C	15.0	18.0	65	120	0	0	0	3	0	0	0	2	1	0	1	12	45	8	J	1	67	E	14	80	140	42	12	1	1	0	0	76	28	420	43	1	10	9	4	0	6	34	10	7	0	0	1	1	0	2	0	0	0	3	47	35	0	9.3668073423316	9.82108208716104	11.595593212345
35	C	20.0	16.0	69	175	0	0	0	0	0	0	1	0	1	0	0	12	75	8	J	1	77	E	13	70	179	37	10	0	0	0	0	82	33	600	58	1	9	9	3	0	5	50	15	0	0	0	0	0	0	0	0	0	0	0	47	39	0	5.05633339048696	4.92712537752883	6.16529050624257
19	C	1.0	6.0	65	120	0	0	0	0	0	0	0	0	0	0	0	11	65	17	I	1	67	B	12	60	163	22	12	0	0	0	0	82	37	540	64	0	9	10	2	0	0	66	21	0	0	0	0	0	0	0	0	0	0	0	46	36	0	-2.1932708291516	-1.45197791611551	-0.136011343560708
21	C	40.0	3.0	62	120	0	0	0	0	0	0	1	0	0	0	0	12	65	8	J	1	70	E	11	80	139	21	12	0	0	0	0	80	36	520	60	1	9	9	2	0	4	55	17	0	0	0	0	0	0	0	0	0	0	0	45	40	0	2.77427825290928	2.96972706708048	3.96309286114425
23	C	12.0	5.0	60	172	0	0	0	0	0	0	0	1	0	0	0	12	65	7	J	1	80	E	14	75	185	28	14	0	0	0	0	79	36	390	80	0	9	9	0	3	0	56	18	0	0	0	0	0	0	0	0	0	0	0	45	42	0	1.02117820105355	0.628563949233948	1.35364746305509
24	C	7.0	4.0	60	120	0	0	0	0	0	0	1	0	0	0	1	16	65	10	J	1	90	B	9	60	154	27	14	0	1	0	0	83	39	440	41	0	9	9	0	3	5	63	16	0	0	0	0	0	0	0	0	0	0	0	46	41	0	0.292547578585254	0.517131450174899	4.69651696856351
20	C	0.0	0.0	61	105	1	0	0	1	0	0	1	0	1	0	0	14	45	8	I	1	63	B	11	70	130	22	12	0	0	0	0	80	37	550	70	1	3	2	0	2	1	78	21	6	0	0	4	0	0	0	0	0	0	1	45	41	0	-9.95202870486608	-9.33894668490139	-6.21566092115307
21	C	15.0	4.0	64	135	0	0	1	0	0	0	0	0	1	0	1	14	55	8	J	1	63	E	13	88	165	25	12	0	0	0	0	82	39	600	64	0	8	9	1	2	6	55	21	0	0	0	0	1	0	0	0	0	0	0	45	41	0	4.59786062750571	3.76402117541819	8.02051386014666
21	C	4.0	5.0	60	95	0	0	0	0	0	0	0	1	0	0	0	12	75	10	J	1	93	E	12	59	110	31	18	0	0	0	0	77	38	505	48	0	9	8	3	0	4	74	22	1	0	0	0	0	0	0	0	0	0	0	45	42	0	-5.54592005341469	-6.20314726162595	-3.92759595959345
26	C	10.0	12.0	61	133	0	1	0	0	0	0	0	0	0	0	0	8	45	10	J	1	30	E	13	95	148	31	8	0	0	0	0	79	35	295	49	1	9	8	3	0	10	75	21	0	0	0	0	0	0	0	0	0	0	0	47	39	0	5.5672048380398	6.41639260529714	0.124054998212221
21	C	20.0	6.0	61	118	0	0	0	0	0	0	0	0	2	0	1	9	35	7	J	1	53	E	13	68	134	21	12	0	0	0	0	79	32	380	83	1	4	9	3	0	6	65	18	0	0	0	0	0	0	0	0	0	0	0	46	36	1	0.456719283726877	-0.631086344232469	0.840838108771169
22	C	6.0	7.0	61	115	0	0	0	0	0	0	1	0	0	0	0	10	85	15	J	1	73	E	13	68	130	23	12	0	0	0	0	78	31	440	56	1	8	9	0	2	2	46	14	0	0	0	0	0	0	0	0	0	0	0	46	38	0	7.15485714174013	6.90347090046411	11.5223643792011
20	C	10.0	3.0	64	125	0	0	0	0	0	0	0	0	1	0	0	10	75	7	J	1	60	E	12	90	143	24	12	0	0	0	0	80	39	470	82	0	8	9	3	0	9	65	20	0	0	0	0	0	0	0	0	0	0	0	45	41	0	-2.20311757936223	-0.0463202589667322	2.14200288796977
19	C	30.0	5.0	59	115	0	1	1	0	0	0	0	2	0	0	1	9	65	10	J	1	57	E	12	58	131	25	10	0	0	0	0	91	42	420	65	0	8	10	2	0	3	69	21	0	0	0	0	0	0	0	0	0	0	0	46	41	1	-1.28424044219872	8.41408220644672	-1.49834091162857
32	D	20.0	17.0	65	106	1	0	0	0	0	0	5	0	2	0	0	9	55	15	J	1	47	E	15	68	129	32	9	2	3	1	2	55	21	270	35	1	5	9	4	0	8	64	20	0	0	0	0	0	0	0	0	0	0	0	48	39	0	1.08256529969931	2.09647028974341	6.74220211994672
27	C	0.0	0.0	63	103	5	0	4	0	0	0	0	1	1	1	0	12	35	20	J	1	43	E	17	80	122	32	10	0	0	0	0	79	29	445	55	1	8	9	4	0	6	50	15	0	0	0	0	0	0	0	0	0	0	0	46	39	1	12.3510790036992	7.65179303772408	12.6942621583445
20	C	0.0	0.0	68	148	0	0	0	0	0	0	1	0	1	1	0	12	45	15	J	1	63	E	13	82	171	22	12	0	0	0	0	73	36	370	55	1	7	9	3	0	2	56	18	0	0	1	0	0	0	0	0	0	0	0	46	41	0	3.17689684724808	3.44018083770966	5.73889260309329
20	C	20.0	8.0	66	116	0	0	0	1	0	0	0	0	0	0	0	11	45	13	J	1	53	E	15	76	136	22	12	0	0	0	0	82	40	425	36	1	6	7	2	0	8	54	16	0	0	0	2	0	0	0	0	0	0	0	46	39	1	9.3112822960331	4.50740608539943	9.64974653953963
33	C	6.0	15.0	65	135	0	0	0	0	0	0	1	1	0	0	1	15	95	6	I	1	73	B	12	70	165	33	12	0	2	0	0	85	39	365	64	0	9	9	2	0	3	56	18	0	0	0	0	0	0	0	0	0	0	0	47	40	0	2.10787377175131	1.53584878732562	1.07708409102375
19	C	0.0	0.0	64	115	1	0	2	0	0	0	0	0	0	0	1	13	65	10	J	1	90	E	10	82	136	24	14	0	0	0	0	83	40	395	60	1	8	8	0	3	1	67	20	0	0	0	0	0	0	0	0	0	0	0	46	41	0	-3.99302053727463	-3.78817935272596	-0.34602394847235
20	C	0.0	0.0	64	128	0	0	0	0	0	1	0	0	1	0	0	13	45	10	J	1	83	E	10	50	144	25	14	0	0	0	0	76	31	430	55	1	9	9	2	0	6	54	15	0	0	0	0	0	0	0	0	0	0	0	45	40	0	4.98385538769531	4.23802500367845	6.42615939286651
41	C	6.0	10.0	70	143	1	0	0	0	0	1	2	1	2	0	1	12	85	10	J	1	83	E	14	80	155	43	14	0	0	0	0	76	30	500	43	0	9	9	0	3	6	49	16	0	0	0	0	0	0	0	0	0	0	0	47	40	0	6.41543071498567	6.13220683822464	10.8013710497052
23	C	0.0	7.0	64	135	0	0	0	0	0	1	0	0	1	0	0	9	65	6	J	1	50	E	14	80	156	25	9	0	0	0	0	74	30	470	56	0	8	9	2	0	6	66	23	0	0	0	0	0	0	0	0	0	0	0	44	40	1	-0.335518328715487	-1.41719920861444	-0.440305687981843
27	C	0.0	10.0	62	118	0	1	0	0	0	0	1	0	0	1	1	12	65	8	J	1	60	E	17	80	139	28	10	0	0	0	0	81	37	620	62	0	9	9	3	0	2	55	18	0	0	0	0	0	0	0	0	0	0	0	46	35	0	14.0019037817989	13.3261794379453	2.21733469432412
22	C	0.0	0.0	60	115	0	0	0	0	0	1	0	0	0	0	1	12	65	5	J	1	77	E	11	88	130	24	12	0	0	0	0	79	33	405	54	0	6	9	3	0	3	62	20	0	0	0	0	0	0	0	0	0	0	0	46	41	0	-1.97691022152062	-1.36175454505328	-2.57396642408982
24	C	0.0	0.0	60	115	0	0	0	0	0	1	0	0	0	0	0	12	55	8	J	1	63	E	11	80	128	25	11	0	0	0	0	80	33	940	56	1	8	9	2	0	5	65	22	0	0	0	0	0	0	0	0	0	0	0	48	39	0	0.347615478769533	-0.692386063936691	0.741134615662932
37	C	20.0	21.0	64	160	0	0	0	0	0	0	0	1	0	0	0	9	85	5	J	1	50	E	14	78	182	34	9	0	0	0	0	85	38	535	98	1	6	9	2	0	0	66	20	0	0	0	1	0	0	0	0	0	0	0	47	43	0	-3.73150268276625	-4.1076410646116	-6.56382889466552
25	C	40.0	9.0	63	112	0	0	0	0	0	0	0	0	0	0	0	12	35	18	J	1	63	E	12	70	124	30	12	2	0	0	0	76	25	400	75	0	4	9	3	0	4	61	18	0	0	0	0	0	0	0	0	0	0	0	44	39	0	3.40073696947885	2.53561104565299	6.20638423665363
38	C	10.0	20.0	65	170	0	1	1	0	0	0	0	0	1	0	0	11	55	10	J	1	50	B	15	80	200	41	8	0	0	0	0	79	29	655	56	1	2	1	3	0	1	51	15	0	1	0	2	0	0	0	0	0	0	2	46	41	0	13.257951194456	13.8043068725431	4.10074539513948
28	C	20.0	15.0	62	110	0	1	1	1	0	1	2	0	3	1	0	9	65	12	J	1	60	E	13	50	125	32	12	2	2	1	0	78	33	360	71	1	9	9	4	0	9	41	13	0	0	0	2	0	0	0	0	0	0	2	46	34	0	20.0062777093321	20.6683309031191	13.28660501458
24	C	0.0	0.0	66	123	0	0	0	0	0	0	1	0	0	0	0	15	45	7	I	1	83	E	12	70	149	26	18	0	0	0	0	81	41	600	67	1	9	9	0	2	1	52	16	0	0	0	0	0	0	0	0	0	0	0	48	42	0	4.71709399272898	2.61620798163427	4.01711860679876
18	C	0.0	1.0	65	133	0	0	2	0	0	1	0	0	0	0	0	12	35	10	J	1	47	B	12	64	156	19	11	0	0	0	0	87	41	370	49	0	5	10	4	0	3	61	18	0	0	0	0	0	0	0	0	0	0	0	46	36	1	4.15210368371043	1.13416934222234	2.86533429752608
32	C	20.0	16.0	63	125	0	0	0	0	0	0	0	0	1	0	0	12	35	8	J	1	33	E	14	76	141	38	6	0	0	0	0	77	26	530	53	1	9	9	0	2	1	57	21	0	0	0	0	0	0	0	0	0	0	0	47	40	0	2.22209057092819	1.74645269466291	4.47320270486304
18	C	0.0	0.0	68	120	0	0	0	0	0	0	0	0	0	0	0	12	75	13	J	1	63	B	13	70	133	21	10	1	0	0	0	78	29	290	44	0	7	9	4	0	9	33	9	0	0	0	0	0	0	2	0	0	0	1	44	35	0	10.9875634628764	11.8881074302274	16.1595243784962
20	C	0.0	0.0	67	120	0	0	0	0	0	0	0	0	1	0	1	12	65	17	J	1	57	B	13	70	131	23	9	2	0	0	0	74	28	245	38	1	7	8	1	0	6	45	13	0	1	0	3	0	0	0	0	0	0	2	45	29	0	8.00332984762294	7.7281461309693	15.5348402436195
21	C	0.0	0.0	64	210	0	0	0	1	0	1	0	0	0	0	0	12	35	8	F	1	57	E	9	86	227	23	12	0	0	0	0	79	32	415	48	0	7	9	2	0	6	64	20	0	0	0	0	0	0	0	0	0	0	0	45	39	0	-0.608665980740961	0.0760341608793644	1.94094396487114
24	C	30.0	12.0	60	114	0	0	0	0	0	0	0	0	0	0	1	12	55	10	J	1	63	E	9	70	126	26	10	1	0	0	1	80	35	440	68	1	7	9	3	0	0	70	21	0	0	0	0	0	0	0	0	0	0	0	44	40	0	-4.94408536917881	-4.40173694097386	-4.69121268131957
20	C	6.0	6.0	63	120	0	0	0	0	0	0	0	0	0	0	1	12	45	7	J	1	83	E	14	74	138	24	14	0	0	0	0	81	39	420	66	1	9	9	0	3	6	64	20	0	0	0	0	0	0	0	0	0	0	0	47	38	0	0.717144697137335	-0.413119890547216	3.00187575604415
23	C	0.0	5.0	62	120	0	0	0	0	0	0	0	1	0	0	0	12	65	8	J	1	90	E	13	70	130	26	16	0	0	0	0	83	38	290	60	0	5	9	1	1	5	63	20	0	0	0	0	0	0	0	0	0	0	0	44	39	0	-0.337447448169643	-0.0083538721281679	3.42603213160062
21	C	10.0	4.0	62	120	0	2	0	0	0	0	0	0	0	0	0	15	45	7	K	1	73	E	13	60	140	25	17	0	0	0	0	84	34	495	46	0	9	9	0	3	9	46	14	0	0	0	0	0	0	0	0	0	0	0	46	39	0	18.9109647686144	17.9440773743428	10.9949450679176
18	C	0.0	2.0	68	136	0	0	0	0	0	1	0	0	0	0	1	14	75	10	J	1	63	E	14	85	161	21	10	0	0	0	0	81	36	580	64	1	8	9	3	0	6	57	19	0	0	0	0	0	0	0	0	0	0	0	49	41	0	3.53280477753196	3.37230516904921	5.90123380433532
21	C	10.0	6.0	67	138	0	0	0	0	0	0	0	1	0	0	0	12	55	7	J	1	47	E	13	80	157	22	9	0	0	0	0	82	30	520	96	0	9	9	2	0	0	69	23	0	0	0	0	0	0	0	0	0	0	0	47	42	1	-7.40834056312079	-4.58006885484115	-5.78793499279128
25	C	30.0	9.0	61	94	0	0	0	1	0	0	1	1	0	0	1	12	75	15	J	1	90	E	11	70	121	29	14	0	0	0	0	80	35	455	48	0	8	9	2	0	1	56	16	0	0	0	0	0	0	0	0	0	0	0	45	34	0	3.78477561773557	2.66629405825747	3.95327195662471
21	C	0.0	0.0	66	119	0	0	0	0	0	1	1	0	0	0	0	12	55	13	J	1	63	E	12	60	138	22	12	0	1	0	0	81	33	510	57	0	9	9	2	0	1	56	18	0	0	0	0	0	0	0	0	0	0	0	46	41	0	2.75160376351027	2.69569325590427	4.01311010978316
29	C	0.0	8.0	60	131	0	0	0	0	0	1	0	0	0	2	0	14	65	10	F	1	90	E	12	76	149	35	16	0	1	0	0	87	40	480	48	0	8	9	0	3	8	61	19	0	0	0	0	0	0	0	0	0	0	0	45	40	0	3.40564117498122	2.07228712456615	7.15796220341478
30	C	0.0	8.0	60	135	1	0	0	0	0	0	0	0	2	0	1	14	65	7	F	1	90	E	11	86	150	37	16	0	1	0	0	84	34	450	68	1	8	9	2	0	8	57	18	0	0	0	0	0	0	0	0	0	0	0	45	41	0	2.96526025159633	2.64425565418911	4.072823455439
20	C	20.0	4.0	65	190	0	0	0	0	0	2	0	0	0	0	1	10	65	5	J	1	57	E	11	86	184	23	10	0	0	0	0	92	40	450	59	1	3	3	3	0	1	71	21	8	0	1	4	1	0	0	0	0	0	4	47	43	1	-7.01945416916171	-7.09311276325893	-7.96663472688646
23	C	15.0	5.0	66	154	0	0	0	0	0	0	0	0	0	0	0	12	55	10	J	1	73	E	12	86	175	24	12	0	0	0	0	83	39	500	48	1	9	8	0	3	4	47	16	0	0	0	0	0	0	0	0	0	0	0	45	39	0	5.14725837279862	5.19576111127297	10.381887253158
20	C	20.0	4.0	60	97	0	1	0	0	1	0	2	0	2	0	0	9	15	7	A	1	57	E	13	70	118	24	12	0	1	0	0	85	35	400	38	0	9	9	3	0	1	61	19	0	0	0	0	0	0	0	0	0	0	0	45	38	0	11.7086182133213	10.2684523501477	-1.80671410748009
26	C	10.0	6.0	66	124	0	0	0	0	0	0	0	0	0	2	0	15	55	10	J	1	63	E	15	80	147	36	12	0	0	0	0	77	33	460	67	1	9	9	3	0	6	63	16	0	0	0	0	0	0	0	0	0	0	0	47	38	0	0.504720379963383	0.952228035169563	3.4601849133606
24	C	0.0	0.0	62	127	0	0	2	0	0	0	0	0	0	0	0	5	65	12	F	1	33	E	15	80	144	24	5	0	0	0	0	79	32	415	64	1	9	10	2	0	5	55	18	0	0	1	0	0	0	0	0	0	0	1	48	42	0	5.66934610382929	4.6648150687186	7.99733985346673
23	C	1.0	6.0	63	100	0	1	0	0	0	0	0	1	2	0	0	9	35	8	J	1	33	E	12	70	115	23	7	0	0	0	0	71	24	390	47	0	8	9	3	0	0	72	23	0	0	0	0	0	0	0	0	0	0	0	47	44	1	-5.46845298053949	5.40576659447969	-6.54215027781001
22	C	20.0	7.0	60	141	0	0	0	0	0	0	0	0	1	0	0	10	65	10	J	1	57	E	11	80	156	25	11	0	0	0	0	80	36	485	59	1	8	9	2	0	8	70	22	0	0	0	0	0	0	0	0	0	0	0	45	41	0	-3.53875862866897	-1.63942583713768	1.5241384151676
44	C	28.0	12.0	65	148	0	0	0	2	0	0	3	0	1	0	0	12	45	12	J	1	63	E	13	90	158	34	12	0	1	0	0	88	33	410	67	0	9	9	3	0	3	64	19	0	0	0	0	0	0	0	0	0	0	0	46	41	0	0.262510740376229	0.0840304520473421	2.10954849415923
19	C	0.0	0.0	62	105	0	0	0	0	0	0	0	1	1	0	1	12	85	4	J	1	60	E	11	70	135	22	10	0	0	0	0	85	38	520	74	1	4	9	2	0	5	58	19	0	0	0	0	0	0	0	0	0	0	0	47	40	0	0.953566975638486	0.471759001762589	-0.523928628293659
30	C	20.0	12.0	60	112	0	0	0	1	0	1	3	1	1	1	0	12	45	10	J	1	70	E	11	75	122	33	12	0	0	0	0	86	32	435	63	1	8	9	2	0	0	74	26	0	1	0	0	0	0	0	0	0	0	0	46	42	0	-6.69450626979907	-6.42846697108212	-6.85768403485494
31	C	10.0	13.0	60	113	0	0	0	1	0	2	1	2	2	0	0	12	45	13	J	1	70	E	11	72	127	33	12	0	0	0	0	82	32	330	58	0	9	9	4	0	3	50	18	0	0	0	0	0	0	0	1	0	0	3	44	42	0	3.57622529801296	5.53621094852207	7.7374291344328
21	C	0.0	5.0	64	120	0	0	0	0	1	1	0	1	1	0	0	17	45	20	I	1	83	E	11	60	136	28	17	0	0	0	0	82	34	430	40	0	8	9	0	3	8	57	19	0	0	0	0	1	0	0	0	0	0	1	44	41	0	5.11212466658134	5.25518308727707	12.6151799477728
21	C	0.0	0.0	62	115	0	0	0	0	0	0	0	2	0	1	0	14	15	10	J	1	57	E	13	78	138	24	14	0	0	0	0	85	38	385	46	1	1	3	2	0	3	55	16	0	0	0	2	0	0	0	0	0	0	0	47	42	0	3.8290467338748	2.17912223320969	4.76440698239502
26	B	20.0	11.0	66	153	0	0	0	0	0	0	1	0	1	1	1	12	105	16	J	1	70	B	12	64	171	29	12	0	1	0	0	78	27	490	33	0	8	10	2	0	0	53	17	0	0	0	0	0	0	0	0	0	0	0	46	41	0	3.76031344686696	3.58124342003976	4.70761703956754
29	C	0.0	0.0	64	126	0	0	0	0	0	0	0	0	0	0	0	14	45	13	E	1	77	E	14	90	143	34	14	0	0	0	0	80	33	285	73	0	8	9	0	2	11	47	14	0	0	0	0	0	0	2	0	0	0	0	45	40	0	9.00325627167154	8.50901855904293	15.4546120852002
22	C	0.0	0.0	65	141	0	0	0	0	0	0	0	2	0	0	0	9	35	8	D	1	43	E	14	72	164	24	10	0	0	0	0	82	39	480	57	0	9	9	3	0	7	44	14	0	0	0	0	0	0	0	0	0	0	0	48	39	1	9.97090544216868	7.75051435971775	10.224171547401
15	C	5.0	1.0	66	130	0	0	0	0	0	0	2	1	1	0	0	10	65	10	K	1	47	E	11	68	160	22	9	0	0	0	0	81	34	530	79	1	8	9	2	0	2	59	18	0	0	0	0	0	0	0	0	0	0	0	47	42	0	1.46110077955614	1.58046234635444	2.86948031296188
22	C	20.0	9.0	62	116	0	0	0	0	0	1	0	1	1	0	0	12	45	6	J	1	67	E	12	68	138	26	12	0	1	0	0	79	31	450	62	1	9	9	3	0	4	67	16	0	0	0	0	0	0	0	0	0	0	0	49	39	0	-2.79710840637978	-2.62174961384445	-2.62243068307273
20	C	3.0	3.0	61	112	0	0	0	0	0	0	0	1	0	1	1	12	35	7	J	1	57	E	12	70	128	22	12	0	0	0	0	81	39	440	47	1	5	8	2	0	4	58	19	1	0	0	4	0	0	0	0	0	0	1	49	41	0	1.00382491938145	0.504971994685751	2.26782235492958
22	C	0.0	3.0	61	112	0	0	0	0	0	0	0	0	0	0	0	12	65	10	J	1	70	E	12	64	123	24	12	0	0	0	0	80	37	460	45	1	7	9	3	0	1	68	22	0	0	0	0	0	0	0	0	0	0	0	46	41	0	-1.81576665377043	-2.98785843567699	-2.67655991515348
21	C	1.0	3.0	61	130	1	0	0	0	0	0	0	0	0	0	0	12	35	10	J	1	60	E	12	70	153	24	13	0	0	0	0	74	29	345	37	0	9	10	2	0	6	64	22	0	0	0	0	0	0	0	0	0	0	0	44	39	0	2.03562947466244	0.563348530848291	3.12039873468009
29	C	10.0	11.0	62	110	0	0	0	0	0	1	0	0	0	0	1	8	95	10	J	1	67	E	11	90	127	28	8	0	0	0	0	78	33	550	55	0	8	9	2	0	2	61	19	0	0	0	0	0	0	0	0	0	0	0	46	39	0	1.91313422580463	0.519102588159106	1.44846450417518
31	C	0.0	0.0	61	115	0	0	0	0	0	0	0	0	0	0	0	8	55	10	J	1	43	E	11	70	131	29	8	0	0	0	0	77	30	535	50	0	9	10	2	0	2	48	14	0	0	0	0	0	0	0	0	0	0	0	46	38	0	5.58635203967672	5.58544688703217	6.97966478665225
32	C	20.0	14.0	61	120	0	0	0	0	0	0	0	0	0	0	0	8	55	8	J	1	43	E	11	78	128	30	8	0	0	0	0	81	32	520	50	1	9	9	2	0	1	64	21	0	0	0	0	0	0	0	0	0	0	0	45	38	0	-0.818848840109285	-1.39380194986267	-1.33586010488347
27	C	0.125	11.0	63	158	1	0	1	0	0	0	1	0	2	0	0	12	55	10	J	1	67	E	11	80	195	34	12	0	0	0	0	83	31	730	69	0	6	10	3	0	3	56	16	0	0	0	0	0	0	0	0	0	0	0	48	40	0	2.51410392753743	2.84554576693216	4.24108248005714
29	C	0.0	0.0	62	125	0	0	0	0	0	1	1	2	1	0	0	11	55	16	P	1	43	E	12	80	146	33	8	0	0	0	0	89	42	460	86	0	9	9	2	0	3	64	20	0	0	0	0	0	0	0	0	0	0	0	46	38	1	5.15604985491441	0.96708985234467	4.23614986654957
17	C	10.0	1.0	62	118	0	0	0	0	0	0	0	1	1	0	0	10	55	7	J	1	63	E	13	70	132	21	12	0	0	0	0	82	36	315	68	1	3	9	2	0	6	65	22	0	0	0	1	0	0	0	0	0	0	0	45	44	0	-1.33929014010611	-0.758353506119593	0.537331447693838
20	C	0.0	6.0	66	131	0	0	0	0	0	0	0	0	0	0	0	12	35	15	J	1	60	E	11	50	148	20	12	0	0	0	0	80	32	510	74	0	9	9	2	0	3	60	18	0	0	0	0	0	0	0	0	0	0	0	45	41	0	2.49310927322285	2.27938141632968	5.06651169817215
22	C	0.0	0.0	60	100	0	0	0	0	0	0	0	0	0	0	1	10	75	7	F	1	47	E	12	64	120	27	5	0	0	0	0	77	28	425	60	1	8	8	3	0	3	60	19	0	0	0	0	0	0	0	0	0	0	0	44	40	0	-1.65058604602617	-0.475339625340442	1.06510564083037
26	C	5.0	6.0	65	207	0	0	0	0	0	0	1	0	0	0	0	12	55	13	J	1	67	E	14	84	213	33	12	0	0	0	0	81	32	515	66	0	9	9	2	0	6	62	20	0	0	0	0	0	0	0	0	0	0	0	45	40	0	2.39578319841146	1.91407703022181	5.19520185569586
19	C	0.0	0.0	67	137	0	1	0	0	0	0	0	0	0	1	0	14	35	10	L	1	77	E	13	72	153	23	17	0	0	0	0	80	30	430	55	1	8	9	0	3	2	42	13	0	0	0	0	0	0	0	0	0	0	0	46	39	0	20.0033694134278	18.0344990567065	9.87500049021119
32	C	8.0	9.0	63	197	0	0	0	0	0	1	2	0	0	0	1	10	35	7	L	1	37	B	11	90	217	34	9	1	0	0	1	82	37	405	59	1	9	10	2	0	1	61	19	0	0	0	0	0	0	0	0	0	0	0	47	42	0	-0.952233584984722	-0.38033821273766	-0.664567333113676
21	C	20.0	3.0	62	110	0	0	0	1	0	0	0	0	0	0	0	8	25	8	F	1	57	E	14	70	148	22	12	0	0	0	0	76	33	520	47	1	9	9	2	0	1	67	22	0	0	0	0	0	0	0	0	0	0	0	47	39	0	-2.41559937132716	-2.894216243082	-3.09538224069457
22	C	20.0	5.0	62	122	0	0	0	1	0	1	0	0	1	0	0	8	35	8	F	1	43	E	14	60	133	23	12	0	0	0	0	79	38	500	65	1	8	9	0	3	5	53	16	0	0	0	0	0	0	0	0	0	0	0	46	40	1	8.095024392835	4.48640547328255	8.78051677900535
22	C	12.0	7.0	65	128	0	0	0	0	0	4	0	1	0	0	0	12	65	3	J	1	70	E	10	70	148	29	12	0	1	0	0	79	36	310	43	0	8	9	2	0	7	50	15	0	0	0	0	0	0	0	0	0	0	0	43	39	0	1.87161300237886	2.9462141631316	1.28770126513798
20	C	0.0	0.0	64	118	0	1	0	0	0	1	0	1	1	0	1	12	65	7	H	1	67	B	13	80	135	23	12	0	0	0	0	78	40	450	54	1	9	9	0	2	7	62	20	0	0	0	0	0	0	0	0	0	0	0	46	42	0	11.4390093141031	11.7804449028392	4.34462267615794
39	C	0.0	22.0	61	162	0	0	0	0	0	3	0	0	0	0	0	9	25	12	J	1	20	E	16	76	170	44	7	0	0	0	1	78	33	600	53	0	8	8	3	0	5	28	8	0	0	0	0	0	0	2	0	0	0	3	45	38	0	9.9852984939834	11.1854581435893	15.8273144513101
20	C	13.0	5.0	63	128	0	0	2	0	0	0	1	0	0	0	0	12	35	6	J	1	50	E	12	60	150	22	11	0	0	0	0	80	32	440	87	0	9	9	2	0	8	70	24	0	0	0	0	0	0	0	0	0	0	0	44	40	0	-2.49524922133355	-2.7838555884392	-1.24573077427815
18	C	20.0	3.0	63	101	0	0	2	0	0	0	0	0	0	0	0	12	65	7	J	1	77	E	14	70	129	22	12	0	0	0	0	83	38	465	44	0	8	9	3	0	6	67	20	3	0	0	0	0	0	0	0	0	0	0	48	42	0	-1.00642102990257	-1.82351218302212	-0.781110387450742
35	C	0.0	0.0	63	140	2	0	0	0	0	0	1	0	0	0	0	12	45	8	J	1	63	E	12	66	149	38	12	0	0	0	1	85	29	360	51	0	8	9	3	0	9	60	16	0	0	0	0	0	0	0	0	0	0	0	45	39	0	4.06989917288321	2.34110342305148	4.95465478186376
25	C	1.0	7.0	66	155	0	1	0	0	0	0	0	0	0	0	0	14	55	8	I	1	63	B	13	80	160	28	14	0	0	0	0	80	39	365	56	0	9	9	2	0	4	55	16	0	0	0	0	0	0	0	0	0	0	0	47	41	0	14.0024205423384	13.963202988545	3.64295154956475
31	C	40.0	14.0	62	109	0	0	0	0	0	0	0	0	0	1	0	12	55	14	J	1	53	E	12	70	126	31	9	2	1	0	0	79	25	410	64	1	9	10	2	0	1	70	22	0	0	0	0	0	0	0	0	0	0	0	46	41	0	-2.80722493420437	-2.94533433309671	-1.27270037106257
32	C	40.0	15.0	61	110	0	0	0	0	0	0	0	0	0	0	0	12	75	20	J	1	60	E	12	76	121	32	9	2	1	0	0	69	28	420	58	0	8	9	3	0	3	56	17	0	0	0	0	0	0	0	0	0	0	0	45	38	0	3.84955761999123	4.44277210575409	8.09982667906275
24	C	20.0	3.0	65	125	0	0	0	0	0	0	0	0	0	0	1	12	75	5	J	1	80	E	15	64	140	28	12	0	0	0	0	77	28	500	54	0	8	9	0	3	6	65	21	0	0	0	0	0	0	0	0	0	0	0	47	40	0	-1.18810417040515	-1.66039793282003	0.596243473450784
25	C	20.0	6.0	65	120	1	0	0	0	0	0	0	0	1	0	0	12	35	8	J	1	57	E	13	80	134	28	12	0	0	0	0	81	27	460	44	0	9	9	2	0	6	61	19	0	0	0	0	0	0	0	0	0	0	0	45	41	0	1.02046652153167	1.33676388496289	3.21259884384575
30	C	0.0	4.0	67	142	3	0	0	0	0	0	0	0	0	1	1	12	85	5	I	1	70	B	13	62	160	33	12	0	0	0	0	74	30	500	76	1	9	9	3	0	4	54	18	0	0	0	0	0	0	0	0	0	0	0	46	40	0	1.32599300899222	2.16020958495769	1.4899145208442
24	C	0.0	8.0	63	160	0	0	0	0	0	1	1	1	2	0	1	12	105	12	J	1	63	B	12	70	186	42	11	0	1	0	0	84	37	460	68	0	6	9	0	3	3	69	22	0	0	0	0	0	0	0	0	0	0	0	44	41	0	-2.54343646844121	-1.98783919564611	2.48433990127244
26	C	0.0	0.0	64	212	0	0	0	0	0	1	1	1	0	1	0	12	85	10	J	1	63	B	12	84	222	40	11	0	1	0	0	85	42	440	59	0	8	9	0	2	1	57	17	0	0	0	0	0	0	0	0	0	0	0	46	44	0	0.605762452144391	1.88819810883059	4.82854480969216
38	C	10.0	21.0	63	145	0	0	0	1	0	1	2	0	1	0	0	12	65	13	J	1	80	E	15	50	159	41	12	0	2	0	0	89	40	500	90	1	9	9	2	0	5	71	22	0	0	0	0	0	0	0	0	0	0	0	47	42	0	-1.86357751532039	-2.53436106845162	0.162132392914718
18	C	4.0	1.0	64	120	0	0	0	0	0	4	0	1	1	0	0	11	25	7	J	1	40	E	13	70	138	18	11	0	0	0	0	80	34	400	81	0	7	9	3	0	11	68	22	3	0	0	0	0	0	0	0	0	0	0	45	38	0	-1.21655466964313	-0.742476182970099	2.27432027476373
20	C	3.0	6.0	66	135	0	0	0	0	0	2	0	0	1	1	0	10	45	10	J	1	80	E	12	82	158	21	14	0	0	0	0	82	36	370	69	1	9	9	2	0	6	50	16	0	0	0	0	0	0	0	0	0	0	0	46	41	0	5.36608097666377	5.67307926142555	7.9257469180536
38	C	10.0	21.0	58	110	0	0	0	1	0	0	3	0	1	1	0	12	45	10	J	1	60	E	12	70	152	44	12	0	1	0	0	79	35	525	60	0	8	9	3	0	2	68	21	0	0	0	0	0	0	0	0	0	0	0	47	40	0	-2.11675914983617	-2.42836665672502	-1.40222835369811
25	C	0.0	0.0	64	235	0	0	0	0	0	1	0	0	0	0	0	12	45	8	J	1	60	E	11	98	218	33	12	0	0	0	0	81	33	510	72	0	8	8	2	0	8	50	15	0	0	0	0	0	0	0	0	0	0	0	46	41	0	3.51084120165831	4.69760584641853	8.14378739753426
24	C	20.0	5.0	64	135	0	0	0	0	0	0	0	0	2	0	1	15	75	10	J	1	77	E	11	68	147	37	12	0	0	0	0	78	33	420	55	0	9	9	1	1	7	52	14	0	0	0	0	0	0	0	0	0	0	0	46	40	0	6.32826514244445	5.42973860192	10.4931956808806
25	C	10.0	5.0	64	136	0	0	0	0	0	0	0	0	1	0	0	15	45	6	J	1	73	E	11	80	152	38	16	0	0	0	0	78	33	430	60	1	8	9	2	0	6	62	20	0	0	0	0	0	0	0	0	0	0	0	46	40	0	0.619119990583926	0.0120122264437628	0.599014390065307
21	C	20.0	6.0	66	130	0	0	0	4	0	1	1	1	1	0	0	10	35	10	J	1	57	E	11	78	142	23	12	1	1	0	0	78	28	410	41	0	9	9	0	2	9	55	16	0	0	0	0	0	0	0	0	0	0	0	46	39	1	11.9762208214357	5.03971069720826	10.9867002045394
38	C	15.0	17.0	65	190	0	0	0	0	0	0	0	1	1	0	0	12	55	14	J	1	63	B	13	94	227	52	12	1	0	0	0	81	32	460	69	0	8	8	2	0	0	52	14	0	0	0	0	0	0	0	0	0	0	0	46	39	0	2.18090130275558	2.56872005261	4.42397693466112
27	C	0.0	0.5	63	160	0	0	0	1	0	0	0	1	0	0	1	13	25	10	F	1	53	E	12	70	185	34	16	0	0	0	0	83	34	490	50	0	6	9	0	3	2	65	22	0	0	0	0	0	0	0	0	0	0	0	46	42	0	-1.46658908364108	-0.832794429840066	2.79445940371216
30	C	20.0	12.0	64	118	0	1	0	0	0	1	0	0	0	1	0	12	55	17	J	1	43	E	17	80	139	30	10	0	0	0	0	78	34	560	60	1	8	9	3	0	2	65	21	0	0	0	0	0	0	0	0	0	0	0	47	40	0	11.7034990464042	11.205993390344	2.76759104584983
33	C	0.0	0.0	62	110	0	1	0	0	0	0	1	0	0	0	0	12	45	10	J	1	70	E	13	90	130	35	14	0	1	0	0	77	32	445	44	0	5	9	2	0	3	55	16	0	0	0	0	0	0	1	0	0	0	1	47	41	0	13.8538575213083	14.0851551942617	3.99470631623835
20	C	10.0	3.0	69	92	0	0	0	0	0	0	0	0	0	1	1	14	35	10	J	1	77	E	13	68	107	20	17	0	0	0	0	84	38	400	61	1	8	9	2	0	2	55	19	0	0	0	0	0	0	0	0	0	0	0	46	40	0	2.40448392856468	2.73150215818419	3.50583851325983
24	C	19.0	7.0	64	140	2	0	0	0	0	0	0	0	0	0	1	12	85	10	J	1	77	E	12	90	158	27	12	0	0	0	0	77	34	610	86	1	9	9	0	3	3	70	22	0	0	0	0	0	0	0	0	0	0	0	48	41	0	-3.05628591034467	-3.0472593407807	0.587629558810145
27	E	0.0	0.0	60	98	0	0	0	0	0	0	0	0	0	0	1	14	55	8	M	1	67	A	14	58	112	30	12	0	0	0	0	80	32	315	32	0	9	9	1	1	9	58	18	0	0	0	2	0	0	0	0	0	0	0	44	39	0	2.23462075999011	3.24808373418853	8.26425495185186
17	C	0.0	1.0	63	120	0	0	0	0	0	0	0	0	1	1	0	11	15	8	J	1	40	E	12	70	145	21	12	0	0	0	0	78	34	400	56	0	9	9	3	0	6	55	20	0	0	0	2	0	0	0	0	0	0	1	46	39	0	0.984738418968013	3.89308279345471	6.09015151135403
27	C	0.0	0.0	65	165	0	0	0	0	0	0	1	0	0	0	0	14	75	8	J	1	87	E	13	70	185	29	12	0	0	0	0	86	36	445	71	0	9	10	2	0	2	59	18	1	0	0	0	0	0	0	0	0	0	0	45	39	0	-1.22638962437813	0.547547811830337	0.388878556200774
28	C	0.0	0.0	61	127	0	0	0	0	0	0	0	0	0	0	1	6	55	7	F	1	57	E	15	62	154	24	12	0	0	0	0	83	38	490	64	1	7	8	0	2	5	49	16	0	0	0	1	0	0	0	0	0	0	0	48	41	0	3.39870299232572	4.18700390206338	8.79608871976213
31	C	0.0	0.0	61	130	0	0	0	0	0	0	1	0	1	0	1	12	55	15	F	1	87	E	14	84	161	26	14	0	1	0	0	79	37	525	74	1	6	9	1	2	7	63	21	0	0	0	0	0	0	0	0	0	0	0	47	40	0	3.12199937715308	1.95683487152795	8.09074385135087
24	C	0.0	0.0	70	131	0	1	0	0	0	2	0	0	0	1	1	16	75	10	F	1	93	E	14	112	153	31	18	0	0	0	0	81	38	560	65	0	7	9	0	2	5	55	16	0	0	0	0	0	0	0	0	0	0	0	45	39	0	14.5954564471708	14.5567857914644	7.27482578319694
25	C	0.0	0.0	70	129	1	0	0	0	0	1	1	1	1	0	0	16	45	10	F	1	83	E	14	70	154	32	18	0	1	0	0	77	35	560	61	1	7	9	0	3	4	53	15	0	0	0	0	0	0	0	0	0	0	0	47	40	0	5.03915289947329	4.2210788186125	8.20423149449545
17	C	0.0	0.0	68	143	0	1	0	0	0	0	0	1	1	0	0	10	35	9	J	1	70	B	13	78	176	21	13	0	0	0	0	82	35	430	62	0	7	9	2	0	4	68	21	0	0	0	0	0	0	0	0	0	0	0	45	42	0	7.51669276639112	8.77898515753862	-1.31396371056432
19	C	0.0	0.0	69	138	0	0	0	0	0	0	0	1	0	0	0	12	65	10	J	1	87	B	14	86	178	22	15	0	0	0	0	84	35	480	59	0	7	8	0	2	6	55	13	0	0	0	0	0	0	1	0	0	0	0	45	41	0	3.66744295978812	2.81956539370586	8.41130882648385
23	C	0.0	0.0	56	85	0	0	0	0	0	1	0	0	0	0	1	11	65	10	E	1	67	E	13	60	105	23	12	0	0	0	0	77	29	450	72	1	7	9	0	2	7	68	22	0	0	0	0	0	0	0	0	0	0	0	47	41	0	-0.411609498945204	-0.89730408511838	4.2855221309543
28	C	1.0	10.0	64	137	0	0	1	0	0	0	0	0	1	0	1	17	85	10	L	1	93	E	12	80	148	30	18	0	0	0	0	82	29	405	55	0	9	9	0	3	8	50	16	1	0	0	0	0	0	0	0	0	0	0	46	40	0	6.25904085512091	6.13690283563466	11.2058533424657
18	C	0.5	1.0	76	107	0	0	1	0	0	5	0	0	0	1	1	12	85	5	J	1	80	E	11	78	125	19	12	0	0	0	0	85	39	725	58	1	9	9	0	2	9	58	19	0	0	0	0	0	0	0	0	0	0	0	47	38	0	1.54862514651862	1.90790446361025	5.02947249233659
19	C	20.0	2.0	64	170	0	0	0	0	0	0	0	1	0	0	0	12	35	5	J	1	47	E	11	68	171	20	11	0	0	0	0	91	37	370	57	1	5	9	3	0	1	65	19	0	0	0	0	0	0	0	0	0	0	0	45	38	1	-2.82864660776432	-3.05449301444675	-4.73808185765638
17	C	10.0	3.0	64	127	0	0	0	0	0	0	0	0	0	0	0	11	55	7	J	1	53	E	14	82	157	22	11	0	0	0	0	81	24	425	71	1	9	9	2	0	6	60	20	0	0	0	0	0	0	0	0	0	0	0	46	40	0	1.31763900604306	1.47013179001242	2.96026485120388
34	C	60.0	9.0	61	105	0	0	0	0	0	1	1	0	0	0	0	13	45	10	J	1	70	E	11	80	135	36	14	3	0	0	0	74	26	415	45	0	9	9	3	0	4	52	16	0	0	0	0	1	0	0	0	0	0	0	45	41	0	4.19525136570978	4.57350072429443	6.32121019842565
35	C	0.0	0.0	61	112	0	0	0	0	0	0	0	0	1	0	0	12	45	10	J	1	70	E	13	70	130	38	12	1	0	0	0	91	34	385	46	1	8	9	3	0	4	58	20	0	0	0	0	0	0	0	0	0	0	0	47	39	0	1.86156298368439	2.35612723821932	4.08462153218624
25	C	0.0	0.0	65	115	0	0	0	0	0	0	1	1	0	0	0	17	45	6	J	1	83	E	13	80	128	27	17	0	2	0	0	79	33	230	51	0	4	10	0	3	10	69	21	0	0	0	0	0	0	0	0	0	0	0	46	40	0	-3.06292808535606	-2.15967990218688	1.78059501298175
25	C	0.0	0.0	65	115	0	0	0	0	0	0	1	1	0	0	0	17	45	6	J	1	83	E	13	80	128	27	17	0	2	0	0	80	35	340	56	0	9	9	1	3	6	67	21	0	0	0	0	0	0	0	0	0	0	0	47	40	0	-2.00296648726094	-2.11857504899057	0.74072858095438
20	C	20.0	8.0	64	135	0	0	1	0	0	0	2	1	3	0	1	8	75	10	J	1	40	E	13	78	171	25	8	0	1	0	1	80	34	600	61	1	9	9	2	0	3	58	20	0	0	0	0	0	0	0	0	0	0	0	48	40	0	2.89222827239459	2.42379060292217	4.28960058392735
19	C	0.125	5.0	63	135	0	1	0	0	0	0	0	0	1	1	0	10	55	12	J	1	45	E	14	70	150	24	8	0	0	0	0	79	37	410	88	1	7	9	3	0	4	60	20	0	0	0	0	0	0	0	0	0	0	0	45	39	1	6.06852831401308	13.2004324848395	4.51390466778239
23	C	20.0	10.0	67	149	0	0	0	0	0	0	0	0	0	0	1	12	55	10	J	1	63	E	10	74	170	25	12	0	1	0	0	83	32	410	50	0	8	9	2	0	7	68	21	0	0	0	0	0	0	0	0	0	0	0	45	43	0	-0.810135486209133	-1.01110972177053	1.77597008025764
29	C	13.0	11.0	68	130	0	0	0	0	0	0	0	0	0	0	1	10	75	6	A	1	60	E	13	70	134	27	10	0	0	0	0	81	37	470	88	1	5	8	2	0	5	78	25	6	0	0	0	0	0	0	0	0	0	2	48	39	0	-10.0762596648181	-8.78328626661756	-7.3446552589771
23	C	0.0	0.0	60	107	0	0	0	2	0	0	2	0	1	0	1	12	45	4	J	1	60	E	13	64	125	28	12	0	0	0	0	82	35	310	43	1	4	8	2	0	6	68	21	0	0	0	1	0	0	0	0	0	0	0	46	38	0	-4.52173125679572	-4.67255225216521	-4.37240416890814
25	C	0.0	0.0	60	108	0	0	0	0	0	0	0	0	0	0	0	12	35	13	J	1	57	E	12	64	125	29	12	1	0	0	0	79	36	370	65	1	6	9	2	0	8	70	22	0	0	0	0	0	0	0	0	0	0	0	46	37	0	-0.560871927214371	-1.04705801296618	2.95632749176476
18	C	10.0	5.0	60	91	0	0	0	0	0	1	1	0	0	0	0	8	45	10	J	1	43	E	12	58	110	20	9	1	0	0	0	79	28	300	59	0	9	9	3	0	5	54	15	0	0	0	0	0	0	0	0	0	0	0	45	37	0	2.67069364185217	4.48789406114924	7.05784872586452
20	C	20.0	4.0	61	95	0	0	0	0	0	1	0	0	0	0	0	8	35	12	J	1	47	E	12	60	114	22	10	1	0	0	0	83	33	480	45	1	6	9	2	0	5	62	16	0	0	0	0	0	0	0	0	0	0	0	46	44	0	1.91546302799575	1.73251436951052	4.79215461854424
21	C	4.0	4.0	62	98	0	0	0	0	0	0	0	0	0	0	0	10	35	10	J	1	43	E	11	62	125	24	11	0	0	0	0	92	43	500	48	1	3	9	3	0	4	55	16	0	0	0	0	0	0	0	0	0	0	0	44	41	0	4.62121947349358	3.83912913948204	6.05375018379153
23	C	0.0	0.0	66	115	0	0	0	0	0	0	1	0	1	0	1	17	55	10	J	1	63	E	12	72	129	22	13	0	0	0	0	75	34	320	43	1	9	9	0	3	5	53	16	0	0	0	0	0	0	0	0	0	0	0	46	41	0	4.18729770866484	4.75675771990445	9.44256039057925
24	C	0.0	0.0	62	100	0	0	0	0	0	0	0	0	0	0	0	16	65	10	F	1	90	E	12	84	124	26	18	0	0	0	0	77	34	615	59	1	5	7	0	2	7	44	15	0	0	0	0	0	0	0	0	0	0	0	49	40	0	6.08958403876501	6.67771278617913	12.5470359645024
36	C	30.0	19.0	68	108	0	0	0	0	0	0	3	2	1	0	0	11	55	10	J	1	63	E	13	70	131	38	11	0	0	0	0	78	33	320	44	1	7	9	3	0	1	64	20	0	0	0	0	0	0	0	0	0	0	0	47	39	0	-0.8743828618349	-1.12344970324077	-0.67381649330957
20	C	0.0	2.0	63	150	0	0	0	0	0	1	0	0	1	0	0	12	75	7	J	1	63	E	11	86	175	23	11	0	0	0	0	80	34	435	58	0	7	9	3	0	5	50	16	0	0	0	0	0	0	0	0	0	0	0	46	40	0	3.33387403132255	4.78014286586772	5.80408437845483
23	C	20.0	7.0	65	140	0	0	0	0	0	0	0	0	0	1	0	12	45	8	J	1	60	E	11	70	173	23	12	0	0	0	0	82	34	570	60	0	9	9	3	0	1	72	22	0	0	0	0	0	0	0	0	0	0	0	47	43	0	-4.87928788363526	-5.27026733287612	-5.54455190467604
24	C	15.0	9.0	65	143	0	0	0	0	0	0	0	0	0	0	1	12	45	11	J	1	63	E	11	64	175	24	12	0	0	0	0	89	33	570	45	1	9	9	2	0	1	58	17	0	0	0	0	0	0	0	0	0	0	0	47	42	0	1.99617819687348	1.55549754987533	2.33597165417557
37	C	40.0	22.0	66	130	0	1	0	0	0	0	2	0	0	0	0	13	55	10	K	1	53	E	14	80	153	47	12	0	0	0	0	81	38	535	65	0	9	8	0	3	2	59	18	0	0	0	0	0	0	0	0	0	0	0	45	41	1	3.72291556658332	11.4066631610839	4.62959527066038
22	C	4.0	1.0	65	125	0	0	0	0	0	0	0	0	0	0	0	13	35	5	J	1	70	E	15	82	160	22	14	0	0	0	0	85	39	430	93	0	9	10	3	0	8	56	19	0	0	0	0	0	0	0	0	0	0	0	46	39	0	0.6598879943186	2.42509710935718	2.99962207136339
21	C	0.0	2.0	68	140	0	3	0	0	0	0	0	0	1	0	1	14	35	7	J	1	70	E	12	80	161	26	12	0	0	0	0	82	31	410	77	1	9	9	2	0	4	62	19	0	0	0	0	0	0	0	0	0	0	0	48	41	0	10.2122064092611	10.797622207415	-0.129242213549242
26	C	3.0	9.0	65	130	0	1	0	0	0	0	1	0	0	0	0	12	35	10	J	1	33	E	10	86	165	31	9	0	2	0	0	81	35	330	68	1	10	9	2	0	4	61	19	0	0	0	0	0	0	0	0	0	0	0	46	40	0	13.8885686687816	12.5334438311597	3.46932570232452
26	C	20.0	8.0	65	133	0	1	0	0	0	0	1	0	0	0	1	12	75	10	G	1	93	E	12	84	139	26	17	0	0	0	0	82	37	510	98	0	6	9	0	3	3	50	14	0	0	0	2	0	0	0	0	0	0	1	46	41	0	15.6165362624609	15.7228353719719	7.71174662105712
27	C	17.0	9.0	65	130	0	0	0	0	0	0	2	0	1	0	0	12	75	8	G	1	93	E	12	60	144	26	18	0	0	0	0	82	35	430	67	1	9	8	0	2	0	59	15	0	0	0	0	0	0	0	0	0	0	0	47	40	0	-2.53305539791963	-1.53669177187142	0.421881000739497
31	C	0.0	0.0	63	106	0	0	0	0	0	1	0	1	0	0	0	18	85	8	B	1	93	E	17	70	118	31	17	0	0	0	0	83	39	450	55	0	9	9	3	0	7	67	21	0	0	0	0	0	0	0	0	0	0	0	45	41	0	0.543435343715213	-1.46159700364064	0.0595080687216818
30	C	0.0	0.0	65	185	0	0	0	0	0	0	0	2	1	0	0	15	85	15	D	1	77	B	12	84	199	31	16	0	0	0	0	80	30	400	78	0	9	9	0	2	10	63	19	0	0	0	0	0	0	0	0	0	0	0	46	41	0	2.01355536697427	2.71747629450818	9.81680182312269
21	C	2.0	4.0	64	132	0	0	0	0	0	0	0	0	0	0	0	14	95	20	G	1	93	E	11	84	158	26	17	0	0	0	0	83	38	570	77	1	8	9	3	0	2	47	14	0	0	0	0	0	0	0	0	0	0	0	48	43	0	7.55987963007703	6.77851999907886	9.43571272440825
21	C	15.0	11.0	62	112	0	0	0	0	0	1	2	0	0	0	0	8	25	13	J	1	37	E	10	80	128	22	11	0	0	0	0	57	21	490	48	1	8	9	3	0	0	65	20	0	0	0	0	0	0	0	0	0	0	0	45	39	0	-0.282809238154593	-1.20692399948205	-0.176879846564805
21	C	15.0	6.0	64	120	0	0	0	0	0	0	2	0	0	0	1	12	15	10	J	1	50	E	12	78	141	33	12	0	0	0	0	79	35	595	56	1	6	9	2	0	5	60	19	0	0	0	0	0	0	0	0	0	0	0	48	38	1	4.67323575252014	2.09987611174371	4.52587054181888
30	C	0.0	5.0	67	138	0	0	0	0	0	0	3	0	0	0	0	12	65	10	J	1	70	E	13	65	163	39	12	0	0	0	0	75	25	465	62	1	8	8	3	0	4	59	18	0	0	0	0	0	0	0	0	0	0	0	47	38	0	0.654594188376987	0.796499773366274	3.53215510928521
22	C	40.0	3.0	63	165	0	1	0	0	0	0	0	0	0	0	1	11	65	7	A	1	60	E	12	60	204	29	10	0	0	0	0	84	36	430	50	1	9	9	2	0	2	72	24	0	0	0	0	0	0	0	0	0	0	0	47	42	0	4.84828615987846	5.74268015202763	-5.88888389308077
20	C	20.0	4.0	63	104	0	0	0	0	0	0	0	0	0	1	0	11	15	14	J	1	30	E	14	74	120	26	10	0	0	0	0	76	31	385	60	0	9	9	2	0	1	66	19	0	0	0	0	0	0	0	0	0	0	0	45	40	1	1.51642924907333	-0.820380551332625	1.27694374198067
25	C	1.0	6.0	61	113	0	1	0	0	0	0	0	0	1	1	0	12	75	10	J	1	87	E	12	70	130	27	12	0	0	0	0	85	39	650	40	0	6	9	2	0	2	63	18	0	0	0	0	0	0	0	0	0	0	0	45	40	0	11.7955505888806	10.3373080488556	-0.527141939687844
25	C	0.0	0.0	63	120	0	0	2	0	0	1	0	0	1	0	0	11	35	8	J	1	43	E	13	80	148	31	8	0	0	0	0	81	32	480	76	1	8	9	3	0	6	58	18	3	0	0	0	0	0	0	0	0	0	0	45	38	0	2.08826936922528	2.71550158551707	4.84938996938252
19	C	16.0	8.0	67	141	0	0	0	0	0	0	0	0	0	0	0	12	25	8	J	1	50	E	11	70	187	21	12	0	0	0	0	86	33	510	78	0	7	9	2	0	8	40	13	0	0	0	0	0	0	0	0	0	0	0	47	40	0	8.11039570627967	9.01193494827184	11.6501946681621
32	C	15.0	16.0	63	120	0	0	0	0	0	1	2	0	0	0	0	10	55	15	J	1	77	E	12	60	150	34	12	0	2	0	1	75	25	750	64	1	8	9	2	0	3	47	15	0	0	0	0	0	0	0	0	0	0	0	47	38	0	6.19520801812877	6.73655241894955	9.2657913569185
18	C	20.0	2.0	63	115	2	1	1	0	0	0	0	0	1	0	1	10	35	10	J	1	47	E	13	60	121	20	11	0	0	0	0	80	37	340	62	1	1	7	0	2	6	75	25	0	0	0	1	0	0	0	0	0	0	0	45	37	1	0.903454951818177	5.4886135337511	0.270714662683424
22	C	0.0	0.0	65	150	0	0	0	0	0	0	0	1	0	0	1	12	45	7	J	1	53	E	14	90	168	22	10	0	0	0	0	78	33	400	71	1	9	9	2	0	2	50	16	0	0	0	0	0	0	0	0	0	0	0	47	41	1	3.69640302394922	3.94968166324322	3.95631537930894
29	C	10.0	12.0	63	132	0	1	2	0	0	0	1	0	0	0	0	12	45	13	J	1	43	E	11	68	165	29	7	0	1	0	0	79	31	520	67	0	7	9	3	0	1	53	16	0	0	0	0	0	0	0	0	0	0	0	47	41	0	13.7110739653884	14.9540705427924	5.19775049218933
21	C	0.0	0.0	63	190	0	0	0	0	0	0	1	1	0	0	0	12	55	8	J	1	63	E	13	82	199	25	11	0	0	0	0	84	33	535	44	1	9	9	2	0	4	51	18	0	0	0	0	0	0	0	0	0	0	0	46	38	0	3.09959397354216	4.48272123940339	5.61137645597357
21	C	0.0	2.0	61	165	0	0	0	0	0	0	0	0	0	0	0	11	55	8	J	1	67	E	11	70	170	27	12	0	1	0	0	83	35	490	78	1	7	8	3	0	4	52	17	0	0	0	0	0	0	0	0	0	0	0	47	41	0	2.10590438152535	2.91961819843413	4.98554920594076
39	C	20.0	24.0	60	110	0	0	1	1	0	1	1	1	0	1	0	7	65	16	J	1	47	E	12	88	129	44	11	3	0	1	0	81	31	445	70	0	8	9	3	0	0	66	19	0	0	0	0	0	0	0	0	0	0	0	45	41	0	-1.06732014099715	-1.32568183675726	0.160951309559498
25	C	0.5	7.0	61	135	0	2	0	0	0	0	0	0	0	0	0	10	55	10	A	1	43	E	11	65	147	27	8	1	0	0	0	85	35	480	64	0	8	9	2	0	9	54	16	1	0	0	0	0	0	0	0	0	0	0	47	39	0	17.3352104542635	16.3248576609397	8.62006957775774
26	C	20.0	9.0	65	170	0	0	0	0	0	0	3	0	0	1	0	10	45	10	A	1	63	E	12	60	171	39	12	0	1	0	0	86	32	490	56	0	9	9	0	2	1	57	19	0	0	0	0	0	0	0	0	0	0	0	44	41	0	2.05834708968743	1.88819810883059	4.82854480969216
23	C	0.0	9.0	60	112	0	0	0	0	0	0	0	1	0	0	0	11	45	13	J	1	53	E	13	70	130	25	10	0	0	0	0	80	35	510	54	0	8	9	3	0	6	58	16	0	0	0	0	0	0	0	0	0	0	0	44	38	1	7.94317892627484	3.70548881819759	7.24712931863091
20	C	0.0	8.0	60	130	0	0	0	0	0	0	0	1	0	0	0	9	65	8	J	1	67	E	11	68	150	23	12	0	0	0	0	75	33	540	62	0	9	10	2	0	8	57	18	0	0	0	0	0	0	0	0	0	0	0	47	44	0	3.25954550537915	3.25912531801882	5.54984661890185
35	C	0.0	0.0	63	130	0	0	0	0	0	0	0	0	0	1	0	12	45	8	J	1	70	B	13	80	142	36	12	0	0	0	0	79	25	500	75	0	8	9	0	3	5	44	15	0	0	0	0	0	0	0	0	0	0	0	48	41	0	6.20906585554077	7.07351289414206	10.916767955102
21	C	20.0	7.0	63	111	0	0	0	1	0	0	1	0	0	0	0	12	55	15	J	1	53	E	12	78	135	22	10	0	0	0	0	79	30	510	82	1	2	8	2	0	8	58	17	0	0	0	2	0	0	0	0	0	0	1	44	40	0	4.21884636081012	3.31404030375066	8.88553282867849
28	C	0.0	3.0	64	130	0	0	0	0	0	0	0	1	0	0	1	12	85	4	J	1	73	E	13	72	149	32	12	0	0	0	0	82	28	490	56	0	6	9	1	2	1	45	15	0	0	0	0	0	0	0	0	0	0	0	47	41	0	3.1919073700479	3.57817704748285	3.12651753643562
32	C	20.0	15.0	62	185	0	1	0	0	0	0	0	0	0	0	0	10	65	8	F	1	57	E	11	80	202	36	10	0	0	0	0	81	34	610	56	1	9	10	3	0	3	47	14	0	0	0	0	0	0	0	0	0	0	0	47	39	1	5.49929137401355	16.4651296901502	5.88202905327516
20	C	30.0	6.0	66	120	0	1	0	8	0	0	0	1	1	0	0	9	45	10	J	1	40	E	14	78	151	23	9	0	0	0	0	83	30	670	76	0	7	8	3	0	10	61	20	6	0	0	0	0	0	0	0	0	0	1	46	35	0	12.5534855053494	12.6916134543631	6.2763155582794
22	C	0.0	0.0	65	150	0	0	0	0	0	0	0	0	0	0	1	14	45	10	J	1	83	E	13	70	171	23	15	0	0	0	0	82	37	435	57	1	8	9	3	0	1	60	16	0	0	0	0	0	0	0	0	0	0	0	47	40	0	0.876698591598585	0.290906836184956	0.404500142574129
23	C	0.0	0.0	66	160	0	0	0	0	0	0	0	0	0	0	0	15	45	10	J	1	83	E	13	70	178	24	16	0	0	0	0	84	39	435	45	1	9	10	2	0	7	57	16	0	0	0	0	0	0	0	0	0	0	0	47	41	0	3.79009418103188	3.35849788706924	5.83514722036018
23	C	30.0	7.0	66	130	0	0	0	0	0	3	0	1	1	0	0	9	25	7	J	1	50	E	14	80	153	25	12	1	0	0	0	91	38	580	80	1	9	8	2	0	1	62	22	0	0	0	0	0	0	0	0	0	0	0	48	43	0	-1.79643466285469	-2.12687830142543	-1.63488170730104
20	C	0.0	0.0	61	118	0	0	0	0	0	0	0	1	0	0	1	12	35	7	J	1	33	E	9	85	134	21	11	0	0	0	0	83	37	395	38	1	9	9	2	0	6	64	20	0	0	0	0	0	0	0	0	0	0	0	46	40	1	1.27157169461648	0.0591502500025398	1.88999691216116
15	C	0.0	1.0	63	118	1	0	0	0	0	0	0	0	0	1	0	7	15	7	J	1	33	E	12	80	148	19	10	0	0	0	0	88	37	515	60	0	9	9	3	0	5	52	16	0	0	0	0	0	0	0	0	0	0	0	48	39	0	5.26505489233199	4.47879093177791	6.02819844118471
20	C	2.0	4.0	62	108	0	0	0	1	0	0	0	1	1	0	0	10	35	7	J	1	43	E	12	64	137	28	11	1	0	0	1	84	36	365	53	0	2	8	2	0	3	56	16	0	0	0	2	1	0	0	0	0	0	1	46	39	0	0.458031601348458	1.13520719064183	2.76010281716143
21	C	0.0	6.0	61	130	0	0	0	0	0	1	0	0	1	0	1	12	75	10	K	1	80	B	10	90	154	21	12	0	0	0	0	81	39	470	36	0	3	8	2	0	3	50	16	0	0	0	1	0	0	0	0	0	0	0	46	46	0	3.18227915555275	3.65096789954553	5.84781680330309
22	C	20.0	6.0	64	112	0	0	0	1	0	0	0	0	0	1	0	12	25	8	J	1	50	E	13	70	124	24	12	0	0	0	0	78	38	550	44	1	9	10	2	0	3	45	14	0	0	0	0	0	0	0	0	0	0	0	48	40	0	5.88956146915473	6.26728686637044	7.24971577079652
24	C	20.0	8.0	64	110	0	0	0	0	0	0	0	0	0	0	0	12	45	13	J	1	60	E	14	66	125	25	12	0	0	0	0	76	36	410	56	0	8	9	2	0	6	49	18	0	0	0	0	0	0	0	0	0	0	0	43	42	0	6.95005104756456	6.85122855426288	10.2974558333998
25	C	0.0	0.0	65	126	0	0	0	0	0	0	1	1	0	0	0	15	25	20	D	1	47	E	13	72	133	23	14	0	0	0	0	83	39	300	38	1	5	9	3	0	8	59	20	0	0	0	0	0	0	0	0	0	0	0	48	38	0	3.89601333867546	4.76796062655108	10.2880198072123
23	C	10.0	9.0	63	136	0	0	0	0	0	2	0	0	0	1	0	12	35	7	J	1	77	E	11	70	168	24	16	0	0	0	0	82	26	485	55	0	4	9	0	2	5	59	18	0	0	0	0	0	0	0	0	0	0	0	47	39	0	1.84802798297226	1.47168989177648	4.68752377963675
19	C	4.0	9.0	64	145	0	1	0	0	0	1	0	2	0	0	0	12	75	10	L	1	70	B	12	76	169	21	12	0	0	0	0	76	32	430	78	1	8	9	2	0	4	58	18	0	0	0	0	0	0	0	0	0	0	0	46	41	0	11.9357187977687	13.2608194852665	3.55274896031135
25	C	30.0	7.0	60	120	1	0	0	0	0	1	1	1	2	0	0	10	35	15	J	1	53	E	11	65	142	27	12	0	1	0	0	79	35	495	56	0	2	1	2	0	2	57	10	0	0	0	2	0	0	0	0	0	0	0	45	30	0	1.51453975990056	2.0213341620679	5.50356357416272
42	C	11.0	27.0	64	125	0	1	1	0	0	0	2	0	1	0	0	12	75	12	J	1	53	E	13	80	135	48	8	0	0	0	0	83	38	400	55	0	5	9	3	0	1	61	19	0	0	0	0	0	0	0	1	0	0	0	44	37	0	11.3422935495524	11.5837373720999	1.37161911592956
29	C	0.0	10.0	66	145	0	0	0	0	0	0	1	1	0	0	0	12	75	16	J	1	73	E	13	70	173	33	12	0	1	0	0	85	34	620	57	1	9	9	0	3	3	55	16	0	0	0	0	0	0	0	0	0	0	0	46	40	0	3.54941542787653	4.34947340426384	9.58691678407323
21	C	10.0	2.0	64	110	0	0	0	0	0	0	0	0	0	0	0	12	35	5	J	1	57	E	13	78	130	26	12	0	0	0	0	79	30	465	71	0	6	9	2	0	2	65	20	7	0	0	0	0	0	0	0	0	0	0	46	41	0	-2.9224715151127	-2.74952106599226	-4.07072905479679
16	C	15.0	4.0	62	115	0	1	0	0	0	0	0	0	0	0	0	10	55	10	J	1	57	E	12	88	146	18	10	0	0	0	0	77	37	480	68	1	8	9	3	0	2	65	20	0	0	0	0	0	0	0	0	0	0	0	46	39	0	9.47015352880254	9.85635775268846	-0.489581429204082
19	C	20.0	6.0	62	115	0	0	0	0	0	0	0	0	0	0	0	10	45	15	J	1	40	E	12	72	140	20	10	0	0	0	0	77	37	550	40	0	7	9	2	0	5	53	18	0	0	0	0	0	0	0	0	0	0	0	44	39	1	9.72924716682085	5.7900902988356	9.69848659364819
31	C	0.0	6.0	64	215	0	0	0	0	0	0	0	0	0	0	0	9	45	12	J	1	63	E	14	88	259	33	12	0	0	0	0	75	33	670	85	0	9	9	2	0	8	79	24	0	0	0	0	0	0	0	0	0	0	0	46	41	0	-5.24403826028633	-5.81383871567181	-2.20738365793024
32	C	0.0	12.0	63	245	0	0	0	0	0	0	1	0	0	0	0	9	35	11	J	1	43	E	14	104	268	33	12	0	0	0	0	74	24	725	61	0	9	10	3	1	9	53	16	0	0	0	0	0	0	0	0	0	0	0	46	40	0	7.06858222383988	5.99791292628388	10.0423221075987
28	C	0.0	0.0	64	135	0	0	0	0	0	0	0	0	0	0	0	6	75	5	F	1	43	E	13	80	158	31	9	0	0	0	0	82	31	470	48	0	10	10	3	0	6	50	16	0	0	0	0	0	0	0	0	0	0	0	45	40	0	6.67153252458215	4.44226566448692	4.93447194452112
21	C	60.0	7.0	61	98	1	0	0	0	0	2	2	0	0	1	1	12	75	10	J	1	73	E	14	80	114	26	12	1	0	0	0	78	31	550	40	0	3	9	3	0	1	48	14	0	0	0	0	0	0	0	0	0	0	0	45	39	0	4.3853685881111	4.77096436754373	5.09723144058647
36	C	20.0	20.0	60	120	0	0	0	0	0	1	3	1	2	1	0	10	45	10	J	1	63	B	11	70	132	39	14	2	3	0	0	77	34	390	49	1	8	9	2	0	4	51	15	0	0	0	2	0	0	0	0	0	0	0	45	38	0	5.98511860993877	5.00820656170646	6.88186129293646
22	C	0.0	0.0	63	122	0	0	0	1	0	4	0	0	1	0	1	12	85	13	H	1	80	B	15	80	144	23	12	0	0	0	0	78	37	580	56	1	8	9	0	3	2	59	15	7	0	0	0	0	0	0	0	0	0	0	48	42	0	0.346515464500553	1.91825067751599	5.93269677579081
32	C	10.0	14.0	66	130	0	0	0	0	0	1	1	1	0	0	0	12	85	10	J	1	80	E	15	68	155	36	15	0	0	1	0	82	32	480	62	0	6	10	3	0	3	61	19	0	0	0	0	0	0	0	0	0	0	0	46	41	0	-0.139957847943935	0.715022334794327	1.86575273352562
34	C	20.0	15.0	67	135	0	0	0	0	0	2	0	0	0	0	0	12	105	15	J	1	80	E	17	70	152	37	15	0	4	2	0	84	31	425	55	1	8	10	3	0	6	69	19	0	0	0	0	0	0	0	0	0	0	0	47	39	0	-0.76090703633662	-1.0221812288347	2.44664846176224
22	C	0.0	0.0	68	126	0	0	0	1	0	0	0	0	1	0	1	16	75	7	L	1	93	E	11	82	147	27	17	0	0	0	0	81	39	410	73	1	5	9	0	3	6	67	20	0	0	0	0	0	0	0	0	0	0	0	46	41	0	-1.01810260678663	-1.86064916130073	1.36847379413803
33	C	0.0	0.0	61	185	0	1	1	0	0	1	2	1	1	0	0	12	75	12	J	1	50	B	12	68	205	35	7	1	4	0	0	87	35	545	55	0	9	9	2	0	4	44	14	0	0	0	0	0	0	0	0	0	0	0	46	38	0	17.0430128180224	18.7253821304873	9.9987319962073
30	C	20.0	10.0	62	100	0	0	4	0	0	1	1	0	0	0	0	10	45	10	A	1	53	E	13	68	123	29	10	1	0	0	1	87	39	430	53	0	8	9	3	0	1	62	19	0	0	0	0	0	0	0	0	0	0	0	46	43	0	0.594622556785274	-0.148936328933342	0.484278394836211
33	C	20.0	13.0	63	133	0	0	2	0	0	1	2	0	2	1	0	12	85	12	J	1	93	E	12	70	156	34	16	0	1	0	0	78	30	520	45	1	8	9	2	0	2	52	15	0	0	1	0	0	0	0	0	0	0	0	46	39	0	3.06977164506123	4.02258394272121	5.11459288599698
24	C	0.0	0.0	66	115	0	0	2	0	0	0	1	0	1	0	0	12	45	13	I	1	60	B	13	82	139	25	12	0	0	0	0	78	29	410	71	0	9	10	2	0	6	58	20	0	0	0	0	0	0	0	0	0	0	0	43	40	0	3.97645493328182	3.61634531576285	7.03453994066784
39	C	20.0	22.0	65	140	0	0	0	1	0	0	2	1	1	1	0	12	65	12	J	1	70	E	12	70	155	38	12	0	0	0	0	81	30	530	52	1	3	9	2	0	1	61	19	0	0	0	0	0	0	0	0	0	0	0	48	41	0	-0.26198119130127	0.462994288748237	1.38825376643173
19	C	0.0	0.0	64	100	0	0	0	0	0	0	0	1	0	0	1	8	75	7	D	1	43	B	11	60	120	32	9	0	0	0	0	84	38	300	56	0	3	9	3	0	7	65	20	0	0	0	1	0	0	0	0	0	0	0	46	38	0	-0.268142211124356	-0.263929965585974	1.68327346332316
21	C	0.0	0.0	63	105	0	0	0	0	0	0	1	0	0	0	0	12	85	10	D	1	63	B	11	70	124	33	12	0	0	0	0	78	33	340	71	0	8	3	3	0	5	61	19	0	0	0	6	0	0	0	0	0	0	2	46	35	0	-0.944175772806948	0.361173830227994	3.56494654765214
27	C	8.0	13.0	62	117	0	0	0	0	0	1	0	0	0	0	1	10	55	20	A	1	60	E	13	78	147	27	9	0	0	0	0	81	33	475	63	1	6	8	2	0	10	49	14	1	0	0	0	0	0	0	0	0	0	1	47	42	0	7.5457581240145	7.4745390110769	14.3188419713327
20	C	0.0	0.0	64	138	0	0	2	1	0	0	0	0	0	0	1	16	65	10	E	1	90	E	11	80	154	26	16	0	0	0	0	79	32	550	75	0	9	9	0	3	4	58	16	0	0	0	0	0	0	0	0	0	0	0	47	40	0	2.97976382087111	2.26817609268477	6.113024114291
28	C	45.0	18.0	62	97	0	1	0	0	0	0	0	0	0	0	0	12	35	12	J	1	50	E	14	58	118	29	11	1	0	0	0	78	31	310	63	0	5	9	4	0	2	63	18	6	0	0	0	0	0	0	2	0	0	3	45	39	0	10.8832926742105	11.2208868141176	1.59366840247847
37	C	0.0	18.0	62	119	0	0	0	0	0	0	1	0	1	0	0	10	45	18	L	1	63	E	11	70	135	39	12	1	0	1	0	75	30	400	85	1	9	10	3	0	7	68	22	0	0	0	0	0	0	0	0	0	0	0	48	41	0	2.25741224557825	0.279489647905354	4.89629877484562
33	C	0.0	0.0	60	132	0	0	0	1	0	1	0	0	0	0	0	12	55	13	J	1	53	E	11	60	158	35	8	0	0	0	1	82	31	570	47	0	6	8	3	0	3	44	12	0	0	0	0	0	0	0	0	0	0	0	44	41	1	9.18595254267374	6.47909976566579	10.0064799916585
28	C	0.5	7.0	56	87	0	0	2	0	0	1	0	1	0	0	0	11	45	15	I	1	53	B	15	70	132	26	10	0	0	0	0	81	22	370	56	1	8	9	3	0	5	62	16	0	0	0	0	0	0	0	0	0	0	0	44	37	0	3.25723303141642	2.14564744155517	5.79352562496672
19	C	5.0	1.0	64	110	0	1	3	0	0	0	1	1	0	0	0	12	105	11	I	1	93	B	10	70	148	19	14	0	0	0	0	82	38	465	48	1	9	9	2	0	0	54	15	0	0	0	0	0	0	0	0	0	0	0	45	40	0	14.4852679244266	13.0121329586588	1.12849994271639
37	C	17.0	12.0	64	100	0	0	0	0	0	0	1	0	0	1	0	11	45	23	J	1	67	E	13	78	112	41	14	1	1	0	0	85	33	440	77	0	7	9	2	0	1	71	21	0	0	0	0	0	0	0	0	0	0	0	43	40	0	-0.565455015268564	-2.56146318030369	0.329640087189572
26	C	0.0	0.0	66	110	0	0	2	0	0	0	0	0	0	1	0	16	65	10	H	1	80	E	13	70	126	26	18	0	0	0	0	82	32	450	50	1	5	10	0	2	1	70	16	0	0	0	0	0	0	0	0	0	0	0	47	42	0	-4.49761924333273	-3.87813475719513	-1.28395647935488
25	C	4.0	8.0	65	170	0	1	0	0	0	0	0	0	0	0	0	15	45	20	J	1	60	E	12	70	183	36	12	1	0	0	0	82	30	440	51	1	8	9	3	0	7	51	15	0	0	0	0	0	0	0	0	0	0	0	46	39	0	17.0743540805756	18.2395966541644	11.8402575992467
38	C	20.0	22.0	63	144	0	1	0	0	0	0	1	1	0	0	1	12	95	10	J	1	53	E	12	64	170	41	7	0	0	0	0	83	33	370	59	0	9	9	2	0	5	61	18	0	0	0	0	0	0	0	0	0	0	0	47	42	0	12.8418510205658	12.5595522393709	3.49243115313641
18	C	15.0	3.0	65	132	0	1	0	0	0	1	0	0	1	1	0	11	85	10	J	1	70	E	10	84	170	19	12	0	0	0	0	81	34	480	81	1	7	9	1	2	4	65	19	0	0	0	0	0	0	0	0	0	0	0	47	46	0	11.4510729442542	10.5309941909548	3.26388304881943
36	C	0.0	0.0	66	145	0	0	0	0	0	2	1	0	1	0	0	9	65	8	J	1	90	E	17	100	157	39	14	0	1	0	0	78	37	400	63	0	9	9	2	0	9	66	21	0	0	0	0	0	0	0	0	0	0	0	45	45	0	-0.187072466000078	-0.541942138071954	1.57694784297161
18	C	5.0	4.0	63	120	0	0	0	0	0	1	0	0	0	0	1	12	75	14	J	1	60	E	12	82	145	22	10	0	0	0	0	83	36	490	62	1	6	9	2	0	2	54	16	0	0	0	1	0	0	0	0	0	0	0	47	41	0	2.61730937817543	4.06801715802447	6.21410352226766
20	C	13.0	5.0	62	120	0	0	0	0	0	0	1	0	0	1	0	12	55	10	J	1	43	E	12	78	150	24	8	0	0	0	0	85	39	515	70	0	9	9	2	0	0	58	19	0	0	0	0	1	0	0	0	0	0	0	45	40	0	-0.369217211356926	1.01803776480906	1.12662561119144
26	C	15.0	10.0	65	133	0	1	0	0	0	0	0	1	0	1	1	16	45	7	L	1	83	E	12	80	156	25	17	0	0	0	0	82	39	500	62	0	8	9	1	2	9	59	18	0	0	0	0	0	0	0	0	0	0	0	46	41	0	14.3123087714325	13.2329024402991	6.06909356410232
19	C	0.0	3.0	65	135	0	0	2	0	0	0	0	0	0	0	1	10	45	10	I	1	40	B	10	74	161	19	9	0	0	0	0	86	37	420	59	0	7	8	3	0	5	60	18	5	0	0	0	0	0	0	0	0	0	0	46	39	1	3.91041028406355	1.0615275248572	4.67544228021631
16	C	0.0	1.0	62	90	0	2	2	0	0	0	0	2	0	0	0	9	25	10	J	1	27	E	10	68	112	21	9	0	0	0	0	79	33	750	89	0	9	9	3	0	2	57	16	0	0	0	0	0	0	0	0	0	0	0	46	38	1	4.15320873580096	13.5222565832946	3.73797186713069
18	C	3.0	6.0	62	115	0	0	0	1	0	0	0	1	1	0	0	12	55	10	J	1	63	E	11	80	166	23	12	0	0	0	0	87	37	585	69	0	6	9	3	0	3	63	18	0	0	0	0	0	0	0	0	0	0	0	44	39	0	0.303505220729316	0.0965356734981819	1.53810531489192
30	C	7.0	10.0	62	125	0	0	0	0	0	0	3	0	1	0	0	12	45	8	J	1	63	E	12	65	146	38	12	0	0	0	0	81	38	540	52	0	9	10	0	2	4	57	19	0	0	0	0	0	0	0	0	0	0	0	44	41	0	2.07122452491722	2.47044444166188	6.04627712912988
32	C	3.0	14.0	62	125	0	0	0	0	0	0	3	0	1	0	0	12	55	10	J	1	67	E	12	70	143	40	12	0	0	0	0	76	30	520	56	1	9	9	0	2	9	67	22	0	0	0	0	0	0	0	0	0	0	0	44	40	0	-0.386880580695897	-0.0086357335761366	5.71975939873383
21	C	0.0	3.0	61	105	0	0	2	0	0	0	0	1	0	0	1	12	45	7	J	1	43	E	12	72	130	22	9	0	0	0	0	78	30	520	45	0	10	10	3	0	5	60	19	0	0	0	0	0	0	0	0	0	0	0	44	41	1	1.53392888175392	1.33963593876367	2.68486014890908
23	C	0.0	3.0	61	120	0	0	0	0	0	0	0	0	0	0	0	12	45	10	J	1	43	E	12	72	134	24	8	0	0	0	0	78	34	615	64	1	9	9	2	0	11	55	17	0	0	0	0	0	0	0	0	0	0	0	46	42	0	7.48738686587717	5.44418145971143	9.65906262711156
19	C	0.0	0.0	63	126	0	1	0	1	0	1	0	0	0	0	0	8	35	10	J	1	63	E	11	65	136	22	12	0	0	0	0	74	23	360	81	0	8	9	2	0	7	65	20	0	0	0	0	0	0	0	0	0	0	0	45	40	0	10.4520073448165	11.2354437353088	2.59758693759772
24	C	10.0	6.0	63	129	1	0	0	0	0	0	0	0	2	0	0	9	45	11	J	1	60	E	11	76	150	26	12	0	0	0	0	79	31	535	71	1	9	9	2	0	2	51	16	0	0	0	0	0	0	0	0	0	0	0	44	41	0	4.99815153353494	4.58950130347978	5.98408045579037
23	C	0.0	0.0	64	117	0	0	0	0	0	0	0	0	0	1	1	16	45	7	F	1	77	E	13	90	138	26	16	0	0	0	0	81	33	430	59	1	2	7	0	3	6	45	14	0	0	0	0	0	0	0	0	0	0	0	47	38	0	6.82435665822409	5.45389312032851	10.0446507150919
22	C	0.0	3.0	66	110	0	0	0	0	0	0	1	0	0	1	0	16	55	7	L	1	73	B	11	75	137	24	15	0	0	0	0	80	34	400	80	1	7	9	0	3	2	61	20	0	0	0	2	0	0	0	0	0	0	1	45	41	0	-0.518423487408066	-0.242147547910703	1.84319397977347
18	C	5.0	2.0	64	114	1	0	0	0	0	1	0	1	0	0	0	9	35	10	J	1	47	E	14	90	141	22	10	0	0	0	0	84	40	355	37	0	8	9	3	0	4	56	16	0	0	0	0	0	0	0	0	0	0	0	46	42	1	4.53467955553282	3.41496419528141	5.55541575504094
18	C	5.0	3.0	64	118	2	0	0	0	0	1	0	0	0	0	0	8	45	10	J	1	53	E	13	88	143	23	11	0	0	0	0	84	39	355	56	0	9	10	2	0	7	70	22	0	0	0	0	0	0	0	0	0	0	0	45	41	1	0.462619387044096	-1.81223017122321	1.14304396515207
20	C	0.0	5.0	64	125	0	0	1	0	0	1	1	0	0	0	0	9	65	12	J	1	60	E	14	74	140	25	11	0	0	0	0	85	40	400	70	0	9	9	2	0	10	54	17	0	0	0	0	0	0	0	0	0	0	0	48	39	0	5.42275015527989	5.81750083187658	10.0854664057144
19	C	20.0	7.0	63	135	0	0	0	0	0	0	3	0	2	0	0	7	45	20	J	1	63	E	13	76	142	20	12	2	0	0	0	79	35	450	64	1	7	9	2	0	3	54	15	0	0	0	0	0	0	0	0	0	0	0	46	41	0	5.5137410546684	5.14377119044312	8.75443718496907
30	C	0.0	13.0	67	141	0	0	0	0	0	0	0	2	2	0	0	13	35	15	J	1	70	E	13	70	167	28	14	0	0	0	0	80	31	510	93	0	4	9	0	3	1	57	16	0	0	0	0	0	0	0	0	0	0	0	45	41	0	2.68553623950764	2.70368539530789	6.80310210125833
33	C	4.0	15.0	67	140	0	0	0	0	0	0	0	0	1	0	0	13	35	10	J	1	70	E	13	74	174	31	14	0	0	0	0	79	32	460	72	1	9	9	1	2	1	59	19	0	0	0	0	0	0	0	0	0	0	0	46	39	0	0.315511259443028	1.01975463285862	3.83039741939866
18	C	4.0	1.0	61	168	0	0	0	0	0	1	1	0	1	0	1	9	55	7	J	1	67	E	15	88	155	23	12	0	0	0	0	78	39	400	29	0	9	9	3	0	2	60	18	0	0	0	0	0	0	0	0	0	0	0	44	42	0	0.720665174499747	0.0760126208049701	-0.195913636238695
19	C	3.0	2.0	62	110	0	0	0	0	0	0	0	0	0	0	0	12	25	7	J	1	50	E	13	60	121	20	12	1	0	0	0	84	33	450	66	1	9	9	2	0	4	59	20	0	0	0	0	0	0	0	0	0	0	0	49	39	0	0.607905707095728	1.36744663759592	2.23993396108435
19	C	20.0	7.0	62	128	0	0	0	0	0	1	0	0	1	0	0	12	35	8	J	1	33	E	13	60	146	21	9	0	0	0	0	82	35	570	38	0	9	9	2	0	4	60	20	0	0	0	0	0	0	0	0	0	0	0	48	41	0	1.22995043873505	1.50999082398406	3.14096256836109
28	C	30.0	6.0	64	130	0	0	0	0	1	0	1	2	0	1	0	10	45	20	J	1	57	E	13	72	149	25	10	0	1	0	0	72	24	500	57	0	8	9	2	0	1	66	19	0	0	0	0	0	0	0	0	0	0	0	46	39	1	-0.653386954514259	-0.413103230345969	2.27303557294429
30	C	30.0	8.0	64	130	0	0	0	0	1	0	0	1	0	0	0	9	45	12	J	1	50	E	13	74	152	27	10	0	1	0	0	80	23	560	49	0	9	10	2	0	5	65	22	0	0	0	0	0	0	0	0	0	0	0	45	41	0	0.611181498578246	0.413155919821628	3.40859044044826
33	C	20.0	14.0	66	126	0	0	0	0	0	0	0	0	0	0	0	12	65	12	J	1	73	E	12	80	140	34	12	0	0	0	0	79	28	465	48	1	8	9	0	1	5	59	19	0	0	0	0	0	0	0	0	0	0	0	48	38	0	3.52526354893415	2.78658406046763	7.86492489639401
29	C	0.0	10.0	61	105	0	0	1	0	0	0	0	0	0	0	0	8	55	13	D	1	57	E	13	60	135	32	11	0	0	0	0	85	39	460	54	1	7	9	1	2	9	54	14	1	0	0	0	0	0	1	0	0	1	0	47	40	0	6.85005100746766	5.99826228858743	12.7882463013413
24	C	30.0	6.0	64	115	0	0	3	0	0	0	0	0	0	0	1	12	85	7	J	1	43	E	13	80	140	32	9	0	0	0	0	80	37	790	80	1	5	7	2	0	0	43	12	0	0	0	0	0	0	0	0	0	0	0	45	39	1	4.96242716075687	4.0894496977643	4.047881494384
26	C	30.0	8.0	64	117	0	0	0	0	0	0	0	0	0	0	0	12	65	10	J	1	50	E	13	74	141	34	9	0	0	0	0	77	31	540	63	1	9	9	2	0	1	52	17	0	0	0	0	0	0	0	0	0	0	0	45	41	0	4.80177707526352	3.72011146270984	4.43954864908079
19	C	0.0	0.0	66	130	0	0	1	0	0	1	1	0	1	0	1	12	35	7	J	1	43	E	12	84	150	23	11	0	0	0	0	79	38	590	58	1	7	9	3	0	2	56	16	0	0	0	0	0	0	0	0	0	0	0	46	40	0	3.8352053081151	1.94122842296744	2.10641800508226
20	C	5.0	2.0	63	111	0	0	0	0	0	0	0	1	0	0	0	11	65	5	F	1	73	E	14	68	136	25	14	0	0	0	0	81	39	330	55	0	8	9	2	0	2	61	17	0	0	0	0	0	0	0	0	0	0	0	45	43	0	-2.41373630943762	-1.25808710443353	-2.84580789638792
19	C	30.0	4.0	67	128	0	0	0	0	0	0	0	0	0	0	0	9	45	10	J	1	70	E	13	68	154	24	12	0	0	0	0	78	32	390	58	0	9	10	2	0	2	57	19	0	0	0	0	0	0	0	0	0	0	0	43	40	0	1.9222469443961	2.06743136507747	2.95788761721024
16	C	20.0	2.0	66	142	0	0	0	0	0	0	0	0	0	0	0	11	45	15	J	1	53	E	12	60	161	20	11	0	0	0	0	79	29	410	59	1	9	9	3	0	8	61	18	0	0	1	0	0	0	0	0	0	0	0	46	41	0	3.09039241384374	3.28056006729977	7.83108609454432
17	C	40.0	4.0	65	138	0	0	0	0	0	0	0	0	0	0	0	11	65	10	J	1	60	E	12	66	156	21	11	0	0	0	0	85	34	310	44	0	9	9	2	0	6	51	16	0	0	0	0	0	0	0	0	0	0	0	43	39	0	6.62043493217801	5.58727314066116	8.18785936452551
18	C	40.0	5.0	65	140	0	0	0	0	0	0	0	0	0	0	0	11	105	13	J	1	63	E	12	78	163	22	10	0	0	0	0	76	29	360	53	1	9	9	2	0	7	62	20	0	0	0	0	0	0	0	0	0	0	0	46	39	0	3.20355442754703	2.20412937284017	5.85375954547176
22	C	0.0	0.0	64	145	0	0	0	0	0	4	0	0	1	0	0	12	45	6	J	1	67	E	10	80	157	25	12	0	0	0	0	86	30	520	59	0	8	8	0	2	7	48	15	0	0	0	0	0	0	0	0	0	0	0	46	41	0	4.51153563849455	4.49938718355394	9.01129462681021
26	C	2.0	3.0	62	131	0	0	0	0	0	0	2	0	0	0	0	15	35	10	C	1	77	E	13	70	150	25	18	0	0	0	0	81	37	450	60	0	9	10	0	2	12	53	17	0	0	1	0	0	0	0	0	0	0	0	45	40	0	6.41912222462347	6.08393132229299	12.3991187476556
36	C	30.0	7.0	63	135	1	0	0	1	0	0	1	1	0	0	0	8	105	20	J	1	50	E	14	70	152	35	8	0	0	0	0	77	37	605	66	1	9	9	3	0	4	65	20	0	0	0	0	0	0	0	0	0	0	0	47	40	1	5.64154881460363	1.22441762464292	5.41847229387361
21	C	20.0	7.0	58	80	0	2	1	0	0	2	2	1	0	0	0	9	45	7	J	1	60	E	10	60	89	24	12	0	1	0	0	65	25	330	57	0	6	9	4	0	3	54	15	6	0	0	0	0	0	0	0	0	0	1	46	37	0	14.1437960505292	13.7284317658103	2.61208460831423
21	C	10.0	4.0	64	125	0	0	1	0	0	1	0	1	1	0	1	11	85	7	J	1	60	E	12	70	130	22	11	0	0	0	1	86	35	360	67	0	9	9	3	0	6	55	16	0	0	0	0	0	0	0	0	0	0	0	45	39	0	3.07868261383276	3.31324811322681	4.69667975845315
21	C	0.0	4.0	63	122	0	0	0	0	0	1	1	0	2	0	0	12	55	8	J	1	53	E	11	70	135	22	11	0	0	0	1	82	31	380	53	0	8	9	3	0	7	59	18	0	0	0	0	0	0	0	0	0	0	0	44	40	0	1.467927091968	2.43371767193108	4.68534028869199
20	C	20.0	7.0	66	135	0	0	0	0	0	0	0	1	0	1	0	12	65	7	J	1	70	E	15	70	155	22	12	0	0	0	0	80	32	580	55	0	8	9	2	0	1	67	19	0	0	0	0	0	0	0	0	0	0	0	44	42	0	-4.37363671033772	-3.38362373651154	-4.27320328583372
22	C	30.0	7.0	66	138	0	2	0	0	0	0	0	1	0	0	0	12	65	10	J	1	70	E	13	70	169	24	12	0	0	0	0	83	34	760	61	1	7	9	2	0	4	41	15	0	0	0	0	0	0	0	0	0	0	0	47	42	0	17.6049877517269	18.9120731197237	9.25297488447178
22	C	20.0	5.0	63	135	0	0	0	0	0	1	2	0	0	0	0	11	55	8	J	1	57	E	15	70	167	24	10	0	1	0	0	80	35	575	53	1	7	9	2	0	1	47	15	0	0	0	0	0	0	0	0	0	0	0	47	42	1	4.57108270951717	4.76745523013767	4.63268327874334
22	C	0.0	5.0	62	103	0	0	0	0	0	0	0	1	1	0	0	12	45	10	J	1	53	E	11	80	121	21	11	0	0	0	0	82	31	470	67	0	6	8	3	0	5	55	15	0	0	0	0	0	0	0	0	0	0	0	45	40	0	1.50707301863409	2.82742537993888	6.22770662506637
24	C	0.0	3.0	61	103	0	1	0	0	0	0	0	0	0	0	0	12	55	10	J	1	53	E	11	70	127	23	11	0	0	0	0	82	40	510	94	1	9	10	1	2	10	51	16	0	0	0	0	0	0	0	0	0	0	0	45	33	0	16.9386295009192	17.6194328841517	12.461840835302
21	C	0.0	1.0	64	109	0	0	0	0	0	0	0	1	0	0	1	12	85	7	J	1	80	E	13	64	132	26	12	0	0	0	0	77	29	435	69	0	9	9	1	2	7	62	20	0	0	0	0	0	0	0	0	0	0	0	43	44	0	-0.240457287649385	0.711274634544235	4.48424814902227
18	C	0.0	1.0	63	121	0	0	2	0	0	0	1	1	0	1	0	11	15	10	J	1	40	E	12	60	143	19	12	0	0	0	0	84	37	400	85	1	7	9	1	2	6	52	19	1	0	0	0	0	0	0	0	0	0	0	49	42	0	5.62327864376266	5.66142396508672	11.0788777988677
25	C	20.0	8.0	64	123	0	0	0	0	0	2	1	0	0	1	0	12	55	13	J	1	87	E	13	78	152	28	16	2	0	0	0	79	38	380	46	1	9	9	0	3	6	59	16	0	0	0	0	0	0	0	0	0	0	0	47	41	0	3.8527684595068	3.04605860227738	8.45377634682273
25	C	20.0	6.0	67	145	0	1	0	0	0	0	1	0	2	0	1	12	85	5	J	1	70	E	16	50	172	27	12	0	0	0	0	81	39	460	76	1	8	9	2	0	1	60	18	0	0	1	0	0	0	0	0	0	0	0	47	41	0	7.19401628753614	9.65872658401371	-3.8485365128483
27	C	20.0	8.0	65	150	0	0	0	0	0	0	0	0	0	0	0	12	55	8	J	1	63	E	16	70	169	28	12	0	0	0	0	79	27	445	46	1	9	9	2	0	5	64	22	0	0	0	0	0	0	0	0	0	0	0	48	40	0	-0.0536840204169689	-0.258622215949949	1.17865734799648
20	C	20.0	3.0	62	120	0	0	0	0	0	0	0	1	0	0	1	12	75	5	J	1	73	E	12	60	139	25	12	0	0	0	0	80	31	370	49	1	6	9	3	0	1	63	16	0	0	0	0	0	0	0	0	0	0	0	44	35	0	-3.65292365088576	-2.52439810982566	-4.65844233161346
22	C	20.0	4.0	62	125	0	0	0	0	0	0	1	0	0	0	0	12	55	8	J	1	67	E	12	70	141	27	12	1	0	0	0	80	31	440	57	1	2	8	3	0	9	57	18	0	0	0	2	0	0	0	0	0	0	0	45	37	0	3.76558978015615	2.30354855647207	5.86759570871669
28	C	40.0	11.0	68	140	1	0	0	0	0	0	1	1	1	1	0	12	75	15	J	1	87	E	16	84	171	29	16	0	0	0	0	79	37	475	39	0	9	9	2	0	3	75	22	0	0	0	0	0	0	0	0	0	0	0	44	40	0	-6.93586936357719	-4.87307784050329	-2.6180791657974
22	C	8.0	4.0	61	117	0	0	0	0	0	1	0	0	1	0	1	14	105	10	J	1	93	E	11	70	132	24	16	0	0	0	0	88	39	470	75	1	9	9	0	2	1	60	20	0	0	0	0	0	0	0	0	0	0	0	46	42	0	1.24803711183482	0.329520909174178	2.73473539159056
20	C	8.0	6.0	61	130	0	0	0	0	0	0	0	0	0	0	0	14	35	8	J	1	53	E	13	70	149	23	12	0	0	0	0	83	33	500	59	1	4	9	3	0	5	50	15	0	0	0	0	0	0	0	0	0	0	0	45	40	0	6.937784700633	5.23173923498054	6.89173347410771
24	C	20.0	5.0	65	130	0	0	0	0	0	1	0	1	1	0	0	12	45	10	J	1	67	E	14	76	150	38	17	0	0	0	0	82	38	460	60	0	9	9	0	3	7	63	19	0	0	0	0	0	0	0	0	0	0	0	45	41	0	0.7627100304359	1.30532413667416	6.5072377542976
22	C	0.0	0.0	59	97	0	0	0	0	0	1	1	0	1	0	1	5	45	5	F	1	40	E	12	85	123	24	5	0	0	0	0	79	34	425	60	1	6	9	0	2	2	58	20	0	0	1	0	0	0	0	0	0	0	2	46	40	0	0.690334751624629	0.526773777823658	1.99765400833098
23	C	2.0	4.0	64	155	0	0	0	0	0	0	0	0	0	0	0	12	25	17	H	1	27	B	13	52	161	27	11	0	0	0	0	77	38	495	73	1	9	9	3	0	7	64	18	0	0	0	0	0	0	0	0	0	0	0	47	40	0	2.03651180773677	2.39666180676191	7.49788640323923
24	C	0.0	2.0	60	98	0	0	0	0	0	0	0	1	1	0	0	12	95	12	J	1	93	E	12	70	114	24	16	0	0	0	0	82	34	400	53	1	9	9	3	0	1	64	19	0	0	0	0	0	0	0	0	0	0	0	47	41	0	-0.707085157269163	-1.08800294917922	-0.575630927678745
18	C	30.0	5.0	64	96	0	1	0	0	0	1	0	3	1	2	0	7	25	20	I	1	20	E	13	72	124	20	9	0	0	0	0	81	30	420	78	1	8	9	2	0	5	70	24	0	0	0	0	0	0	0	0	0	0	0	45	41	1	4.43980038892607	10.5283199078954	4.15404478243505
16	C	10.0	5.0	64	123	0	1	0	1	0	0	0	0	0	1	0	11	55	8	J	1	63	B	14	70	140	18	12	0	0	0	0	80	38	440	51	1	9	9	0	3	1	58	16	0	0	0	0	0	0	0	0	0	0	0	47	40	0	11.5889078953023	11.8809536966645	2.63638717747548
24	C	0.0	0.0	61	130	0	0	0	1	0	1	0	0	1	1	1	12	85	10	J	1	90	E	11	68	155	24	14	0	0	0	0	79	28	430	56	1	9	9	3	0	3	60	18	0	0	0	0	0	0	0	0	0	0	0	47	39	0	2.35913186826046	0.995684461612755	1.97536823477344
29	C	0.0	0.0	62	115	3	0	0	0	0	0	0	0	0	0	0	12	55	12	J	1	73	E	12	80	128	31	12	0	0	0	0	85	37	650	79	1	9	10	2	0	4	54	15	0	0	1	0	0	0	0	0	0	0	0	48	40	0	5.10885775687808	4.23791277460634	6.51450351703821
21	C	0.0	0.0	66	110	0	0	0	0	0	0	0	1	0	0	1	12	35	10	J	1	77	E	13	68	128	20	13	0	0	0	0	83	40	440	68	1	8	10	0	2	5	70	21	1	0	0	0	0	0	0	0	0	0	0	47	40	0	-1.08828111258125	-2.44992874415211	1.92936989067237
22	C	0.0	0.0	64	110	0	0	0	0	0	0	0	0	0	0	0	12	45	12	J	1	73	E	14	72	126	22	14	0	0	0	0	81	35	440	61	0	9	9	0	2	1	59	22	0	0	0	0	0	0	0	0	0	0	0	45	40	0	0.228403647251945	1.39627125087375	4.74196621812508
38	C	0.0	0.0	61	145	2	0	0	0	0	2	1	1	0	0	0	0	65	12	F	1	43	E	13	80	168	41	2	0	3	0	0	80	35	500	64	1	9	9	3	0	8	52	16	0	0	0	0	0	0	0	0	0	0	0	46	41	1	10.3407681737462	6.33592568525664	10.3987646647119
20	C	15.0	4.0	65	141	0	0	0	0	0	1	0	0	0	1	1	12	85	7	J	1	80	E	12	55	147	22	12	0	0	0	0	80	30	365	73	1	8	9	2	0	0	64	20	0	0	0	0	0	0	0	1	0	0	6	47	42	0	-2.65647713091661	-2.76277870015765	-4.53169901367271
21	C	30.0	6.0	66	125	0	0	0	0	0	1	0	0	0	0	0	12	55	8	J	1	73	E	12	72	145	23	12	0	0	0	0	77	35	440	55	1	9	9	3	0	1	54	16	0	0	0	0	1	0	0	0	0	0	1	44	40	0	2.29462827712479	2.19019785484611	1.75365488261262
29	C	0.0	6.0	63	122	1	0	0	0	0	0	1	0	0	0	0	10	45	17	J	1	63	E	14	70	148	29	12	0	1	0	0	84	32	520	77	0	9	9	0	2	7	53	18	0	0	0	0	0	0	0	0	0	0	0	46	39	0	5.56605003511045	6.42520712356062	13.3910790473592
19	C	3.0	3.0	65	145	0	1	0	0	0	0	0	0	0	0	0	11	85	4	J	1	73	E	13	70	169	21	12	0	0	0	0	74	29	415	66	1	2	8	2	0	13	38	12	0	0	0	2	0	1	2	0	0	0	0	47	37	0	18.6934311473968	18.1704550226745	8.66899309245023
28	C	0.0	0.0	63	155	0	0	0	0	0	1	0	0	0	0	0	12	65	22	I	1	67	B	10	76	160	33	12	1	0	0	0	85	35	385	37	0	8	9	3	0	17	39	10	0	0	0	0	0	0	2	0	0	0	0	44	40	0	12.771106204602	12.885174699322	20.3745303517452
19	C	0.0	1.0	68	141	0	0	0	1	0	2	1	1	1	0	1	14	5	10	G	1	40	E	11	58	153	33	12	0	1	0	0	80	40	385	43	0	9	9	0	3	6	53	16	0	0	0	0	0	0	0	0	0	0	0	46	42	1	10.9186612586962	5.30874861740183	10.7231462586253
18	C	0.0	4.0	62	110	0	0	0	0	0	0	0	0	1	0	0	12	65	10	J	1	70	E	13	80	137	20	12	0	0	0	0	80	38	380	57	1	6	9	3	0	5	66	18	0	0	0	0	0	0	0	0	0	0	0	48	43	0	-0.898026482580571	-0.696209508559563	1.35554562429385
19	C	3.0	4.0	62	115	1	0	0	0	0	0	0	0	0	0	1	9	45	30	J	1	77	E	10	70	135	20	13	0	0	0	0	81	39	330	52	0	6	8	0	3	9	58	16	0	0	0	0	0	0	0	0	0	0	0	46	39	0	3.67230788045783	4.79066923806154	14.6622317139274
22	C	6.0	4.0	67	140	0	0	0	0	0	4	0	0	1	0	0	12	45	14	J	1	60	E	12	70	172	23	12	0	0	0	0	86	40	435	50	0	7	8	3	0	7	60	16	0	0	0	0	0	0	0	0	0	0	0	45	41	0	1.91276031463725	2.05853515936588	7.00900741763885
22	C	25.0	3.0	62	115	1	0	0	0	0	1	0	0	1	0	0	12	45	8	J	1	50	E	12	84	141	22	11	0	0	0	0	81	38	405	34	1	8	9	2	0	6	51	15	0	0	0	0	0	0	0	0	0	0	0	46	43	0	6.09984124680143	5.18922287803816	7.2212815912087
22	C	25.0	3.0	62	115	1	0	0	0	0	1	0	0	1	0	0	12	45	8	J	1	50	E	12	84	141	22	11	0	0	0	0	83	37	435	33	1	4	9	2	0	5	49	15	0	0	0	0	0	0	0	0	0	0	0	46	43	1	6.66947116504838	5.60244870242559	7.31834971687941
19	C	0.0	0.0	62	155	0	0	0	2	0	0	0	0	1	0	1	12	85	8	J	1	63	E	13	90	175	23	9	3	0	0	0	80	30	440	33	0	7	9	2	0	6	54	15	0	0	0	0	0	0	0	0	0	0	0	43	36	0	5.17650480310851	3.9656374282078	5.75926193011909
21	C	0.0	0.0	65	130	0	0	0	0	0	1	0	1	0	1	0	16	15	10	J	1	63	A	13	60	149	23	16	0	0	0	0	87	35	370	60	1	9	9	0	3	6	61	18	0	0	0	0	0	0	0	0	0	0	0	45	40	0	1.93322992751614	1.95052210989749	6.93174528077266
18	C	0.0	0.0	62	115	0	0	0	0	0	1	1	0	0	0	0	10	35	10	J	1	47	B	15	60	137	19	10	0	0	0	0	84	40	380	36	0	9	9	0	2	2	64	19	0	0	0	0	0	0	0	0	0	0	0	44	36	1	3.44299900873089	-0.322390635326163	3.41475304042271
22	C	0.0	0.0	61	124	0	0	0	0	0	0	0	0	1	0	0	12	55	8	J	1	63	B	11	60	147	27	12	0	0	0	0	80	35	420	41	0	9	9	2	0	3	61	20	0	0	0	0	0	0	0	0	0	0	0	45	44	0	1.37159779956013	0.404776911504987	1.10857189510885
19	C	0.0	0.0	63	132	0	0	1	1	0	1	0	0	0	0	1	8	75	4	F	0	53	E	12	78	149	22	8	0	0	0	0	82	34	420	41	1	9	10	1	2	6	67	20	0	0	0	0	0	0	0	0	0	0	0	46	40	1	-0.0986251618231447	-2.79837300640955	-0.915371423572821
33	C	7.0	10.0	61	125	0	0	0	0	0	0	0	1	1	0	0	15	55	13	J	1	67	E	14	70	138	30	12	0	0	0	0	81	39	430	47	1	8	9	0	2	1	48	14	0	0	0	1	0	0	0	0	0	0	1	48	39	0	3.98769182775027	5.60390282709239	9.34128167051136
35	C	6.0	12.0	61	135	0	0	0	0	0	0	0	0	0	0	0	14	65	12	J	1	70	E	14	80	141	33	12	0	0	0	0	84	37	420	53	0	8	9	0	2	2	52	17	0	0	0	0	0	0	0	0	0	0	0	43	38	0	5.47103103965879	4.4774189709832	8.43743165136508
23	C	10.0	3.0	64	139	0	0	0	0	0	0	0	1	0	0	0	12	95	7	J	1	70	E	13	64	140	22	11	0	0	0	0	83	36	375	53	1	7	9	3	0	9	59	18	0	0	0	0	0	0	0	0	0	0	0	46	41	0	2.88839883293486	2.32795675124897	4.36221329966505
32	C	0.0	0.0	66	144	0	0	0	0	0	1	1	1	0	0	0	16	35	7	J	1	70	B	12	80	166	30	12	0	0	0	0	79	27	375	58	1	6	6	2	0	8	53	16	8	1	0	0	0	0	0	0	0	0	0	47	39	0	3.5861748082045	3.20860211541304	6.0102362099028
23	C	20.0	8.0	62	113	0	0	0	0	0	1	1	0	0	0	0	12	25	10	J	1	47	E	12	70	142	24	10	0	0	0	0	84	32	605	43	0	3	9	0	3	1	51	15	0	0	0	0	0	0	0	0	0	0	0	47	40	1	7.04322164418387	4.26894952940445	7.51053065222242
17	C	10.0	6.0	62	124	0	0	0	0	0	0	0	0	0	0	1	11	65	10	J	1	77	E	12	70	136	18	12	0	0	0	0	81	38	450	65	0	4	6	3	0	6	51	16	0	0	0	0	0	0	0	0	0	0	0	45	43	0	5.35107374752879	4.20538378543555	7.51815525834161
16	C	5.0	3.0	64	98	0	0	0	0	0	0	1	0	0	1	0	10	55	7	J	1	47	E	11	80	123	19	10	0	0	0	0	86	40	400	61	0	9	9	2	0	7	59	20	0	0	0	0	0	0	0	0	0	0	0	44	35	1	5.1314937096039	2.18602841123255	4.08396875849345
31	C	20.0	17.0	63	160	0	1	0	0	0	1	1	0	0	1	0	9	55	12	J	1	63	B	12	94	161	35	12	1	0	0	1	82	35	475	68	0	9	9	2	0	1	61	20	0	0	0	0	0	0	0	0	0	0	0	46	39	0	9.78871749768427	11.4564702102127	1.06811245485223
32	C	10.0	16.0	63	154	0	0	0	0	0	0	1	0	0	0	0	8	45	15	J	1	60	B	13	84	166	37	12	1	0	0	1	80	37	490	59	1	9	9	2	0	0	73	23	0	0	0	0	0	0	0	0	0	0	0	46	34	0	-4.72206574590811	-4.90265442681951	-3.86982631871893
29	C	6.0	12.0	64	131	0	0	0	0	0	0	1	0	0	0	0	9	75	7	I	1	70	B	13	54	141	34	14	0	1	0	0	77	30	395	57	0	9	9	0	3	2	73	22	4	0	0	0	0	0	0	0	0	0	0	46	39	0	-3.75895805263793	-5.61222072323789	-3.52114746697209
20	C	0.0	1.0	61	147	0	1	0	0	0	0	0	1	0	1	1	15	75	20	J	1	93	E	12	70	173	21	14	0	0	0	0	83	35	375	41	0	9	9	2	0	4	55	16	0	0	0	0	0	0	0	0	0	0	0	44	35	0	15.4612075623015	15.6179779241904	7.65624532745215
37	C	0.0	0.0	66	140	0	0	0	0	0	1	0	0	1	0	0	7	75	18	F	1	50	E	14	70	166	42	3	0	0	0	0	90	40	510	54	1	2	9	3	0	9	52	16	0	0	0	1	0	0	0	0	0	0	0	48	38	0	8.4344194010713	7.33329499472289	12.7769294457058
19	C	20.0	7.0	65	135	0	0	0	0	0	1	1	0	0	0	0	9	65	5	J	1	40	E	13	78	159	23	9	0	1	0	0	79	34	425	49	1	10	10	2	0	7	59	17	0	0	0	0	0	0	0	0	0	0	0	46	39	1	4.14923707467881	1.42437839316808	2.23954486854956
19	C	20.0	7.0	66	103	0	0	0	0	0	0	1	0	0	0	0	10	65	5	J	1	80	E	13	74	129	21	12	0	0	0	0	80	29	250	53	0	9	9	3	0	6	61	18	0	0	0	0	0	0	0	0	0	0	0	45	40	0	0.125439784888866	-0.130471875167822	-0.325187865473299
23	C	0.0	0.0	67	160	0	0	1	1	0	0	1	0	0	0	1	12	75	7	J	1	73	E	13	80	182	24	12	0	0	0	0	78	37	420	62	1	8	9	2	0	6	56	16	0	0	0	0	0	0	0	0	0	0	0	47	40	0	2.47081255767711	2.77542047811568	3.92728260389188
24	C	1.0	1.0	69	205	0	0	0	0	0	0	0	0	0	0	0	12	35	10	J	1	53	E	13	102	215	25	12	0	0	0	0	80	38	520	78	0	9	9	2	0	1	59	19	0	0	0	0	0	0	0	0	0	0	0	46	40	1	1.64087255805266	1.07123795474502	1.71502639053916
27	C	0.0	0.0	68	124	0	0	0	0	0	2	1	0	1	0	0	11	55	20	F	1	53	E	13	80	138	37	11	0	0	0	0	79	37	430	51	1	9	9	3	0	4	59	19	0	0	0	0	0	0	0	0	0	0	0	47	40	0	4.82249295664039	3.68731041148301	7.85001356329554
33	C	20.0	15.0	61	126	0	0	0	0	0	0	0	0	2	0	0	12	45	12	J	1	57	E	13	70	149	34	10	0	0	0	0	78	38	440	57	0	8	9	2	0	4	64	19	0	0	0	0	0	0	0	0	0	0	0	44	40	0	0.084555781819479	0.475074506002914	2.99849465442134
24	C	20.0	7.0	63	106	0	0	0	0	0	0	0	0	1	0	0	8	45	10	A	1	40	E	15	84	120	23	9	0	0	0	0	83	34	540	63	1	8	9	3	0	7	60	20	0	0	0	0	0	0	0	0	0	0	0	47	43	1	5.53678778334581	2.72559875496109	5.94913285334493
20	C	3.0	1.0	57	98	0	0	0	0	0	0	0	0	0	0	1	12	65	25	J	1	70	E	13	60	121	23	12	0	0	0	0	86	32	405	41	0	9	9	2	0	4	68	20	0	0	0	0	0	0	0	0	0	0	0	43	39	0	0.49512239046806	0.0764292269621363	4.54209334421753
23	C	20.0	4.0	59	95	0	0	0	0	0	0	1	0	0	0	0	12	55	15	J	1	67	E	12	76	117	25	12	0	1	0	0	78	35	340	38	1	6	9	3	0	5	60	20	0	0	0	0	0	0	0	0	0	0	1	43	40	0	3.62942441826405	2.78782647573998	6.19627784738454
22	C	0.0	0.0	60	100	0	0	0	0	0	0	0	0	1	0	1	12	95	4	J	1	60	E	14	72	119	22	11	0	0	0	0	80	39	380	71	1	8	9	3	0	8	60	18	0	0	0	0	0	0	0	0	0	0	0	45	40	0	1.26097516808359	0.400013441359059	0.296517070086357
19	C	20.0	6.0	64	98	0	1	0	0	0	0	0	0	1	0	1	10	55	10	J	1	63	E	12	70	135	22	11	0	0	0	0	84	38	555	53	0	8	8	0	3	0	60	18	0	0	0	0	0	0	0	0	0	0	0	47	40	0	9.75741902174433	9.87257077589958	1.66102212858653
30	C	40.0	15.0	60	155	0	0	0	0	0	1	1	0	0	0	0	10	35	20	I	1	43	B	12	64	159	36	12	1	1	0	1	80	41	425	59	0	9	9	2	0	2	50	14	0	0	0	0	0	0	0	0	0	0	0	45	40	1	9.05908370628203	6.43570290816966	9.96264723151481
17	C	10.0	4.0	63	154	0	0	0	0	0	2	2	1	2	2	0	12	55	10	J	1	67	E	9	56	170	18	12	0	0	0	0	79	33	480	78	0	6	8	2	0	0	60	18	0	0	0	0	0	0	0	0	0	0	0	46	43	0	-3.85872739637366	-1.24745086333157	-0.558771149306378
22	C	20.0	6.0	64	132	0	0	0	0	0	1	1	0	2	0	1	12	65	7	J	1	67	E	12	80	149	23	12	0	0	0	0	82	34	410	41	1	9	9	3	0	7	63	20	0	0	0	0	0	0	0	0	0	0	0	46	35	0	-1.39264472438033	0.290942092727341	1.82200153252693
20	C	20.0	6.0	64	117	0	0	0	0	0	0	0	0	1	0	1	12	55	10	J	1	63	E	10	70	143	22	12	0	0	0	0	87	35	295	50	1	9	9	3	0	3	64	20	0	0	0	0	0	0	0	0	0	0	0	46	40	0	1.03379885064522	-0.330467490275469	1.10740185309714
19	C	0.0	0.0	63	110	0	0	0	0	0	1	1	0	1	0	1	12	65	5	J	1	47	E	15	60	120	22	9	0	0	0	0	80	30	425	52	1	8	8	3	0	5	43	12	6	0	0	2	0	0	0	1	0	0	4	44	36	1	7.69033165174578	5.15143906636093	6.2802348370677
20	C	0.0	0.0	61	110	0	0	0	0	0	1	0	0	0	0	0	12	65	8	J	1	37	E	15	70	130	23	9	0	0	0	0	81	26	415	54	1	9	10	3	0	8	56	18	0	0	0	0	0	0	0	0	0	0	0	46	35	1	7.11964933373373	4.02177832905332	6.84611024492322
19	C	0.0	0.5	61	135	0	1	0	0	0	1	0	1	2	0	1	12	55	10	J	1	47	E	13	88	145	20	9	0	0	0	0	78	35	500	67	1	8	9	3	0	8	51	15	0	0	0	0	0	0	0	0	0	0	0	45	39	1	7.3027436809308	17.1208161857088	9.09150162605567
23	C	20.0	8.0	63	123	0	0	0	0	0	0	0	0	0	0	0	9	45	8	J	1	53	E	12	72	154	22	12	0	0	0	0	78	29	460	53	0	8	8	3	0	4	61	19	0	0	0	0	0	0	0	0	0	0	0	43	38	0	0.216257486130133	-0.319625484647483	1.96322684989825
21	C	20.0	5.0	61	98	0	0	0	0	0	1	0	0	1	1	0	12	35	7	J	1	57	E	11	60	132	25	12	0	0	0	0	79	33	490	86	1	2	9	2	0	5	68	20	0	0	0	0	0	0	0	0	0	0	0	48	39	1	-1.11599652113	-2.28228186940802	-1.21454989785938
29	C	10.0	11.0	65	140	0	0	0	0	0	0	0	0	0	0	0	12	55	10	J	1	70	E	16	64	160	33	12	0	0	0	0	79	34	600	55	1	8	9	3	0	2	61	19	0	0	0	0	0	0	0	0	0	0	0	48	41	0	1.82668378930663	0.48108079150769	1.35779014341535
31	C	10.0	13.0	63	130	0	0	0	0	0	0	0	0	0	0	0	12	45	10	J	1	70	E	15	60	162	34	12	0	0	0	0	79	33	520	48	0	5	9	2	0	0	61	20	0	0	0	0	0	0	0	0	0	0	0	46	41	0	-2.05857516960172	-0.525778221948965	-0.903844124908941
33	C	0.125	5.0	67	139	0	0	0	0	0	0	0	0	0	0	1	15	65	10	I	1	83	B	14	50	143	33	14	0	0	0	0	77	27	280	51	1	8	9	4	0	6	52	14	0	0	0	0	0	0	0	0	0	0	0	49	36	0	7.06267420574996	4.95012957138166	7.14443487298036
19	C	20.0	6.0	63	121	0	0	0	0	0	0	0	0	0	0	0	10	65	10	J	1	63	E	11	62	142	24	10	0	0	0	0	83	40	330	62	0	9	9	2	0	8	71	22	0	0	0	0	0	0	0	0	0	0	0	45	41	0	-2.4136507645356	-2.19005987952801	0.863741132535134
27	C	20.0	5.0	63	91	0	0	0	0	0	0	4	1	1	1	0	13	45	8	F	1	63	E	16	70	110	29	12	0	0	0	0	75	32	380	68	1	8	10	3	0	1	52	18	0	0	0	0	0	0	0	0	0	0	0	48	41	0	2.11771304994021	3.02906742127433	2.77423946535755
21	C	0.0	3.0	63	128	0	1	0	0	0	0	1	0	0	0	1	12	35	10	J	1	53	E	11	74	143	26	12	0	0	0	0	84	37	500	63	0	7	9	2	0	5	54	16	0	0	0	0	0	0	0	0	0	0	0	45	40	0	15.3408401450022	15.2647203944024	6.22104158967796
22	C	5.0	2.0	63	127	0	0	0	0	0	0	0	0	0	0	0	12	45	15	J	1	60	E	11	84	145	27	12	0	0	0	0	78	27	430	63	0	8	9	2	0	7	68	19	0	0	0	0	0	0	0	0	0	0	0	44	40	0	-0.303019041282515	-0.0687151014235248	4.05317591523348
26	C	0.0	0.0	64	120	0	0	0	0	0	0	0	0	1	0	0	12	95	12	J	1	93	E	11	80	142	26	16	0	0	0	0	78	31	420	63	0	9	9	1	2	6	58	18	0	0	0	0	0	0	0	0	0	0	0	46	40	0	2.75457753468428	3.18586810061858	8.24022809681948
24	C	0.0	0.0	67	127	0	0	0	0	0	5	0	0	0	1	0	16	55	10	L	1	87	E	11	80	145	24	16	0	0	0	0	78	36	520	50	0	9	9	0	3	4	64	21	0	0	0	0	0	0	0	0	0	0	0	46	40	0	-0.164957890480724	-0.154672637495108	3.72117025897939
26	C	15.0	10.0	65	126	0	0	0	0	0	0	1	0	0	0	0	18	65	8	L	1	90	E	13	70	138	27	18	0	1	0	0	81	27	350	57	1	9	9	1	1	6	80	25	0	0	0	0	0	0	0	0	0	0	0	47	39	0	-7.3993819898951	-7.92886115192072	-4.24337359207619
18	C	10.0	5.0	61	115	0	0	0	0	0	0	0	0	0	1	0	12	75	10	J	1	60	E	11	50	118	20	11	0	0	0	0	80	29	320	35	1	9	9	4	0	9	57	16	0	0	0	0	1	0	0	0	0	0	0	46	36	0	4.65857170509379	4.08433841620207	7.50590524461125
26	C	0.0	11.0	62	142	0	0	0	0	0	1	2	0	2	0	0	11	75	14	A	1	53	E	11	74	160	27	9	0	0	0	0	46	23	400	49	0	7	8	4	0	10	48	15	6	0	0	3	0	0	0	0	0	0	3	47	30	0	7.32451362550717	7.13586945979006	13.0382047462456
38	C	20.0	18.0	63	121	1	0	0	0	0	1	2	0	0	0	0	12	85	12	J	1	93	E	13	78	138	41	16	0	0	0	0	75	36	510	84	1	8	9	3	0	6	66	21	0	0	0	0	0	0	0	0	0	0	0	47	39	0	0.782095684324823	-0.313617315037895	2.24580171682652
21	C	20.0	6.0	62	115	0	0	0	0	0	0	1	0	0	0	0	12	55	10	J	1	57	E	12	70	134	29	11	0	0	0	1	83	27	395	49	0	9	9	3	0	6	56	18	0	0	0	0	0	0	0	0	0	0	0	46	39	0	1.1986281962446	3.82829461815597	6.4661663283296
40	C	0.0	0.0	66	132	0	0	0	0	0	2	1	0	0	0	0	12	65	8	J	1	73	E	15	90	152	42	12	0	0	1	0	75	34	560	68	1	9	9	2	0	4	42	13	0	0	0	0	0	0	0	0	0	0	0	49	39	0	8.31850668051479	7.16548287982989	8.14294061740258
21	C	20.0	3.0	59	118	0	0	0	4	0	0	0	0	2	0	0	13	45	10	J	1	77	E	13	82	136	21	12	0	0	0	0	80	29	465	56	0	7	9	3	0	4	55	16	0	0	0	0	0	0	0	0	0	0	0	45	39	0	1.60934299503388	3.40664936823628	5.02237265161473
31	C	40.0	13.0	65	140	0	0	0	0	0	0	0	0	1	0	1	12	105	7	J	1	87	E	13	70	152	35	15	0	0	0	0	75	32	445	65	1	8	9	3	0	3	70	20	0	0	0	0	0	0	0	0	0	0	0	48	39	0	-3.87372031633381	-4.18781679296968	-4.3985097105166
21	C	0.0	0.0	66	150	0	0	0	0	0	0	0	1	1	0	1	12	65	5	J	1	60	E	11	76	177	25	10	0	0	0	0	79	33	500	71	1	7	9	2	0	3	66	21	0	0	0	0	0	0	0	0	0	0	0	47	40	0	-3.05349962386019	-2.86781934295197	-3.79656636162632
36	C	20.0	19.0	61	168	0	0	0	0	0	1	0	0	0	0	0	11	55	8	J	1	47	E	11	88	164	39	9	0	0	0	0	85	39	420	78	1	9	9	3	0	1	70	22	0	0	0	0	0	0	0	0	0	0	0	44	40	0	-5.12637744813579	-4.14904058648825	-4.18546870254955
28	C	20.0	7.0	60	134	0	0	0	0	0	0	1	0	0	0	0	7	55	8	F	1	63	E	13	80	155	24	12	0	0	0	0	76	36	390	54	1	9	9	3	0	5	66	21	0	0	0	0	0	0	0	0	0	0	0	46	44	0	-1.0663345498284	-1.13291115644531	0.296792047626351
32	C	15.0	12.0	64	118	0	0	0	0	0	0	0	0	0	0	0	12	55	10	J	1	67	E	17	76	157	34	12	0	0	0	0	81	34	450	53	1	8	10	3	0	1	57	19	0	0	0	0	0	0	0	0	0	0	0	47	40	0	0.893574204760425	1.67286871664662	2.07687895992435
35	C	0.0	0.0	65	140	0	0	0	0	0	0	0	0	5	0	0	12	45	8	J	1	53	E	11	78	164	37	11	0	0	0	0	85	33	560	73	0	7	9	2	0	5	49	16	0	0	0	0	0	0	0	0	0	0	0	45	41	0	5.73740987517409	5.56415714518027	7.2270320311964
34	C	3.0	18.0	63	136	1	1	0	0	1	0	1	0	1	0	1	12	75	12	H	1	53	B	11	68	157	37	8	1	1	0	0	88	38	420	72	1	9	9	2	0	5	46	14	0	0	0	0	0	0	0	0	0	0	0	45	34	0	17.3098982390977	18.3655831396452	9.93283237022617
18	C	0.0	2.0	60	105	0	0	0	0	0	1	0	0	0	0	1	8	75	7	J	1	80	E	12	65	132	25	12	0	0	0	0	75	32	350	44	1	9	9	3	0	1	49	15	0	0	0	0	0	0	0	0	0	0	0	44	40	0	2.81461262803904	3.50700806745984	2.50312025872846
20	C	0.0	0.0	60	115	0	0	1	0	0	0	0	1	1	0	0	14	25	10	J	1	70	E	12	90	130	21	16	0	0	0	0	82	42	410	54	0	7	8	0	2	3	58	19	0	0	0	0	0	0	0	0	0	0	0	45	42	0	0.801654051203374	1.03952631025967	5.85238115614274
22	C	7.0	8.0	60	97	0	0	0	0	0	0	0	0	0	0	1	12	75	8	J	1	60	C	14	68	115	23	8	0	0	0	0	80	34	345	56	0	9	9	0	3	5	65	21	0	0	0	0	0	0	0	0	0	0	0	45	40	0	0.9101562509522	-0.489694890066255	3.46266084900943
28	C	0.0	0.0	64	135	0	0	0	0	0	1	0	0	2	1	1	13	95	10	D	1	70	E	15	80	149	23	12	0	0	0	0	79	35	375	76	1	9	10	3	0	2	56	19	0	0	0	0	0	0	0	0	0	0	0	47	37	0	2.11675128899427	2.44712620239771	3.34087279093631
26	C	0.0	0.0	63	135	0	0	0	0	0	1	0	0	0	0	0	14	35	10	D	1	63	E	14	60	149	25	12	0	0	0	0	83	40	390	64	0	9	10	2	0	9	64	20	0	0	0	0	0	0	0	0	0	0	0	46	47	0	1.08762185127083	1.1991344590964	4.54323560872749
25	C	0.0	0.0	62	100	0	0	0	0	0	1	0	0	1	0	0	12	95	10	F	1	93	E	12	70	130	28	16	0	0	0	0	78	40	540	77	1	9	9	0	2	5	49	15	0	0	0	0	0	0	0	0	0	0	0	48	45	0	5.82693400248337	5.74789163175301	9.92065808188292
38	C	20.0	21.0	62	102	0	0	0	0	0	0	2	1	1	0	0	12	35	7	H	1	53	B	12	68	130	38	15	0	0	0	0	82	34	340	41	1	6	9	4	0	1	43	14	1	0	0	0	0	0	0	0	0	0	1	47	36	0	6.57592496516602	5.7022773525533	5.18874869663275
27	C	13.0	8.0	67	195	0	0	0	0	0	1	0	0	0	0	0	12	55	8	J	1	70	E	11	72	207	25	12	0	0	0	0	80	35	400	55	0	9	9	2	0	4	70	24	0	0	0	0	0	0	0	0	0	0	0	47	42	0	-1.22075381325097	-3.3339997141855	-2.39526037189867
23	C	0.0	0.0	64	120	0	0	0	0	0	0	1	0	1	1	0	12	65	10	K	1	90	E	11	80	137	27	15	0	0	0	0	77	29	400	52	0	9	9	2	0	9	53	18	0	0	0	0	0	0	0	0	0	0	0	46	40	0	4.64637423038698	5.18315922385975	8.09210723569227
39	C	0.0	0.0	63	164	0	0	0	0	0	1	1	0	0	0	0	12	45	12	J	1	70	E	11	75	170	40	13	0	0	0	0	83	41	500	92	0	7	9	2	0	7	70	20	0	0	0	0	0	0	0	0	0	0	0	44	38	0	-1.44457667802719	-1.61378306520485	1.62995268484143
17	C	0.0	1.0	63	95	0	0	0	0	0	0	0	1	0	0	0	8	15	17	J	1	13	E	13	65	118	27	9	0	0	0	0	74	22	355	50	0	9	9	3	0	8	62	20	0	0	0	0	1	0	0	0	0	0	0	42	36	0	4.26662663951589	3.6506426025832	9.29144581648939
21	C	0.0	0.0	60	104	0	0	0	0	0	1	1	0	1	1	0	12	45	10	J	1	77	E	12	70	114	24	13	0	0	0	0	82	32	460	50	1	9	9	2	0	5	62	20	0	0	0	0	0	0	0	0	0	0	0	45	45	0	0.606282995615595	0.936762623208831	2.88079410524001
26	C	20.0	7.0	61	135	0	0	0	0	0	0	3	1	1	1	0	12	75	8	J	1	70	E	11	75	148	30	12	0	2	0	0	80	36	325	46	0	9	9	3	0	6	67	18	0	0	0	0	0	0	0	0	0	0	0	45	40	0	0.334711576617997	-1.41061995464916	0.214237093617216
29	C	20.0	12.0	63	175	0	0	0	0	0	0	1	0	0	0	0	12	65	5	J	1	60	E	11	90	209	32	10	1	2	0	0	82	30	480	66	1	8	9	1	2	3	64	19	6	2	0	0	0	0	0	1	0	0	2	49	42	0	-3.39593543139769	-1.82896288803856	-0.284092111023961
24	C	20.0	3.0	63	117	0	0	2	0	0	0	0	0	1	0	0	11	45	12	J	1	63	E	11	76	141	26	12	0	0	0	0	79	35	425	59	0	9	9	2	0	1	42	13	0	0	0	0	0	0	0	0	0	0	0	44	39	0	7.47484020208263	7.12449948804643	8.22966404165803
19	C	0.5	2.0	67	128	0	0	0	0	0	0	0	0	0	0	1	14	75	10	J	1	93	E	12	70	149	21	14	0	0	0	0	81	39	370	46	1	8	9	1	2	6	70	21	0	0	0	0	0	0	0	0	0	0	0	47	41	0	-0.299030431258915	-2.39327147180599	2.02868438863537
22	C	0.0	6.0	61	145	0	0	0	0	0	0	0	0	0	0	0	9	45	10	J	1	53	E	10	78	164	22	10	0	0	0	0	81	40	390	56	0	8	9	0	2	7	65	21	0	0	0	0	0	0	0	0	0	0	0	45	39	1	4.88535063744834	0.622586164566805	6.06357512078217
22	C	0.0	7.0	61	142	0	0	0	0	0	2	0	0	0	0	0	9	45	15	J	1	43	E	11	76	168	23	9	0	0	0	0	83	35	450	35	0	7	9	3	0	0	65	20	0	0	0	0	0	0	0	0	0	0	0	41	42	0	-0.0989496075456643	-0.972084083026111	0.393439301328872
31	C	30.0	17.0	60	127	0	0	0	1	0	0	0	0	0	0	0	11	55	10	J	1	57	E	11	75	142	42	12	0	0	0	0	88	38	435	79	0	1	5	0	2	1	77	24	0	0	0	0	0	0	0	0	0	0	0	46	42	0	-9.24051475534428	-8.21546588286429	-4.23700694235358
29	C	0.0	0.0	62	130	0	0	0	0	0	1	0	1	0	0	0	12	45	13	J	1	70	E	11	98	141	34	12	0	0	0	0	81	33	775	56	0	9	9	2	0	3	34	11	6	0	0	2	1	0	0	0	0	0	1	45	37	0	9.74349875275893	10.0452210753128	12.2855131666766
21	C	0.0	0.0	66	112	0	0	0	0	0	0	2	0	1	0	1	16	55	7	J	1	73	E	14	80	133	23	12	0	0	0	0	79	32	515	67	1	5	9	0	2	2	51	16	0	0	1	0	0	0	0	0	0	0	1	45	41	0	4.70200894852445	3.52104733781865	5.63899973064428
17	C	0.0	0.0	65	125	0	0	0	0	0	0	0	0	0	0	1	12	45	12	J	1	77	E	11	60	142	20	13	0	0	0	0	80	40	375	77	0	9	9	0	3	8	54	18	0	0	0	0	0	0	0	0	0	0	0	46	37	0	7.217225028597	5.35590886072573	11.2797206026535
19	C	0.0	0.0	66	125	0	0	0	0	0	0	1	0	1	0	0	12	45	15	J	1	70	E	11	68	138	21	12	0	0	0	0	77	33	415	67	0	9	9	2	0	4	56	18	0	0	0	0	0	0	0	0	0	0	0	46	39	0	3.15991780361293	4.02654437334443	7.04369548115278
19	C	0.5	2.0	62	135	0	1	0	0	0	1	1	0	1	0	1	12	35	7	J	1	67	E	13	80	160	23	12	0	0	0	0	88	39	465	75	0	8	9	0	2	8	61	17	0	0	0	0	0	0	0	0	0	0	0	44	41	0	11.1733078004619	12.4177052986886	5.26434308888875
19	C	15.0	4.0	66	160	1	1	0	0	0	1	1	2	0	1	0	9	45	13	J	1	50	E	11	72	172	23	12	0	0	0	0	77	33	470	59	0	9	9	2	0	3	49	14	0	0	0	0	0	0	0	0	0	0	0	47	38	0	18.1057040253274	17.0276634993188	8.14741072670235
23	C	0.0	1.0	64	154	0	1	0	0	0	2	1	1	0	0	0	8	55	10	F	1	80	E	15	94	182	26	13	0	0	0	0	79	32	500	76	0	6	9	0	3	1	47	14	0	0	0	0	0	0	0	0	0	0	0	45	41	0	17.3277891899781	16.0706658031057	7.30665314524924
23	C	5.0	7.0	61	99	0	0	0	1	0	2	1	0	1	0	1	5	65	10	F	1	47	E	13	70	128	40	5	0	0	0	0	79	30	480	56	0	9	9	1	2	2	47	15	0	0	0	0	0	0	0	0	0	0	0	45	46	1	9.6654964634668	6.01770500856882	9.8097902991703
23	C	15.0	5.0	65	123	1	0	0	0	0	1	0	0	0	0	0	12	65	13	J	1	67	E	15	70	143	24	11	0	0	0	0	83	37	415	59	0	8	9	2	0	6	48	16	0	0	0	0	0	0	0	0	0	0	0	46	39	0	7.16014896552128	7.08800988731102	10.4139706651545
17	E	0.0	0.5	64	130	1	0	0	0	0	0	0	0	0	0	0	10	15	8	J	1	33	B	13	60	143	23	11	0	0	0	0	76	28	240	29	1	7	6	5	0	10	30	8	8	0	0	6	0	0	0	0	0	0	4	43	27	1	16.7631672310437	10.8205080119435	15.3036163239528
40	C	0.0	0.0	65	185	0	0	0	0	0	0	1	0	2	0	1	12	85	7	J	1	50	E	12	80	200	39	9	0	1	0	0	79	35	425	62	0	9	9	0	2	0	58	17	0	0	0	0	0	0	0	0	0	0	0	46	40	0	-0.0876251329527433	0.243216393149632	1.48899041125659
18	C	40.0	4.0	63	112	0	0	0	0	0	1	0	0	0	1	0	12	15	8	I	1	43	E	12	68	136	24	12	0	0	0	0	85	40	395	62	0	7	9	3	0	5	67	21	0	0	0	0	0	0	0	0	0	0	0	46	41	0	-1.18457764409651	-1.32506496959346	0.454070312695149
44	C	0.0	0.0	62	150	0	0	0	0	0	0	1	0	1	0	1	8	65	12	D	1	77	B	16	90	158	46	12	0	0	0	0	81	33	350	76	0	2	7	3	0	0	65	20	5	0	0	2	0	0	0	0	0	0	2	47	38	0	-2.01094806211191	-3.06075587305233	-1.97793065792924
39	C	0.0	0.0	60	130	0	0	0	0	0	0	0	0	2	0	1	4	35	13	F	1	33	E	13	80	156	30	4	0	0	0	0	83	32	440	51	1	6	9	2	0	2	60	20	0	0	0	0	0	0	0	0	0	0	0	46	39	0	2.26268292895805	1.95269676040653	4.32710234356624
20	C	0.0	4.0	63	88	0	2	0	0	0	0	0	0	0	0	0	8	55	5	J	1	67	E	13	60	116	22	12	0	1	0	0	78	35	450	54	1	8	9	3	0	8	63	19	0	0	0	0	0	0	0	0	0	0	0	45	42	0	11.5359109813978	10.5680391818559	-0.265610204452466
24	C	0.0	5.0	70	145	0	0	0	0	0	0	2	4	2	0	1	16	75	7	K	1	93	E	13	70	159	24	17	0	0	0	0	82	32	385	84	0	8	9	0	3	3	50	16	0	0	0	0	0	0	0	0	0	0	0	44	43	0	4.04874635651754	3.96832859539593	6.18899192139357
19	C	0.5	4.0	59	95	0	0	0	0	0	0	0	0	1	0	1	13	15	10	J	1	57	E	11	70	120	19	13	0	0	0	0	82	36	400	42	0	9	9	0	3	1	50	15	0	0	0	0	0	0	0	0	0	0	0	46	40	0	3.09011746327675	4.48050671200718	7.54830927222478
25	C	0.0	0.0	64	140	0	0	0	0	0	0	4	0	3	0	0	14	55	4	J	1	67	B	9	80	147	29	12	0	1	0	1	82	33	440	41	1	8	9	0	2	7	62	18	3	0	0	0	0	0	0	0	0	0	0	47	35	0	1.60232732811363	-0.568289539465149	1.38518229381338
25	C	6.0	8.0	61	112	0	0	0	0	0	0	2	0	1	0	0	12	65	20	J	1	50	E	14	70	146	35	10	1	0	0	0	78	35	480	61	0	8	9	3	0	2	54	16	0	0	0	0	0	0	0	0	0	0	0	46	42	0	5.71468681966196	4.94893214169253	8.33972620336842
26	C	1.0	10.0	60	120	0	0	0	0	0	0	1	0	0	0	0	12	45	10	J	1	33	E	12	84	138	36	9	1	1	0	0	84	38	505	76	0	9	9	3	0	4	57	17	0	0	0	0	0	0	0	0	0	0	0	44	42	1	5.93911252947733	3.21510215768228	5.60129574799431
20	C	20.0	6.0	69	123	0	1	0	0	0	0	0	0	0	0	0	12	55	10	J	1	67	E	13	80	154	21	12	0	0	0	0	81	36	435	56	1	9	9	2	0	6	60	19	0	0	0	0	0	0	0	0	0	0	0	46	41	0	11.9295084667363	13.0466095269353	4.05845599025453
34	C	6.0	9.0	63	220	0	0	0	1	0	0	2	0	0	0	0	8	55	8	I	1	57	B	15	84	227	39	10	0	0	0	0	80	38	360	53	1	9	9	1	2	3	60	18	0	0	0	0	0	0	0	0	0	0	0	46	38	0	2.62860824981882	1.05236359988419	4.33137732673386
35	C	6.0	7.0	62	218	0	0	0	0	3	0	4	0	0	0	0	8	45	10	I	1	40	B	15	74	232	39	8	1	0	0	0	86	40	475	62	0	9	9	1	1	4	51	15	0	0	0	0	0	0	0	0	0	0	0	45	36	1	12.3328317994672	5.4664032085791	10.2127168446083
20	C	20.0	4.0	66	128	0	0	0	0	0	0	0	0	2	0	1	12	75	10	L	1	73	E	13	80	132	22	12	0	0	0	0	77	31	300	73	0	9	9	2	0	3	65	21	0	0	0	0	0	0	0	0	0	0	0	46	41	0	-0.0622328966725773	-0.890996336987221	0.367570018132521
20	C	0.0	3.0	64	118	0	0	0	0	0	0	0	0	2	0	0	12	75	7	J	1	73	E	12	64	141	21	12	0	0	0	0	81	40	385	77	0	8	9	2	0	11	60	18	0	0	0	0	0	0	0	0	0	0	0	45	41	0	3.2733992438864	2.28020903012735	4.74468074234073
22	C	0.0	5.0	64	121	0	0	0	0	0	0	0	1	0	0	0	12	55	8	J	1	67	E	12	74	143	23	12	0	0	0	0	75	32	520	57	0	9	9	2	0	6	52	18	0	0	0	0	0	0	0	0	0	0	0	45	41	0	5.76991439637193	4.6269801181451	6.35648051069737
32	C	0.0	0.0	68	148	0	0	0	0	0	0	2	0	3	0	0	12	55	13	J	1	57	E	14	90	172	35	12	1	0	0	1	85	31	440	83	0	8	9	2	0	7	61	19	0	0	0	0	0	0	0	0	0	0	0	43	40	0	3.55890587044313	2.6939074962899	6.45277354764613
24	C	20.0	7.0	59	126	0	0	0	0	0	0	1	0	0	0	0	11	55	5	F	1	73	E	12	70	147	24	12	0	1	0	0	78	33	510	61	0	9	10	0	2	3	66	22	0	0	0	0	0	0	0	0	0	0	0	44	39	0	-3.3538630574662	-2.86814048671131	-1.55918379713942
20	C	10.0	3.0	64	135	0	0	0	0	0	0	0	0	2	0	1	12	45	10	J	1	83	E	10	70	158	22	16	0	0	0	0	77	30	535	87	0	9	9	0	2	0	60	20	0	0	0	1	0	0	0	0	0	0	0	46	40	0	0.391855459184337	-0.118800217771378	1.74515784252778
29	C	20.0	13.0	61	154	3	0	0	1	0	0	1	0	2	0	0	8	55	12	F	1	73	E	13	68	172	44	12	0	0	0	1	83	39	400	46	0	8	9	2	0	1	71	21	0	0	0	0	0	0	0	0	0	0	0	44	43	0	-3.24280257157157	-4.01406885960548	-3.17987382497424
20	E	0.0	1.0	61	117	0	0	0	0	0	0	0	1	0	0	0	12	35	14	J	1	57	B	14	76	145	20	12	0	0	0	0	81	33	390	63	1	6	8	2	1	3	34	11	0	0	0	1	0	0	0	0	0	0	0	45	39	0	11.0820663457553	9.20637341475215	12.9162065832623
30	C	5.0	14.0	63	140	0	0	0	0	0	0	0	0	1	0	0	12	95	17	J	1	60	E	15	68	156	38	12	0	0	0	0	79	34	380	73	0	7	9	2	0	6	63	20	0	0	0	0	0	0	0	0	0	0	0	46	42	0	4.32040624460513	2.16114886838286	6.381780796408
19	C	6.0	2.0	68	118	3	0	0	0	0	1	1	0	1	0	1	14	55	10	J	1	67	E	14	60	142	25	12	0	0	0	0	82	37	650	43	0	9	9	2	0	3	58	18	0	0	0	0	0	0	0	0	0	0	0	47	41	0	2.65878124083827	2.07939959270168	3.46829708295217
20	C	0.0	3.0	67	116	3	0	0	0	0	1	0	0	0	0	0	14	35	15	J	1	57	E	14	60	138	26	12	0	0	0	0	79	35	660	23	1	8	9	3	0	5	55	17	0	0	0	0	0	0	0	0	0	0	0	47	42	1	9.1482846853253	4.84714279094155	8.44828638240065
20	C	20.0	2.0	61	122	0	0	0	0	0	0	0	0	0	0	1	12	75	7	J	1	63	E	12	66	151	26	11	0	0	0	0	80	34	375	47	0	8	9	2	0	4	55	16	0	0	0	0	0	0	0	0	0	0	0	44	40	0	1.59014739455946	2.73418153427211	3.3906816868641
23	C	0.0	3.0	64	113	0	0	1	2	0	3	4	1	2	0	0	14	55	10	L	1	87	B	12	70	131	26	17	0	0	0	0	80	39	350	61	0	1	7	3	0	5	56	16	0	0	0	0	0	0	0	0	0	0	0	45	41	0	3.60141323285441	2.02369713731126	4.82418984082923
33	C	0.0	0.0	60	108	0	0	0	0	0	1	1	0	1	0	0	12	85	15	J	1	80	E	11	74	121	42	12	0	1	0	0	79	30	295	98	1	8	9	4	0	7	60	19	0	0	0	0	0	0	0	0	0	0	0	45	37	0	4.608541656373	3.12100068438741	6.92187080522077
22	C	20.0	5.0	63	105	0	1	0	0	0	0	0	0	3	0	0	12	95	5	J	1	87	E	15	54	130	28	12	0	0	0	0	79	32	365	51	1	7	9	3	0	4	66	20	0	0	0	0	0	0	0	0	0	0	0	47	39	0	9.56357996618167	8.00997658300513	-4.43619676096545
33	C	0.0	0.0	66	140	0	1	0	0	0	0	0	0	0	0	0	11	45	13	J	1	40	E	13	78	165	38	8	0	0	0	0	71	26	515	74	0	7	8	2	0	4	60	18	0	0	0	0	0	0	0	0	0	0	0	45	44	1	5.66760839583237	12.2760064416163	4.94101726307025
35	C	20.0	4.0	66	139	0	0	0	0	0	0	0	0	0	0	0	11	55	10	J	1	43	E	12	72	150	40	5	0	0	0	0	65	20	390	64	0	9	9	2	0	1	65	21	0	0	1	0	0	0	0	0	0	0	1	48	39	0	-0.991632287019604	-1.30208047554635	-0.502898000254125
23	C	1.0	12.0	61	160	0	0	0	0	0	1	0	0	1	0	0	12	35	18	I	1	43	E	11	74	170	26	12	0	1	0	0	78	34	490	72	0	9	9	3	0	1	50	15	0	0	0	0	0	0	0	0	0	0	0	45	41	0	5.41551909954517	5.78537703115965	8.46452289170131
18	C	15.0	2.0	56	79	0	0	0	0	0	0	0	0	0	0	0	12	35	7	J	1	43	E	13	50	96	19	12	0	0	0	0	84	36	460	71	1	4	6	1	3	4	63	20	5	0	0	1	0	0	0	0	0	0	0	45	42	0	-3.2731645661314	-1.18524782397095	3.27367651268678
19	C	25.0	3.0	59	107	0	0	0	0	0	0	0	0	0	0	0	9	35	15	J	1	47	E	11	64	138	21	10	0	0	0	0	85	31	440	55	1	9	9	3	0	3	60	16	0	0	0	0	0	0	0	0	0	0	0	46	42	0	1.59090956434086	2.44516486529159	5.46187198051222
18	C	8.0	4.0	66	126	0	0	0	0	0	0	0	0	1	0	0	12	25	5	J	1	30	E	13	78	166	23	11	0	0	0	0	80	36	495	76	1	8	9	3	0	8	63	20	0	0	0	0	0	0	0	0	0	0	0	45	39	0	0.129589401944902	0.13660602736248	1.39489040371727
21	C	0.0	3.0	67	150	0	0	0	0	0	0	0	0	1	1	1	16	85	10	K	1	93	E	14	78	171	21	14	0	0	0	0	76	34	340	54	1	9	9	3	0	1	63	20	0	0	0	0	0	0	0	0	0	0	0	48	41	0	-2.67064629412266	-1.07549772772838	-1.14707410694605
25	C	0.0	0.0	67	160	0	0	0	0	0	0	0	0	0	0	0	12	45	13	J	1	43	B	14	70	189	33	8	0	0	0	0	79	39	430	72	0	7	8	2	0	3	48	12	0	0	0	2	0	0	0	0	0	0	0	44	43	0	5.28731359335245	5.37179347887806	9.06553867532858
18	C	7.0	9.0	61	110	3	0	0	0	0	0	0	0	0	1	0	9	15	12	J	1	10	E	13	64	144	20	8	0	0	0	0	78	27	390	91	1	4	8	3	0	5	69	21	0	0	0	0	0	0	0	0	0	0	0	46	39	0	-1.100284995521	-2.03748422617028	2.67084957316761
22	C	0.0	0.0	58	74	0	0	0	0	0	0	1	1	0	0	0	16	55	10	J	1	87	E	15	74	88	25	18	0	0	0	0	80	39	390	42	1	7	8	3	0	8	52	17	0	0	0	0	0	0	0	0	0	0	0	47	40	0	5.07320796110879	4.19635356323727	7.90848692763512
32	C	30.0	16.0	67	127	0	0	0	0	0	0	0	0	0	0	1	12	75	7	J	1	70	E	13	80	150	28	12	0	0	0	1	78	37	530	62	0	9	9	0	2	11	60	20	1	0	0	0	0	0	0	0	0	0	0	47	41	0	0.468516713923822	2.4827578688531	7.46586753490863
25	C	0.0	10.0	63	113	0	0	0	0	0	0	0	1	0	0	1	18	55	10	J	1	87	E	13	58	135	22	16	0	0	0	0	77	29	410	53	0	10	10	0	3	1	52	16	0	0	0	0	0	0	0	0	0	0	0	45	41	0	2.73185325665965	3.41559815418871	5.95149389820879
20	C	20.0	6.0	62	142	0	0	0	0	0	0	0	1	1	0	1	12	75	10	J	1	63	E	14	72	157	21	11	0	0	0	0	79	30	335	53	0	5	8	3	0	4	57	16	0	0	0	0	0	0	0	0	0	0	0	44	37	0	1.80602572641072	1.66494324933824	4.53030249957871
19	C	20.0	5.0	64	118	0	3	0	0	0	1	0	0	0	1	0	12	65	10	L	1	50	E	12	56	147	24	10	0	0	0	0	86	37	425	58	0	8	9	2	0	0	70	23	0	0	0	0	0	0	0	0	0	0	0	46	42	0	6.40474023788051	6.66851402520577	-4.82826090643412
40	C	0.0	22.0	62	160	0	0	0	1	0	0	0	2	0	0	0	12	65	14	J	1	37	E	13	96	165	40	8	0	0	0	0	85	33	400	42	1	9	9	2	0	4	60	18	0	0	0	0	0	0	0	0	0	0	0	46	41	0	0.94819622668522	2.73879341171572	6.11358062485102
25	C	0.0	0.0	67	140	0	0	0	1	0	1	0	0	0	0	1	16	85	5	O	1	93	E	12	68	169	26	17	0	0	0	0	84	41	380	55	1	9	9	1	2	6	61	16	0	0	0	0	0	0	0	0	0	0	0	48	41	0	-0.59913658595179	-0.129715649997297	1.91476400787379
23	C	2.0	4.0	65	127	0	0	2	0	0	0	0	1	0	0	1	12	85	10	J	1	70	B	13	72	143	23	12	0	0	0	0	79	34	480	69	0	8	9	2	0	0	60	18	0	0	0	0	0	0	0	0	0	0	0	47	41	0	-0.292292057613816	-0.119053659774338	-0.493594993784378
20	C	5.0	3.0	68	140	0	0	0	0	0	0	0	0	0	0	0	12	55	10	J	1	53	E	13	70	173	21	12	0	0	0	0	80	34	550	53	1	8	9	2	0	4	56	16	0	0	0	0	0	0	0	0	0	0	0	48	41	0	3.71544139325741	3.33832424875425	5.37264485066394
33	C	4.0	19.0	62	110	0	0	0	0	0	0	1	0	0	0	0	12	75	12	J	1	50	E	12	70	132	34	9	1	0	0	0	80	34	510	61	0	8	9	3	0	9	40	11	1	0	0	0	0	0	3	0	0	0	1	46	40	0	10.2728152678422	10.1627604515596	14.3964257522838
34	C	0.0	22.0	62	122	0	0	0	0	0	0	0	0	0	1	0	12	35	15	J	1	43	E	12	70	139	35	11	1	0	0	0	76	27	565	85	1	8	8	2	0	8	56	16	0	0	0	0	0	0	0	0	0	0	0	45	38	1	10.2762407362674	4.20805239177519	9.96325279009512
25	C	0.0	0.0	66	120	0	0	0	0	0	1	0	1	1	0	1	12	95	5	J	1	87	E	15	70	145	26	16	0	0	0	0	79	32	430	39	0	9	9	2	0	7	65	18	4	0	0	0	0	0	0	0	0	0	0	45	40	0	-2.55380946040858	-1.67395718717866	-1.70740004233887
26	C	30.0	10.0	63	123	1	1	0	0	0	1	0	0	0	0	1	12	105	10	J	1	50	E	13	70	132	26	8	0	0	0	0	79	34	550	47	0	7	9	3	0	12	45	13	0	0	0	0	0	0	2	0	0	0	0	43	37	0	19.8445142780729	19.7993153303024	12.7095630316109
26	C	3.0	9.0	61	107	0	0	0	1	0	2	2	1	3	0	1	12	95	5	J	1	73	E	10	70	145	28	12	0	0	0	0	84	35	510	54	0	8	9	2	0	6	63	16	0	0	0	0	0	0	0	0	0	0	0	45	40	0	-0.140178668311116	-0.875723535188979	-0.955144386738071
45	C	30.0	35.0	65	193	0	0	0	2	0	1	0	0	0	0	0	12	75	8	J	1	70	E	13	90	199	48	12	0	0	0	0	85	36	580	52	0	9	9	0	2	0	71	22	0	0	0	0	0	0	0	0	0	0	0	46	41	0	-4.05640624032187	-5.32577785388001	-4.02126976070989
18	C	2.0	2.0	65	115	0	0	0	0	0	0	0	0	2	0	0	11	35	12	J	1	30	E	14	60	151	17	11	0	0	0	0	73	29	505	64	0	8	9	3	0	2	52	16	0	0	0	0	0	0	0	0	0	0	0	45	41	0	5.89964189705321	4.82413234577033	7.02612509818752
29	C	0.0	0.0	63	145	0	0	0	0	0	0	0	0	0	0	0	12	35	8	F	1	47	E	14	70	174	30	12	0	0	0	0	82	34	415	38	0	9	9	0	2	3	63	21	0	0	0	0	0	0	0	0	0	0	0	48	39	1	2.98246091619958	-0.0604750259725426	3.3845069936156
17	C	2.0	2.0	62	132	0	0	0	0	0	1	0	0	0	0	0	10	15	10	O	1	43	E	11	70	162	21	12	0	0	0	0	82	38	530	86	0	9	9	3	0	2	54	16	0	0	0	0	0	0	0	0	0	0	0	43	40	0	2.76563518609047	3.53016569663762	4.90657306564129
20	C	0.0	0.0	62	150	0	0	0	0	0	1	0	0	0	1	1	12	65	7	F	1	60	E	12	80	160	26	12	0	0	0	0	82	31	340	52	1	8	8	0	3	6	54	16	0	0	0	0	0	0	0	0	0	0	0	45	40	0	2.97098379690048	2.6775803946439	7.54079521260821
21	C	3.0	4.0	64	115	0	0	0	0	0	0	0	0	0	0	1	8	105	7	F	1	73	E	14	60	131	26	12	0	0	0	0	75	27	450	76	0	8	9	2	0	4	58	16	0	0	0	0	0	0	0	0	0	0	0	43	41	0	1.98763725893527	1.46833138438287	1.93941641831212
19	C	0.0	0.0	66	140	0	0	0	1	0	0	0	0	1	0	0	13	55	15	J	1	73	E	12	70	161	29	12	0	0	0	0	81	34	405	70	0	6	9	1	2	1	51	16	0	0	0	0	0	0	0	0	0	0	0	45	41	0	3.90475635281595	4.84254838315978	8.90823253599858
35	C	0.0	0.0	59	135	0	0	0	0	0	0	1	0	1	0	0	14	55	6	J	1	67	E	10	80	147	43	12	0	1	0	0	73	27	490	86	1	7	9	3	0	4	50	16	0	0	0	0	0	0	0	0	0	0	0	47	37	0	2.01402792105789	4.0629205045236	4.12016704265148
21	C	20.0	5.0	66	110	0	0	0	0	0	0	0	1	1	0	0	16	95	7	J	1	70	E	13	70	131	23	12	0	0	0	0	77	33	470	55	0	6	8	3	0	1	67	19	0	0	0	0	0	0	0	0	0	0	0	45	38	0	-4.78606078939994	-4.55004273672018	-4.42905380211555
21	C	10.0	6.0	66	150	0	0	0	0	0	1	0	0	0	0	0	12	85	8	J	1	73	E	13	68	180	23	12	0	0	0	0	75	37	435	58	0	6	10	2	0	4	63	21	0	0	0	0	0	0	0	0	0	0	0	45	42	0	-1.84031563552251	-0.240965205360844	0.672310185291855
19	C	20.0	5.0	62	110	0	0	0	0	0	1	1	1	1	0	0	10	45	10	J	1	43	E	11	50	128	22	9	0	0	0	0	77	24	500	54	1	9	9	3	0	6	60	18	0	0	0	0	0	0	0	0	0	0	0	47	41	0	2.94718422534046	2.44781223333523	5.31982668705398
24	C	0.0	3.0	67	130	0	0	2	0	0	0	0	0	0	0	0	12	15	7	J	1	50	E	11	70	149	31	12	0	0	0	0	78	35	440	85	1	9	9	2	0	4	64	20	0	0	0	0	0	0	0	0	0	0	0	45	39	0	0.79901706610525	-0.699973858502737	0.154597738312948
34	C	0.125	15.0	68	215	0	0	0	0	0	0	0	2	1	0	0	11	55	8	I	1	47	B	11	100	234	36	9	0	0	0	0	80	29	465	63	1	9	9	2	0	1	70	20	0	0	0	0	0	0	0	0	0	0	0	48	42	0	-3.36125516769051	-4.14904058648825	-4.18546870254955
25	C	20.0	9.0	62	110	1	0	0	0	0	0	2	1	2	0	0	12	55	5	J	1	77	E	14	70	139	27	16	0	0	0	0	78	37	490	76	0	3	8	3	0	3	67	21	0	0	0	5	0	0	0	0	0	0	1	44	42	0	-4.35540685409276	-4.69699558700691	-4.91743342813041
26	C	30.0	11.0	62	110	3	0	0	0	0	0	2	1	0	0	0	12	55	8	J	1	77	E	14	68	127	28	16	0	0	0	0	81	35	480	55	0	9	9	2	0	2	64	20	0	0	0	0	0	0	0	0	0	0	0	43	41	0	-2.44101317705547	-1.39369727602616	-1.39555461901456
22	C	0.0	0.0	60	130	0	0	0	0	0	0	0	0	1	0	0	12	35	10	J	1	57	E	12	70	158	25	12	0	0	0	0	81	33	480	55	1	7	9	3	0	4	63	20	0	0	0	0	0	0	0	0	0	0	0	46	40	0	-1.74954787158131	0.487579727453754	2.42705147515403
23	C	0.0	0.0	60	130	0	0	0	0	0	0	0	0	1	0	0	12	45	15	J	1	63	E	12	76	155	26	11	0	0	0	0	83	33	490	66	1	7	9	3	0	1	55	17	0	0	0	0	0	0	0	0	0	0	0	46	41	0	1.99208620452501	3.38053536956114	5.14338035386351
23	C	0.0	8.0	64	115	0	0	0	0	0	0	0	0	1	0	0	12	65	10	J	1	90	E	12	82	154	25	16	0	0	0	0	80	33	535	47	0	9	9	2	0	5	56	14	0	0	0	0	0	0	0	0	0	0	0	45	42	0	2.22515431250583	3.15233590695673	4.88994208303207
18	C	0.0	1.0	61	138	0	0	1	0	0	0	0	2	2	0	0	11	25	10	J	1	70	B	11	105	144	21	16	0	0	0	0	84	38	550	76	0	8	9	1	2	1	59	17	0	0	0	0	0	0	0	0	0	0	0	44	40	0	2.25628285919025	1.01975463285862	3.83039741939866
23	C	0.0	0.0	66	135	0	0	0	0	0	0	2	0	0	0	1	16	45	5	I	1	83	E	12	70	154	24	18	0	0	0	0	77	38	440	83	1	9	9	0	3	4	51	16	0	0	0	0	0	0	0	0	0	0	0	45	40	0	3.17951567101034	3.21848975765856	4.79586267148563
25	C	0.0	0.0	66	135	0	0	0	0	0	0	0	0	1	0	0	16	35	8	I	1	77	E	12	74	160	26	18	0	0	0	0	84	40	400	77	1	9	9	0	3	6	56	18	0	0	0	0	0	0	0	0	0	0	0	46	41	0	1.92271417532463	3.21373550291985	7.22140678454292
42	C	0.0	0.0	65	170	0	1	0	0	0	0	1	0	0	0	0	8	55	10	I	1	33	B	13	60	198	49	5	1	1	0	0	84	39	550	96	1	9	9	1	1	23	38	11	0	0	0	0	0	0	2	0	0	1	1	49	40	0	24.2009178857213	23.775169694814	21.519375918521
36	C	0.0	20.0	64	135	0	0	2	0	0	2	0	0	0	0	0	12	85	20	F	1	63	E	13	96	163	36	10	2	0	1	0	83	37	450	98	0	8	9	2	0	1	65	20	0	0	0	0	0	0	0	0	0	0	0	46	40	0	0.419522217048684	-0.0488727496238739	2.53543079071266
18	C	0.0	2.0	63	118	0	0	1	0	0	0	0	0	0	0	1	12	105	10	J	1	93	E	11	56	147	21	14	0	0	0	0	80	35	420	61	1	9	9	3	0	2	63	20	0	0	0	0	0	0	0	0	0	0	0	47	40	0	-0.254375759527636	-0.642913282646118	-0.175391088900341
31	C	0.0	10.0	65	180	0	0	0	0	0	0	1	0	0	0	0	12	55	13	J	1	67	B	16	70	211	38	12	0	1	0	0	81	35	540	64	0	9	9	2	0	4	62	18	0	0	0	0	0	0	0	0	0	0	0	47	40	0	0.892394012587331	1.37313411071948	3.98012106722108
21	C	0.0	0.5	63	227	0	0	0	0	0	0	0	0	0	0	0	12	65	7	J	1	60	E	10	88	201	24	12	0	0	0	0	82	33	495	71	1	6	8	2	0	6	60	15	6	0	0	0	0	0	0	0	0	0	1	45	41	0	-0.7164969090169	0.21456928736903	2.59182495695899
19	C	0.0	0.0	64	133	0	0	0	0	0	0	0	0	0	0	1	10	75	7	A	1	80	E	12	62	146	21	13	0	0	0	0	81	39	400	87	1	9	9	3	0	3	60	15	0	0	0	0	0	0	0	0	0	0	0	47	40	0	0.817225442490681	0.271932367440191	0.221374593111745
20	C	0.0	0.0	63	130	0	0	0	0	0	1	0	0	0	0	0	10	45	10	A	1	67	E	12	88	152	21	13	0	0	0	0	74	32	535	75	0	9	9	2	0	6	58	18	0	0	0	0	0	0	0	0	0	0	0	45	41	0	1.73662885410188	2.93509195437306	5.39037668142085
18	C	10.0	5.0	65	115	0	0	0	0	0	0	0	1	0	0	1	12	45	8	J	1	53	E	13	60	139	22	11	0	0	0	0	79	36	535	61	1	9	9	3	0	1	58	20	0	0	0	0	0	0	0	0	0	0	0	47	40	1	0.483718897451012	0.938961097086344	0.841157460195467
31	C	25.0	17.0	68	134	0	0	0	0	0	0	1	0	2	0	0	12	45	7	J	1	73	E	13	70	157	23	12	0	0	0	0	76	35	475	66	0	9	9	2	0	5	65	20	0	0	0	0	0	0	0	0	0	0	0	45	40	0	-1.79111068039736	-1.1434802698874	-0.345316921543692
32	C	20.0	16.0	67	135	0	0	0	0	0	0	1	0	0	0	0	12	55	10	J	1	63	E	13	80	156	24	12	0	0	0	0	79	29	660	82	1	9	9	3	0	1	56	17	0	0	0	0	0	0	0	0	0	0	0	47	45	0	1.23962301337452	2.10332543173277	2.580921033186
29	C	22.0	7.0	68	200	0	1	1	1	0	1	0	0	0	1	0	12	45	15	J	1	50	E	11	60	224	32	11	0	0	1	0	82	34	730	79	0	8	10	2	0	7	66	20	0	0	0	0	0	0	0	0	0	0	0	45	42	0	12.9164726744631	11.8647483228273	4.73435726818306
35	C	0.0	0.0	60	115	0	0	0	0	0	0	0	0	0	0	0	12	65	12	J	1	50	E	13	90	125	34	8	0	0	0	0	82	34	330	47	1	9	9	3	0	2	60	17	0	1	0	0	0	0	0	0	0	0	0	46	39	0	2.77181596589056	1.55664568955489	3.37674152265775
23	C	3.0	7.0	66	130	0	1	1	0	0	1	1	0	1	0	0	11	45	10	I	1	60	B	12	80	154	27	12	1	0	0	0	81	38	510	67	0	7	9	3	0	0	55	14	0	0	0	0	0	0	0	0	0	0	0	45	39	0	13.7819097171474	12.8448057467917	1.22618526296272
27	C	0.0	0.0	66	140	0	0	0	0	0	1	0	0	0	0	1	14	75	10	J	1	73	E	13	80	156	27	12	0	0	0	0	76	37	430	58	1	9	10	3	0	6	62	19	0	0	0	0	0	0	0	0	0	0	0	45	39	0	1.41709013216739	1.2457060850912	3.5817605760032
29	C	0.0	0.0	67	130	0	0	0	0	0	0	0	0	1	0	0	14	45	8	J	1	63	E	13	82	149	27	12	0	0	0	0	77	33	400	70	1	9	9	2	0	8	54	18	0	0	0	0	0	0	0	0	0	0	0	45	39	0	3.62967693953225	4.42870477724639	6.79941648118408
24	C	20.0	6.0	61	100	0	0	0	0	0	0	0	0	1	0	0	12	35	8	J	1	60	E	10	60	129	29	10	1	0	0	0	82	39	395	50	1	9	9	3	0	0	60	22	0	0	0	0	0	0	0	0	0	0	0	46	40	0	-0.0158023228508183	-0.517631648207702	-1.46143128733761
29	C	0.5	0.5	67	125	0	1	0	0	0	0	1	0	0	0	0	16	65	13	J	1	90	E	15	58	145	24	15	0	0	0	0	83	36	465	63	1	7	9	3	0	5	57	18	0	0	0	0	0	0	0	0	0	0	0	46	40	0	14.1134974017484	14.2697011408552	5.40727341402826
26	C	0.0	0.0	60	100	0	0	0	0	0	2	0	0	2	0	1	15	55	7	H	1	87	E	11	64	112	29	16	0	0	0	0	90	39	435	60	1	8	9	0	3	3	67	21	0	0	0	0	0	0	0	0	0	0	0	48	39	0	-1.83326799503732	-2.6408124385176	-0.373484083243258
22	C	0.0	8.0	60	155	0	0	0	0	0	0	0	1	1	0	1	16	55	10	J	1	87	E	13	88	157	23	17	0	0	0	0	78	36	420	73	1	8	9	0	2	0	69	22	0	0	0	0	0	0	0	0	0	0	0	48	42	0	-4.95795535317151	-4.07311602311537	-2.31281569081882
23	C	0.0	7.0	70	145	0	0	0	0	0	0	1	0	0	0	0	16	55	6	J	1	87	E	13	80	161	24	18	0	0	0	0	81	36	565	69	0	9	9	0	2	4	54	17	0	0	0	0	0	0	0	0	0	0	0	48	41	0	3.26205433157765	2.57753138297241	4.73868938855767
28	C	0.0	0.0	63	115	0	0	0	0	0	0	1	0	0	0	0	12	65	10	J	1	73	E	14	68	151	33	12	0	1	0	0	80	33	585	87	0	8	9	3	0	6	64	20	0	0	0	0	0	0	0	0	0	0	0	47	41	0	0.740296117760916	0.3984598726709	2.72717234893475
27	C	0.0	0.0	63	145	0	1	0	0	0	1	0	0	0	0	0	12	25	10	J	1	60	E	12	70	166	28	12	1	0	0	1	83	34	500	68	1	9	9	2	0	3	68	22	0	0	0	0	0	0	0	0	0	0	0	49	39	0	8.99210725094796	8.8367233582052	-1.124565597212
22	C	0.0	6.0	63	146	0	0	0	0	0	0	0	0	1	0	0	11	75	8	J	1	93	E	11	85	172	25	14	0	0	0	0	80	28	460	59	1	9	9	0	2	6	56	19	0	0	0	0	0	0	0	0	0	0	0	47	38	0	3.41873997691412	3.01203101022318	6.74038201589947
21	C	0.0	0.0	65	120	0	0	0	0	0	0	1	0	2	0	0	14	45	8	J	1	83	E	12	60	133	25	14	0	0	0	0	85	35	470	69	1	9	9	1	1	1	51	16	0	0	0	0	0	0	0	0	0	0	0	48	39	0	1.54786806658908	3.28645935185467	5.15018087558972
28	C	0.0	0.0	65	110	0	0	0	0	0	0	1	0	0	0	0	7	75	8	F	1	63	E	14	68	127	28	7	0	0	0	0	83	38	460	60	0	9	9	3	0	5	55	16	0	0	0	0	0	0	0	0	0	0	0	45	39	0	2.24312209061196	3.34109189595734	4.80956564330797
18	C	0.0	0.0	64	115	0	1	0	0	0	1	0	0	1	0	0	12	85	7	J	1	60	E	12	70	127	24	11	0	0	0	0	86	36	375	44	1	5	9	2	0	2	66	22	0	0	0	0	0	0	0	0	0	0	0	46	40	0	10.0971625824081	8.52784717831694	-3.07958133593305
21	C	0.0	0.0	62	103	0	0	0	0	0	0	0	0	0	0	0	15	65	3	J	1	90	E	12	60	129	24	15	0	0	0	0	84	39	450	43	1	9	9	2	0	5	57	16	0	0	0	0	0	0	0	0	0	0	0	46	42	0	1.22918670396818	-0.319970718106313	-2.97016227210069
29	C	0.0	4.0	66	128	0	0	0	0	0	1	0	0	0	0	0	17	45	13	F	1	83	E	12	70	149	29	17	0	0	0	0	82	37	485	75	0	6	9	0	3	4	61	19	0	0	0	0	0	0	0	0	0	0	0	45	40	0	0.795891080541806	1.74884926773424	6.54526619467957
20	C	11.0	4.0	63	125	0	0	0	0	0	1	0	0	0	0	0	12	35	8	J	1	43	E	11	70	142	25	10	0	0	0	0	84	36	475	63	0	6	7	2	0	6	53	17	0	0	0	0	0	0	0	0	0	0	0	43	39	1	7.53401356875687	3.41378072369864	6.57439657909774
26	C	0.0	0.0	62	98	0	0	2	0	0	1	1	0	0	0	0	12	105	10	I	1	80	B	13	70	120	30	14	0	0	0	0	78	36	370	61	0	8	8	2	0	8	70	21	0	0	0	0	0	0	0	0	0	0	0	46	40	0	-2.12975533832458	-3.09737934814657	0.673036550071437
21	C	0.0	0.0	61	124	0	0	0	0	0	1	1	0	1	0	0	12	65	7	J	1	70	E	12	90	151	21	12	0	0	0	0	86	36	450	75	1	8	9	2	0	1	49	15	0	0	0	0	0	0	0	0	0	0	0	47	40	0	4.15169122966334	3.63346429205624	2.80469299697918
19	C	0.0	2.0	62	150	0	0	0	1	0	1	2	1	0	0	0	10	75	10	J	1	73	E	12	85	175	25	12	0	0	0	0	81	31	540	74	1	9	9	2	0	4	65	20	0	0	0	0	0	0	0	0	0	0	0	45	41	0	-0.458321811826168	-0.576246894818168	1.07456882812642
38	C	0.0	0.0	61	120	0	0	0	0	0	0	0	0	0	0	0	6	75	6	F	1	50	E	13	88	138	38	6	0	0	0	0	79	32	450	70	1	9	9	0	2	6	45	14	0	0	0	0	0	0	0	0	0	0	0	45	38	0	6.60628960224934	6.57933820611551	10.0901429705224
33	C	0.0	0.0	65	123	0	0	0	0	0	0	0	0	1	0	1	16	85	7	L	1	93	E	12	80	148	42	16	0	0	0	0	78	35	505	64	0	8	9	0	2	7	60	18	0	0	0	0	0	0	0	0	0	0	0	44	39	0	2.345550769706	1.36767141913455	4.92090685516785
18	C	10.0	3.0	62	85	0	0	0	0	0	2	1	0	1	0	0	9	55	7	J	1	63	E	14	56	104	20	12	0	0	0	0	78	34	395	68	1	8	8	2	0	4	55	17	0	0	0	0	0	0	0	0	0	0	0	44	42	0	-1.11649458227491	1.56776253406346	3.23483117058227
20	C	10.0	8.0	62	90	0	0	0	0	0	3	2	0	2	0	0	7	65	10	J	1	67	E	11	50	107	21	12	0	1	0	0	78	32	530	52	0	9	9	2	0	5	70	23	0	0	0	0	0	0	0	0	0	0	0	44	40	0	-2.36439181650829	-2.48791144077149	-0.399359652307626
26	C	0.0	0.0	64	100	0	0	3	0	0	1	2	0	2	0	0	12	45	10	I	1	60	B	13	64	132	32	12	0	0	0	0	85	39	355	40	0	7	8	2	0	5	53	15	0	0	0	0	0	0	0	0	0	0	0	45	39	0	1.26836205979683	3.46389486473013	6.74701820717945
28	C	5.0	10.0	66	125	0	0	0	1	0	1	3	0	0	0	0	16	45	5	G	1	83	E	13	70	137	28	18	0	0	0	0	78	36	420	61	1	6	9	1	1	4	52	16	0	0	2	1	0	0	0	0	0	0	1	46	40	0	3.42922256096164	2.87256759466386	4.44694283727021
35	C	0.0	0.0	60	208	1	0	0	0	0	0	1	1	2	0	0	11	55	7	J	1	43	E	13	96	209	34	5	0	0	0	0	79	35	515	80	1	9	9	3	0	3	51	16	0	0	0	0	0	0	0	0	0	0	0	45	41	0	4.03573322421436	4.09877566568981	4.72867643679312
28	C	0.0	0.0	62	112	0	0	0	0	0	0	1	1	1	0	1	14	45	15	J	1	53	E	13	64	131	30	12	0	0	0	0	78	26	505	42	0	8	9	2	0	5	58	17	0	0	0	0	0	0	0	0	0	0	0	45	40	0	5.22808106079778	3.75903018987792	7.42088952728887
22	C	0.0	0.0	63	124	0	0	0	0	0	0	0	0	0	0	0	12	45	6	J	1	73	E	14	90	147	22	12	0	0	0	0	84	31	610	49	0	8	9	2	0	1	59	18	0	0	0	0	0	0	0	0	0	0	0	48	41	0	0.0378764437548023	-0.416488064514561	-1.87353555910713
16	C	18.0	3.0	61	118	0	0	1	0	0	0	0	0	0	0	0	10	25	4	J	1	43	E	10	60	134	19	10	0	0	0	0	78	31	430	71	0	7	9	2	0	3	55	16	0	0	0	0	0	0	0	0	0	0	0	46	39	0	1.74278480358074	1.23052297252702	-0.199188851960256
24	C	20.0	11.0	62	120	0	0	0	0	0	2	3	1	2	0	0	10	75	5	J	1	77	E	12	72	141	26	13	0	2	1	0	77	36	480	55	0	4	8	2	0	5	67	22	0	0	0	1	0	0	0	0	0	0	0	42	43	0	-1.99014338142558	-4.09966499037833	-3.57569309626819
18	C	15.0	3.0	63	127	0	0	0	0	0	1	0	1	1	0	1	11	25	10	J	1	17	E	9	100	145	19	8	0	0	0	1	85	36	490	64	0	9	9	2	0	1	50	17	0	0	0	0	0	0	0	0	0	0	0	45	42	0	5.32706402944639	4.83134105318221	6.14683039753283
36	C	20.0	20.0	66	124	0	1	0	1	0	1	1	1	1	0	0	12	75	20	J	1	63	E	11	88	138	41	10	1	2	0	0	29	16	410	57	0	5	7	5	0	12	18	4	4	0	0	2	2	0	2	1	0	0	2	44	34	0	25.0513028598655	25.6743955154397	21.5537588835375
36	C	10.0	14.0	63	128	0	0	0	0	0	0	2	0	1	0	0	12	65	12	J	1	83	E	12	70	151	38	12	1	0	0	0	83	38	375	68	1	8	9	3	0	6	65	23	0	0	0	0	0	0	0	0	0	0	0	44	40	0	1.19449424567806	0.252861218899558	2.9905179860789
30	C	6.0	12.0	61	130	0	0	0	0	0	0	0	0	0	0	0	12	45	17	J	1	53	E	12	84	155	33	12	0	0	0	0	85	31	420	80	1	9	9	2	0	4	55	16	0	0	0	0	0	0	0	0	0	0	0	50	40	0	2.64844236487364	4.88206039944891	8.579494219413
27	C	7.0	12.0	62	96	0	0	0	0	0	0	1	1	1	0	0	7	55	15	I	1	47	B	12	70	118	29	11	1	1	0	0	81	39	365	59	0	8	9	3	0	3	52	14	0	0	0	0	0	0	0	0	0	0	0	44	39	1	7.37212931382381	5.45571302585161	8.49850876604306
35	C	2.0	3.0	64	131	0	1	0	0	0	0	0	0	0	0	0	10	95	10	J	1	53	E	13	86	150	36	9	0	0	0	0	81	30	360	46	0	8	10	3	0	1	64	19	0	0	0	0	0	0	0	0	0	0	0	46	38	1	-0.001840525594274	9.90850970569354	-0.902182404107134
22	C	2.0	6.0	66	125	1	0	0	1	0	0	0	0	1	0	0	12	15	5	J	1	63	E	14	85	137	27	17	0	0	0	0	78	36	500	86	1	7	10	2	0	3	57	16	0	0	0	0	0	0	0	0	0	0	0	47	41	0	2.04685497594842	0.815426235744304	-0.133865991600962
19	C	0.0	1.0	65	135	0	0	0	0	0	0	0	0	0	0	0	13	15	20	J	1	57	E	14	50	143	19	12	0	0	0	0	81	38	505	50	0	9	9	0	3	4	65	21	0	0	0	0	0	0	0	0	0	0	0	46	40	0	-0.0796135849592641	1.29972103171506	7.83620424761371
26	C	0.0	4.0	63	120	0	0	0	0	0	0	0	0	1	0	0	16	65	8	G	1	90	E	12	70	141	30	18	0	0	0	0	77	35	585	68	0	8	9	0	2	8	63	20	0	0	0	0	0	0	0	0	0	0	0	45	43	0	2.45965284554321	0.713075241953211	5.04652594927207
20	C	0.0	0.5	63	118	0	0	0	0	0	1	0	0	1	0	0	15	15	8	J	1	63	E	11	74	133	21	14	0	0	0	0	80	32	380	49	0	9	9	0	2	1	65	21	0	0	0	0	0	0	0	0	0	0	0	46	40	0	-2.74079344144044	-1.91813135911252	0.248784887626226
21	C	20.0	2.0	65	156	0	0	0	0	0	0	0	0	0	0	1	12	75	7	B	1	80	B	11	62	169	23	12	0	0	0	0	79	36	460	98	1	7	9	2	0	5	71	20	4	0	0	0	0	0	0	0	0	0	0	48	39	0	-3.40322522133073	-3.97654342215188	-3.32468395522088
22	C	20.0	3.0	65	180	0	0	0	0	0	1	0	0	1	0	0	12	55	10	B	1	73	B	12	68	180	25	12	0	0	0	0	80	35	445	90	1	8	8	3	0	9	68	22	5	0	0	0	0	0	0	0	0	0	2	47	40	0	-1.99415797839018	-1.86967459785616	2.29406382826607
19	C	0.0	0.0	65	145	0	0	0	0	0	1	0	0	0	0	1	13	45	10	I	1	63	B	11	62	156	19	12	0	0	0	0	80	36	500	62	1	8	9	0	2	6	63	20	0	0	0	0	0	0	0	0	0	0	0	46	39	0	1.375917078645	1.11679554958762	6.09079386359284
18	C	15.0	4.0	64	112	0	0	0	0	0	0	1	0	2	0	0	11	25	10	J	1	47	E	14	70	138	19	10	0	1	0	0	82	39	580	47	0	6	6	3	0	0	64	16	0	0	1	2	0	0	0	0	0	0	0	44	40	0	-1.6646928860654	-2.66023616340952	-1.63334069441564
20	C	15.0	5.0	65	125	0	0	0	0	0	0	1	0	1	0	0	11	45	15	J	1	43	E	13	66	136	20	9	0	1	0	0	82	38	550	75	0	8	9	2	0	0	59	20	0	0	0	0	0	0	0	0	0	0	0	45	40	1	2.8125835450092	1.52910026105929	2.91629825643382
28	C	10.0	6.0	65	135	0	0	0	0	0	0	1	0	1	0	0	13	55	10	G	1	87	E	14	86	154	24	16	0	1	0	0	79	34	385	52	1	7	9	2	0	2	62	19	0	0	0	0	0	0	0	0	0	0	0	46	40	0	-0.492050579218513	-0.147141149544954	0.428615397460715
32	C	0.0	6.0	64	150	0	1	0	1	0	0	3	1	1	0	0	11	45	13	J	1	50	E	12	84	176	34	12	0	0	0	0	82	38	440	63	0	8	9	0	3	1	64	20	0	0	0	0	0	0	0	0	0	0	0	44	44	0	10.9796004310768	10.7037366015284	3.25193330840527
23	C	0.0	12.0	62	120	0	0	0	0	0	1	0	0	1	0	1	12	35	10	J	1	53	E	11	80	146	35	12	0	0	0	0	79	33	435	75	1	7	9	0	2	2	60	19	0	0	0	0	0	0	0	0	0	0	0	45	42	0	0.341204711485374	1.26842370440482	4.91388614614487
24	C	10.0	2.0	66	103	0	0	0	0	0	3	1	1	2	0	1	12	85	5	J	1	73	E	13	68	145	25	12	0	1	0	0	80	34	675	69	0	8	9	2	0	2	68	23	1	0	0	0	0	0	0	0	0	0	0	46	44	0	-3.70614539834125	-4.29444188653594	-5.90847493691104
25	C	0.0	0.0	67	142	0	0	0	0	0	0	0	1	0	0	0	16	35	8	O	1	77	E	11	72	151	25	18	0	0	0	0	80	34	485	59	0	7	9	0	2	4	53	17	0	0	0	0	0	0	0	0	0	0	0	45	40	0	3.8162682907663	3.77134454757726	7.11439772496022
29	C	15.0	6.0	68	130	0	0	0	0	0	0	1	1	1	0	1	15	75	7	L	1	93	E	13	58	138	23	13	0	0	0	0	79	20	580	57	0	6	6	2	0	2	72	20	0	0	0	2	0	0	0	0	0	0	1	47	38	0	-6.04321197991599	-6.74560594294183	-6.50774019603324
36	C	20.0	18.0	62	114	0	0	2	0	0	0	1	1	2	0	0	12	55	14	J	1	73	E	14	68	143	56	12	2	0	0	0	81	38	720	58	1	7	9	3	0	5	50	15	0	0	0	0	0	0	0	0	0	0	0	48	40	0	5.71091179259698	6.25805327428711	9.38145694626328
27	C	10.0	11.0	61	112	0	0	3	0	0	1	2	0	0	0	0	7	65	5	I	1	67	B	12	70	135	29	12	0	1	0	0	85	35	370	51	1	7	9	3	0	5	58	18	0	0	0	0	0	0	0	0	0	0	0	45	38	0	0.531223519093531	0.975543617696736	0.697017217346797
26	C	50.0	12.0	65	178	0	0	0	0	0	0	1	0	0	0	0	11	25	20	J	1	37	E	14	70	192	41	10	0	2	1	0	81	33	540	66	1	9	9	2	0	2	63	20	0	0	0	0	0	0	0	0	0	0	0	46	45	0	0.222115258854357	1.57667500316713	5.16756155564643
32	C	30.0	15.0	62	112	0	0	0	0	0	0	0	0	2	0	0	12	65	10	J	1	57	E	12	60	127	35	10	1	0	0	0	81	31	515	53	1	9	9	5	0	9	31	9	0	0	0	0	1	0	2	1	0	0	2	45	37	1	15.0301342655867	11.8008264219645	15.3417906576673
19	C	30.0	4.0	65	130	0	0	0	0	0	0	0	0	0	0	0	12	75	7	J	1	80	E	12	80	156	24	12	0	0	0	0	83	36	460	51	0	5	8	2	0	0	64	18	1	0	0	0	0	0	0	0	0	0	0	46	42	0	-2.55285863264169	-3.9291977003663	-4.68754952995454
23	C	20.0	11.0	66	120	0	0	0	0	0	2	1	1	0	0	0	9	55	10	J	1	57	E	12	70	141	30	11	0	0	0	0	83	39	425	68	1	9	9	3	0	4	55	15	0	0	0	0	0	0	0	0	0	0	0	46	36	1	5.81872072120255	3.66029067558739	5.62725630867075
24	C	20.0	12.0	65	121	0	0	0	0	0	1	0	0	0	0	0	11	55	13	J	1	57	E	12	60	140	31	11	0	0	0	0	85	30	430	53	1	7	8	2	0	7	68	22	0	0	0	0	0	0	0	0	0	0	0	47	37	1	3.86914733477782	-1.50886628602116	3.23425599084118
19	C	20.0	2.0	66	170	0	0	0	0	0	0	0	0	1	0	0	12	35	20	J	1	53	E	16	86	215	20	12	0	0	0	0	85	36	420	87	1	7	8	2	3	1	60	16	0	0	0	2	0	0	0	0	0	0	3	47	46	0	1.34915489216677	1.0131935462995	4.80251367794087
18	C	0.0	2.0	62	150	0	0	1	0	0	1	0	0	1	0	0	12	55	10	J	1	63	E	9	60	174	21	12	0	0	0	0	83	40	510	49	0	4	4	2	0	3	60	20	0	0	0	2	0	0	0	0	0	0	1	48	39	0	-0.667309217774773	0.170567795774035	2.63345534691448
25	C	0.0	0.0	62	130	1	0	0	0	0	1	0	0	1	1	0	10	15	12	J	0	43	E	16	70	149	30	12	0	0	0	0	79	28	325	59	1	9	9	2	0	7	64	18	0	0	0	0	0	0	0	0	0	0	0	45	42	1	5.14816311074757	1.43414635425234	5.17757010825724
21	C	0.0	3.0	64	130	1	0	0	0	0	0	0	1	0	0	0	7	105	10	J	1	50	E	16	80	158	36	7	0	0	0	0	77	40	400	56	0	9	10	2	0	4	65	20	0	0	0	0	0	0	0	0	0	0	0	45	45	0	1.51482079127566	-0.283923176960715	1.77170227751784
23	C	60.0	9.0	64	128	1	0	0	0	0	0	0	2	0	0	0	8	75	5	J	1	70	E	16	78	172	31	12	0	0	0	0	75	25	385	55	0	9	9	2	0	6	66	21	0	0	0	0	0	0	0	0	0	0	0	45	50	0	-0.314889238987252	-2.1390343151503	-2.1771353065673
24	C	0.0	3.0	65	130	0	1	0	0	0	0	0	1	1	0	0	12	105	7	I	1	73	B	13	90	155	23	12	0	0	0	0	82	33	460	62	0	6	8	2	0	1	61	19	0	0	0	0	0	0	0	0	0	0	0	47	42	0	9.27643707241712	8.89897373942752	-2.4468210766612
17	C	5.0	2.0	61	116	0	0	0	0	0	0	1	1	0	0	0	11	15	10	J	1	57	E	10	58	137	22	15	0	0	0	0	88	39	370	53	0	8	9	1	1	1	73	20	0	0	0	0	0	0	0	0	0	0	0	44	41	0	-6.53876857058375	-5.02991235258755	-2.04452460291575
21	C	5.0	3.0	64	108	0	0	0	0	0	2	1	0	0	0	0	12	55	9	J	1	70	E	15	85	125	22	12	0	0	0	0	80	33	510	52	1	9	9	2	0	12	48	14	0	0	0	0	1	0	2	0	0	0	0	45	39	0	7.36511500966484	7.4581984904325	11.0965142451187
26	C	0.0	3.0	61	107	0	0	0	0	0	0	0	0	1	0	0	16	45	10	H	1	83	B	10	58	120	28	16	0	1	0	0	80	35	290	46	0	6	9	2	0	3	65	21	0	0	0	0	0	0	0	0	0	0	0	43	39	0	-1.28275403866881	-1.01732908509463	0.0662917465481279
21	C	0.0	0.0	63	100	0	0	0	1	0	0	0	1	1	0	0	12	65	10	J	1	67	E	12	72	128	21	11	0	0	0	0	67	32	370	62	1	9	9	0	3	8	60	18	0	0	0	0	0	0	0	0	0	0	0	48	42	0	2.45688493549216	2.76955214334479	8.26109206342664
34	C	10.0	16.0	62	134	0	0	1	0	0	0	4	0	3	0	0	12	55	15	J	1	63	E	11	72	141	35	11	1	2	0	0	63	20	295	52	1	5	8	2	0	6	18	6	7	0	0	6	0	0	0	1	0	0	7	46	28	0	12.600712269339	12.9194748947732	17.8259945936605
22	C	6.0	4.0	62	115	0	0	0	0	0	1	0	0	0	0	0	12	25	10	J	1	27	E	12	80	136	28	10	0	0	0	0	81	36	425	43	0	9	9	3	0	2	62	18	0	0	0	0	0	0	0	0	0	0	0	43	40	0	1.2359775089093	0.617730251014428	2.25268031330454
36	C	20.0	13.0	63	128	0	0	0	0	0	0	1	0	1	0	1	8	45	15	A	1	43	E	13	58	145	56	10	1	0	0	0	80	35	310	54	1	5	9	3	0	3	52	16	0	0	0	0	0	0	2	0	0	0	0	45	38	0	4.44355610909839	5.50693899311849	8.62067242597772
33	C	10.0	12.0	61	115	0	0	0	0	0	1	0	0	0	1	0	11	45	10	J	1	63	E	11	58	143	35	12	0	0	0	0	74	23	395	40	0	5	9	3	0	3	63	16	0	0	0	1	0	0	0	0	0	0	0	44	39	0	0.0523004148377731	0.0965356734981819	1.53810531489192
34	C	0.0	8.0	63	130	0	0	0	0	0	2	1	0	0	0	0	16	65	10	J	1	87	B	12	86	156	41	14	0	1	0	0	86	38	620	79	1	5	7	2	0	3	50	15	0	0	0	0	0	0	0	0	0	0	0	45	39	0	2.73216683779073	3.5626856947525	5.63728144750534
24	C	0.0	0.0	64	118	0	0	0	0	0	1	1	1	0	0	0	15	105	10	L	1	93	E	11	78	136	25	18	0	0	0	0	80	36	400	59	1	4	9	0	3	6	70	18	0	0	0	0	0	0	0	0	0	0	0	44	41	0	-3.98074091871225	-2.39327147180599	2.02868438863537
26	C	0.0	7.0	62	128	0	0	0	0	0	0	1	0	0	0	0	9	75	10	I	1	63	B	13	75	140	28	7	0	1	0	0	77	36	430	94	1	8	9	3	0	5	64	18	0	0	0	0	0	0	0	0	0	0	0	47	41	0	2.36700756233826	0.266863106353118	2.44914218495937
31	C	0.0	0.0	56	106	0	0	0	0	0	0	1	0	0	0	0	11	55	10	J	1	53	E	11	80	133	32	12	1	0	1	1	32	23	430	74	1	4	8	3	0	4	76	22	5	1	0	0	0	0	0	1	0	0	2	43	42	0	-6.18497279155627	-6.70639569424367	-3.7384436482157
21	C	10.0	6.0	63	129	0	0	0	0	0	1	0	0	0	0	1	12	85	10	J	1	63	E	13	86	159	25	12	0	0	0	0	84	33	520	74	0	9	10	3	0	1	58	16	0	0	0	0	0	0	0	0	0	0	0	46	41	0	2.45971459977426	1.33717925750229	1.80813563608103
22	C	10.0	2.0	60	98	0	1	0	0	0	0	2	0	0	0	1	15	65	10	J	1	57	E	10	50	122	26	11	0	1	0	0	80	34	390	95	1	2	9	2	0	2	56	15	0	0	0	0	0	0	0	0	0	0	0	45	38	0	12.9847780044416	13.5168967356487	3.20267882962503
36	C	40.0	15.0	61	139	0	0	0	0	0	2	1	1	2	0	0	9	75	17	J	1	50	E	13	100	159	40	8	1	2	0	2	78	37	330	76	0	9	9	3	0	1	75	23	0	0	0	0	0	0	0	0	0	0	0	44	40	0	-6.42256956452719	-4.9304530176631	-2.63624376302833
22	C	0.0	0.0	64	130	0	1	0	0	0	0	1	1	0	0	0	12	55	10	J	1	73	E	13	80	155	21	12	0	0	0	0	89	31	440	62	0	8	10	3	0	3	62	18	0	0	0	0	0	0	0	0	0	0	0	45	42	0	9.32728703540661	11.294705970467	1.12780840565962
23	C	0.0	0.0	65	130	0	0	0	0	0	0	0	1	0	0	0	12	55	12	J	1	53	E	14	64	154	22	12	0	0	0	0	81	34	640	60	1	5	9	3	0	0	58	18	0	0	0	0	0	0	0	0	0	0	0	46	43	0	0.707855285171823	1.30466979333783	1.82383768794187
20	C	0.0	0.0	65	123	0	0	0	0	0	0	1	0	0	0	0	12	55	15	D	1	70	E	14	80	150	24	17	0	0	0	0	78	26	390	68	0	6	9	0	2	6	57	18	0	0	0	0	0	0	0	0	0	0	0	43	41	0	4.21574295112044	4.35235996994457	10.5064000461337
21	C	0.0	0.0	64	145	0	0	0	0	0	0	0	0	0	0	0	12	45	8	D	1	67	E	14	90	163	25	17	0	0	0	0	79	30	400	66	1	9	9	2	0	6	63	21	0	0	0	1	0	0	0	0	0	0	0	46	40	0	-0.874290589394584	0.375980835100586	2.06864317686214
37	C	0.0	0.0	64	145	0	0	0	3	0	0	1	0	0	0	0	12	65	8	L	1	67	E	13	60	168	40	11	0	1	0	0	71	26	420	59	1	9	9	3	0	3	67	21	0	0	0	0	0	0	0	0	0	0	0	48	40	0	-2.39564145069836	-2.22829051966912	-1.61716814409164
24	B	0.0	6.0	72	162	2	0	0	0	0	1	1	0	2	0	1	12	85	10	J	1	50	E	12	78	179	37	8	0	0	0	0	83	41	460	66	0	7	9	3	0	1	64	20	0	0	0	0	0	0	0	0	0	0	0	46	45	0	-0.0153626636749622	-0.957890984108328	-0.278992146549223
18	C	5.0	2.0	60	112	0	0	0	0	0	0	0	1	0	0	1	10	75	18	J	1	50	E	15	60	127	20	8	0	0	0	0	84	37	430	72	0	8	9	2	0	3	75	22	0	0	0	2	0	0	0	0	0	0	0	42	43	1	-0.646547080275157	-4.01766860878284	-0.565375321966767
21	C	0.0	3.0	67	130	0	0	0	0	0	1	1	0	1	0	0	12	35	8	F	1	33	E	11	80	144	26	10	0	0	0	0	75	33	360	53	1	5	9	3	0	5	61	18	0	0	0	2	0	0	0	0	0	0	0	45	39	0	1.12937820066453	1.38584741626896	3.36545495910485
22	C	0.0	4.0	66	128	0	0	0	0	0	0	1	0	0	0	1	12	45	10	F	1	30	E	12	62	158	27	9	0	0	0	0	77	30	450	68	1	9	9	3	0	5	57	18	0	1	0	0	0	0	0	0	0	0	0	46	41	0	2.7066378226312	3.53644061879428	6.32846567448813
34	C	0.0	0.0	62	104	0	2	0	0	0	0	0	0	1	0	0	15	95	10	C	1	93	A	17	74	115	35	18	0	0	0	0	83	40	430	55	1	9	9	3	0	7	51	16	0	0	0	0	0	0	0	0	0	0	0	45	39	0	15.8185721835809	16.3140810048472	7.19860922434542
19	E	0.0	1.0	60	115	0	0	0	0	0	0	1	0	0	0	0	12	5	10	J	1	47	E	11	76	127	23	12	0	0	0	0	85	33	330	50	1	6	9	0	3	2	58	18	1	0	0	0	0	0	0	0	0	0	0	44	45	0	2.9419385869256	2.13823832541689	5.89670516981331
22	C	15.0	7.0	63	112	0	0	0	0	0	0	1	0	0	0	0	12	45	8	J	1	50	E	9	68	128	26	10	0	0	0	0	82	35	420	52	1	8	9	2	0	6	58	19	0	0	0	0	0	0	0	0	0	0	0	45	39	0	2.68547932642349	2.62592722896834	4.63577309075388
31	C	12.0	13.0	65	137	0	0	0	0	0	0	1	0	0	0	0	12	95	5	J	1	73	E	12	80	155	32	12	0	1	0	0	86	35	450	69	1	8	9	2	0	6	60	19	0	0	0	0	0	0	0	0	0	0	0	46	40	0	0.376021612119647	0.36472758729552	0.296056161566313
19	C	10.0	2.0	52	84	0	0	0	0	0	0	0	0	1	0	0	10	55	10	J	1	40	E	12	62	105	25	2	0	0	0	0	79	38	465	41	0	9	9	2	0	1	61	20	0	0	0	0	0	0	0	0	0	0	0	45	37	0	-0.808748866167339	0.430909153297332	1.29808498710464
26	C	20.0	10.0	60	190	0	0	0	0	0	0	1	3	0	0	0	11	35	15	J	1	53	E	13	70	214	30	13	0	0	0	0	79	34	535	53	0	8	9	2	0	2	56	15	0	0	0	0	0	0	0	0	0	0	0	46	39	1	6.21391441621831	3.56744799959678	6.04239926417062
26	C	15.0	10.0	61	122	0	0	0	0	0	0	0	0	0	0	1	11	65	10	J	1	60	E	13	64	135	26	10	0	0	0	0	84	33	345	58	1	9	9	0	2	8	68	20	0	0	0	0	0	0	0	0	0	0	0	45	38	0	-1.14721754236093	-0.584641663713959	5.0001500744288
24	C	0.0	4.0	63	114	0	0	0	2	0	0	0	0	0	0	0	15	45	10	G	1	83	E	11	68	122	24	17	0	0	0	0	80	39	440	58	1	9	9	0	3	6	58	18	0	0	0	0	0	0	0	0	0	0	0	47	41	0	4.2022415535563	2.8973235997246	7.53845515697318
23	C	0.0	10.0	63	135	0	0	0	0	0	0	0	0	0	0	0	10	65	8	J	1	67	E	10	90	163	30	12	0	0	0	0	82	32	510	52	1	9	9	2	0	3	68	21	0	0	0	0	0	0	0	0	0	0	0	47	41	0	-2.51472364499334	-2.68233974836334	-2.07515204494983
25	C	20.0	12.0	66	128	0	0	0	0	0	0	1	0	1	0	0	12	75	8	J	1	63	E	13	62	158	28	12	0	0	0	0	80	32	645	64	1	9	9	2	0	1	60	17	0	0	0	0	0	0	0	0	0	0	0	46	40	0	0.839411033828447	0.0185192607143128	-0.262397320173293
26	C	0.0	3.0	65	123	0	0	0	1	0	0	0	0	1	0	1	16	75	10	P	1	93	E	12	80	137	26	18	0	0	0	0	85	38	520	54	0	9	9	0	3	7	58	16	1	0	0	0	0	0	0	0	0	0	0	47	41	0	3.19938126697212	3.01066062314822	7.77558224599772
33	C	6.0	17.0	65	135	0	0	0	0	0	0	1	0	0	0	0	12	65	6	J	1	50	E	15	68	155	36	10	0	1	0	0	82	39	355	61	0	8	9	2	0	3	70	21	0	0	0	0	0	0	0	0	0	0	0	44	39	0	-3.84511529990378	-4.10261529914917	-4.20796492381182
22	C	0.0	3.0	61	93	0	0	0	0	0	0	0	0	0	0	1	12	65	7	J	1	80	E	11	70	123	21	12	0	0	0	0	78	31	520	73	0	9	9	3	0	6	59	16	0	0	0	0	0	0	0	0	0	0	0	47	39	0	-0.139587382765791	1.52759093895208	2.54688640425266
22	C	0.0	2.0	65	150	0	0	0	0	0	0	1	0	1	0	1	12	75	7	H	1	63	B	16	90	168	32	10	0	0	0	0	79	36	400	63	0	8	9	0	3	6	70	21	0	0	0	0	0	0	0	0	0	0	0	44	39	0	-3.17409237218452	-2.86403481307349	0.878018192528195
32	C	0.0	0.0	62	120	0	0	0	0	0	2	1	0	0	0	0	3	75	27	F	1	60	E	14	64	148	33	2	0	0	0	0	78	27	350	71	0	8	8	1	2	2	70	16	0	0	0	0	0	0	0	0	0	0	0	45	40	0	-0.834002707550419	-2.25144534538743	5.23065510498758
25	C	0.0	0.0	62	172	0	0	0	0	0	0	1	1	2	0	0	12	45	10	J	1	30	E	11	70	179	30	8	0	0	0	0	84	32	340	52	1	9	9	5	0	6	38	12	0	0	0	0	0	0	0	2	0	0	2	45	36	0	11.5719183220945	9.85443464077776	13.0209483903435
25	C	0.0	0.0	62	172	0	0	0	0	0	0	1	1	2	0	0	12	45	10	J	1	30	E	11	70	179	30	8	0	0	0	0	79	32	325	38	1	8	9	5	0	4	35	17	0	0	0	0	0	0	0	1	0	0	0	43	36	1	12.9264142936315	10.0476449874327	12.5463828487054
29	C	10.0	10.0	63	125	0	0	0	0	0	1	2	0	1	0	0	11	65	30	J	1	50	E	13	70	150	33	9	0	0	0	0	84	32	300	42	1	9	9	3	0	9	63	19	0	0	0	0	0	0	0	0	0	0	0	45	40	1	10.9292824598618	4.10180034157975	10.9539852659293
25	C	0.0	4.0	62	120	0	0	0	0	0	0	0	0	0	0	0	16	45	8	J	1	83	E	11	98	141	27	18	0	0	0	0	75	34	480	55	1	3	5	3	0	2	45	14	0	0	0	5	0	0	0	0	0	0	1	45	41	0	4.55457194132813	4.3218136323139	5.28591820517788
37	C	0.0	0.0	61	170	1	0	0	0	0	1	1	0	1	0	0	9	105	13	J	1	53	E	13	80	179	41	9	0	2	0	0	86	40	585	78	1	7	8	0	2	6	64	22	0	0	0	0	0	0	0	0	0	0	0	45	40	0	-0.804912643172871	0.243008371663948	7.23993562319071
24	C	0.5	8.0	52	123	0	1	0	0	0	0	1	0	0	0	0	16	105	7	J	1	93	B	12	75	140	29	15	0	0	0	0	81	41	380	47	1	4	6	0	2	7	54	15	0	0	0	2	0	0	0	0	0	0	0	47	39	0	13.590457873705	13.4043882588299	6.55154507242812
16	C	1.0	1.0	65	120	0	0	0	0	0	1	1	0	0	0	0	10	15	10	J	1	20	E	9	76	149	23	10	0	0	0	0	81	29	650	68	1	5	8	2	0	2	45	13	0	0	1	0	0	0	0	0	0	0	0	46	41	0	4.76414396211841	5.65283312369957	8.47744050708247
31	C	0.0	0.0	55	137	0	0	0	0	0	0	2	0	0	0	1	12	95	7	J	1	73	E	10	78	150	37	12	0	0	0	0	79	32	565	98	1	5	9	0	2	3	50	15	0	0	0	1	0	0	0	0	0	0	0	45	39	0	5.20550036789828	4.22061478493218	6.79064389419376
22	C	30.0	6.0	62	116	1	0	0	0	0	0	0	0	0	0	1	12	85	7	J	1	80	E	11	76	137	26	14	0	0	0	0	78	30	390	52	1	8	9	3	0	3	70	22	0	0	0	0	0	0	0	0	0	0	0	44	40	0	-3.80117355745358	-4.09953458817666	-4.18797435471884
21	C	23.0	5.0	63	142	0	1	0	0	0	1	0	0	1	0	1	13	85	5	J	1	87	E	11	68	158	25	12	0	0	0	0	80	41	600	56	0	9	9	0	3	3	68	23	0	0	0	0	0	0	0	0	0	0	0	47	40	0	6.81400785261718	6.9584585377306	-3.42173348190551
27	C	15.0	15.0	60	92	0	0	0	2	0	0	2	0	0	0	0	12	55	10	J	1	67	E	12	70	116	25	12	0	1	0	0	80	30	520	59	1	9	9	2	0	5	61	18	0	0	0	0	0	0	0	0	0	0	0	46	39	0	1.11797647660527	1.47683095267073	3.5997401643984
37	C	15.0	15.0	61	102	0	1	2	1	0	0	2	0	1	0	1	11	65	12	J	1	53	E	13	70	115	40	8	0	1	0	0	75	35	465	53	1	9	9	3	0	7	55	14	0	0	0	0	0	0	0	0	0	0	0	44	39	0	16.564463121923	15.8106867994128	7.97167126738218
28	C	40.0	10.0	65	130	0	0	0	0	0	3	0	0	0	0	0	11	105	8	J	1	93	E	15	62	161	35	14	1	0	0	0	79	35	410	69	1	9	10	3	0	6	65	19	0	0	0	0	0	0	0	0	0	0	0	45	40	0	-1.61409828868504	-0.813075487155156	0.41751280683812
26	C	40.0	10.0	63	220	0	0	1	0	0	1	2	0	0	0	0	12	55	10	J	1	67	E	14	70	219	30	12	1	0	0	0	84	35	340	64	1	8	9	2	0	5	78	25	0	0	0	0	0	0	0	0	0	0	0	47	40	0	-6.92474492311032	-6.47205894497976	-4.41803273940722
29	C	0.0	0.0	61	192	5	0	2	1	0	2	2	0	4	0	0	12	105	7	H	1	63	B	13	88	197	32	12	0	0	0	0	82	32	375	57	0	7	8	3	1	5	53	17	0	0	0	2	0	0	1	1	0	0	0	46	26	0	3.47829241578073	2.57595667574899	4.60147365252675
21	C	0.0	3.0	60	105	0	1	0	0	0	1	0	0	0	0	1	15	95	10	J	1	87	E	13	76	131	24	12	0	0	0	0	84	39	440	61	0	4	8	2	0	2	62	20	0	0	0	1	0	0	0	0	0	0	0	45	42	0	8.66144973398422	9.59113209729359	-0.259107690696005
21	C	16.0	5.0	64	104	0	0	0	0	0	1	1	3	1	0	0	10	35	10	J	1	53	E	14	80	135	21	12	0	0	0	0	80	32	535	97	1	2	1	2	1	7	64	20	0	0	0	0	0	0	0	0	0	0	0	48	39	0	0.646982411832663	-0.274636502073157	3.71463838660166
20	C	0.0	0.0	61	118	0	0	0	0	0	0	0	2	2	0	0	9	25	30	J	1	27	E	14	60	143	24	9	0	0	0	0	80	32	400	64	1	6	9	3	0	0	44	14	0	0	0	0	0	0	0	0	0	0	0	47	41	0	8.28910045141022	8.33008029480602	12.0409125837272
23	C	0.0	0.0	65	104	0	0	0	0	0	0	0	1	0	0	1	12	85	5	J	1	63	E	12	80	123	24	12	0	0	0	0	82	35	410	51	0	9	9	0	3	11	57	17	0	0	0	0	0	0	0	0	0	0	0	45	38	0	4.66510330007468	2.89979551256081	6.8090542119452
21	C	30.0	6.0	64	120	0	1	0	0	0	1	0	1	0	0	0	12	45	7	J	1	60	E	12	80	143	19	12	0	0	0	0	86	35	510	54	0	5	9	3	0	3	66	20	0	0	0	0	0	0	0	0	0	0	0	47	39	0	10.9559295200545	8.88824494619998	-2.27004600757205
24	C	20.0	7.0	61	115	0	0	0	0	0	0	1	0	1	0	1	15	85	10	J	1	83	E	13	68	141	27	12	0	0	0	0	84	34	415	70	0	1	6	3	0	2	62	19	0	0	0	2	0	0	0	0	0	0	0	46	42	0	-0.0583408399594494	-1.26313579277927	0.393016861307296
32	C	4.0	17.0	65	133	0	0	0	0	0	1	2	0	1	0	0	12	75	10	J	1	73	E	13	80	158	36	12	0	1	0	0	78	33	580	98	1	6	9	2	0	1	55	16	0	0	0	0	0	0	0	0	0	0	0	47	41	0	2.62078355636864	2.34949940994151	2.65478269937085
31	C	20.0	14.0	62	191	0	1	0	0	0	0	0	1	0	0	0	12	55	10	J	1	67	E	13	78	178	28	12	1	0	0	0	81	39	430	56	0	7	9	3	0	7	63	19	0	0	0	0	0	0	0	0	0	0	0	44	39	0	12.9564746682892	12.0454488693033	3.34475623219047
24	C	10.0	9.0	67	140	0	0	0	0	0	0	1	0	1	0	1	10	85	7	J	1	80	E	12	70	145	30	12	0	0	0	0	90	36	510	94	1	2	8	0	3	3	49	14	0	0	0	1	0	0	0	0	0	0	0	46	41	0	4.21575801646747	3.29813879463455	6.75909703908557
21	C	20.0	3.0	62	145	0	0	0	0	1	0	1	0	1	0	0	10	65	7	J	1	63	E	14	60	163	24	10	0	0	0	0	87	40	400	47	0	9	10	2	0	6	67	21	0	0	0	0	0	0	0	0	0	0	0	44	41	0	-2.84711188815168	-1.64616548745753	-0.358174080662933
22	C	20.0	5.0	62	145	0	0	0	0	1	5	1	0	0	0	0	10	55	10	J	1	60	E	14	86	155	25	10	0	0	0	0	78	38	400	46	0	9	10	2	0	6	61	19	0	0	0	0	0	0	0	0	0	0	0	46	40	0	2.19133242855576	1.82407825493181	4.39205361365469
25	C	0.0	0.0	66	130	0	0	0	0	0	0	1	0	1	0	0	16	35	10	I	1	67	E	14	70	152	22	16	0	1	0	0	77	35	500	51	1	9	9	1	2	6	61	16	0	0	0	0	0	0	0	0	0	0	0	47	40	0	2.1048480590022	1.89976023213158	6.81068838123709
21	C	5.0	4.0	61	100	0	0	0	0	0	1	0	0	1	0	0	8	45	10	J	1	50	E	14	76	126	21	10	0	0	0	0	81	40	615	58	1	9	9	2	0	6	53	18	0	0	0	0	0	0	0	0	0	0	0	45	43	0	5.0719147801904	5.01611068966163	7.78711505371382
22	C	20.0	6.0	65	131	1	0	0	0	0	1	0	0	0	0	0	15	25	10	L	1	70	E	13	80	153	26	14	0	0	0	0	85	39	540	48	0	9	9	2	0	4	61	19	0	0	0	0	0	0	0	0	0	0	0	45	42	0	0.242006505851548	1.15622800155978	2.87432428177024
24	C	0.0	0.0	65	124	0	0	0	0	0	0	1	0	1	0	0	12	55	10	J	1	67	E	13	70	134	26	12	0	0	0	0	80	37	365	42	1	9	10	2	0	13	47	13	0	0	0	0	0	0	2	0	0	0	0	47	40	0	7.91749827898835	8.23542471088202	12.4950500661895
17	C	10.0	1.0	65	150	0	0	1	0	0	4	1	1	0	0	0	10	85	8	J	1	73	B	9	66	165	22	12	0	0	0	0	84	33	425	68	1	5	9	1	2	3	61	19	0	0	0	1	0	0	0	0	0	0	0	48	39	0	-0.668535043043195	0.442579427198032	3.43687174271001
22	C	0.0	4.0	62	105	0	0	0	0	0	0	1	0	0	0	1	15	105	7	I	1	93	E	14	74	124	23	16	0	0	0	0	84	37	510	77	0	9	9	0	2	0	57	17	0	0	0	0	0	0	0	0	0	0	0	45	44	0	0.644080385429216	0.0850578226661738	0.580005212443876
20	C	20.0	4.0	62	125	0	0	0	0	0	0	0	0	0	0	0	11	25	10	J	1	43	E	15	70	148	19	10	0	0	0	0	80	38	570	44	1	8	9	2	0	3	50	14	0	0	0	0	0	0	0	0	0	0	0	45	43	0	7.36449410290302	5.28775987444906	7.12541254352003
36	C	10.0	18.0	65	120	0	0	0	0	0	0	1	0	1	0	0	11	35	17	J	1	23	E	14	80	136	43	9	0	1	0	0	83	39	435	84	0	9	9	3	0	1	58	18	0	0	0	0	0	0	0	0	0	0	0	45	42	0	2.56354320360238	3.02129436735807	5.86297458142548
28	C	0.0	0.0	64	135	0	0	0	2	0	0	1	0	1	0	0	16	65	18	J	1	90	E	12	90	153	30	16	0	1	0	0	76	31	500	66	1	7	9	3	0	3	53	16	4	0	0	0	0	0	0	0	0	0	0	46	39	0	5.93149443626564	4.94415664416377	7.77660217464991
31	C	0.0	0.0	65	225	0	0	0	0	0	1	0	0	1	0	1	10	95	8	I	1	60	B	14	90	206	31	10	0	0	0	0	71	23	270	63	1	7	10	3	0	2	74	21	0	0	0	0	1	0	0	0	0	0	1	43	38	0	-6.02230404183689	-5.82018594605883	-5.56388606008388
32	C	0.0	0.0	65	235	0	0	0	0	0	1	0	0	0	0	0	11	65	8	I	1	57	B	14	70	214	32	10	0	0	0	0	81	29	460	68	0	9	8	2	0	8	55	18	0	0	1	0	0	0	0	0	0	0	0	46	39	1	7.82295331655083	2.97239662161659	6.4561562949658
22	C	40.0	5.0	65	151	0	0	0	1	0	0	1	0	0	0	1	12	65	8	J	1	83	E	11	62	183	25	12	0	0	0	0	80	33	370	57	1	8	8	2	0	10	53	16	0	0	0	0	0	0	0	0	0	0	0	46	41	0	2.38044375218207	3.77930638077558	7.32502369394937
38	C	0.0	0.0	65	123	0	0	0	0	0	1	0	0	0	0	1	14	75	7	I	1	70	B	19	65	137	43	12	0	0	0	0	77	39	320	68	1	7	9	3	0	5	55	15	0	0	0	0	0	0	0	0	0	0	0	45	40	0	3.41258334171029	2.92797901431431	3.81369194843703
21	C	0.0	0.0	68	128	0	0	0	0	0	0	0	0	0	1	1	12	95	7	J	1	80	E	10	78	145	19	12	0	0	0	0	80	34	355	52	0	8	9	2	0	5	65	19	0	0	0	0	0	0	0	0	0	0	0	45	39	0	-0.713053949655495	-1.23195517017611	-0.556311817458743
22	C	0.0	0.0	68	136	0	0	0	0	0	0	0	0	0	0	0	12	35	10	J	1	63	E	11	70	152	21	12	0	0	0	0	80	31	540	64	0	9	9	2	0	5	57	18	0	0	0	0	0	0	0	0	0	0	0	46	41	0	3.69299416400095	3.11394340400642	5.32089453772886
32	C	20.0	17.0	64	170	0	0	0	0	0	0	0	1	0	0	0	12	35	8	J	1	43	E	14	60	160	40	11	0	0	0	0	82	39	390	64	0	5	9	3	0	0	60	18	0	0	0	0	0	0	0	0	0	0	0	44	41	1	0.71732224891511	-0.300622231978914	-0.943907345062883
40	C	0.0	22.0	61	145	0	2	0	0	0	3	1	0	0	0	0	11	55	20	J	1	37	B	12	82	172	43	9	2	1	0	0	78	32	560	54	0	8	8	3	0	1	51	15	0	0	0	0	0	0	0	0	0	0	0	46	40	0	15.7827362014506	15.4792852509626	8.14491261749463
42	C	40.0	21.0	61	125	0	0	0	0	0	0	1	0	0	0	0	12	65	10	J	1	50	E	13	84	136	46	10	0	2	0	0	76	29	230	50	0	9	9	3	0	4	65	19	0	0	0	0	0	0	0	0	0	0	0	46	40	0	-0.259532051236692	-0.283923176960715	1.77170227751784
19	C	0.0	1.0	64	125	0	0	0	0	0	0	0	0	1	0	0	13	5	10	J	1	53	E	11	86	115	21	13	0	0	0	0	85	34	310	55	0	3	9	3	0	11	66	19	0	0	0	0	0	0	0	0	0	0	0	46	40	0	2.81237713058163	0.842312493514746	4.84135446711828
23	C	0.0	0.0	63	115	0	0	0	0	0	0	1	0	1	0	1	16	95	10	A	1	93	E	11	72	137	25	17	0	0	0	1	81	38	465	60	1	9	9	0	3	3	54	18	0	0	0	0	0	0	0	0	0	0	0	47	39	0	2.59549773475698	3.42094671499629	6.83431504341427
31	C	0.0	0.0	61	161	0	0	0	0	0	0	0	0	2	0	0	0	85	13	F	1	50	E	13	80	171	31	5	0	0	0	0	80	40	570	87	1	8	9	0	2	5	70	20	0	0	0	0	0	0	0	0	0	0	0	45	41	1	3.60614126733344	-1.51465550528358	4.17931962081768
35	C	25.0	13.0	61	130	0	0	0	0	0	0	1	0	3	1	0	10	35	13	J	1	23	E	12	78	146	47	9	0	1	0	0	84	40	390	43	1	6	10	2	0	5	72	21	0	0	0	0	0	0	0	0	0	0	0	44	33	0	-2.70303053343474	-2.28690710016518	1.41432374944999
32	C	3.0	19.0	64	185	1	1	0	1	0	1	0	1	1	0	0	11	55	15	J	1	63	E	12	100	210	40	12	0	0	0	0	82	32	510	59	0	7	8	2	0	6	61	18	0	0	0	0	0	0	0	0	0	0	0	45	39	0	13.4630083902399	12.4284988032126	5.79970179424528
27	C	0.0	9.0	65	140	0	0	0	0	0	0	2	0	0	0	0	12	75	10	H	1	63	B	11	70	134	30	12	0	3	0	0	82	37	310	66	0	8	10	0	2	13	56	17	0	0	0	0	0	0	0	0	0	0	0	45	40	0	6.61761858407722	5.33743359414454	12.1064161837053
32	C	0.0	0.0	59	132	0	0	0	0	0	1	1	0	0	0	0	10	45	17	J	1	50	E	13	70	159	37	11	0	0	0	0	76	31	460	73	1	9	9	3	0	4	57	16	0	0	0	0	0	0	0	0	0	0	0	45	43	1	7.30338035901293	4.16771814244025	7.91165596255401
21	C	0.0	8.0	66	125	0	0	2	0	0	1	0	0	1	0	0	12	45	8	J	1	60	E	16	54	147	24	12	0	0	0	0	74	33	435	76	1	9	9	2	0	7	53	17	0	0	0	0	0	0	0	0	0	0	0	46	39	0	3.1402451254809	4.60248077253095	6.75022394334518
21	C	20.0	6.0	65	118	0	0	0	0	0	0	0	1	1	0	1	12	75	5	J	1	73	E	10	70	137	24	12	0	0	0	0	84	34	265	48	0	5	7	3	0	2	55	17	0	0	0	0	0	0	0	0	0	0	0	44	39	0	2.00394855116976	-0.0855217168184059	-0.642404996332858
23	C	0.0	4.0	64	116	0	1	1	0	0	0	1	0	1	0	0	12	65	10	I	1	67	B	14	58	144	24	12	0	1	0	0	83	40	490	59	1	9	10	2	0	1	48	15	0	0	0	0	0	0	0	0	0	0	0	47	40	0	13.66451378379	15.75165973555	4.74661107180708
18	C	20.0	3.0	64	135	0	0	0	0	0	0	0	0	1	0	1	8	65	8	J	1	70	E	12	54	160	26	10	0	0	0	0	80	40	485	51	0	9	9	3	0	0	56	16	0	0	0	0	0	0	0	0	0	0	0	45	40	0	1.0682964073821	0.914781866637987	-0.191246314350868
18	C	10.0	3.0	64	115	0	0	0	0	0	0	0	0	0	1	0	11	55	10	J	1	63	E	12	76	144	19	12	0	0	0	0	81	38	380	70	1	9	9	2	0	1	65	19	0	0	0	0	0	0	0	0	0	0	0	43	39	0	-1.54508067718001	-1.55721355122751	-1.11133922564311
29	C	0.5	3.0	65	142	0	0	0	0	0	2	0	0	0	0	1	12	65	7	J	1	50	E	12	80	157	32	11	0	0	0	0	88	40	510	65	0	7	9	3	0	8	60	16	0	1	0	0	0	0	0	0	0	0	0	44	41	1	4.20562332306453	1.97149069629632	4.09173708795189
22	E	6.0	3.0	70	185	0	0	0	0	0	2	0	1	1	0	0	6	45	7	F	1	53	E	12	90	180	26	12	0	0	0	0	85	39	505	47	0	6	10	0	4	0	49	13	0	0	0	1	1	0	0	0	0	0	1	46	41	0	2.939792978582	3.43980807440435	4.66058861830557
36	C	0.0	0.0	64	175	0	0	0	0	0	0	1	0	1	0	0	12	105	8	H	1	85	B	12	80	182	40	12	0	1	0	0	80	36	335	72	0	8	9	3	0	3	58	15	0	0	0	0	0	0	0	0	0	0	0	47	37	0	-0.159243265833241	1.32635883505252	1.6551381628417
31	C	0.0	6.0	63	187	0	0	0	0	0	0	1	0	0	0	0	12	55	14	J	1	43	B	15	80	183	32	8	0	0	0	0	83	39	425	63	0	9	9	2	0	6	62	22	0	0	0	0	0	0	0	0	0	0	0	46	40	0	3.18372037243509	2.38246503711302	6.31756530292435
25	C	0.0	5.0	62	113	0	0	0	0	0	0	0	0	0	0	1	12	85	5	J	1	83	E	17	80	134	25	12	0	0	0	0	79	36	465	97	1	7	7	3	0	3	78	23	0	0	0	0	0	0	0	0	0	0	0	45	41	0	-10.5473056081865	-10.139330982517	-10.5111742596988
36	C	13.0	15.0	63	140	0	0	0	2	0	0	1	1	0	0	0	11	55	20	J	1	53	E	11	60	175	36	10	0	2	1	0	84	32	605	72	1	8	8	2	0	12	56	16	0	0	0	0	0	0	0	0	0	0	0	44	40	0	6.35052616055698	5.4673475025619	12.8778005364703
19	C	5.0	2.0	63	140	0	0	0	0	0	0	0	0	0	0	0	12	45	5	G	1	73	E	10	75	158	22	12	0	0	0	0	78	34	375	37	0	9	9	3	0	0	56	17	0	0	0	0	0	0	0	0	0	0	0	43	39	0	-1.12978377929148	-0.298900707000162	-3.12435951719125
36	C	5.0	20.0	59	152	0	0	0	1	0	1	2	0	1	1	0	8	55	9	F	1	57	E	12	80	195	42	12	0	0	0	0	86	42	510	66	1	8	9	3	0	11	48	15	0	0	0	0	0	0	0	0	0	0	0	46	39	1	12.1925449441288	7.44122764445307	11.0812691132698
21	C	15.0	3.0	63	140	1	0	0	0	0	0	0	0	0	0	1	8	85	10	J	1	73	E	13	70	167	24	12	0	0	0	0	84	38	450	40	1	9	9	2	0	10	58	19	0	0	0	0	0	0	0	0	0	0	0	47	40	0	5.34121763697337	3.73284531300448	7.17178019278143
35	C	0.0	0.0	63	117	0	0	0	0	0	1	1	1	1	0	0	9	95	16	J	1	73	E	13	64	133	29	12	0	1	0	0	70	23	465	38	1	2	6	2	0	10	24	6	8	0	0	4	0	0	2	1	0	0	5	45	33	0	13.3026641790421	12.9623188087104	18.9707594090882
21	C	2.0	6.0	61	140	0	0	0	0	0	0	0	0	0	0	0	12	45	10	J	1	60	E	12	90	161	21	11	0	0	0	0	80	35	560	59	1	9	10	3	0	4	58	19	0	0	0	0	0	0	0	0	0	0	0	46	39	0	2.1701232163726	2.48303457208902	4.3872700755959
33	C	0.0	0.0	62	107	0	0	1	0	0	0	0	2	0	0	0	12	55	10	J	1	47	E	13	78	118	32	9	0	0	0	0	81	36	430	62	1	9	10	2	0	2	60	18	0	0	0	0	0	0	0	0	0	0	0	44	40	0	-1.7200428866494	1.18049613651393	2.46604810028964
22	C	15.0	4.0	62	130	0	0	0	0	0	0	0	0	1	0	0	12	45	7	J	1	70	E	13	80	135	20	12	0	0	0	0	83	32	510	72	0	5	9	2	2	1	62	19	0	0	0	1	0	0	0	0	0	0	0	45	39	0	0.0558351591484891	-1.21480169476656	-2.08558679807496
23	C	2.0	3.0	66	125	0	0	0	0	0	1	0	1	1	0	1	15	95	10	J	1	93	E	12	60	142	28	18	0	0	0	0	82	36	475	52	0	9	10	0	2	5	46	14	0	0	0	0	0	0	0	0	0	0	0	45	43	0	7.49325505355699	6.70464211454486	10.8856995147626
21	C	0.0	3.0	63	117	0	0	0	0	0	0	0	1	1	0	1	12	105	7	J	1	63	E	11	76	140	32	12	0	0	0	0	79	41	320	66	1	2	9	2	0	7	57	17	0	0	0	1	0	0	0	0	0	0	0	44	39	0	1.98143194613553	2.7617811043729	4.38410732303721
21	C	0.0	0.0	63	150	0	0	0	0	0	2	0	0	1	0	0	12	85	8	L	1	63	B	11	66	175	22	12	0	0	0	0	68	31	385	66	0	9	9	3	0	5	63	19	0	0	0	0	0	0	0	0	0	0	0	45	37	0	-0.482948492127818	0.1683809478237	1.60936080979126
30	C	3.0	11.0	64	165	0	0	0	0	0	1	1	1	1	0	0	9	75	15	I	1	47	B	13	90	175	36	4	0	1	0	0	83	39	600	56	0	5	5	3	0	3	60	18	0	0	0	2	0	0	0	0	0	0	0	46	40	1	6.31175024576882	1.27874586508295	5.30602146423039
35	C	2.0	18.0	64	133	0	0	0	0	0	0	0	0	0	0	1	11	95	10	J	1	70	E	13	100	147	39	12	0	1	0	0	81	36	330	62	0	9	9	2	0	1	62	16	0	0	0	0	0	0	0	0	0	0	0	43	41	0	-0.603263009311362	-0.364987165237792	-0.0309595265365195
20	C	10.0	6.0	65	113	0	0	0	0	0	0	0	0	0	0	0	12	35	10	J	1	33	E	13	74	143	23	8	0	0	0	0	83	35	540	53	0	9	9	3	0	3	45	15	0	0	0	0	0	0	0	0	0	0	0	44	40	0	6.5475299103746	7.01095337767646	9.04051899313284
20	C	10.0	7.0	64	115	0	0	0	0	0	0	0	0	1	0	0	12	75	15	J	1	40	E	13	62	134	24	6	0	0	0	0	84	30	450	71	0	8	9	2	0	7	63	21	0	0	0	0	0	0	0	0	0	0	0	45	40	0	1.81806197718812	2.38941859337122	6.88422085690212
17	C	0.0	3.0	69	155	0	0	0	0	0	0	1	0	0	0	0	10	5	5	J	1	47	E	11	74	183	25	14	0	0	0	0	80	33	510	59	0	9	9	1	2	7	61	18	0	0	0	0	0	0	0	0	0	0	0	44	41	1	4.57434296184154	0.6925331115307	3.84250343899973
25	C	0.0	0.0	67	125	0	0	0	0	0	0	0	3	1	0	0	12	45	10	J	1	70	E	12	82	130	32	12	0	0	0	0	82	37	340	68	0	9	10	2	0	3	62	19	0	0	0	0	0	0	0	0	0	0	0	41	41	0	1.21687932226906	0.427995047727509	1.75025881987019
18	C	0.0	0.0	60	103	0	0	0	0	0	0	0	0	1	0	0	10	25	18	J	1	17	E	13	82	135	18	9	0	0	0	0	82	33	440	38	0	9	9	3	0	3	44	13	0	0	0	0	0	0	0	0	0	0	0	43	39	0	7.21461056904646	8.80817961687131	12.9580408906623
19	C	0.0	0.0	59	115	0	0	0	0	0	0	0	0	0	0	0	9	35	20	J	1	33	E	13	60	136	19	10	0	0	0	0	79	34	430	38	0	8	9	2	0	6	66	22	0	0	0	0	0	0	0	0	0	0	0	45	38	0	2.77791727168989	1.54301664063958	6.70952889968524
26	C	20.0	8.0	65	165	0	0	0	0	0	0	1	0	0	0	0	12	65	8	F	1	57	E	12	70	179	37	10	0	0	0	0	83	33	480	59	0	3	8	3	0	4	42	14	0	0	0	0	0	0	0	0	0	0	0	45	39	0	8.08318754779165	6.20212349013278	8.47134655402004
19	C	10.0	3.0	65	121	0	0	1	0	0	0	0	0	3	0	0	9	55	20	L	1	43	E	13	76	131	22	11	0	0	0	0	76	27	270	43	0	9	9	5	0	6	25	14	0	1	0	0	0	0	0	1	0	0	2	46	31	0	14.5638696083769	13.9388831521648	19.0358345555476
20	C	15.0	4.0	65	148	0	0	0	0	0	0	0	0	0	0	0	10	35	10	L	1	33	E	13	68	155	23	11	1	0	0	0	70	22	320	49	1	9	8	3	0	7	42	14	0	0	0	5	0	0	0	1	0	0	2	46	21	0	7.1765602068029	7.8152874931395	12.2276083515636
21	C	10.0	5.0	60	84	0	0	0	0	0	0	0	0	0	1	0	12	55	15	J	1	63	E	12	58	107	22	12	0	0	0	0	84	34	485	38	1	8	9	2	0	7	65	20	0	0	0	0	0	0	0	0	0	0	0	45	41	0	-1.35142338856836	1.23502244915625	5.31574806133419
18	C	0.0	0.0	64	115	0	0	1	0	0	1	0	0	1	0	0	10	35	10	J	1	53	E	12	80	128	19	12	0	1	0	0	81	34	335	34	1	9	10	3	0	6	58	18	0	0	0	0	1	0	0	0	0	0	0	45	37	1	4.61818283185867	3.11312099402609	5.81494024203375
18	C	0.0	0.0	64	115	0	0	1	0	0	1	0	0	1	0	0	10	35	10	J	1	53	E	12	80	128	19	12	0	1	0	0	78	34	340	41	0	6	9	3	0	4	62	18	0	0	0	0	0	0	0	0	0	0	0	44	37	1	3.0000331199819	0.958795326201012	2.97249555123682
19	C	0.0	0.0	64	110	0	0	0	0	0	1	2	0	0	0	0	10	65	10	J	1	80	E	12	86	130	21	12	0	1	1	0	74	29	440	45	0	8	8	2	0	8	54	17	0	0	0	0	0	1	0	0	0	0	0	45	39	0	3.33267148392592	3.57253120032708	7.40074680331902
28	C	30.0	15.0	67	129	0	0	0	0	0	0	0	0	1	0	0	10	45	7	J	1	60	E	14	78	157	27	11	0	1	0	0	83	35	530	60	1	9	9	2	0	7	56	18	0	0	0	0	0	0	0	0	0	0	0	50	41	0	3.22253316329109	3.17959960114552	4.85800977987755
23	C	0.0	4.0	61	126	0	0	0	0	0	1	1	0	0	0	1	12	65	20	F	1	67	E	15	60	126	37	12	0	0	0	0	87	39	400	72	0	3	6	0	2	4	62	16	0	0	0	0	0	0	0	0	0	0	0	45	41	0	1.42217736739463	1.28725560236103	8.6694604409301
24	C	5.0	9.0	65	150	1	0	0	0	0	2	1	0	0	0	0	10	65	13	J	1	90	B	12	72	173	31	16	1	0	0	0	77	29	310	46	0	9	9	3	0	6	62	17	0	0	0	0	0	0	0	0	0	0	0	44	34	0	2.0933350213012	1.62353657361779	4.50232112680856
28	C	0.0	11.0	68	130	0	0	0	0	0	0	0	0	0	0	0	13	75	6	L	1	67	E	14	78	158	27	18	0	0	0	0	82	38	485	62	0	9	10	1	2	6	55	16	0	0	0	0	0	0	0	0	0	0	0	44	42	0	1.90698020468527	3.00505076130791	6.18719561163609
22	C	0.0	1.0	62	167	0	0	0	1	0	0	0	1	2	0	0	13	75	10	D	1	93	E	11	70	185	24	13	0	0	0	0	79	35	470	59	0	9	9	2	0	8	58	18	0	0	0	0	0	0	0	0	0	0	0	47	45	0	4.52489980212464	3.06986999291629	5.64762705659015
37	C	0.0	0.0	65	140	0	2	0	0	0	0	2	0	1	0	0	12	55	12	J	1	57	E	15	70	146	38	11	0	0	0	0	83	36	450	58	1	7	8	2	0	3	65	18	3	0	0	4	1	0	0	0	0	0	2	45	38	1	2.21189114483709	9.46483446268566	1.16625002393718
34	C	0.0	18.0	62	94	0	0	0	0	0	2	1	0	2	0	0	8	45	20	J	1	53	E	16	74	117	42	12	0	0	0	0	84	37	400	70	1	9	9	3	0	6	57	17	0	0	0	0	0	0	0	0	0	0	0	46	39	0	4.16503612592567	5.00791313253997	9.85151048176842
33	C	20.0	12.0	52	133	0	0	0	0	0	0	1	1	1	0	1	9	65	10	J	1	50	E	11	85	156	37	9	0	0	0	0	78	32	390	79	1	9	9	3	0	3	68	18	0	0	0	0	0	0	0	0	0	0	0	44	40	1	-0.545109777803546	-1.94053382916192	-0.288785961691026
41	C	0.0	0.0	67	125	0	0	0	0	0	0	2	1	0	0	0	12	55	8	J	1	87	E	14	68	147	38	18	0	2	0	0	73	33	365	54	0	7	10	2	0	8	72	21	0	0	0	0	0	0	0	0	0	0	0	45	38	0	-3.13053605733933	-3.50017117245998	-1.6158560461938
35	C	15.0	21.0	63	128	0	0	0	0	0	0	2	1	1	1	0	12	65	18	J	1	57	E	12	74	131	37	10	0	4	0	0	90	33	370	67	1	9	9	2	0	2	67	20	0	0	0	0	0	0	0	0	0	0	0	47	40	1	3.7431285212067	-0.645547106020784	2.26711430890202
29	C	5.0	13.0	64	124	0	0	0	0	0	1	1	1	2	0	0	12	95	12	J	1	73	E	13	86	144	30	12	0	1	0	0	79	30	495	72	1	9	9	2	1	6	41	11	0	0	0	0	0	0	0	0	0	0	0	47	37	0	10.5356848057364	8.92484041019401	11.9114970435479
22	C	15.0	3.0	68	160	0	0	0	0	0	0	0	0	0	0	0	13	25	15	L	1	70	E	13	64	174	23	13	1	0	0	0	86	40	410	55	0	7	8	0	2	2	50	17	0	0	0	0	0	0	0	0	0	0	0	48	40	0	6.92765929293919	4.48586483157157	10.1567517152866
21	C	0.0	2.0	66	128	1	0	0	0	0	0	0	1	1	0	1	12	65	7	J	1	73	E	13	70	140	22	12	0	0	0	0	83	38	550	60	1	9	10	0	3	2	55	15	0	0	0	0	0	0	0	0	0	0	0	47	40	0	2.43192958612905	2.09683683991306	4.20244739611036
21	C	20.0	7.0	64	145	0	0	0	1	0	0	1	0	2	0	0	12	65	7	J	1	73	E	11	84	158	25	12	0	0	0	0	77	31	505	43	0	9	9	2	0	6	46	14	0	0	0	0	0	0	0	0	0	0	0	46	39	0	5.7013341353939	6.20090802517708	7.38245453239858
22	C	0.0	0.0	66	130	0	0	0	0	0	1	2	2	0	1	1	12	45	5	J	1	73	E	13	68	154	43	12	0	0	0	0	79	35	325	67	0	9	9	2	0	1	74	22	0	0	0	0	0	0	0	0	0	0	0	45	41	0	-8.11652072491705	-7.59336029864894	-9.77133082437964
23	C	0.0	0.0	66	135	0	0	0	0	0	0	2	1	0	0	0	13	55	10	J	1	77	E	13	80	158	44	12	0	0	0	0	77	28	440	98	0	5	9	2	0	8	57	18	4	0	1	0	0	0	0	0	0	0	1	46	40	0	2.53477424415945	3.65802582252321	6.5184520486125
18	C	0.0	2.0	62	105	0	0	0	0	0	0	0	0	0	0	0	12	95	10	J	1	60	E	12	70	129	23	12	0	0	0	0	81	35	320	78	0	5	8	0	3	2	63	19	0	0	0	0	0	0	0	0	0	0	0	43	38	0	-1.57701576017233	-1.22758992072307	3.29424570359559
41	C	0.0	5.0	58	90	0	0	0	0	0	0	0	0	0	0	0	12	35	10	J	1	57	E	13	86	100	32	12	0	0	0	0	75	29	290	64	1	7	9	2	0	1	73	19	0	0	0	0	0	0	0	0	0	0	0	45	39	1	-4.68430415916279	-5.1944798670056	-4.67513355314798
21	C	10.0	8.0	64	120	0	0	0	0	0	0	1	0	2	1	1	13	95	20	J	1	70	E	17	48	153	25	12	0	0	0	0	83	34	505	66	1	9	9	0	2	6	61	18	0	0	0	0	0	0	0	0	0	0	0	46	40	0	2.47908965413553	3.3700792370838	10.366784036833
22	C	15.0	8.0	64	120	0	0	0	0	0	0	0	0	0	1	0	13	55	8	J	1	67	E	17	80	149	26	12	0	0	0	0	79	32	510	80	0	8	9	0	2	0	66	21	0	0	0	0	0	0	0	0	0	0	0	45	40	0	-4.74467644655986	-2.98369289776144	-1.6065658302245
38	C	30.0	20.0	62	180	3	0	0	0	0	0	1	0	1	0	0	11	45	12	J	1	60	E	11	58	185	41	12	0	1	0	0	80	35	340	61	1	6	8	2	0	0	67	20	0	0	0	2	0	0	0	0	0	0	3	47	40	0	-3.40391769316603	-3.7330974993733	-2.35958259638394
18	C	0.0	2.0	66	130	0	0	0	0	0	0	0	0	2	0	0	13	105	10	K	1	87	E	11	70	152	21	14	0	0	0	0	84	36	390	66	0	9	9	0	2	9	52	15	0	0	0	0	0	0	0	0	0	0	0	46	39	0	6.24128869612713	5.73818231652587	11.1685460002459
21	C	0.0	4.0	65	120	0	0	0	0	0	0	0	0	1	1	0	12	75	10	J	1	73	E	12	68	140	21	12	0	0	0	0	78	39	370	66	0	9	9	2	0	6	54	16	0	0	0	0	0	0	0	0	0	0	0	45	39	0	2.94409190704839	4.36435775178586	6.72743766445091
22	C	20.0	10.0	67	127	0	1	0	0	0	1	0	0	2	0	0	12	75	7	L	1	53	B	14	72	136	21	9	0	0	0	0	80	34	320	53	1	9	9	2	0	10	67	20	0	0	0	0	0	0	0	0	0	0	0	47	41	1	0.657342779727225	10.2595504010673	1.37611572299559
20	C	10.0	4.0	62	145	0	0	0	0	0	0	2	0	0	0	0	12	35	7	J	1	47	E	10	78	167	22	11	0	0	0	0	85	35	530	93	1	8	10	1	2	1	59	17	0	1	0	0	0	0	0	0	0	0	0	47	40	0	1.17688421693759	0.462630886161472	2.47377897360995
22	C	0.0	0.0	55	118	0	0	0	0	0	1	0	0	1	0	0	13	95	7	K	1	93	E	11	60	136	23	14	0	0	0	0	84	31	410	76	0	9	9	0	3	8	56	16	0	0	0	0	0	0	0	0	0	0	0	45	42	0	3.81149128686193	3.15076915203607	6.99639413238891
21	C	0.0	0.0	65	118	0	0	0	0	0	0	0	0	0	0	0	15	55	8	L	1	87	E	13	72	139	25	16	0	0	0	0	81	33	470	67	0	9	9	0	2	5	49	15	0	0	0	0	0	0	0	0	0	0	0	43	41	0	3.48545646927033	5.29793539390445	8.83029496600742
22	C	0.0	0.0	64	123	0	0	0	0	0	0	0	0	1	0	0	16	55	8	L	1	87	E	13	72	140	25	16	0	0	0	0	81	33	685	67	1	9	9	2	0	8	58	18	0	0	0	0	0	0	0	0	0	0	0	48	38	0	1.90736530403843	2.61991375506774	4.55726394071464
20	C	20.0	3.0	62	121	0	0	0	0	0	1	1	0	0	0	0	11	35	10	J	1	43	E	13	68	140	23	11	0	0	0	0	82	33	450	51	1	8	9	3	0	1	53	16	0	0	0	0	0	0	0	0	0	0	0	46	37	0	4.57783912332085	3.45701047157368	4.29743398746707
32	C	10.0	13.0	66	155	0	0	0	0	0	0	0	0	0	0	0	9	75	14	J	1	73	E	14	98	163	35	12	0	0	0	0	67	26	475	63	0	9	9	2	0	1	64	20	0	0	0	0	0	0	0	0	0	0	0	43	40	0	0.525278566640434	-0.495353824350143	0.848928802960445
27	C	0.0	8.0	65	130	0	0	0	1	0	0	1	0	1	0	0	16	105	8	J	1	93	E	14	74	158	31	17	0	0	0	0	79	32	510	47	1	9	9	1	1	1	59	18	0	0	0	0	0	0	0	0	0	0	0	48	40	0	-0.629984210819852	0.204001796711622	1.8676827672999
31	C	20.0	12.0	65	105	0	0	0	0	0	0	0	0	0	0	0	12	55	18	J	1	67	E	16	70	128	32	12	0	0	0	0	82	34	450	73	1	9	10	3	0	1	62	18	0	0	0	0	0	0	0	0	0	0	0	46	40	0	2.08980379500485	0.963634001089507	3.18004352881129
22	C	0.0	0.0	66	118	0	0	0	0	0	1	1	0	1	1	1	15	85	5	J	1	93	E	12	80	140	24	18	0	0	0	0	87	39	410	77	1	7	9	0	2	6	62	16	0	0	0	1	0	0	0	0	0	0	0	46	42	0	-0.110042657344206	-0.543199161660517	1.49769735596764
21	C	0.0	0.0	65	123	0	0	0	0	0	0	0	1	0	0	0	17	35	10	G	1	77	E	13	80	134	21	15	0	0	0	0	80	37	480	42	1	8	9	0	3	5	49	15	0	0	0	0	0	0	0	0	0	0	0	47	40	0	5.58396673398879	5.94959612444968	10.4016828505264
32	C	30.0	20.0	61	92	0	0	0	0	0	0	0	5	0	0	0	11	25	8	J	1	47	E	12	68	117	26	12	0	0	0	0	77	40	470	87	0	8	9	2	0	5	80	23	0	0	0	0	0	0	0	0	0	0	0	43	41	0	-9.38562957443217	-7.80658098859736	-6.15410661503768
26	C	20.0	7.0	62	120	0	1	0	0	0	1	1	0	0	0	0	12	35	8	J	1	63	E	12	80	134	27	12	1	0	0	0	82	38	300	57	1	5	9	2	0	6	69	22	0	0	0	1	0	0	0	0	0	0	0	44	38	0	8.84997056512629	8.66799463402852	-1.02869350039099
20	C	6.0	1.0	65	135	0	0	0	0	0	0	1	0	1	0	0	12	85	10	K	1	80	E	16	70	146	20	13	0	0	0	0	77	37	370	58	1	9	9	1	2	7	64	20	6	0	0	0	0	0	0	0	0	0	1	46	39	0	1.27875975612774	0.713842951652696	5.68428719349226
26	C	0.0	2.0	64	110	0	0	0	0	0	0	0	1	1	0	0	16	45	7	P	1	83	E	12	64	129	27	17	0	0	0	0	75	33	410	61	0	9	9	0	3	6	51	16	0	0	0	0	0	0	0	0	0	0	0	44	38	0	3.75604505346652	4.61080471926566	8.06933638588957
18	C	23.0	5.0	65	109	0	0	0	0	0	2	1	0	1	0	1	12	65	10	J	1	50	E	14	66	132	20	11	0	0	0	0	79	34	385	33	0	9	9	3	0	2	64	18	0	0	0	0	0	0	0	0	0	0	0	44	42	0	-0.0525972104032927	-0.525306539026065	0.692690871496492
21	C	0.0	0.0	62	114	1	1	0	1	0	2	0	0	0	1	0	13	65	8	J	1	77	E	13	76	127	22	14	0	0	1	0	79	35	470	38	0	8	9	0	2	7	55	18	0	0	0	0	0	0	0	0	0	0	0	44	40	0	16.5109113296364	14.7306571917532	7.60320577172429
21	C	20.0	4.0	61	137	0	0	0	0	0	0	0	0	1	0	1	12	45	5	J	1	60	E	9	52	162	27	12	0	0	0	0	79	36	505	57	1	5	9	3	0	5	69	20	0	0	0	0	0	0	0	0	0	0	0	45	42	0	-5.29545771105745	-3.63263696793954	-3.828778272513
22	C	0.0	0.0	62	115	0	0	0	0	0	0	0	0	0	0	1	12	85	7	J	1	80	E	10	80	137	24	12	0	0	0	0	83	40	305	51	1	8	9	2	0	5	55	16	0	0	0	0	0	0	0	0	0	0	0	45	39	0	2.10016101117667	2.80152278971791	3.5121192101863
21	C	0.0	0.0	63	110	0	0	0	0	0	0	0	0	0	0	0	12	35	8	J	1	63	E	12	80	132	27	12	0	0	0	0	74	33	300	53	1	9	10	2	0	5	60	16	1	0	0	0	0	0	0	0	0	0	0	47	40	0	1.68620590792952	1.4088320703082	2.86056135809564
24	C	20.0	10.0	68	110	0	0	0	0	0	1	0	0	0	0	1	14	65	10	I	0	80	E	13	70	140	27	16	0	0	0	0	74	33	470	67	1	9	10	3	0	5	52	15	0	0	0	0	0	0	0	0	0	0	0	46	40	0	5.36477631302429	4.72962565415756	6.65437898204325
21	C	8.0	3.0	61	141	0	0	0	0	0	1	0	0	0	0	0	11	55	5	J	1	63	E	12	80	154	30	12	0	0	0	0	81	33	340	80	1	7	9	2	0	1	62	19	0	0	0	0	0	0	0	0	0	0	0	46	41	0	-1.91989887537146	-1.97739006245399	-3.93224846370872
34	C	0.0	0.0	63	112	0	1	3	0	0	3	2	0	0	0	0	15	65	6	J	1	67	E	11	70	125	27	12	0	0	0	0	82	33	390	45	0	9	9	2	0	11	60	16	0	0	0	0	0	0	0	0	0	0	0	47	38	0	12.5308359720892	12.877025069015	3.46594145916189
28	C	0.0	0.0	59	126	0	0	0	0	0	0	0	0	0	0	0	0	45	15	F	1	70	E	16	70	140	29	12	2	0	1	0	80	33	340	50	1	9	9	2	0	6	62	19	0	0	0	0	0	0	0	0	0	0	0	45	40	0	2.41979966472933	2.18795837029352	5.85862697020045
29	C	0.0	0.0	64	117	0	0	0	0	0	0	1	0	1	0	0	12	55	12	J	1	53	E	12	80	138	34	10	2	0	1	0	86	39	420	55	1	9	9	3	0	9	33	10	0	0	0	0	0	0	2	0	0	0	1	47	38	0	11.8192450793809	11.8375047102659	16.0329886040384
21	C	0.0	0.0	65	119	0	0	0	0	0	0	0	0	0	0	1	12	35	7	J	1	63	E	11	64	142	22	12	0	0	0	0	81	36	455	81	1	9	9	3	0	1	66	21	0	0	0	0	0	0	0	0	0	0	0	45	42	0	-2.52962557095796	-2.84755317326489	-3.61030906521813
27	C	40.0	13.0	64	128	0	0	0	0	0	0	0	0	0	0	0	10	55	12	J	1	77	E	13	78	144	29	12	1	0	0	0	76	37	350	50	0	9	10	2	0	1	65	20	0	0	0	0	0	0	0	0	0	0	0	43	40	0	-1.11011486554252	-1.32006230446929	-0.532128891368833
41	C	0.0	0.0	62	158	1	0	0	0	0	0	0	0	1	0	0	10	75	10	J	1	73	E	13	80	173	45	11	0	0	0	0	85	40	500	78	0	9	9	3	0	2	65	20	0	0	0	0	0	0	0	0	0	0	0	45	41	0	-0.495717949285903	-1.25139410487026	-0.441965310228476
20	C	0.0	0.5	65	140	0	0	0	0	0	0	0	0	0	0	1	12	85	7	I	1	87	B	16	90	156	20	13	0	0	0	0	83	32	320	68	0	7	9	2	0	8	57	17	0	0	0	0	0	0	0	0	0	0	0	46	41	0	3.60205170664927	2.68203588475228	4.16292172951799
21	C	0.0	1.0	64	144	0	0	0	0	0	0	0	0	0	0	0	12	95	8	I	1	80	B	16	70	156	21	13	0	0	0	0	78	28	530	62	0	9	9	2	0	3	64	21	0	0	0	0	1	0	0	0	0	0	0	47	40	0	-2.20361828665467	-1.07119271159226	-0.676386982411877
26	C	3.0	4.0	62	134	0	0	1	0	0	0	0	0	0	0	0	9	5	10	F	1	60	E	13	90	164	29	16	0	0	0	0	81	33	635	54	1	6	9	0	3	7	55	17	0	0	0	0	0	0	0	0	0	0	0	46	39	0	5.18129011968259	4.56692062202609	9.91941677046415
27	C	0.5	6.0	63	148	0	0	0	0	0	0	1	0	0	0	0	12	55	10	F	1	87	E	14	80	163	30	18	0	0	0	0	76	31	330	41	1	9	9	4	0	9	58	19	0	0	0	3	0	0	0	0	0	0	2	47	33	0	2.33562589967038	3.3562413160327	6.30134838377421
21	C	10.0	4.0	63	165	0	0	0	0	0	1	2	1	1	0	0	11	45	10	J	1	70	E	12	80	205	25	12	0	1	0	0	81	37	215	45	0	7	9	3	0	8	52	15	0	0	0	0	0	0	0	0	0	0	0	41	36	0	6.50701595794748	5.57751099283534	8.57644553796542
18	C	4.0	5.0	62	110	1	1	0	0	0	0	0	0	0	0	0	11	55	5	J	1	75	E	10	70	122	22	12	0	0	0	0	86	38	380	37	0	5	9	3	0	4	69	22	0	0	0	1	0	0	0	0	0	0	0	42	42	0	7.19967849701128	6.79928623188044	-5.44895235341492
21	C	0.0	0.0	64	120	0	0	0	1	0	0	0	0	0	0	1	14	75	10	I	1	93	E	13	70	149	25	18	0	0	0	0	77	33	410	42	0	9	10	0	3	4	53	15	0	0	0	0	0	0	0	0	0	0	0	44	44	0	5.9153700609833	4.09512537718366	7.90385779327966
30	C	0.0	2.0	65	153	0	1	0	0	0	0	0	0	0	0	0	16	35	8	J	1	77	E	13	78	172	28	18	0	0	0	0	83	32	460	82	1	8	9	0	2	3	54	16	0	0	0	0	0	0	0	0	0	0	0	46	45	0	14.3846274457373	14.0018581324371	5.51298240321994
19	C	0.0	2.0	64	125	0	0	0	0	0	0	0	0	0	0	0	12	45	6	J	1	50	E	13	80	155	22	11	0	0	0	0	78	39	420	43	1	8	9	2	0	7	62	19	0	0	0	0	0	0	0	0	0	0	0	46	40	0	-0.578465092135784	0.543626409153668	1.83364862969706
19	C	10.0	3.0	62	110	0	0	0	0	0	0	0	0	1	0	0	10	25	7	J	1	37	E	11	84	135	21	11	0	0	0	0	82	32	530	69	1	5	9	3	0	1	55	17	0	0	0	0	0	0	0	0	0	0	0	47	40	0	1.05282306204871	1.95864617508611	1.69468608322322
32	C	0.0	1.0	69	194	0	0	0	1	0	0	0	0	0	0	0	10	45	12	I	1	40	B	15	65	191	33	7	0	0	0	0	83	41	380	85	0	9	9	3	0	3	55	16	0	0	0	0	0	0	0	0	0	0	0	47	41	1	5.15101030128008	3.97737369640921	6.44070339091034
31	C	0.0	0.0	61	115	0	0	0	0	0	4	4	1	0	0	0	12	75	5	J	1	73	E	10	70	130	32	12	0	0	0	0	78	32	290	63	0	6	9	3	0	3	53	15	0	0	1	0	0	0	0	0	0	0	2	44	39	0	3.74300382346247	2.16690803849927	1.05488180838612
46	C	0.0	21.0	64	156	0	1	0	0	0	2	2	2	1	0	0	10	85	6	A	1	73	E	15	90	184	40	12	0	2	0	0	81	29	620	83	1	5	9	3	0	9	65	21	0	0	0	0	0	0	0	0	0	0	0	48	42	0	9.98812788196526	10.3096040007844	0.288785015950085
25	C	0.0	0.0	68	120	0	0	2	1	0	0	0	0	0	0	0	16	5	10	H	1	60	E	12	60	124	25	16	0	0	0	0	83	40	310	69	1	4	9	0	2	2	58	16	0	0	0	0	0	0	0	0	0	0	0	46	41	0	0.603056628769994	1.97245487645499	5.50134488747324
36	C	10.0	15.0	63	130	0	0	0	0	0	0	0	0	0	0	0	10	55	8	J	1	57	E	13	80	154	32	12	0	0	0	0	81	34	380	61	1	8	9	2	0	7	66	19	0	0	0	0	0	0	0	0	0	0	0	47	39	1	0.885661409569093	-0.55896431476354	1.59657945474135
26	C	0.0	1.0	64	175	0	0	0	0	0	0	2	0	0	0	0	12	85	10	I	1	70	B	13	70	177	45	12	0	0	0	0	79	35	600	56	1	9	10	0	3	3	55	14	0	0	0	0	0	0	0	0	0	0	0	48	41	0	5.97046944866146	3.34503046163255	7.15718783834547
21	C	20.0	3.0	64	116	3	0	0	0	0	0	0	0	0	0	0	12	55	10	J	1	67	E	11	68	143	22	12	0	0	0	0	84	40	560	85	0	9	9	2	0	2	58	19	0	0	0	0	0	0	0	0	0	0	0	45	40	0	1.3251814358275	1.71900182481864	2.65876175459117
23	C	0.0	0.0	58	105	0	0	0	0	0	0	0	0	1	0	0	10	15	10	A	1	40	E	12	60	116	22	12	0	0	0	0	76	33	310	32	0	1	8	4	0	1	51	15	0	0	0	1	0	0	0	0	0	0	0	42	40	0	3.25348045728855	3.02768503881804	4.93804022169363
17	C	10.0	2.0	63	118	0	0	0	0	0	0	1	0	0	0	0	12	15	7	J	1	43	E	14	70	136	20	12	0	0	0	0	79	37	390	41	1	9	9	2	0	0	62	20	0	0	0	0	0	0	0	0	0	0	0	46	37	0	-0.291951233901234	-1.44515951304246	-2.55536556266915
18	C	4.0	2.0	60	126	0	0	0	0	0	0	0	0	0	0	0	11	55	20	J	1	63	E	12	80	149	20	12	0	0	0	0	78	32	420	55	1	7	9	0	2	4	55	18	0	0	0	0	0	0	0	0	0	0	0	44	40	0	6.63488068256453	5.25690437982256	11.7226879249905
21	C	0.0	0.0	66	120	0	0	0	0	0	1	0	0	1	0	0	14	45	5	J	1	83	E	13	68	146	23	15	0	0	0	0	82	40	530	60	0	8	9	0	2	5	48	15	0	0	0	0	0	0	0	0	0	0	0	46	41	0	5.34683150461293	4.49832537181474	6.43650060003565
23	C	0.0	0.0	65	135	0	0	0	0	0	1	0	0	0	0	0	12	45	8	J	1	83	E	11	75	160	24	16	0	0	0	0	84	38	510	61	0	8	9	0	2	7	67	21	0	0	0	0	0	0	0	0	0	0	0	45	44	0	-0.715862458308315	-1.17107604779375	2.99049072016971
22	C	6.0	7.0	64	135	0	0	0	0	0	1	1	0	0	0	1	12	45	20	J	1	70	B	10	58	162	22	12	0	1	0	0	81	36	500	67	1	6	8	2	0	5	54	15	0	0	0	0	0	0	0	0	0	0	0	46	38	0	4.14674617134937	4.48589911244574	9.72859574025407
31	C	0.0	1.0	65	155	0	1	0	0	0	0	1	0	0	0	0	10	55	12	A	1	77	E	13	84	174	34	12	0	1	0	0	80	36	640	64	1	9	10	2	0	1	53	15	0	0	0	0	0	0	0	0	0	0	0	46	40	0	14.6868477664306	14.3437208896979	3.73633052447747
23	C	20.0	9.0	71	136	0	0	0	0	0	0	0	0	0	0	0	16	75	10	L	1	93	E	12	86	152	27	16	0	0	0	0	78	36	430	83	1	9	9	2	0	4	45	14	0	0	0	0	0	0	1	0	0	0	1	45	39	0	5.28914171908057	6.56291172344886	7.9284139955617
18	C	0.0	3.0	62	112	0	0	0	0	0	1	0	0	1	1	1	12	75	5	J	1	70	E	12	74	141	22	12	0	0	0	0	79	38	465	51	1	8	9	3	0	6	57	22	0	0	0	0	0	0	0	0	0	0	0	45	40	0	1.95508017086956	1.58233492299836	1.57648234657232
29	C	0.0	5.0	62	115	0	0	0	0	0	0	1	0	0	0	0	11	75	12	J	1	77	B	11	90	122	32	12	0	1	0	0	81	40	455	70	1	7	9	2	0	1	60	19	5	0	0	0	0	0	0	0	0	0	0	45	42	0	1.60619597275989	0.781155829775599	1.58729785106388
37	C	0.0	11.0	65	150	0	0	2	0	0	0	2	0	0	0	0	13	75	8	D	1	73	B	12	70	165	37	12	0	0	0	0	82	38	395	63	1	7	9	2	0	1	59	17	0	0	0	0	0	0	0	0	0	0	0	47	40	0	0.94098303519669	0.291720471829813	-0.161274210132137
29	C	0.0	0.0	62	116	0	0	0	0	0	0	0	0	1	0	0	16	35	5	K	1	77	E	11	84	132	28	18	0	0	0	0	75	37	350	40	0	6	9	0	3	4	57	17	0	0	0	1	0	0	0	0	0	0	0	45	39	0	2.65488210715357	1.11739649676682	2.78080546183736
18	C	0.0	0.0	64	145	0	0	0	0	0	0	0	1	0	1	0	12	75	7	J	1	70	E	13	70	177	20	12	0	0	0	0	78	35	510	77	0	8	9	2	0	5	69	20	0	0	0	0	0	0	0	0	0	0	0	45	41	0	-2.87537236861926	-2.90817225970448	-2.0730338899935
22	C	0.0	0.0	62	118	0	3	0	0	0	1	1	1	1	0	1	13	55	10	J	1	73	E	11	78	135	30	12	0	0	0	0	79	37	385	49	0	2	9	0	2	6	60	21	0	0	0	0	0	0	0	0	0	0	0	45	43	0	13.5796337695968	13.1351739203943	6.50781273739125
18	C	5.0	3.0	64	114	0	0	0	0	0	1	1	0	0	0	1	13	95	10	O	1	93	E	14	70	131	24	17	0	0	0	0	80	39	590	93	0	7	9	0	3	2	66	20	0	0	0	0	0	0	0	0	0	0	0	45	40	0	-0.478709050824856	-1.77963787249706	1.14264909916699
21	C	0.0	3.0	64	135	0	0	0	0	0	0	0	0	1	0	0	16	105	10	J	1	93	E	11	76	162	24	17	0	0	0	0	73	29	310	47	1	8	8	1	3	7	60	16	0	0	0	0	0	0	0	0	0	0	0	46	37	0	2.87671703712415	1.05106694845467	6.81968361042446
27	C	0.0	0.0	69	138	0	0	0	0	0	0	0	0	2	0	0	18	75	10	G	1	93	E	14	84	158	24	18	0	0	0	0	79	31	320	77	1	9	9	0	3	7	60	20	0	0	0	0	0	0	0	0	0	0	0	48	36	0	1.38086519369017	2.21748594866331	6.97553412670629
28	C	0.0	0.0	70	138	0	0	0	0	0	0	0	0	3	1	0	18	55	15	G	1	87	E	14	88	159	25	18	0	0	0	0	81	39	460	62	1	9	10	0	3	1	62	20	0	0	0	0	0	0	0	0	0	0	0	50	39	0	-0.205106897860606	0.489112880685467	4.27382988150881
21	C	0.0	0.0	63	120	0	0	0	0	0	0	0	1	0	1	0	15	35	10	O	1	77	E	11	64	133	20	15	0	0	0	0	83	42	345	46	1	8	9	0	2	5	55	16	0	0	0	0	0	0	0	0	0	0	0	46	40	0	3.62121437004552	3.85379803711387	8.28772312371529
23	C	3.0	7.0	69	120	0	0	0	0	0	1	2	2	0	0	0	12	65	10	J	1	63	E	16	60	140	29	13	0	0	0	0	81	37	320	52	1	9	9	3	0	6	73	22	0	0	0	0	0	0	0	0	0	0	0	46	41	0	-3.5753410548107	-3.62209990415544	-1.1537829585408
25	C	20.0	10.0	60	115	0	0	0	0	0	0	0	0	2	0	0	11	35	5	F	1	53	E	13	72	129	25	12	1	0	0	0	77	35	385	65	1	9	9	2	0	5	62	20	0	0	0	0	0	0	0	0	0	0	0	46	36	0	-1.89966720418284	-0.459810090972984	-0.505783124362452
20	C	0.0	0.0	67	110	0	1	0	0	0	0	0	0	1	0	1	12	35	10	J	1	70	E	13	80	141	22	13	0	0	0	0	80	37	475	89	0	9	9	2	0	1	50	15	0	0	0	0	0	0	0	0	0	0	0	46	46	0	17.6558824743473	15.0555531584325	3.99214913955404
21	C	0.0	0.0	67	115	0	0	0	0	0	0	0	0	0	0	0	13	45	15	J	1	77	E	13	70	139	23	14	0	0	0	0	63	30	450	61	0	9	10	2	0	10	59	19	0	0	0	0	0	0	2	0	0	0	0	46	41	0	3.83899407062783	4.19332611241513	8.84082563386707
24	C	0.0	1.0	62	120	0	0	0	2	0	0	0	0	0	0	1	14	95	7	J	1	87	E	12	90	135	27	16	0	0	0	0	80	38	370	48	0	9	9	2	0	7	62	21	0	0	1	0	0	0	0	0	0	0	0	43	38	0	1.50079671833865	0.458424915333154	1.64310384299229
24	C	4.0	8.0	62	110	0	1	0	0	0	1	0	1	1	0	0	16	105	8	J	1	93	E	12	74	125	26	17	0	0	0	0	83	40	430	61	1	6	9	0	2	4	66	21	0	0	0	0	0	0	0	0	0	0	0	49	41	0	10.2460418970392	9.27471626229914	0.856825828684097
26	C	0.0	5.0	67	163	0	0	0	2	0	0	1	1	0	0	1	16	45	10	O	1	83	E	12	80	185	25	17	0	0	0	0	83	41	530	74	0	9	10	0	2	5	64	20	0	0	0	0	0	0	0	0	0	0	0	47	43	0	0.190417593401022	0.178332873938753	4.47616376097613
22	C	0.0	7.0	64	113	0	0	0	0	0	0	0	0	1	1	1	16	55	7	J	1	87	E	12	80	138	24	17	0	0	0	0	79	37	585	69	0	9	9	0	2	11	58	16	0	0	0	0	0	0	0	0	0	1	0	47	37	0	2.87917374133202	3.06119411394858	7.75380756015159
22	C	0.0	0.0	66	120	0	0	0	0	0	0	0	0	0	0	0	13	95	10	L	1	93	E	11	70	139	24	16	0	0	0	0	82	39	320	50	1	8	7	0	2	10	65	19	0	0	0	0	0	0	0	0	0	0	0	47	41	0	-2.59046006195024	-0.415685171052153	6.1254117922075
22	C	0.0	0.0	64	117	0	0	0	0	0	0	0	0	0	0	1	16	85	10	G	1	93	E	11	70	129	23	16	0	0	0	0	79	39	410	58	1	9	10	0	2	7	65	23	0	0	0	0	0	0	0	0	0	0	0	46	39	0	0.246857300034036	0.116267814418422	4.85610738427358
26	C	1.0	2.0	67	238	1	0	0	0	0	0	0	0	1	0	0	12	35	12	J	1	47	B	15	92	260	43	12	0	0	0	0	83	39	360	77	1	9	9	2	0	4	67	20	0	0	0	0	0	0	0	0	0	0	0	43	42	0	-1.35542048160007	-0.718888826694	1.96979660891715
33	C	13.0	13.0	66	188	0	0	0	0	0	1	1	0	0	0	1	12	85	10	J	1	37	E	11	80	195	40	6	0	1	0	1	80	38	385	43	0	8	9	2	0	4	58	16	0	0	0	0	0	0	0	0	0	0	0	45	38	1	5.47623243882501	2.77710720858499	5.08857434524137
20	C	30.0	4.0	62	123	0	0	0	0	0	0	1	2	1	0	0	10	45	15	A	1	77	E	12	70	142	21	16	0	0	0	0	78	29	370	66	1	2	4	3	0	5	60	18	0	0	0	2	0	0	0	0	0	0	0	46	38	0	1.59447807067728	1.49482265773266	5.73854792385047
32	C	35.0	19.0	64	120	0	0	0	0	0	0	0	0	1	0	0	9	35	18	J	1	33	E	11	74	144	38	9	0	0	0	0	87	40	475	55	1	4	9	2	0	7	72	22	0	0	0	0	0	0	0	0	0	0	0	46	38	0	-1.16447420640967	-1.22060135272502	3.91128581101006
23	E	0.0	0.5	65	145	0	0	0	0	0	2	0	0	0	0	0	12	75	7	B	1	53	B	17	78	170	38	10	0	0	0	0	80	40	450	48	0	9	9	0	3	3	54	15	0	0	0	0	0	0	0	0	0	0	0	45	39	0	2.92275890065335	3.07745053561591	5.98715550838443
22	C	20.0	4.0	64	120	1	1	0	0	0	0	1	0	0	0	1	12	55	10	J	1	80	E	12	78	146	22	14	0	0	0	0	78	35	525	57	0	8	9	2	0	4	62	18	0	0	0	0	0	0	0	0	0	0	0	45	40	0	11.8723072197917	11.5209805123473	1.62381231973847
35	C	0.0	0.0	62	190	0	0	0	0	0	0	2	0	0	0	0	10	45	12	J	1	63	E	13	84	200	39	12	0	1	0	0	87	36	660	60	1	8	8	2	0	10	69	21	4	0	0	0	0	0	0	0	0	0	0	48	38	0	-3.31739765589825	-1.58937686901091	3.58261574768314
21	C	10.0	3.0	60	98	0	0	0	0	0	0	0	0	3	0	0	10	35	10	J	1	57	E	11	76	108	24	12	0	0	0	0	85	40	325	49	1	7	8	3	0	3	63	18	0	0	0	0	0	0	0	0	0	0	0	46	40	0	0.730176011194017	-0.993588714923944	1.56420214887831
36	C	0.0	0.0	63	179	0	0	0	0	0	3	0	0	0	0	1	12	85	10	J	1	53	E	14	80	201	30	11	0	0	0	0	83	34	390	63	0	8	9	0	3	8	62	19	0	0	0	0	0	0	0	0	0	0	0	45	41	0	1.52290355889067	2.12737310915998	7.85833984100883
21	C	20.0	5.0	62	125	0	0	0	0	0	0	0	0	0	0	1	12	65	5	L	1	73	B	13	30	150	24	14	0	0	0	0	79	33	345	39	0	9	9	2	0	9	58	16	0	0	0	0	0	0	0	0	0	0	0	46	35	0	1.86334699777718	1.83181184948091	2.60985843801941
24	C	10.0	5.0	57	110	0	0	0	0	0	0	0	1	0	0	0	2	25	12	N	1	23	D	12	80	123	29	4	3	0	0	0	84	37	360	35	1	3	9	3	0	5	61	18	3	0	0	0	0	0	0	0	0	0	0	45	40	0	0.485489782973338	2.45540870885432	5.94710405040738
25	C	0.0	0.0	62	107	0	1	0	0	0	0	0	0	0	0	1	12	105	7	F	1	53	E	11	80	133	25	7	0	0	0	0	76	39	440	48	0	7	9	2	0	2	60	16	1	0	0	0	0	0	0	0	0	0	0	44	40	1	-0.583027941543178	11.1587339075052	-0.303222647500689
26	C	0.0	0.0	62	114	0	0	0	0	0	0	0	0	0	0	0	12	75	10	F	1	40	E	11	85	133	26	8	0	0	0	0	77	35	415	61	1	9	9	2	0	0	64	21	0	0	0	0	0	0	0	0	0	0	0	45	41	0	-0.53783039080862	-1.40409513916058	-1.26352114214854
22	C	0.0	4.0	63	127	0	0	0	0	0	0	0	0	0	0	1	16	75	5	I	1	93	E	12	80	142	21	16	0	0	0	0	83	41	385	53	1	9	10	0	2	8	68	22	0	0	0	0	0	0	0	0	0	0	0	46	40	0	-2.39429135920357	-2.70300308306113	-0.107748481584333
20	C	0.0	4.0	66	125	0	0	0	0	0	0	0	0	2	0	1	13	35	10	A	1	77	E	14	80	152	22	16	0	0	0	0	86	41	395	68	1	9	9	3	0	8	46	15	0	0	0	2	0	0	0	2	0	0	3	47	36	0	8.77919503268225	7.46320820690485	10.3566091508453
21	C	15.0	6.0	67	132	0	0	0	1	0	0	0	0	0	0	1	15	45	10	K	1	83	E	13	82	154	21	15	0	0	0	0	78	31	560	88	0	8	9	0	2	5	55	18	0	0	0	0	0	0	0	0	0	0	0	44	42	0	3.04573480317505	3.77804698584604	8.10707205628763
21	C	20.0	4.0	63	150	0	0	0	0	0	2	0	0	0	0	0	11	35	10	J	1	53	E	13	72	170	23	12	0	0	0	0	79	29	560	30	0	9	9	0	3	5	52	14	0	0	0	0	0	0	0	0	0	0	0	45	41	1	10.0277018309266	5.23670022947647	10.1017985918989
35	C	0.0	0.0	65	170	0	0	0	0	0	0	0	0	0	0	0	11	65	8	I	1	60	B	12	80	163	43	11	0	1	0	0	84	40	465	71	0	9	9	2	0	2	65	21	0	0	0	0	0	0	0	0	0	0	0	46	41	0	-1.75374798291141	-1.61199076899594	-1.31922376144603
32	C	2.0	12.0	66	155	0	0	0	0	0	0	1	1	0	0	0	12	65	10	J	1	67	E	11	72	175	36	12	0	0	0	0	78	38	410	39	0	7	9	2	0	2	50	13	5	0	1	0	0	0	0	0	0	0	2	45	38	0	5.06616816038951	4.62146715311895	5.58637909023448
43	C	0.0	0.0	63	120	0	0	0	0	0	0	1	0	1	0	1	12	35	8	F	1	77	E	16	70	151	49	18	0	1	0	0	79	37	430	69	1	9	9	0	2	5	53	15	0	0	0	0	0	0	0	0	0	0	0	47	39	0	5.7562301448647	4.0539257020368	7.74913924682855
19	C	0.0	0.0	62	122	0	0	1	0	0	3	0	0	1	0	1	12	85	7	J	1	73	E	12	80	129	21	12	0	0	0	0	82	37	550	73	1	6	8	3	0	1	64	20	0	0	0	0	0	0	0	0	0	0	0	45	37	0	-2.07473009605629	-3.26644823170319	-3.18660338376091
21	C	0.0	0.0	63	135	2	0	0	0	0	0	1	0	0	0	0	12	55	10	I	1	53	B	15	70	132	26	10	0	1	0	0	63	18	435	46	1	8	8	3	0	3	55	17	8	0	0	0	0	0	0	0	1	0	2	43	43	0	2.50150431136682	2.2300947833103	4.88596629320414
19	C	20.0	6.0	63	160	0	1	0	0	0	2	0	0	2	0	0	12	55	5	J	1	43	E	11	78	189	24	10	0	0	0	0	85	36	460	41	1	9	9	2	0	2	31	16	0	0	0	0	0	0	0	0	0	0	0	45	42	0	18.4527889190863	19.2931708440179	6.87802267945423
21	C	20.0	6.0	64	168	0	1	0	0	0	1	1	0	0	0	0	12	45	8	J	1	60	E	11	80	182	25	11	0	0	0	0	82	37	535	60	0	9	9	2	0	1	66	22	0	0	0	0	0	0	0	0	0	0	0	44	40	0	9.3983556983745	8.41959194046037	-3.26712191940321
22	E	1.0	9.0	64	118	0	2	0	0	0	2	3	0	1	0	1	14	55	10	L	1	80	E	12	54	142	21	12	0	1	0	0	84	40	475	67	0	9	9	0	3	5	51	15	0	0	0	0	0	0	0	0	0	0	0	44	42	0	16.941769349327	16.1448075786175	9.102035194616
22	C	2.0	4.0	63	120	0	0	0	2	0	0	0	0	0	0	1	16	75	10	I	1	93	E	13	86	140	23	15	0	0	0	0	84	36	405	49	0	6	9	2	2	4	62	20	0	0	0	0	0	0	0	0	0	0	0	45	41	0	-0.0131752520387503	0.452476976052628	1.76502781472822
27	C	0.0	6.0	66	165	0	0	0	0	0	0	0	0	0	0	1	16	65	10	G	1	90	E	13	78	178	22	17	0	0	0	0	79	36	355	76	0	9	9	0	2	6	66	21	0	0	0	0	0	0	0	0	0	0	0	44	39	0	0.752733001363602	-0.525798889051311	3.96428747300506
24	C	15.0	7.0	64	137	0	1	0	0	0	0	1	0	0	0	0	8	55	13	I	1	63	B	12	80	155	26	12	0	2	0	1	81	37	570	67	1	8	9	2	0	0	52	14	0	0	0	0	0	0	0	0	0	0	0	47	39	0	14.2305078926533	14.4773382464217	3.65508955676413
43	C	0.0	33.0	63	142	0	0	0	0	0	2	2	0	3	0	0	9	65	13	J	1	47	E	12	90	185	40	10	0	0	0	0	77	32	350	30	0	9	9	3	0	4	57	16	0	0	0	0	1	0	0	0	0	0	1	44	38	0	5.53379229047415	3.62763718213267	6.60461965791202
21	C	0.0	4.0	63	115	0	0	0	0	0	0	0	0	0	0	0	15	75	10	J	1	83	E	12	70	131	20	13	0	0	0	0	85	39	340	48	1	9	9	0	2	9	62	18	0	0	0	0	0	0	0	0	0	0	0	49	37	0	3.07853060756257	1.95785043910233	7.4248454118127
35	C	3.0	16.0	63	127	0	2	0	0	0	0	0	1	0	0	0	10	55	15	J	1	73	E	14	84	152	38	12	0	0	0	0	81	34	445	45	1	9	10	2	0	6	57	19	0	0	0	0	0	0	0	0	0	0	0	46	40	0	14.4108192364936	15.054503378266	7.25334068169092
19	C	20.0	5.0	65	125	0	0	0	0	0	4	1	1	1	0	0	12	25	10	J	1	37	E	12	60	155	22	12	0	1	0	0	77	37	430	68	1	7	9	2	0	11	58	18	0	0	0	0	0	0	0	0	0	0	0	45	39	1	8.2436809433073	4.38215952881439	8.6938867885614
25	C	0.0	0.0	68	125	0	0	0	0	0	1	0	0	0	0	0	16	55	30	K	1	87	E	13	70	142	26	16	0	0	0	0	69	30	440	75	0	9	9	0	2	4	56	21	0	0	0	0	1	0	0	0	0	0	0	45	41	0	5.54754031681593	5.3822064970557	12.5611296341217
24	C	2.0	7.0	65	163	0	1	0	0	0	0	0	0	0	0	0	16	35	7	L	1	77	E	11	78	175	23	18	0	0	0	0	81	31	600	71	1	9	9	0	2	2	64	20	0	0	0	0	0	0	0	0	0	0	0	47	40	0	9.04906582348553	9.35123327821338	-0.0809606752327641
21	C	10.0	6.0	65	127	0	0	3	0	0	0	1	0	0	0	0	9	85	8	I	1	60	B	13	70	158	23	11	0	2	0	0	87	37	500	58	1	9	9	2	0	1	61	18	0	0	0	0	0	0	0	0	0	0	0	46	41	0	0.264420023745539	-0.350081642007937	-0.581729168183594
20	C	0.0	0.0	63	105	0	0	1	0	0	1	0	0	0	0	1	12	65	10	J	1	60	E	13	70	143	21	11	0	0	0	0	80	32	540	73	1	5	8	2	0	1	63	22	0	0	0	0	0	0	0	0	0	0	0	48	40	0	-1.98012377942389	-1.82474188022339	-0.308046264682353
27	C	20.0	8.0	67	216	0	0	0	0	0	0	1	1	0	0	0	13	25	10	J	1	63	E	11	80	212	32	13	0	0	0	0	83	33	365	55	0	8	9	3	0	4	65	22	0	0	0	0	0	0	0	0	0	0	0	44	38	0	-0.996531079279948	-0.449481896093156	1.3768779307575
22	C	15.0	10.0	65	105	0	0	0	0	0	0	0	0	1	0	1	12	75	5	A	1	63	E	12	60	116	27	11	0	0	0	0	81	33	280	72	0	1	7	4	0	10	68	21	0	0	0	1	0	0	0	0	0	0	0	44	40	0	-2.79712368166501	-3.24424927887463	-1.06774570927603
21	C	18.0	3.0	64	119	0	0	0	0	0	0	0	0	0	1	1	13	55	23	J	1	63	E	13	80	135	23	12	0	0	0	0	83	39	450	48	0	8	9	0	3	1	51	16	0	0	0	0	0	0	0	0	0	0	0	45	39	0	7.39676767179108	5.85614292165566	11.3546614368985
33	C	0.0	0.0	66	155	0	0	0	0	0	0	1	1	0	0	0	12	85	20	J	1	63	E	13	80	173	36	10	0	0	0	0	84	34	410	58	0	9	10	1	2	5	64	19	0	0	0	0	0	0	0	0	0	0	0	44	40	0	1.16469104260529	1.93977142237481	8.72652115154737
37	C	0.0	0.0	60	110	0	0	1	0	0	2	1	0	1	0	0	6	45	7	F	1	27	E	13	76	136	49	5	0	0	0	0	82	34	440	57	0	8	9	0	2	2	70	22	0	0	0	0	0	0	0	0	0	0	0	46	39	0	-2.80211733895398	-3.61877564587528	-0.753371172801539
37	C	20.0	17.0	61	156	0	0	0	0	0	1	1	0	2	0	0	8	65	5	J	1	47	E	13	86	174	42	8	0	0	0	1	74	27	485	30	0	9	9	2	0	4	55	19	0	0	0	0	0	0	0	0	0	0	0	46	39	0	1.26923827803207	2.08671660058163	1.81856632638927
23	C	1.0	2.0	60	135	2	0	0	0	0	1	1	1	2	0	0	12	25	8	J	1	37	E	11	80	168	22	10	0	0	0	0	76	33	380	54	1	9	9	2	0	6	56	16	0	0	0	0	0	0	0	0	0	0	0	46	42	1	5.97097736531321	3.55871098001474	5.80595569385823
41	C	30.0	24.0	67	140	0	0	0	4	0	0	1	0	3	0	1	12	85	12	J	1	53	B	13	84	165	44	10	0	1	1	0	82	36	525	89	1	9	10	3	0	9	65	18	0	0	0	0	0	0	0	0	0	0	0	48	34	1	5.24770160855681	1.30713571531959	5.41136617853337
34	C	30.0	16.0	66	120	0	0	0	0	0	1	3	0	2	0	0	11	65	8	L	1	50	E	12	70	149	37	10	0	0	0	0	87	37	315	51	0	9	9	2	0	6	82	26	0	0	1	0	0	0	0	0	0	0	0	45	42	0	-10.029012076431	-8.67734832614605	-6.76545370153468
22	C	0.0	0.0	63	104	0	0	0	0	0	1	2	0	4	0	0	13	45	5	I	1	83	B	13	64	127	23	15	0	0	0	0	79	38	500	71	1	8	9	2	0	5	60	18	0	0	0	0	0	0	0	0	0	0	0	46	40	0	-1.16457180159859	-0.0199669258546855	-0.585561376624534
25	C	20.0	8.0	60	108	2	0	0	1	0	0	1	0	3	0	0	12	35	10	L	1	53	E	13	72	132	24	10	0	0	0	0	83	31	310	64	1	9	9	4	0	11	52	17	0	0	0	0	0	0	0	0	0	0	0	45	37	1	11.1692664310574	6.39460388082827	10.4417605631184
21	C	0.0	0.0	60	96	0	0	0	1	0	0	0	0	0	0	0	11	45	6	A	1	83	E	13	68	110	22	16	0	0	0	0	82	34	410	55	0	9	9	2	0	4	64	17	0	0	0	0	0	0	0	0	0	0	0	45	39	0	-1.80253829646224	-1.50250965358628	-1.77193289706232
22	C	0.0	2.0	64	120	0	0	0	0	0	1	0	0	0	0	1	16	55	10	L	1	87	E	11	85	145	24	18	0	0	0	0	79	37	390	41	1	8	9	0	2	6	54	17	0	0	0	0	0	0	0	0	0	0	0	45	39	0	3.56429399868609	4.35216816112217	8.93651636297034
23	C	20.0	10.0	60	114	0	0	0	0	0	1	0	0	1	1	0	11	45	15	J	1	77	E	13	68	127	24	13	1	1	0	0	78	29	300	44	1	8	9	0	2	2	58	16	0	0	0	0	0	0	0	0	0	0	0	45	39	0	1.80415947237222	2.66125548233264	7.17377984943274
26	C	1.0	10.0	67	125	0	0	0	0	0	0	1	1	0	0	0	12	65	5	J	1	70	E	16	80	143	36	12	0	0	0	0	82	36	440	72	1	9	9	2	0	5	62	20	0	0	0	0	0	0	0	0	0	0	0	46	43	0	-1.22930957868297	-0.675860927277434	-1.02102104573518
33	C	0.0	17.0	66	140	0	0	0	0	0	1	0	0	0	0	0	12	55	12	J	1	47	E	14	80	174	34	9	0	0	0	0	85	34	460	70	0	9	9	2	0	4	51	17	0	0	0	0	0	0	0	0	0	0	0	46	42	0	4.27096735133033	5.62661161244355	8.37028549945288
17	C	8.0	2.0	66	125	0	0	0	0	0	0	1	1	1	0	0	11	35	7	J	1	43	E	12	60	156	21	12	0	0	0	0	80	35	385	60	1	1	9	3	0	7	58	15	0	0	0	1	0	0	0	0	0	0	0	46	40	0	1.3882078040919	2.63046284314382	4.60274832504731
23	C	17.0	5.0	66	150	0	0	0	0	0	1	0	0	1	0	1	12	35	7	J	1	77	E	11	86	166	21	14	0	0	0	0	80	37	480	50	1	9	9	2	0	7	64	20	0	0	0	0	0	0	0	0	0	0	0	46	35	0	-1.06535379170755	-0.26264588884499	1.08941866347991
29	C	0.0	4.0	63	285	2	0	0	2	0	1	0	1	0	1	0	12	65	12	J	1	73	E	13	110	284	39	14	0	0	0	0	81	32	595	79	1	5	7	3	0	9	63	18	0	0	0	1	0	0	0	0	0	0	2	44	29	0	0.530730502586198	0.747451566259197	5.51792609267146
39	C	15.0	18.0	65	155	0	1	0	0	0	0	0	0	1	0	0	12	75	17	F	1	70	E	16	62	157	37	11	1	0	0	0	77	39	560	69	0	7	9	3	0	6	63	19	0	0	0	0	0	0	0	0	0	0	0	44	41	0	13.676012634729	12.9389337815603	5.54725968112344
24	C	0.0	0.0	67	128	0	0	0	0	0	0	0	0	0	0	1	16	45	8	I	1	83	E	11	70	147	22	16	0	0	0	0	70	35	330	59	0	5	8	0	2	3	58	21	0	0	0	0	0	0	0	0	0	0	0	45	41	0	0.0822531493569509	0.34972691554151	4.19004020525978
21	C	20.0	8.0	68	125	0	0	0	0	0	1	0	1	2	0	1	12	75	7	J	1	77	E	17	80	140	23	10	0	0	0	0	78	37	475	70	1	9	10	2	0	6	62	21	0	0	0	0	0	0	0	0	0	0	0	47	41	0	1.55331982179965	0.345309858722862	1.40650610030802
23	C	30.0	9.0	66	163	0	0	0	1	0	0	0	0	0	0	0	12	45	8	J	1	63	E	14	64	168	24	12	0	0	0	0	87	37	515	58	1	9	9	3	0	7	57	18	0	0	0	0	0	0	0	0	0	0	0	47	41	0	2.53561544793797	3.0861103115986	5.16824975761276
30	C	0.0	0.0	63	130	0	0	0	0	0	0	1	0	1	0	0	5	35	10	F	1	33	E	16	70	159	44	3	0	0	0	0	80	30	395	91	1	9	9	1	1	10	53	16	0	0	0	0	0	0	0	0	0	1	0	46	38	0	6.63480937876218	6.27261587267316	12.9006981037756
31	C	0.0	0.0	63	150	0	0	0	0	0	0	1	0	0	0	0	5	35	15	F	1	33	E	16	70	163	45	3	0	0	0	0	83	30	390	53	1	9	9	0	2	6	51	17	0	0	0	0	0	0	0	0	0	0	0	45	40	0	7.83738616011648	7.00172786465686	13.8289823156388
18	C	0.0	0.0	65	106	0	0	0	0	0	0	0	0	1	0	0	11	35	10	J	1	33	E	13	60	129	20	9	0	0	0	0	75	33	390	52	0	9	7	2	0	6	63	22	0	0	0	0	0	0	0	0	0	0	0	45	45	1	4.21451292952871	0.169548943096308	4.21947712921255
26	C	0.0	0.0	62	117	0	0	0	0	0	0	0	1	3	1	1	12	75	8	F	1	63	E	16	70	154	29	12	0	0	0	0	79	38	630	70	1	8	8	0	2	2	54	17	0	0	0	0	0	0	0	0	0	0	0	49	42	0	3.27484435807884	1.74769581286279	5.50240543723982
32	C	10.0	15.0	66	145	0	0	1	0	0	0	2	0	0	0	1	11	95	10	I	1	47	B	13	80	172	36	6	0	1	0	0	78	38	520	98	0	4	9	3	0	15	39	13	0	0	0	0	0	0	2	0	0	0	1	47	41	0	13.6419571933331	11.1289326277529	16.1730088211927
19	D	30.0	3.0	62	120	0	0	0	0	0	1	0	1	2	0	0	12	45	7	J	1	73	E	13	70	145	22	13	0	0	0	0	82	38	430	46	0	8	9	0	2	2	65	22	0	0	0	0	0	0	0	0	0	0	0	44	39	0	-3.68296724795924	-1.93664111998096	0.13401636846532
18	C	0.0	0.0	59	95	0	0	0	0	0	0	0	0	1	0	0	10	5	15	N	1	40	D	11	70	114	22	12	0	0	0	0	83	35	470	43	1	9	10	2	0	7	69	20	0	1	0	0	0	0	0	0	0	0	0	48	41	0	1.24399313038867	-0.274021732513943	4.19769985198831
29	C	20.0	11.0	62	102	0	1	1	0	0	0	1	0	0	0	0	9	85	22	J	1	63	E	14	80	114	35	11	5	0	0	0	76	31	360	53	0	7	8	2	0	1	65	18	0	0	0	0	0	0	0	0	0	0	0	43	41	0	11.7206716737579	9.88297032289609	2.3157084591593
21	C	1.0	6.0	66	145	0	0	0	0	0	0	1	0	0	0	1	10	55	7	J	1	53	E	13	66	177	25	10	0	0	0	0	77	33	610	65	1	8	9	2	0	5	65	20	0	0	0	0	0	0	0	0	0	0	0	49	41	1	-0.821276564463659	-0.889448109275263	0.260498842164713
21	C	0.0	0.0	69	137	0	0	0	0	0	0	0	1	1	0	0	16	15	7	L	1	63	E	13	76	144	23	16	0	0	0	0	78	30	505	51	1	2	9	4	0	8	42	15	0	0	0	3	0	0	0	0	0	0	0	46	36	0	7.9207628984444	7.97192893987012	9.91634262499789
22	C	0.0	3.0	69	150	0	0	0	0	0	0	0	0	1	0	1	16	55	20	J	1	87	E	16	68	164	27	16	0	0	0	0	80	30	550	55	1	9	10	0	2	1	55	17	0	0	0	0	0	0	0	0	0	0	0	49	41	0	3.87094789715534	3.84565062088146	8.51063141424606
25	C	0.5	6.0	62	178	0	0	0	1	0	0	3	0	2	0	0	11	65	5	J	1	70	B	11	60	187	33	12	1	4	0	1	75	22	400	60	0	8	8	3	0	2	41	12	7	0	0	3	1	0	0	0	0	0	4	46	33	0	4.86541363985493	4.46462809078229	3.99944260424235
23	C	0.0	2.0	65	150	0	0	0	0	0	1	1	1	2	0	0	10	25	10	I	1	47	E	12	68	174	26	12	0	0	0	0	75	33	460	63	1	8	9	0	2	10	49	16	0	0	0	0	0	0	0	0	0	0	0	45	41	1	14.9009532260462	7.46296817306187	13.8538917038311
26	C	0.0	0.0	63	110	0	1	0	0	0	0	0	0	1	0	0	7	45	16	F	1	37	E	16	80	129	27	5	0	0	0	0	79	38	385	80	1	9	9	0	3	7	57	18	0	0	0	0	0	0	0	0	0	0	0	50	39	0	16.1697658551922	16.0554759582542	11.8499993137562
19	C	0.0	0.0	62	125	0	0	0	0	0	0	0	1	0	0	0	13	45	10	J	1	40	A	11	70	143	21	8	0	0	0	0	77	30	420	78	1	6	9	2	0	4	56	16	0	0	0	0	0	0	0	0	0	0	0	49	41	0	3.54003187935201	3.50468621932171	5.76938479102621
19	C	10.0	2.0	68	123	0	0	0	0	0	0	0	0	0	0	0	12	25	17	J	1	47	E	15	70	135	19	11	0	0	0	0	83	36	390	47	1	8	9	3	0	7	69	21	0	0	0	0	0	0	0	0	0	0	0	46	40	0	0.394029225769904	-0.0972175436879423	4.62812086407459
28	C	0.0	0.0	60	130	0	0	0	0	0	0	0	0	0	0	0	5	25	7	F	1	23	E	14	80	145	32	5	0	0	0	0	79	33	360	43	0	9	10	0	3	1	68	19	0	0	0	0	0	0	0	0	0	0	0	44	41	1	-0.771369564629091	-3.0710038402755	-0.664686630752978
19	C	3.0	5.0	61	135	0	0	0	0	0	0	0	0	0	0	0	12	55	10	J	1	33	E	13	76	165	19	8	0	0	0	0	83	35	480	57	1	9	9	2	0	6	57	16	0	0	0	0	0	0	0	0	0	0	0	47	40	1	8.06921585455828	3.7560450771846	6.81637653646909
20	C	2.0	4.0	61	131	0	0	0	0	0	0	0	0	1	0	0	12	45	8	J	1	30	E	12	70	155	20	9	0	0	0	0	79	32	600	61	0	2	9	3	0	6	60	19	0	0	0	2	0	0	0	0	0	0	0	46	43	1	4.83854700902981	2.08969105013886	4.44847176146137
32	C	0.0	0.0	63	112	0	0	0	1	0	0	0	0	0	0	0	17	65	5	J	1	90	E	13	66	138	31	18	0	0	0	0	83	35	430	55	0	9	9	0	3	9	57	18	0	0	0	0	0	0	0	0	0	1	0	43	39	0	0.739621276799237	2.1682933651643	5.11863908583875
23	C	0.0	0.0	66	125	0	0	0	0	0	0	0	1	0	0	1	8	95	7	F	1	93	E	12	78	150	24	15	0	0	0	0	83	36	370	64	1	8	8	0	2	4	63	21	0	0	1	0	0	0	0	0	0	0	0	46	41	0	0.0461088854518956	-1.81943208791338	1.76127421186652
29	C	0.0	0.0	64	98	0	0	0	0	0	1	1	0	1	0	0	12	45	15	C	1	83	A	13	90	130	35	18	0	1	0	0	83	31	495	70	0	8	9	0	2	5	58	20	0	0	0	0	0	0	0	0	0	0	0	44	41	0	3.89103111731966	3.54323279557643	9.1444044422283
16	C	15.0	3.0	62	104	0	1	0	0	0	0	0	1	0	0	0	10	75	10	J	1	63	E	13	80	112	17	10	0	0	0	0	73	31	360	53	1	6	9	4	0	9	45	14	0	0	0	0	0	0	0	0	0	0	0	45	37	0	18.1610753652068	19.0615076659601	11.0293374447545
20	C	10.0	8.0	62	122	0	0	0	0	0	1	1	0	0	0	1	14	65	20	J	1	90	E	11	76	124	20	14	0	0	0	0	80	35	400	46	0	8	9	2	0	0	64	20	0	0	0	0	0	0	0	0	0	0	0	48	41	0	1.23087894573934	-0.530685804381451	0.869064644344757
36	C	0.0	9.0	63	134	1	0	0	0	0	0	2	0	1	0	1	8	75	8	J	1	63	E	15	62	157	49	10	0	0	0	0	80	29	480	72	1	9	10	3	0	6	57	18	0	0	0	0	0	0	0	0	0	0	0	45	41	0	4.1821973248364	2.84681984674615	4.63074896737243
30	C	0.0	13.0	60	135	0	0	0	0	0	3	0	2	1	1	0	12	65	20	J	1	47	E	12	90	162	29	10	0	0	0	0	81	37	380	60	1	8	8	2	0	7	69	21	0	0	0	0	0	0	0	0	0	0	0	45	42	0	-0.369354784911708	-0.926092916053871	5.2883617642154
28	C	10.0	8.0	60	122	0	0	0	0	0	1	0	0	0	0	0	5	65	8	F	1	33	E	14	64	139	32	5	0	1	0	0	80	36	595	98	1	6	9	0	2	11	58	18	0	0	0	0	0	0	0	0	0	1	0	47	41	0	3.72860474890684	4.07278533311642	10.1769320812048
17	C	2.0	2.0	61	108	0	0	0	0	0	0	0	0	0	0	0	9	45	15	J	1	50	E	15	56	135	20	9	0	0	0	0	80	33	530	52	1	7	9	0	2	5	61	20	0	0	0	0	0	0	0	0	0	0	0	44	42	0	3.06320725169206	2.76199002488176	8.93251891278812
22	C	0.0	3.0	68	169	0	0	0	1	0	0	0	1	0	0	0	14	5	7	I	1	60	E	10	70	178	23	15	0	0	0	0	77	31	425	53	0	6	9	0	3	2	59	19	0	0	0	0	0	0	0	0	0	0	0	46	39	0	-0.264495758662893	0.729431882281828	3.0501017093156
22	C	20.0	5.0	65	150	0	0	0	0	0	0	0	0	1	0	1	12	95	5	J	1	70	E	10	86	180	22	12	0	0	0	0	76	37	340	41	0	8	9	2	0	2	60	19	0	0	0	0	0	0	0	0	0	0	0	45	40	0	-0.325368522751034	-0.813381217951213	-2.34498092292769
22	C	0.0	0.0	58	90	0	0	0	0	0	0	0	0	1	0	1	12	45	20	M	1	83	A	16	68	120	30	18	0	0	0	0	78	34	560	58	1	8	9	1	2	13	48	16	0	0	0	0	0	0	0	0	0	0	0	46	46	0	8.05417481813312	9.38708058345173	17.9682183358771
19	C	0.0	0.0	59	120	0	0	0	0	0	0	0	0	0	0	0	8	55	10	J	1	53	E	15	78	143	21	11	0	0	0	1	77	32	555	53	1	8	9	2	0	7	63	21	0	0	0	0	0	0	0	0	0	0	0	46	42	1	5.13315553582293	1.31878566190914	4.30119236467827
25	C	20.0	5.0	65	110	0	0	0	0	0	0	2	2	1	0	0	12	55	13	J	1	73	E	14	68	134	25	12	0	0	0	0	81	38	400	47	0	9	9	3	0	0	57	18	0	0	0	0	0	0	0	0	0	0	0	44	42	0	1.42249592943236	1.61495885148463	2.03786458314743
43	C	0.0	0.0	59	125	0	0	0	0	0	0	3	0	0	0	1	11	45	5	J	1	43	E	14	80	142	38	8	1	0	0	0	76	30	395	55	1	5	9	3	0	4	71	22	0	0	0	0	0	0	0	0	0	0	0	45	41	1	-6.32342757913463	-4.64012364402129	-4.89607317908325
20	C	0.0	0.0	58	104	0	0	0	0	0	0	0	0	1	0	0	12	55	8	F	1	63	E	11	78	122	20	12	0	0	0	0	81	40	420	55	1	8	9	3	0	5	55	18	0	0	0	0	0	0	0	0	0	0	0	45	41	0	2.5243548997937	3.34109189595734	4.80956564330797
20	C	0.0	0.0	63	120	0	0	0	0	0	1	0	0	0	0	0	12	45	10	J	1	67	E	12	80	136	21	16	0	0	0	0	82	38	430	54	1	9	9	0	2	5	60	20	0	0	0	0	0	0	0	0	0	0	0	47	37	0	2.87717241465738	2.04812302926341	6.6405982457552
18	C	0.0	2.0	68	150	0	0	1	1	0	0	0	0	0	0	0	10	35	10	J	1	57	E	10	70	168	20	12	0	0	0	0	79	38	540	79	1	9	9	2	0	3	57	18	0	0	0	0	0	0	0	0	0	0	0	46	40	0	3.09842501987102	2.59290741916435	4.16110155613485
20	C	0.0	0.0	65	129	0	0	0	0	0	0	0	0	0	0	1	12	65	5	I	1	60	B	11	70	160	21	12	0	0	0	0	82	39	430	73	1	7	9	2	0	10	54	17	4	0	0	0	0	0	0	0	0	0	0	47	41	0	4.01097452472917	3.70181631792024	4.97029956718474
21	C	0.0	3.0	64	136	2	0	0	0	0	0	0	1	0	0	1	11	85	10	J	1	50	E	13	74	147	22	9	0	0	0	0	75	27	290	55	0	10	10	2	0	11	58	19	0	0	0	0	0	0	0	0	0	0	0	45	37	0	5.32522502938379	4.21552195199848	8.29648958256202
27	C	60.0	11.0	62	127	0	0	0	0	0	0	0	1	0	0	0	12	55	10	J	1	73	E	10	72	157	28	12	0	0	0	0	82	41	530	55	0	8	9	2	0	9	70	22	0	0	0	0	0	0	0	0	0	0	0	44	41	0	-1.22604331990998	-1.63164320898731	1.51348156836499
24	C	0.0	0.0	63	118	0	1	0	0	0	0	1	1	0	0	0	12	45	12	J	1	63	E	15	78	142	22	12	0	0	0	0	78	37	560	83	1	9	9	0	2	3	55	18	0	0	0	0	0	0	0	0	0	0	0	44	34	0	13.6562869835412	14.7530043254199	7.83919316782807
39	C	0.0	0.0	63	142	0	0	0	0	0	0	1	0	0	0	0	12	45	13	L	1	43	B	11	70	154	40	10	0	1	0	0	81	39	315	59	1	8	9	2	0	3	57	20	0	0	0	0	0	0	0	0	0	0	0	46	39	0	3.61770598588539	3.3641137072305	6.01978450785279
30	C	10.0	14.0	64	125	0	0	0	0	0	0	0	0	2	0	1	10	55	4	J	1	73	E	11	60	149	29	12	0	0	0	0	80	33	565	78	1	9	10	2	0	3	60	20	0	0	0	0	0	0	0	0	0	0	0	46	41	0	-0.974774806046981	-1.08363492752829	-3.05894346519266
39	C	0.0	14.0	63	123	0	0	0	0	0	0	2	0	0	0	0	8	45	15	J	1	30	E	13	64	142	41	7	0	2	1	0	80	27	390	42	0	9	10	2	3	11	50	14	0	0	0	0	0	0	2	0	0	0	1	45	36	0	8.86732478426917	8.27919673684883	14.0231422600658
22	C	0.5	5.0	63	98	0	0	0	0	0	0	0	1	2	0	0	11	55	10	L	1	53	E	10	60	123	24	9	0	0	0	0	91	37	480	55	1	8	9	2	0	7	58	18	1	0	0	0	0	0	0	0	0	0	0	48	40	0	3.77437008863572	3.35241145887854	6.35244103227408
21	C	0.0	5.0	63	120	0	0	0	0	0	0	0	0	0	0	1	12	95	7	J	1	83	E	12	80	137	24	12	0	0	0	0	84	39	520	63	0	9	10	2	0	5	59	18	0	0	0	0	0	0	0	0	0	0	0	46	42	0	0.495765295536099	1.23137132609059	1.87626376197686
26	C	20.0	10.0	67	149	0	0	0	6	0	0	0	0	0	0	0	9	55	13	J	1	63	E	13	70	164	30	12	1	0	0	0	71	28	620	62	0	5	6	2	0	14	67	21	0	0	0	1	0	0	0	0	0	0	0	46	38	0	-0.0319422076015475	0.218620757763926	6.54209845357621
19	C	23.0	4.0	61	115	0	0	0	0	0	1	0	0	0	0	0	12	75	6	J	1	53	E	13	60	139	24	9	0	0	0	0	82	35	360	44	0	8	9	2	0	6	45	15	0	0	0	0	0	0	0	0	0	0	0	45	41	1	7.97315377806943	6.37647913445213	7.36821633460719
23	C	0.0	2.0	62	95	0	0	0	0	0	0	0	0	1	0	0	9	45	7	F	1	70	E	11	45	126	24	12	0	0	0	0	78	32	475	47	1	8	9	2	0	3	60	20	0	0	0	0	0	0	0	0	0	0	0	47	40	0	-1.65134315642503	0.398388592036591	0.522947331362472
22	C	0.0	0.0	65	125	0	0	0	0	0	0	0	1	0	0	1	16	95	5	G	1	93	E	13	60	154	25	18	0	0	0	0	82	34	605	70	1	6	9	0	2	1	60	19	0	0	0	0	1	0	0	0	0	0	0	47	49	0	-0.900371023696662	-1.37166566245935	-1.37828480587704
24	C	0.0	0.0	67	140	0	0	0	0	0	0	0	0	0	0	1	14	85	10	A	1	93	E	13	88	141	23	18	0	0	0	0	85	41	485	86	1	9	10	0	2	7	58	19	0	0	0	0	0	0	0	0	0	0	0	48	42	0	3.38567723753781	3.01066062314822	7.77558224599772
27	C	0.0	5.0	66	130	0	0	0	0	0	0	0	1	0	0	1	13	105	10	F	1	93	E	14	70	155	27	18	0	0	0	0	82	39	550	53	1	8	9	0	2	14	66	20	0	0	0	0	0	0	0	0	0	0	0	48	43	0	-0.373968955576546	1.02547514878719	7.44357072838204
20	C	0.0	0.0	59	100	0	0	2	0	0	0	0	0	0	0	1	12	95	5	J	1	70	B	13	70	120	20	12	0	0	0	0	82	35	510	41	1	5	9	2	0	2	59	20	0	0	0	1	0	0	0	0	0	0	1	45	39	0	-1.07339240223044	-0.413415008110701	-1.94154871025545
19	C	0.0	1.0	66	152	0	0	0	0	0	1	0	3	1	0	1	12	75	5	J	1	60	E	11	80	168	24	11	0	0	0	0	82	33	480	65	1	6	7	2	0	2	68	22	5	0	0	3	0	0	0	0	0	0	0	47	42	0	-4.76689693360265	-5.2959722285672	-5.67109906744754
22	C	8.0	1.0	63	137	0	0	0	0	0	1	3	0	1	0	1	12	85	4	J	1	70	B	13	80	150	25	12	0	1	0	0	76	31	385	58	1	9	9	2	0	11	57	18	0	1	0	0	0	0	0	0	0	0	0	48	42	0	3.14398456267959	2.05377417057299	2.53379397312728
17	C	0.0	0.0	60	90	1	0	0	0	0	0	0	0	0	0	0	12	35	10	J	1	57	E	10	70	102	21	12	0	0	0	0	80	37	360	39	1	6	9	3	0	7	52	15	1	0	1	0	0	0	0	0	0	0	0	44	38	0	4.92146426520172	5.51881239485305	8.46747038770437
41	C	5.0	25.0	70	140	0	0	0	5	0	2	1	0	1	0	1	12	65	4	J	1	70	E	15	70	160	42	12	1	1	0	1	78	24	420	68	1	9	9	3	0	5	45	12	0	0	0	0	0	0	0	0	0	0	0	45	36	0	3.78172625143066	4.84190366696637	3.709445106808
18	C	0.0	2.0	69	115	0	0	0	4	0	1	0	0	2	0	0	12	105	6	J	1	73	E	13	60	141	25	11	0	0	0	0	74	28	390	52	1	8	9	3	0	10	65	18	6	0	0	0	0	0	0	0	0	0	2	47	36	0	1.60309198166425	-0.395241354372758	1.2695591451194
21	C	0.0	2.0	66	127	0	1	1	5	0	1	0	0	3	0	0	12	105	6	J	1	73	E	13	70	131	27	10	0	0	0	0	35	16	375	58	1	7	8	3	0	8	48	14	7	0	0	5	0	0	0	0	0	0	1	45	30	0	15.0016375416659	15.3872856794101	6.17021466243224
34	C	0.0	0.0	66	130	0	0	2	5	0	0	0	0	1	0	0	12	65	8	J	1	70	E	14	70	155	33	12	0	1	0	0	73	26	540	50	1	9	9	3	0	10	52	14	6	0	0	2	0	0	0	0	0	0	2	46	37	0	4.89554398108865	5.46271480108421	8.22846186439363
33	C	0.0	0.0	65	143	0	0	0	5	0	0	0	0	1	0	0	12	45	15	J	1	53	E	12	60	170	36	12	0	0	1	1	78	30	660	47	0	9	10	2	0	9	65	21	6	0	0	3	0	0	0	0	0	0	2	44	37	0	2.63659111426793	1.7969087338914	6.59550808933285
25	C	10.0	6.0	65	120	0	0	0	5	0	0	0	0	1	0	1	16	105	7	J	1	80	E	13	70	143	27	12	0	0	0	0	76	29	460	47	1	8	9	3	0	6	55	16	0	0	1	0	0	0	0	0	0	0	1	46	39	0	3.85046290580526	3.05988455476071	4.09245847679276
28	C	10.0	8.0	65	130	0	0	0	5	0	0	0	0	1	0	0	16	65	10	J	1	77	E	13	80	145	29	12	0	0	0	0	76	32	630	56	0	8	9	2	0	7	49	14	0	0	0	3	0	0	0	0	0	0	1	46	36	0	6.55327080400257	6.28268083992687	8.88891395714094
29	C	0.0	0.0	68	135	0	1	2	4	0	0	0	0	1	0	0	17	65	8	J	1	67	E	13	70	153	30	14	0	0	0	1	82	32	700	73	0	8	8	3	0	14	51	15	0	0	0	3	0	0	0	0	0	0	3	46	37	0	15.3566502749735	16.3001984197082	9.58698395914143
26	C	0.0	0.0	67	130	0	0	0	5	0	0	0	1	1	0	0	14	85	5	J	1	67	E	12	70	158	27	16	0	0	0	0	81	32	540	60	1	8	9	3	0	13	45	13	0	0	0	3	0	0	2	0	0	0	3	48	36	0	7.81313921016812	7.15182345517004	9.00496701787624
32	C	20.0	14.0	69	120	0	0	0	3	0	0	1	0	1	0	0	9	75	9	J	1	73	E	11	70	137	38	12	0	0	0	0	77	21	610	49	1	8	9	2	0	14	55	15	0	0	0	3	0	0	0	0	0	0	1	46	35	0	6.66991674151027	5.34161656734209	9.33363896669507
29	C	0.5	12.0	63	115	0	0	0	5	0	1	0	0	1	0	0	16	65	6	J	1	87	E	10	80	147	30	16	0	1	0	2	70	27	565	84	0	7	10	3	0	7	60	20	0	0	0	3	0	0	0	0	0	0	1	45	35	0	1.06962162382968	0.894753660052322	1.54230071162356
23	C	15.0	4.0	65	122	0	0	0	4	0	0	0	0	1	0	0	12	55	10	J	1	70	E	10	70	133	26	12	0	0	0	0	78	30	440	64	0	8	9	3	0	11	61	20	0	0	0	0	0	0	0	0	0	0	0	45	38	0	2.85584965018996	2.76128032178917	6.47963672509028
30	C	15.0	13.0	68	105	0	0	0	5	0	1	0	0	2	0	0	12	65	8	J	1	80	E	12	70	114	31	12	2	3	0	0	7	8	440	46	0	6	9	4	0	12	51	14	4	0	0	4	0	0	0	0	0	0	4	46	32	0	5.44932349287168	6.05458279280233	9.1123086431599
21	C	0.0	5.0	66	125	0	0	0	5	0	1	1	1	0	0	0	12	55	8	J	1	87	E	10	70	144	28	16	1	1	0	0	73	26	550	61	0	8	9	2	0	5	59	16	4	0	0	2	0	0	0	0	0	0	2	46	36	0	0.904583470351938	1.50527617634196	2.540154216424
29	C	40.0	10.0	67	125	0	0	0	4	0	0	1	0	3	0	0	12	55	8	J	1	70	E	12	75	133	33	12	3	3	0	0	73	16	300	51	1	9	10	3	0	8	51	15	7	0	0	0	0	0	0	0	0	0	2	46	35	0	4.71103261498877	5.39794783352698	7.65488053521794
33	C	8.0	15.0	66	135	0	0	0	5	0	2	0	0	1	0	1	10	65	7	J	1	57	E	11	70	159	32	10	0	0	0	1	79	33	850	67	0	4	8	3	0	9	51	18	8	0	0	0	0	0	0	0	0	0	3	44	36	1	6.51443958178941	4.28312015095838	7.58216580102085
23	C	0.0	0.0	63	122	0	0	0	5	0	0	0	1	1	0	0	12	75	7	J	1	60	E	13	60	136	26	11	0	0	0	1	80	25	660	97	0	7	8	3	0	11	57	16	0	0	0	0	0	0	0	0	0	0	0	46	36	0	3.89757519198598	2.45830469949125	6.17190495447456
23	C	20.0	5.0	69	130	0	0	0	5	0	0	0	0	1	0	0	16	75	7	J	1	87	E	11	80	150	28	12	0	0	0	0	89	42	400	53	1	7	8	3	0	7	58	16	5	0	0	3	0	0	0	0	0	0	1	46	37	0	0.761489548464452	0.905388663447262	3.11461722903261
33	C	0.0	0.0	68	135	0	0	0	4	0	0	1	1	1	0	0	12	65	9	J	1	80	E	14	60	149	35	12	0	0	0	0	82	33	550	87	1	8	2	2	0	13	62	20	7	0	0	3	0	0	0	0	0	0	2	47	36	0	1.12462856935895	1.16609794898494	5.81275503928143
18	C	0.0	0.0	62	100	0	0	0	4	0	2	0	0	1	0	0	10	45	15	J	1	50	E	12	70	121	21	10	0	0	0	0	80	32	480	46	0	7	10	3	0	10	39	12	0	0	0	3	0	0	0	0	0	0	4	46	36	1	14.2604173321439	11.1173233776092	16.2967081630205
20	C	0.0	0.0	63	100	0	1	0	5	0	0	0	0	0	0	0	11	55	10	J	1	47	E	12	76	115	20	9	0	0	0	0	76	25	375	46	1	9	10	3	0	6	35	11	0	0	0	2	0	0	0	0	0	0	2	46	35	1	12.9367408117263	21.2746900476086	12.7082974940004
16	C	0.0	0.0	64	125	0	0	1	4	0	0	0	0	1	0	0	10	55	7	J	1	67	E	13	70	145	21	12	0	0	0	0	75	37	510	49	1	8	9	3	0	12	53	16	0	0	0	0	0	0	0	0	0	0	0	48	36	0	5.36873237680337	5.19613409614485	8.01576193313714
22	C	10.0	7.0	64	115	0	0	0	6	0	0	0	0	1	0	1	12	45	10	J	1	83	E	13	70	139	25	14	0	2	0	0	77	28	460	59	1	8	9	2	0	15	54	14	0	0	0	0	0	0	0	0	0	0	0	44	37	0	5.87413394911423	5.98931330502535	10.3599510986624
18	C	20.0	4.0	66	145	0	0	0	5	0	0	0	0	1	0	0	9	25	7	J	1	30	E	13	60	106	22	9	0	0	0	0	79	37	500	58	1	7	10	3	0	9	45	13	0	0	0	0	0	0	0	0	0	0	1	43	37	1	11.190107984736	7.72949810417203	10.5141538818502
25	C	0.0	0.0	65	115	0	0	0	4	0	1	1	0	1	0	1	12	95	4	J	1	73	E	13	56	136	25	12	0	0	0	0	79	35	490	52	1	8	8	3	0	11	66	21	6	0	0	2	0	0	0	0	0	0	2	46	36	0	-1.56629484526246	-2.871995392092	-1.46625203862984
30	C	18.0	14.0	64	140	0	0	0	4	0	5	0	0	1	0	0	16	105	7	J	1	93	E	12	70	151	28	15	0	0	0	0	80	32	350	61	0	1	5	3	0	13	43	12	1	0	1	5	0	0	0	0	0	0	2	45	34	0	7.97689196514193	7.09908065018998	10.7203166441294
30	C	0.0	10.0	61	132	0	0	2	4	0	2	1	0	1	0	0	12	75	12	J	1	83	E	11	70	149	36	12	2	1	0	1	66	20	430	56	1	5	7	5	0	9	35	10	7	0	0	0	0	0	0	0	0	0	3	46	37	0	10.1548991719749	9.83498147512939	14.5103554081474
27	C	18.0	8.0	68	118	0	0	0	4	0	0	0	0	1	0	0	12	75	8	J	1	93	E	13	80	130	26	17	1	0	0	0	77	31	640	51	0	8	8	3	0	10	50	15	0	0	0	0	1	0	0	0	0	0	3	45	37	0	4.56338067552519	4.69112012925683	8.07141020237982
31	C	20.0	15.0	64	122	0	0	0	4	0	1	0	0	1	0	0	16	65	6	J	1	90	E	14	80	135	30	16	0	0	0	0	82	34	455	22	0	7	7	2	0	7	59	18	0	0	0	0	0	0	0	0	0	0	0	45	37	0	0.256709222510676	0.0905206391210127	1.69978413393497
23	C	25.0	6.0	67	123	0	0	0	4	0	3	0	2	1	0	1	12	95	5	J	1	87	E	13	60	154	27	14	0	0	0	0	79	27	530	68	1	8	9	3	0	6	60	18	0	0	0	0	0	0	0	0	0	0	0	48	37	0	-2.60621141311696	0.187970482213781	-0.125474090146488
34	C	10.0	10.0	66	132	0	0	1	5	0	0	1	0	1	0	0	16	65	8	J	1	83	E	15	80	157	39	16	1	1	0	0	78	29	530	69	0	8	8	3	0	11	52	16	0	0	0	0	0	0	0	0	0	0	0	46	36	0	4.31247560328741	4.32233464959701	8.10833117458089
30	C	0.0	11.0	60	113	0	0	1	5	0	2	1	2	0	0	0	18	65	7	J	1	90	E	12	60	124	31	17	1	0	0	1	71	23	250	39	0	7	9	4	0	4	46	14	0	0	1	0	1	0	0	0	0	0	4	45	34	0	6.74367178945645	5.44542777002984	5.65574521813201
28	C	20.0	9.0	62	105	2	0	0	4	0	4	2	0	1	0	0	12	55	10	J	1	83	E	13	55	124	29	14	0	1	0	0	83	28	650	53	0	8	9	2	0	3	52	16	0	0	0	0	0	0	0	0	0	0	0	45	37	0	3.98486185617533	4.09443720971028	5.22235527451168
22	C	0.0	0.0	66	147	0	0	1	5	0	1	0	0	1	0	0	16	65	10	L	1	90	E	14	70	172	23	16	0	0	0	0	73	28	430	33	1	9	9	4	0	11	60	18	5	0	0	2	0	0	0	0	0	0	4	47	36	0	3.37186190642223	2.9154862240112	6.28767948808737
31	C	40.0	13.0	65	122	0	0	0	4	0	0	1	0	1	0	0	14	105	7	J	1	87	E	13	55	155	34	12	0	3	0	0	76	26	465	54	0	8	9	4	0	14	59	17	6	0	1	1	0	0	0	0	0	0	3	43	38	0	4.1418196975824	3.0283316258889	5.90565775084028
29	C	0.0	0.0	58	136	0	0	1	3	0	0	0	0	1	0	0	12	75	8	J	1	90	E	12	70	146	31	16	1	0	0	0	81	34	620	72	1	8	9	2	0	15	51	16	5	0	1	2	0	0	0	0	0	0	3	47	36	0	7.3273174511633	6.4336501258827	9.94631132182136
22	C	30.0	5.0	68	130	0	0	0	5	0	0	0	1	0	0	0	13	55	6	L	1	70	E	15	75	153	29	13	0	0	0	0	79	28	510	72	1	6	9	3	0	12	66	20	0	0	0	0	0	0	0	0	0	0	0	47	36	0	-0.677585282818643	-0.425383069253879	1.75229410222008
37	C	15.0	17.0	67	135	0	0	1	4	0	0	0	0	1	0	0	14	105	8	L	1	90	E	13	60	161	39	16	1	1	0	2	70	25	590	56	0	7	9	2	0	9	55	17	0	0	0	0	0	0	0	0	0	0	0	45	37	0	3.65096675743732	3.93206091433069	6.08972143865323
26	C	0.0	0.0	62	120	0	1	0	5	0	0	0	0	1	0	1	12	45	8	J	1	63	E	15	74	161	28	12	0	0	0	0	78	26	600	52	0	7	8	2	0	7	50	17	0	0	0	4	0	0	0	0	0	0	4	46	36	0	14.7642640566646	15.3403975498272	7.01834378172044
31	C	0.0	0.0	65	120	0	0	0	4	0	0	2	0	1	0	1	16	105	7	J	1	93	E	11	60	129	31	16	0	0	0	0	76	26	485	61	1	8	9	3	0	5	60	16	0	0	0	0	0	0	0	0	0	0	0	47	38	0	1.38833782760026	0.705451674821243	1.17245784808883
29	C	25.0	13.0	68	122	0	0	0	5	0	1	0	0	2	0	0	14	45	5	J	1	83	E	12	50	141	33	18	0	0	0	0	58	23	490	55	0	8	8	2	1	4	66	20	0	0	0	0	0	0	0	0	0	0	0	45	37	0	-3.76416613554174	-4.01071030727637	-3.93992272524398
22	C	0.0	9.0	63	115	0	1	0	5	0	0	1	1	2	0	0	12	55	7	J	1	63	E	12	70	124	22	12	0	0	0	0	75	37	460	64	1	8	9	2	0	11	52	15	0	0	0	0	0	0	0	0	0	0	0	44	36	0	14.2158819269977	16.3222144364596	7.55175405862775
25	C	0.0	3.0	63	120	0	1	0	5	0	2	0	2	2	0	0	11	35	8	J	1	43	E	15	60	136	36	12	0	0	0	0	75	26	420	46	1	8	9	2	2	9	54	16	6	0	0	2	0	0	0	0	0	0	2	45	38	0	16.4872400718778	15.7993723386366	7.34958474079485
27	C	0.0	6.0	64	123	0	0	0	5	0	1	0	0	1	0	0	11	35	6	J	1	43	E	15	74	144	37	12	0	1	0	0	69	30	620	58	0	8	8	4	0	5	57	15	0	0	0	2	0	0	0	0	0	0	1	45	35	0	-0.861397242745919	0.968963620831498	2.79073906089813
40	C	5.0	24.0	63	117	0	2	0	5	0	0	1	0	2	0	0	12	95	5	A	1	87	E	12	65	123	37	16	0	0	0	1	74	27	425	48	1	9	9	4	0	6	56	16	0	0	0	0	0	0	0	0	0	0	2	46	35	0	11.7408582747832	12.6519835779764	0.91548685437502
38	C	25.0	22.0	63	140	0	0	1	5	0	0	0	0	1	0	1	14	85	6	J	1	90	E	12	75	135	38	14	1	0	0	1	81	30	585	37	0	9	9	2	0	7	55	16	4	0	0	0	1	0	0	0	0	0	2	43	36	0	3.27130623449734	2.78923325513828	3.4012067227569
28	C	2.0	4.0	65	110	0	0	0	4	0	0	2	0	2	0	0	16	75	8	J	1	93	E	15	60	124	29	13	0	0	0	0	88	30	570	47	0	8	9	2	0	6	55	16	6	0	0	2	0	0	0	0	0	0	2	47	37	0	2.48456572332351	3.22040247273887	4.48594383448316
35	C	0.0	4.0	64	107	2	1	0	6	0	0	0	0	2	0	0	18	105	10	J	1	93	E	11	70	130	39	18	0	0	0	0	72	33	660	59	1	9	9	4	0	11	42	14	0	0	0	3	0	0	0	0	0	0	4	48	36	0	22.9831537791687	19.9484265798733	11.8852133530104
29	C	3.0	11.0	67	135	0	1	2	5	0	1	0	0	2	0	1	12	85	10	J	1	83	E	14	70	162	32	13	0	0	0	0	75	25	480	55	1	8	8	3	0	9	58	18	0	0	0	2	0	0	0	0	0	0	2	46	36	0	14.4538794858323	13.1449389198456	5.7338772757459
25	C	0.0	3.0	64	100	0	0	1	5	0	1	1	0	1	0	0	12	55	6	J	1	80	E	16	70	111	27	13	0	3	0	0	55	18	315	39	1	8	9	6	0	4	41	13	0	0	0	2	0	0	0	0	0	0	1	43	38	0	6.92299246461611	6.64723078943271	6.50052853215805
24	C	20.0	6.0	63	106	0	1	1	7	0	1	1	1	1	0	0	15	65	5	J	1	90	E	12	70	125	25	16	0	0	0	0	81	30	520	54	0	5	8	3	0	10	55	15	0	0	0	0	0	0	0	0	0	0	0	42	36	0	13.5513043959061	12.6944798037288	3.00836454728622
25	C	0.0	5.0	61	98	0	3	0	7	0	2	0	2	3	0	0	15	75	7	J	1	93	E	12	60	123	27	16	0	0	0	0	70	27	480	47	1	6	7	5	0	0	66	21	6	0	0	0	0	0	0	0	0	0	1	45	34	0	6.07510216015314	5.937394316938	-6.4919444790847
16	C	10.0	3.0	62	120	0	0	0	5	0	0	1	0	1	0	0	9	65	7	J	1	50	E	12	100	137	21	8	0	0	0	0	80	31	580	52	0	9	9	3	0	10	49	11	6	0	0	4	0	0	0	0	0	0	3	42	40	0	6.73974334572365	6.41023773983321	9.07720226336641
23	C	2.0	4.0	64	124	1	0	0	6	0	0	1	0	1	0	0	12	65	7	J	1	67	E	13	70	142	20	12	0	0	0	0	81	28	590	75	0	7	8	3	0	2	44	14	0	0	0	3	0	0	0	0	0	0	2	45	38	0	4.24694830582392	4.49849060442946	5.28556475454902
22	C	0.0	8.0	66	133	0	0	0	4	0	1	0	0	1	0	0	11	35	4	J	1	53	E	12	75	150	27	12	1	0	0	1	77	26	380	45	1	8	9	4	0	4	52	15	0	0	0	4	0	0	0	0	0	0	1	44	38	1	1.23247880197511	2.49569483581291	1.29050789404049
33	C	0.0	0.0	69	185	2	0	0	4	0	1	0	0	2	0	0	12	95	13	J	1	73	E	13	70	201	36	11	0	0	0	1	78	32	420	65	1	9	9	2	0	9	46	15	0	0	0	0	0	0	0	0	0	0	0	47	36	0	7.7038536200381	8.31699996657783	12.3830250376958
33	C	0.0	18.0	67	145	0	0	0	6	0	4	2	1	5	1	0	12	75	6	J	1	93	E	13	75	180	37	16	0	2	0	1	64	24	750	82	0	8	8	2	0	9	53	17	5	1	0	3	0	0	0	0	0	0	1	44	35	0	2.16551940919821	2.74529751111233	4.86348708646415
28	C	0.0	5.0	60	124	0	1	0	5	0	2	1	0	1	0	0	16	55	8	J	1	87	E	13	80	143	31	18	1	0	0	0	71	22	265	28	1	3	10	5	0	6	28	9	0	0	0	0	0	0	0	0	0	0	0	43	34	0	21.9278595275181	21.7189893652051	11.7177107392284
23	C	20.0	7.0	65	150	0	0	0	5	0	3	1	1	3	0	1	16	105	10	J	1	80	E	12	80	172	26	12	0	0	0	0	80	33	325	67	0	8	9	4	0	8	56	15	0	0	0	0	0	0	0	0	0	0	0	46	36	0	1.34035618083528	3.99982745639431	6.81106953058026
37	C	0.0	25.0	65	155	0	0	0	5	0	1	1	0	1	0	1	7	85	12	J	1	63	E	16	90	174	40	12	0	1	0	0	70	23	485	51	1	8	10	2	0	7	70	22	0	0	0	0	0	0	0	0	0	0	0	46	35	0	-2.18026955261734	-1.52499939078752	1.84168394513683
32	C	20.0	16.0	65	123	0	0	0	5	0	0	1	0	1	0	1	12	105	4	F	1	93	E	16	70	124	34	18	0	2	0	0	70	21	690	57	0	8	8	3	0	7	51	17	0	0	0	3	0	0	0	0	0	0	1	47	37	0	2.87911249740599	1.94911303280537	2.0286910541806
33	C	20.0	13.0	62	128	0	0	0	5	0	0	1	0	1	0	0	12	85	8	J	1	95	E	14	100	140	36	18	0	2	0	0	75	25	485	53	0	8	10	4	0	7	51	15	0	0	0	0	0	0	0	0	0	0	0	46	36	0	4.5203515707658	4.85875445473163	6.40002168308729
20	C	3.0	2.0	64	117	0	0	0	4	0	2	0	0	1	0	0	12	75	8	J	1	63	E	12	66	137	21	11	0	0	0	0	77	35	550	44	1	4	8	2	0	6	48	13	0	0	0	0	0	0	0	0	0	0	0	45	37	0	5.25742293765412	4.85449961839371	7.67650313484821
23	C	0.0	0.0	65	104	0	0	0	3	0	0	0	0	1	0	1	16	105	5	J	1	83	E	13	70	124	27	16	0	0	0	0	81	32	555	57	0	6	8	2	0	7	57	18	0	0	0	0	0	0	0	0	0	0	0	46	37	0	-1.27431814964581	0.490892315227068	1.56627650661076
31	C	0.0	4.0	62	126	0	0	0	6	0	4	1	0	1	1	0	12	95	8	J	1	87	E	13	80	136	31	12	1	0	0	0	80	33	435	43	0	8	9	2	0	9	42	17	0	0	0	0	0	0	0	0	0	0	0	45	37	0	7.57230836453054	8.20357828195097	10.4502453113262
35	C	11.0	15.0	67	122	1	0	0	5	0	2	0	0	1	0	0	16	75	7	J	1	83	E	13	60	135	36	14	0	3	0	0	79	31	520	40	0	7	9	2	0	6	51	16	0	0	0	0	0	0	0	0	0	0	0	45	36	0	2.45068958832111	4.4462372048476	5.43872743565734
25	C	0.125	0.0	65	145	0	0	0	5	0	0	1	0	1	0	0	12	105	5	J	1	73	E	14	72	152	28	12	0	0	0	0	75	31	710	72	1	5	8	3	0	11	52	17	0	0	0	0	0	0	0	0	0	1	1	45	36	0	1.90998472446071	3.27296614837396	5.56707408566058
31	C	0.0	0.0	68	150	0	0	0	5	0	0	1	0	5	0	0	12	65	6	J	1	80	E	13	90	178	39	12	0	1	0	0	78	27	520	52	0	9	9	3	0	11	64	21	0	0	0	0	0	0	0	0	0	0	0	44	37	0	0.192686962231267	0.14040051446181	1.92366292192706
26	C	20.0	12.0	67	120	0	0	0	5	0	1	2	0	1	1	0	14	75	4	J	1	73	E	15	70	136	34	12	0	0	0	0	79	33	635	57	0	8	9	2	0	10	52	17	0	0	0	1	0	0	0	0	0	0	3	45	37	0	3.47221090487618	3.65636207429363	3.86242863326295
29	C	0.0	0.0	60	113	0	0	0	0	0	0	0	0	0	0	1	5	55	10	F	1	43	E	14	78	136	29	5	0	0	0	0	77	34	400	50	0	9	10	0	2	8	75	25	0	0	0	0	0	0	0	0	0	0	0	47	40	1	0.882462657933861	-3.73536639678198	2.1207559618398
29	D	0.0	17.0	60	105	0	0	0	0	0	0	1	1	0	1	0	10	105	15	J	1	53	E	11	80	121	31	8	2	0	0	0	79	33	440	69	1	8	9	2	0	8	55	17	0	0	0	0	0	0	0	0	0	0	0	46	39	0	7.23519613930601	5.61954445512353	10.1903395108812
34	C	25.0	13.0	65	143	0	0	0	0	0	1	1	0	1	0	0	12	55	9	J	1	47	E	12	88	146	38	9	0	0	0	0	81	31	420	46	0	8	9	2	0	1	58	19	0	0	0	0	0	0	0	0	0	0	0	46	41	1	2.06937660290537	1.29550605695064	1.70066482159881
24	C	20.0	10.0	61	100	0	1	0	0	0	0	1	1	1	1	0	11	75	13	J	1	60	E	14	68	125	25	11	0	0	0	0	79	36	450	70	1	8	9	2	0	6	65	24	0	0	0	0	0	0	0	0	0	0	0	46	38	0	11.6557716416686	11.6266447540802	3.58319250706881
23	C	0.0	0.0	61	130	0	0	0	0	0	0	0	0	1	0	1	2	85	12	F	1	63	E	14	60	165	26	12	0	0	0	0	82	36	430	60	0	8	9	0	2	7	60	18	0	0	0	0	0	0	0	0	0	0	0	45	39	0	3.01621292346656	3.01103507924738	8.88164184319965
22	C	0.0	0.0	62	123	0	0	0	0	0	1	2	0	2	0	0	12	45	7	J	1	53	E	13	84	133	28	12	0	0	0	0	83	33	370	46	0	8	9	2	1	6	56	16	0	0	0	0	0	0	0	0	0	0	0	45	40	0	3.34580782418556	3.02945263872781	4.53309836760028
21	C	0.0	0.5	62	120	0	1	0	0	0	1	0	0	0	0	0	15	65	12	J	1	90	E	12	70	131	21	15	0	0	0	0	83	33	380	50	1	7	8	2	0	4	55	18	0	0	0	0	0	0	0	0	0	0	0	46	38	0	12.9578561482388	13.3954649185923	4.94579488288504
22	C	0.0	0.0	64	170	0	0	0	1	0	0	0	0	1	0	1	12	85	7	J	1	73	E	12	86	192	28	12	0	0	0	0	76	36	480	36	0	9	9	2	0	1	55	18	0	0	0	0	0	0	0	0	0	0	0	44	42	0	0.914388490095496	1.49968488041274	0.600155427832417
25	C	0.0	0.0	60	107	0	0	0	0	0	1	0	0	0	0	1	18	65	7	K	1	90	E	13	68	124	25	18	0	0	0	0	80	39	380	46	1	9	9	3	0	5	58	17	0	0	0	0	0	0	0	0	0	0	0	48	41	0	0.848824378267171	1.53637520319749	2.06252941438866
21	C	0.0	0.0	65	190	0	0	1	0	0	1	1	0	0	0	0	11	45	10	J	1	43	E	11	78	186	24	8	0	0	0	0	92	40	470	87	1	9	9	3	0	6	58	18	6	0	0	0	0	0	0	0	0	0	3	48	42	0	4.57695936996647	3.24098690782013	6.11987480634541
25	C	30.0	11.0	64	115	0	0	0	0	0	0	0	0	0	0	0	7	45	6	J	1	60	E	12	60	126	33	12	0	0	0	0	76	30	420	62	1	7	9	2	0	6	66	23	0	0	0	0	0	0	0	0	0	0	0	45	41	0	-0.186661936031951	-1.54463426829451	-0.744212751627926
20	C	20.0	4.0	66	119	0	0	0	0	0	1	0	0	2	0	0	12	35	15	J	1	57	E	13	74	139	22	12	0	0	0	0	84	30	650	72	1	6	9	2	0	1	52	17	0	0	0	0	0	0	0	0	0	0	0	46	42	0	3.9014473249058	4.53511831625854	6.41296020445022
19	C	10.0	3.0	63	103	0	0	0	0	0	1	0	0	0	0	1	10	65	7	H	1	60	E	12	68	123	30	10	0	0	0	0	79	34	460	67	1	9	9	2	0	4	76	24	0	0	0	0	0	0	0	0	0	0	0	45	34	0	-6.0649856719834	-6.47893472599853	-5.84980978143537
27	C	10.0	12.0	63	129	0	0	0	0	0	0	1	0	1	0	0	12	55	7	J	1	47	E	12	80	140	29	9	0	1	0	0	82	33	385	60	1	7	8	2	0	3	67	21	0	0	0	2	0	0	0	0	0	0	0	46	41	0	-4.89173073837166	-3.46436974092327	-1.94982662995911
19	C	30.0	6.0	62	114	0	0	0	0	0	0	0	0	0	0	0	12	35	10	J	1	70	E	12	70	143	21	12	0	0	0	0	81	40	415	73	1	9	9	2	0	1	61	20	0	0	0	0	0	0	0	0	0	0	0	45	41	0	-0.25643113954417	0.0484963464254267	0.386107125369636
23	C	0.0	0.0	61	115	0	0	0	0	0	2	4	1	2	0	0	13	45	7	J	1	77	E	13	68	134	24	13	0	1	0	1	75	31	340	55	1	7	9	0	3	6	62	19	0	0	0	0	0	0	0	0	0	0	0	45	40	0	0.26972974674298	0.50987737314092	4.03711505054026
21	C	0.0	0.5	63	120	0	0	0	0	0	0	0	0	0	0	1	9	65	8	N	1	33	D	12	68	139	23	6	0	0	0	0	74	25	445	55	0	8	9	2	0	7	64	21	0	0	0	0	0	0	0	0	0	0	0	45	39	1	2.29487278502187	0.622769922080688	3.21164013697704
32	C	25.0	17.0	65	130	0	0	0	0	0	0	2	0	0	0	0	12	95	10	J	1	60	E	13	70	150	33	10	0	0	0	0	77	35	425	95	1	7	9	2	0	0	67	18	1	1	0	0	0	0	0	0	0	0	0	46	40	0	-3.47575817252532	-2.98117644148746	-3.2058787211642
26	C	15.0	9.0	69	142	0	0	0	0	0	0	2	0	2	0	0	14	45	15	J	1	70	E	13	58	154	29	13	1	0	0	0	77	30	440	67	1	9	9	1	1	5	65	19	0	0	0	0	0	0	0	0	0	0	0	49	39	0	0.45688266061211	0.813154059261733	6.61678569442423
18	C	10.0	2.0	64	110	0	0	0	0	0	0	0	1	1	0	0	12	105	8	J	1	53	E	12	70	130	21	10	0	0	0	0	79	36	430	66	1	9	10	2	0	3	56	18	0	0	0	0	0	0	0	0	0	0	0	46	39	0	4.1959525825941	2.49808948428213	3.39516120370715
35	C	0.0	0.0	64	155	1	1	0	0	0	0	1	0	0	0	0	12	45	10	J	1	40	E	10	90	167	35	11	0	3	0	0	81	33	300	58	1	8	10	2	0	5	74	24	0	0	0	0	0	0	0	0	0	0	0	45	40	0	6.92172364398148	6.82322546080525	-2.06466881644732
19	C	15.0	1.0	64	125	0	0	0	0	0	0	0	0	0	1	0	12	65	10	J	1	77	E	13	78	150	21	12	0	0	0	0	78	32	440	65	1	8	9	0	2	9	51	17	0	0	0	0	0	0	2	0	0	0	0	46	41	0	6.54012028473604	6.21027988776274	11.8183688820173
28	C	0.0	0.0	65	200	0	0	0	0	2	0	0	0	0	0	0	6	35	8	D	1	23	B	14	86	201	34	5	0	0	0	0	82	40	350	39	0	9	9	2	0	8	59	18	0	0	0	0	0	0	0	0	0	0	0	45	40	0	3.03066200555417	3.04354533032496	6.10864773385063
29	C	30.0	10.0	61	111	0	0	0	0	0	0	0	0	0	0	0	11	55	8	J	1	77	E	14	82	115	31	12	0	0	0	0	77	35	530	92	1	8	9	2	0	0	68	24	0	0	0	0	0	0	0	0	0	0	0	48	43	0	-4.86447894893418	-4.17618134750171	-5.44820104888736
18	C	0.0	0.0	61	149	0	1	0	0	0	0	0	0	0	0	0	9	35	7	J	1	33	E	12	74	163	21	9	0	0	0	0	80	39	550	58	0	7	9	2	0	9	66	20	1	0	0	0	0	0	0	0	0	0	0	47	41	0	8.94721583626217	10.7634631442549	1.99001319707781
19	C	0.0	0.0	60	115	0	0	0	0	0	1	0	0	0	0	1	13	45	10	A	1	70	E	13	64	130	20	13	0	0	0	0	81	30	485	54	0	6	8	0	3	1	50	16	0	0	0	0	0	0	0	0	0	0	0	45	39	0	1.22018230852124	3.14900942559468	6.99878014537934
26	C	0.0	0.0	61	190	0	0	0	0	0	1	0	0	0	0	0	12	35	6	J	1	27	E	12	72	191	29	8	0	0	0	0	84	38	570	69	1	8	8	3	0	6	54	17	0	0	0	0	0	0	0	0	0	0	0	45	41	0	2.87349080341997	2.55235918840741	4.99137562636221
24	C	20.0	8.0	61	110	0	0	0	1	0	0	2	1	0	0	0	12	45	10	J	1	60	E	16	70	140	25	14	0	0	0	0	71	31	490	44	0	9	9	2	0	4	59	21	0	0	0	0	0	0	0	0	0	0	0	45	41	0	0.627888490908575	2.08982610744462	3.9906541689767
21	C	0.0	0.0	60	117	0	0	0	0	0	0	0	0	1	0	1	12	65	7	J	1	47	E	13	78	147	21	7	0	0	0	0	81	35	380	93	1	5	9	2	0	12	58	18	0	0	0	0	0	0	0	0	0	0	0	45	43	1	6.43495329976596	3.58610494393482	6.74223927212999
22	C	0.0	2.0	66	135	0	0	0	0	0	0	0	1	1	0	1	12	75	10	J	1	73	E	12	78	156	24	12	0	0	0	0	87	38	420	47	0	8	9	0	2	2	48	15	0	0	0	0	0	0	0	0	0	0	0	46	45	0	5.53763473904473	5.36811632704405	8.69952340886442
22	C	0.0	2.0	66	135	0	0	0	0	0	0	0	1	1	0	1	12	75	10	J	1	73	E	12	78	156	24	12	0	0	0	0	81	37	380	45	0	9	9	0	2	1	62	21	0	0	0	0	0	0	0	0	0	0	0	45	45	0	-1.33258743150806	-0.23840097512742	2.50907158136004
20	C	10.0	2.0	64	170	0	0	0	0	0	0	0	0	0	0	0	12	55	7	J	1	57	E	13	76	196	23	10	0	0	0	0	79	39	540	60	1	8	9	2	0	2	55	17	0	0	0	0	0	0	0	0	0	0	0	46	41	1	2.01518586018998	2.13532893600654	2.05609489877742
35	C	0.0	16.0	62	110	0	0	0	0	0	0	2	0	0	0	0	11	65	10	A	1	50	E	15	86	127	36	11	0	0	0	0	82	33	375	51	0	9	9	2	0	7	63	21	0	0	0	0	0	0	0	0	0	0	0	45	39	0	2.07944458318444	1.35707721915446	4.39251005036128
21	C	30.0	4.0	66	125	0	0	0	0	0	0	0	0	1	0	1	12	85	8	J	1	63	E	12	68	142	28	10	0	0	0	0	80	36	480	54	1	5	7	2	0	3	47	15	0	0	0	0	0	0	0	0	0	0	0	47	41	0	4.73207461657592	4.3177238311078	6.07610375860002
27	C	0.0	1.0	67	178	0	1	0	0	0	0	0	0	0	0	0	12	25	10	I	1	63	B	16	88	174	30	13	0	0	0	0	83	40	390	44	0	9	10	0	2	0	61	20	0	0	0	0	0	0	0	0	0	0	0	48	41	0	9.14277060389854	10.6322652139336	1.40662351374379
19	C	0.0	1.0	62	110	0	0	0	0	0	0	0	0	1	0	0	13	15	10	J	1	63	E	12	80	125	19	13	0	0	0	0	82	34	415	57	1	9	9	0	2	4	56	17	0	0	0	0	0	0	0	0	0	0	0	43	41	0	2.83051007289085	3.37562460128518	7.69974713981884
25	C	0.0	0.0	62	132	0	0	0	0	0	0	0	0	0	0	0	11	35	10	F	1	60	E	16	60	144	26	12	0	0	0	0	82	37	460	66	0	7	9	2	0	7	54	17	0	0	0	0	0	0	0	0	0	0	0	44	41	0	5.34703866308713	4.7685368748157	7.65816484043658
25	C	45.0	8.0	64	110	0	1	0	0	0	0	1	0	1	1	0	12	55	8	J	1	77	E	13	64	141	27	14	1	0	0	0	83	34	335	36	0	9	9	2	0	1	57	19	0	0	0	0	0	0	0	0	0	0	0	44	40	0	10.6067853826333	11.9254908235921	-0.0273578561656693
23	C	0.0	0.0	64	109	0	0	0	0	0	0	0	0	1	0	0	12	55	8	J	1	80	E	15	70	133	25	13	0	0	0	0	79	33	480	65	0	9	9	2	0	2	57	18	0	0	0	0	0	0	0	0	0	0	0	44	43	0	0.366107218663585	1.415489818178	1.38583004199662
21	C	0.0	5.0	65	110	0	0	0	0	0	0	1	0	0	0	1	7	55	7	A	1	53	E	12	82	148	24	10	0	0	0	0	82	40	450	56	1	8	9	0	2	3	49	15	0	0	0	0	0	0	0	0	0	0	0	46	38	1	7.6559864871647	4.80706485574404	7.73175821499086
22	C	15.0	5.0	63	122	0	0	0	0	0	2	0	0	0	0	0	8	85	12	J	1	50	E	14	68	138	35	5	1	0	0	0	79	35	480	47	1	8	9	2	0	3	55	16	0	0	0	0	0	0	0	0	0	0	0	46	41	0	5.2375786718471	3.84930328308707	6.13528113623108
29	C	0.0	0.0	62	110	0	1	0	0	0	0	1	0	1	0	0	14	35	10	M	1	77	A	13	70	135	26	16	0	2	0	0	80	32	475	54	0	9	9	0	2	5	61	19	0	0	0	0	0	0	0	0	0	0	0	45	42	0	12.2373525359357	12.4195058963373	5.3965971355035
31	C	5.0	12.0	65	134	0	0	0	0	0	0	0	1	1	1	0	6	25	10	F	1	13	E	14	78	155	28	6	0	0	0	0	80	29	430	74	1	9	9	3	0	7	65	21	0	0	0	0	0	0	0	0	0	0	0	47	40	0	2.12831854778539	0.975058484229101	4.6660024963296
18	C	20.0	5.0	61	132	0	0	0	0	0	1	0	0	0	0	1	12	25	10	J	1	47	E	11	70	143	22	11	0	0	0	0	82	39	600	46	0	8	9	1	1	0	74	23	0	0	0	0	0	0	0	0	0	0	0	44	42	1	-3.64555316560415	-5.97120867383245	-3.52906625887298
30	C	0.0	0.0	64	165	0	0	0	0	0	0	2	0	1	0	0	12	65	12	H	1	57	B	14	90	182	30	12	0	1	0	0	81	37	450	62	1	9	9	2	0	7	62	18	0	0	0	0	0	0	0	0	0	0	0	48	38	0	1.92906964464384	2.102554102778	5.60566446020491
20	C	20.0	7.0	66	135	0	0	0	0	3	2	1	1	1	0	0	9	75	10	J	1	50	E	12	60	148	22	11	2	0	1	0	82	39	450	57	0	2	6	2	0	3	55	18	0	0	0	2	0	0	0	0	0	0	0	47	37	0	2.26873299975898	2.26838634055561	4.97728397888716
23	C	2.0	6.0	63	138	0	0	0	0	0	0	0	0	0	1	0	9	75	15	J	1	53	E	13	78	167	29	7	1	0	0	0	82	36	540	55	1	2	4	3	0	10	60	20	0	0	0	5	0	0	0	1	0	0	3	46	43	1	8.30374947260758	2.93155475981769	9.00798587277815
22	C	10.0	6.0	64	182	0	0	0	0	0	0	0	0	0	0	1	11	75	10	J	1	50	E	13	70	185	32	10	0	0	0	0	79	34	550	47	1	9	9	3	0	1	64	22	0	0	0	0	0	0	0	0	0	0	0	47	40	1	-1.52119132011714	-0.957890984108328	-0.278992146549223
25	C	20.0	10.0	63	105	0	0	0	0	0	0	0	1	1	0	0	12	35	13	J	1	47	E	14	70	119	25	10	0	0	0	0	75	29	550	65	1	9	10	3	0	1	58	19	0	0	0	0	0	0	0	0	0	0	0	47	40	0	1.0149950806984	2.13345419008807	3.72660227813252
27	C	0.0	9.0	65	120	0	0	0	0	0	0	0	0	0	0	0	10	65	10	J	1	50	E	13	66	144	27	10	0	0	0	0	84	35	480	65	1	7	9	3	0	5	70	20	0	0	0	0	0	0	0	0	0	0	0	46	38	0	0.0162128895315661	-2.27159084387314	0.116521593988293
22	C	6.0	4.0	65	113	0	0	0	0	0	0	0	0	1	0	0	14	55	20	F	1	70	E	14	60	135	23	12	0	0	0	0	80	37	390	79	1	7	9	2	0	6	63	21	0	0	0	0	0	0	0	0	0	0	0	45	41	0	2.19522969280295	2.37178516235587	6.89522366942098
16	C	0.0	0.0	61	110	0	0	0	0	0	0	0	0	0	0	0	10	5	20	J	1	37	E	10	70	134	19	11	0	0	0	0	82	37	355	63	1	3	8	3	0	5	58	18	0	0	0	1	0	0	0	0	0	0	0	46	39	1	10.4055000304825	3.40161016443952	9.21423536718364
24	C	0.0	0.0	62	126	0	0	0	0	0	0	1	0	0	0	1	12	85	2	B	1	70	B	12	90	144	29	12	0	0	0	0	77	31	410	47	1	9	9	0	2	7	56	18	0	0	0	0	0	0	0	0	0	0	0	50	38	0	-0.686297914871051	-0.22124525668622	-1.12742759563204
22	C	10.0	7.0	65	146	0	0	1	0	0	0	0	1	0	1	0	12	105	7	J	1	83	E	12	88	172	26	12	0	0	0	0	84	39	530	67	1	9	9	2	0	0	61	19	0	0	0	0	0	0	0	0	0	0	0	51	43	0	-2.5960656740336	-1.53990682389283	-3.35032751036745
23	C	0.0	0.0	65	110	0	0	0	0	0	2	0	0	0	0	1	12	85	7	J	1	70	E	13	72	130	22	11	0	0	0	0	80	33	330	49	0	9	9	0	2	3	60	20	0	0	0	0	0	0	0	0	0	0	0	45	42	0	-0.450759236024106	0.562956106454649	3.1535562815947
20	C	0.0	0.5	68	145	0	0	0	0	0	0	0	0	0	0	1	8	55	5	F	1	40	E	14	58	169	24	4	0	0	0	0	79	36	575	55	0	4	9	3	0	5	51	15	0	0	0	0	0	0	0	0	0	0	0	45	41	0	4.54298782127141	3.88323027698704	4.1038292187768
18	C	6.0	3.0	62	118	0	0	0	0	0	0	3	0	0	1	0	7	55	6	J	1	47	E	12	68	120	25	8	0	0	0	0	78	39	320	58	1	9	9	2	0	6	47	14	0	0	0	0	0	0	0	0	0	0	0	46	42	1	6.71919368785758	5.83553376505774	6.92805008982986
17	C	0.0	3.0	64	101	0	1	0	0	0	1	1	1	1	0	0	9	25	12	J	1	37	E	13	68	129	19	10	0	0	0	0	82	29	455	64	1	8	9	2	0	5	67	22	0	0	0	0	0	0	0	0	0	0	0	49	41	0	10.184568812592	10.5966737623468	2.37860954621598
32	C	9.0	15.0	61	121	0	0	0	0	0	0	0	0	0	0	0	8	85	10	F	1	50	E	15	68	140	33	8	0	0	0	0	72	26	600	56	0	6	7	3	0	3	64	20	5	0	2	0	0	0	0	0	0	0	1	46	40	0	-1.36447287520476	-1.33132777135167	1.34637568357566
27	C	2.0	9.0	67	140	0	0	0	0	0	1	0	0	2	0	0	14	45	10	J	1	40	E	12	88	156	33	9	0	0	0	0	76	30	550	88	1	9	9	1	2	4	58	18	0	0	0	0	0	0	0	0	0	0	0	46	41	0	1.35379689961119	2.90310755950928	7.62720834415348
24	C	10.0	5.0	63	148	0	0	0	0	0	0	0	0	1	0	1	12	55	13	I	1	63	B	13	70	163	28	12	1	0	0	0	78	33	500	46	1	7	9	2	0	2	49	15	0	0	0	0	0	0	0	0	0	0	0	45	38	0	6.68970713489245	5.59701476525609	7.4749236234559
26	C	20.0	11.0	63	110	1	0	0	0	0	0	2	0	1	0	0	10	75	14	G	1	40	E	12	70	127	31	8	1	2	0	0	82	40	435	75	1	1	3	3	0	4	68	20	0	0	0	1	0	0	0	0	0	0	0	45	42	0	-1.62292535356951	-1.90927209626374	2.39283898560139
31	C	0.0	0.0	60	226	0	0	0	0	0	0	1	0	0	0	0	10	55	16	J	1	43	E	10	90	216	45	10	0	2	0	0	81	36	480	71	1	9	9	0	3	2	63	20	0	0	0	0	0	0	0	0	0	0	0	46	43	0	-0.0670695997335411	1.19826276265334	6.48792695021558
24	C	0.0	0.0	65	140	0	0	1	1	0	0	0	0	1	1	0	12	55	10	J	1	87	E	14	64	166	25	14	0	0	0	0	77	34	790	42	0	8	9	2	0	3	54	17	0	0	0	0	0	0	0	0	0	0	0	46	40	0	4.5359477112354	3.33190828503274	4.38382781426942
24	C	20.0	10.0	62	160	0	0	0	0	0	0	1	0	0	0	0	10	45	13	J	1	43	E	12	88	176	24	9	0	0	0	0	81	30	500	64	0	8	9	2	0	3	60	20	0	0	0	0	0	0	0	0	0	0	0	45	42	0	3.96664496152151	2.18448769583535	4.82993616518246
28	C	0.0	9.0	66	130	0	0	0	0	0	0	1	0	0	0	1	16	45	10	J	1	83	E	13	80	143	27	18	0	0	0	0	76	29	350	67	1	8	9	0	2	6	61	19	0	0	0	0	0	0	0	0	0	0	0	47	43	0	2.5429194553194	1.69742436306507	6.32815790655719
20	C	2.0	2.0	63	115	0	0	0	0	0	0	0	0	1	0	1	13	55	10	D	1	87	B	13	60	143	20	15	0	0	0	0	78	37	440	65	1	5	8	3	0	2	51	16	0	0	0	0	0	0	0	0	0	0	0	47	40	0	3.71566539411035	2.86311824763897	4.48563728395586
26	C	10.0	10.0	63	142	0	0	0	0	0	1	0	0	0	0	0	9	55	20	J	1	57	E	12	90	157	29	10	1	0	0	0	52	16	380	54	0	9	10	2	0	0	67	23	0	0	0	0	0	0	0	0	0	0	0	46	41	0	-2.19784677522953	-1.43466468754968	0.53192136234552
22	C	20.0	3.0	64	136	0	0	0	0	0	0	1	1	2	1	0	12	45	7	J	1	70	E	12	72	153	26	12	0	0	0	1	78	31	420	56	1	6	6	2	0	5	70	23	0	0	0	2	0	0	0	0	0	0	0	47	40	0	-3.94389889295958	-4.54216676716032	-2.70051180088772
43	C	0.0	0.0	62	154	0	0	0	0	0	0	1	1	1	0	0	2	65	17	F	1	47	E	18	80	162	53	5	0	0	0	0	80	33	555	58	0	8	9	0	2	11	58	17	0	0	0	0	0	0	0	0	0	0	0	46	38	0	5.49370000872727	5.5892350294593	13.8492303514214
19	C	30.0	8.0	62	112	0	0	0	0	0	0	0	1	1	0	1	12	35	7	J	1	43	E	15	82	128	22	11	0	0	0	0	82	40	335	60	0	9	9	2	0	2	65	20	0	0	0	0	0	0	0	0	0	0	0	44	39	0	-1.59311008994921	-1.71931055999284	-1.58584225374685
22	C	20.0	10.0	65	140	0	0	1	0	0	0	0	0	1	0	0	12	55	10	J	1	77	E	13	68	169	23	12	0	0	0	0	83	38	450	63	0	8	9	2	0	1	70	23	0	0	0	0	0	0	0	0	0	0	0	43	40	0	-4.59317785716271	-4.00480906816406	-3.8241977378288
24	C	20.0	12.0	67	130	0	0	0	0	0	1	0	1	0	1	0	9	25	15	J	1	33	E	11	80	162	24	8	0	0	0	0	81	32	560	48	0	9	9	1	0	7	58	16	0	0	0	0	0	0	0	0	0	0	0	46	38	0	5.03469128432499	4.6777226804395	11.7809746054243
17	C	2.0	4.0	62	119	0	0	0	0	0	1	0	0	1	0	0	11	65	7	J	1	67	E	13	70	139	20	12	0	0	0	0	83	37	455	61	1	9	9	2	0	2	55	17	0	0	0	0	0	0	0	0	0	0	0	47	40	0	2.28190147458721	2.00827244645411	1.75309064897364
17	C	0.0	0.0	61	122	0	0	0	0	0	1	3	0	1	0	1	11	75	20	I	1	60	B	11	70	152	20	11	0	1	0	0	79	36	495	33	0	9	9	2	0	4	55	17	0	0	0	0	0	0	0	0	0	0	0	45	39	0	4.50703835741102	5.13046052485689	9.18299625787257
17	C	7.0	1.0	65	135	0	0	0	0	0	0	0	0	0	0	0	12	5	7	J	1	53	E	12	66	163	18	12	0	0	0	0	81	33	440	37	1	8	9	2	0	0	52	17	0	0	0	0	0	0	0	0	0	0	0	45	41	0	2.18130736730197	2.25773080756137	1.00365244158075
22	C	30.0	11.0	65	135	0	0	0	0	0	0	0	1	1	0	1	12	95	7	J	1	77	E	11	72	137	25	12	0	0	0	0	79	32	395	37	0	8	9	2	0	0	54	17	0	0	0	0	1	0	0	0	0	0	0	45	40	0	0.637657003953015	1.24101238240644	-0.441066006398235
32	C	20.0	13.0	59	95	0	3	0	0	0	0	0	1	0	0	0	12	45	10	J	1	73	E	14	60	100	33	12	0	1	0	0	80	25	370	43	1	9	9	2	0	10	57	18	6	0	0	0	0	0	1	0	0	0	1	46	40	0	14.1290303046128	15.0239888969619	7.02970784428544
30	C	15.0	10.0	63	123	0	0	0	0	0	0	1	0	0	0	1	14	105	10	F	1	93	E	11	68	143	29	18	0	1	0	0	81	30	465	59	0	9	9	0	2	9	60	18	0	0	0	0	0	0	0	0	0	0	0	46	39	0	0.734110225474357	2.65210507151134	7.95178749362762
26	C	30.0	11.0	64	152	0	0	0	0	0	0	2	0	0	1	0	12	65	4	J	1	70	E	13	72	157	36	12	0	0	0	0	79	30	460	42	1	8	9	2	0	8	58	19	0	0	0	0	0	0	0	0	0	0	0	47	42	0	0.997382313666128	1.06628078197426	0.793916645968126
24	C	20.0	3.0	62	128	0	0	0	0	0	0	1	2	0	1	1	12	45	7	J	1	30	E	12	80	154	26	9	0	0	0	0	82	37	400	63	1	8	9	2	0	4	70	22	0	0	0	0	0	0	0	0	0	0	0	46	39	1	-3.98833814246047	-3.14704803220601	-1.96010040941955
26	C	0.0	10.0	64	155	0	0	3	0	0	0	0	1	0	0	0	8	35	13	J	1	23	E	13	80	164	29	8	0	0	0	0	79	30	490	45	0	9	9	3	0	7	63	20	0	0	0	0	0	0	0	0	0	0	0	48	40	1	6.33787644758248	2.29720426028838	6.65403512560941
22	C	0.125	3.0	62	135	0	0	2	6	0	2	0	0	2	0	1	11	35	7	J	1	43	E	11	80	147	25	12	0	0	0	0	80	34	620	58	0	9	9	2	0	7	62	20	1	0	0	0	0	0	0	0	0	0	1	44	33	1	1.63331183104157	1.01708009482107	2.97538442272516
24	C	10.0	8.0	61	114	0	0	0	0	2	1	0	0	0	1	0	8	25	10	J	1	30	E	14	72	131	28	9	2	0	0	1	79	37	405	54	0	9	10	2	0	4	47	15	0	0	0	0	0	0	0	0	0	0	0	44	39	1	9.34955509368007	6.74687481057643	9.21700905859791
21	C	10.0	6.0	63	100	1	0	0	0	0	0	2	0	1	0	1	10	35	15	L	1	33	E	14	62	119	32	11	1	0	0	0	77	34	360	59	0	6	9	2	0	0	69	22	0	0	0	0	0	0	0	0	0	0	0	44	41	1	-0.388040040959877	-2.64615056469666	-1.11815400271183
18	C	0.0	6.0	67	119	0	0	0	0	0	0	0	0	0	0	0	11	15	7	G	1	43	E	13	70	153	19	12	0	0	0	0	83	37	365	63	0	7	9	3	0	0	68	23	0	0	0	0	0	0	0	0	0	0	0	44	41	0	-4.6866756740311	-4.06803078348165	-5.20096595128611
23	C	10.0	2.0	64	112	0	0	1	0	0	0	1	0	1	0	1	12	85	10	J	1	93	E	12	70	129	23	13	0	0	0	0	82	30	480	68	1	8	9	2	0	6	63	20	0	0	0	0	0	0	0	0	0	0	0	48	38	0	1.9732817320109	0.573176846908302	2.55622383792934
26	C	0.0	3.0	65	118	0	0	0	0	0	0	0	0	1	1	1	8	45	8	F	1	63	E	14	80	148	24	12	0	0	0	0	81	36	500	70	0	7	10	1	2	0	63	20	0	0	0	0	0	0	0	0	0	0	0	46	42	0	-2.28001304885934	-1.63163891572652	-0.172940168524025
21	C	0.0	0.0	59	112	0	0	1	0	0	0	0	0	0	1	1	12	75	5	J	1	50	E	13	80	137	24	9	0	0	0	0	86	33	495	66	0	4	9	2	0	0	44	15	0	0	0	0	0	0	0	0	0	0	0	45	41	1	0.337402992507354	4.02299914597503	1.63726932287332
18	C	30.0	3.0	63	118	0	0	0	0	0	0	0	0	3	0	1	10	85	20	F	1	53	E	12	72	134	22	10	0	0	0	0	80	29	400	58	0	9	9	2	0	2	56	17	0	0	0	0	0	0	0	0	0	0	0	45	40	0	4.03702031956715	4.1715178403058	7.50288072866482
32	C	0.0	0.0	65	175	0	0	0	1	0	0	1	1	2	1	0	10	85	8	J	1	90	B	14	75	201	39	16	0	0	0	0	82	36	480	61	0	9	9	0	2	3	69	22	0	0	0	0	0	0	0	0	0	0	0	46	41	0	-2.54231182689909	-3.26912479464191	-0.602229205175415
17	C	20.0	3.0	65	124	0	0	0	0	0	0	0	0	0	0	0	11	75	10	J	1	60	E	14	70	154	20	11	0	0	0	0	80	39	610	70	1	7	7	2	0	2	61	21	0	0	0	1	0	0	0	0	0	0	0	47	41	0	-2.91934523824727	-0.558430874831253	1.50458817054318
20	C	20.0	5.0	68	190	0	0	0	0	0	0	1	0	0	0	1	12	65	10	J	1	63	E	11	80	205	23	11	0	0	0	1	78	35	365	63	0	8	9	0	2	1	66	22	0	0	0	0	0	0	0	0	0	0	0	44	40	0	0.477200652701543	-1.83317112931807	1.07492715655254
25	C	0.0	0.0	61	100	0	0	0	0	0	0	1	0	1	0	1	17	75	10	C	1	93	E	14	70	120	30	18	0	0	0	0	80	31	470	52	0	8	9	0	2	7	64	22	2	0	0	0	0	0	0	0	0	0	0	47	41	0	0.220142461347641	0.550031662405162	5.29363011660712
30	C	0.0	0.0	66	120	0	2	0	0	0	0	2	1	1	1	0	9	65	10	G	1	83	E	14	70	129	36	12	0	3	0	0	80	33	360	58	0	8	9	2	0	7	64	22	0	0	0	0	0	0	0	0	0	0	0	46	38	0	9.650298794517	11.4161098364631	2.43152229571579
37	C	0.0	0.0	58	118	0	0	0	0	0	0	0	0	0	0	1	8	85	18	J	1	73	E	12	80	136	42	12	0	0	0	0	81	27	385	53	1	9	10	2	0	7	71	23	0	0	0	0	0	0	0	0	0	0	0	47	39	0	-0.857748482055155	-1.25000239276327	3.17910696366738
23	C	20.0	7.0	60	110	0	0	0	0	0	0	0	0	0	0	0	9	25	8	J	1	37	E	12	68	124	25	11	1	0	0	0	79	24	465	60	0	9	9	3	0	2	66	23	0	0	0	0	0	0	0	0	0	0	0	45	31	0	-1.5687618716521	-1.75844322500858	-1.06226205983714
22	C	12.0	5.0	65	132	0	0	0	0	0	0	1	0	0	0	0	12	45	10	L	1	70	E	13	50	141	25	14	0	1	0	0	83	31	505	54	1	9	9	2	0	3	56	18	0	0	0	0	0	0	0	0	0	0	0	48	42	0	0.7602915290343	2.80752397028075	4.15040811929731
21	C	15.0	5.0	66	115	0	0	0	0	0	0	0	0	0	0	1	12	75	7	J	1	63	E	15	68	129	22	11	0	0	0	0	83	35	480	51	1	9	9	2	0	5	64	22	0	0	0	0	0	0	0	0	0	0	0	47	42	0	-0.636402872587576	-0.582951423175646	0.394514913420927
18	C	0.0	0.0	61	114	0	0	0	0	0	0	0	0	0	0	1	12	85	10	J	1	77	E	14	80	128	24	14	0	0	0	0	80	38	485	64	1	3	9	0	2	3	50	16	0	0	0	0	0	0	0	0	0	0	0	45	39	0	5.15634013750825	5.01984761762137	8.72464396157547
27	C	0.0	0.0	62	154	0	0	1	0	0	1	3	0	1	0	1	11	85	10	I	1	70	B	12	56	177	29	12	1	1	0	0	84	41	450	68	1	1	8	3	0	9	53	17	0	0	0	1	0	0	0	0	0	0	0	45	40	0	3.41280356753891	4.2692588836037	8.53846308753791
23	C	0.0	2.0	63	130	0	0	0	1	0	1	2	0	1	0	0	10	85	20	A	1	63	E	13	72	151	26	11	0	1	0	0	78	32	640	38	1	6	9	2	0	4	45	15	0	0	0	0	0	0	0	0	0	0	0	47	43	0	9.88057392136767	8.45030371331376	12.4791450873487
21	C	20.0	6.0	63	105	0	0	0	0	0	0	0	0	1	0	0	11	35	10	J	1	43	E	12	60	122	22	9	1	0	0	1	78	29	390	76	0	7	7	2	0	2	75	24	0	0	0	0	0	0	0	0	0	0	0	46	41	0	-5.63705330074084	-6.74551039000169	-4.43747298256893
20	C	10.0	3.0	61	108	3	1	0	1	0	0	1	0	1	0	0	12	45	5	J	1	63	E	11	74	121	23	12	0	0	0	0	85	38	470	66	1	6	9	2	0	2	67	22	0	0	0	0	0	0	0	0	0	0	0	46	40	0	6.9558634819241	7.19106458793047	-5.68005450529667
18	C	0.0	0.0	63	126	0	0	0	0	0	1	0	0	1	1	0	12	5	10	J	1	60	E	12	62	143	21	14	0	0	0	0	81	36	405	56	1	8	9	0	2	4	54	17	0	0	0	0	0	0	0	0	0	0	0	47	41	0	3.64988871811468	4.15287100487898	8.5361922119537
36	C	0.0	0.0	67	157	0	0	0	0	0	1	2	0	0	0	0	14	35	12	B	1	57	B	13	78	186	35	12	0	0	0	0	82	31	385	54	0	7	9	2	0	4	54	17	0	0	0	0	0	0	0	0	0	0	0	48	41	1	7.8768432245191	4.44097238511787	6.9987599699375
20	C	15.0	2.0	61	112	0	0	0	0	0	0	1	1	0	0	0	12	35	6	J	1	57	E	11	68	142	25	12	0	0	0	0	83	28	500	58	0	8	9	2	0	2	51	16	0	0	0	0	0	0	0	0	0	0	0	45	41	0	4.06561358706898	3.17566010479345	2.56452831891189
17	C	0.5	3.0	61	120	0	0	0	0	0	0	1	0	0	0	0	10	35	15	J	1	23	E	11	80	139	18	8	0	0	0	0	77	33	485	61	1	8	9	3	0	1	53	17	0	0	0	0	0	0	0	0	0	0	0	47	39	1	7.67089872230166	4.619466292882	7.09944165935097
24	C	0.0	0.0	66	143	0	0	0	0	0	0	0	0	0	0	1	12	75	7	I	1	63	B	12	84	156	26	12	0	0	0	0	82	37	365	39	0	8	9	3	0	2	53	17	0	0	0	0	0	0	0	0	0	0	0	48	40	0	2.05422008023408	2.78464731144601	2.60604850858536
20	C	11.0	5.0	69	110	0	0	0	0	0	5	0	0	0	0	1	12	75	7	J	1	63	E	14	70	129	26	11	0	0	0	0	83	35	450	54	1	7	9	2	0	0	51	16	0	0	0	0	0	0	0	0	0	0	0	46	47	0	0.587162143677174	2.47638580866895	1.04906561471884
33	C	0.0	0.0	62	170	0	0	0	0	0	0	2	0	0	0	0	11	55	12	J	1	80	B	13	88	207	34	14	0	0	0	0	77	31	550	97	1	8	9	2	0	5	64	20	0	0	0	0	0	0	0	0	0	0	0	46	37	0	-0.21324470077859	0.4661211496622	2.93798482747533
27	C	0.0	10.0	58	88	0	0	1	0	0	0	1	0	1	0	1	12	85	10	J	1	93	E	13	78	111	28	16	0	0	0	0	79	33	420	36	0	9	9	1	3	3	67	23	0	0	1	0	0	0	0	0	0	0	0	46	37	0	-1.26468664619148	-1.86652699344335	1.50102146720779
20	C	0.0	4.0	64	155	0	0	0	0	0	2	0	0	1	0	1	12	55	13	J	1	53	E	12	80	168	23	12	0	0	0	0	76	31	555	45	0	9	9	2	0	1	63	19	0	0	0	0	0	0	0	0	0	0	0	47	40	0	-1.57065403132842	0.0231884465915031	1.4925827061597
19	C	20.0	19.0	64	130	0	1	0	0	0	0	1	0	0	0	0	11	35	5	J	1	53	E	12	70	159	21	11	0	0	0	0	81	35	520	67	1	8	9	1	2	5	69	22	0	0	0	0	0	0	0	0	0	0	0	47	41	1	1.1912536597245	7.52576629596044	-1.51745251619259
22	C	30.0	6.0	62	123	0	0	0	0	0	0	1	0	0	0	1	12	75	7	J	1	63	E	13	68	140	19	12	0	1	0	0	79	38	465	71	1	9	9	2	0	6	63	20	0	0	0	0	0	0	0	0	0	0	0	45	36	0	-0.400078884887115	0.102413505640798	1.40555764182217
17	E	6.0	4.0	66	135	0	0	0	0	0	0	0	0	0	0	1	12	5	20	J	1	27	E	13	80	165	22	11	0	0	0	0	82	30	420	67	0	8	9	2	0	0	57	18	0	0	0	0	0	0	0	0	0	0	0	47	42	0	4.70783698230448	3.11904612439441	5.65498018703706
35	C	10.0	13.0	64	145	0	0	0	0	0	0	0	1	1	1	0	9	55	12	J	1	43	E	12	88	158	39	9	0	0	0	0	84	38	560	70	0	8	10	2	0	2	61	20	0	0	0	0	0	0	0	0	0	0	0	48	38	0	1.82889892368496	1.23949548392899	3.18010927016183
36	C	0.0	0.0	60	145	0	0	0	0	0	2	0	0	0	0	1	2	55	25	F	1	40	E	13	70	165	44	3	0	1	0	0	85	35	510	71	1	9	9	0	2	8	53	17	0	0	0	0	0	0	0	0	0	0	0	47	40	1	17.0043754921478	7.72837197394518	16.4937369126607
26	C	0.0	0.0	64	129	0	0	0	0	0	0	0	0	0	1	1	18	75	4	J	1	93	E	14	74	135	24	16	0	0	0	0	81	31	510	67	1	4	5	0	2	7	56	17	0	0	0	2	0	0	0	0	0	0	0	45	39	0	0.281137181651879	0.316531072384094	2.84657690106297
33	C	0.0	0.0	61	182	0	0	1	3	0	1	2	0	3	0	1	12	85	12	I	1	63	B	14	58	185	34	11	1	2	0	0	79	29	690	78	1	5	8	3	0	8	55	17	2	0	0	0	0	0	0	0	0	0	1	46	38	0	4.15257028505024	3.83608527445595	8.54684042272257
23	C	0.0	3.0	58	104	0	0	0	0	0	0	0	0	0	0	0	16	35	10	J	1	43	E	13	74	128	28	10	0	0	0	0	79	28	495	47	1	8	9	2	0	4	59	19	5	0	0	0	0	0	0	0	1	0	0	44	49	0	1.66582244690183	2.30683552367341	4.50817811125143
28	C	20.0	10.0	66	141	0	0	0	0	0	0	0	0	1	0	0	12	45	10	J	1	60	E	14	80	160	30	12	0	1	0	0	77	31	410	60	1	5	9	2	0	2	57	18	0	1	0	0	0	0	0	0	0	0	0	46	40	0	2.30186191136619	2.19433869894717	3.2605361606199
21	C	10.0	5.0	60	132	0	0	0	0	0	0	0	0	0	0	1	12	75	7	J	1	50	E	12	50	157	29	5	0	0	0	0	83	35	625	69	0	3	6	2	0	3	49	16	0	0	0	1	1	0	0	0	0	0	0	47	41	0	5.32424171200595	3.51436989836266	5.03661643415981
22	C	0.0	0.0	57	110	0	0	0	0	0	0	0	0	0	0	1	8	95	5	F	1	60	E	12	78	130	27	12	0	0	0	0	77	38	500	86	1	3	8	1	1	7	51	16	1	0	0	0	1	0	0	0	0	0	1	45	42	0	2.27983214080058	3.1235255480895	7.08709839124865
18	C	0.0	0.0	65	133	0	0	0	0	0	2	0	0	0	0	0	7	55	8	J	1	57	E	13	70	152	25	11	0	0	0	0	80	29	580	56	0	9	9	2	0	6	62	19	0	0	0	0	0	0	0	0	0	0	0	46	36	1	2.51182702683811	0.923280373299668	2.79553219193959
26	C	0.0	0.0	66	230	0	0	0	0	0	1	0	0	1	0	0	12	55	30	J	1	43	E	11	100	220	26	9	0	0	0	0	82	34	440	65	0	8	9	2	0	7	60	19	0	0	0	0	0	0	0	0	0	0	0	45	40	0	3.57522073952645	4.99720669776494	11.442549325941
21	C	0.0	0.0	68	142	0	0	0	0	0	0	1	0	0	0	1	12	65	13	J	1	47	D	12	74	163	22	9	0	0	0	0	66	23	430	64	1	9	9	2	0	6	65	19	0	0	0	0	0	0	0	0	0	0	0	46	40	0	1.09058393506275	0.887735955994956	4.51042536128377
27	C	0.0	0.0	62	107	0	0	0	0	0	1	0	1	0	0	1	18	35	4	J	1	77	E	14	80	119	28	18	0	0	0	0	84	32	380	59	1	7	9	3	0	13	42	14	4	0	0	0	0	0	0	1	0	0	1	44	38	0	4.72887786302027	7.30833877336678	8.1535270683373
22	C	18.0	4.0	63	100	0	0	0	0	0	4	1	0	0	0	1	11	55	10	J	1	63	E	15	76	124	20	10	0	0	0	0	83	40	315	55	1	9	9	2	0	5	70	19	0	0	0	0	0	0	0	0	0	0	0	45	40	0	-4.49804416898777	-2.43714956300558	-0.278302752772055
21	C	0.0	0.0	64	125	0	0	0	0	0	0	0	0	1	0	1	12	95	10	F	1	50	E	12	74	145	21	11	0	0	0	0	80	38	580	68	1	9	9	2	0	4	57	18	0	0	0	0	0	0	0	0	0	0	0	47	39	0	2.84887664274345	2.99692096867933	5.08097736262088
21	C	20.0	2.0	62	150	0	0	0	0	0	0	0	0	0	0	1	12	85	10	J	1	73	E	14	80	162	20	12	0	0	0	0	80	35	510	59	1	9	9	3	0	6	55	18	0	0	0	0	0	0	0	0	0	0	0	47	41	0	4.32215798152103	3.99817398457819	6.35808064424624
17	C	20.0	7.0	66	140	1	0	2	0	0	0	0	0	1	1	0	9	25	20	F	1	37	E	14	70	169	21	10	0	0	0	0	86	40	610	51	0	9	9	2	0	9	61	20	0	0	0	0	0	0	0	0	0	0	0	46	39	0	5.55160667339139	4.30040128073191	10.2538820568176
42	C	0.0	7.0	63	135	1	0	0	0	0	0	2	0	0	0	0	12	65	10	J	1	77	E	12	70	145	40	12	0	1	0	0	78	33	550	77	0	9	9	2	0	4	64	20	0	0	0	0	0	0	0	0	0	0	0	46	40	0	0.0688616012323394	-0.193064743671005	1.39146435630323
22	C	10.0	5.0	66	150	0	0	0	0	0	0	2	0	0	0	0	12	55	10	J	1	40	E	11	88	198	26	4	0	0	0	0	84	33	285	32	0	5	8	3	0	8	65	21	0	0	0	0	0	0	0	0	0	0	0	46	39	1	3.92791757047123	-0.31826149530631	4.17650935545505
23	C	0.0	3.0	62	145	0	0	0	0	0	0	3	0	0	0	0	11	45	12	J	1	63	E	13	88	152	42	12	0	0	0	0	82	31	455	54	0	9	10	2	0	4	59	19	0	0	0	0	0	0	0	0	0	0	0	45	41	0	1.86996628693376	2.46620039031506	4.90188352692453
22	C	3.0	5.0	62	120	0	0	0	0	0	0	1	0	1	1	1	12	85	5	J	1	80	E	13	68	143	22	12	0	0	0	0	83	36	440	56	1	9	9	2	0	3	55	17	0	0	0	0	0	0	0	0	0	0	0	48	40	0	1.5351125327966	1.35282015098456	0.111985952394916
19	C	0.0	0.0	60	110	0	0	0	0	0	3	0	0	1	0	1	12	55	7	J	1	53	E	13	70	144	20	11	0	0	0	0	83	32	360	86	0	6	6	2	0	9	65	22	0	0	0	0	0	0	0	0	0	0	0	45	36	1	1.39598162446321	-1.12359575674063	2.19874174965101
29	C	0.0	0.0	53	126	0	0	0	0	0	0	2	0	0	0	1	5	85	12	F	1	40	E	13	68	140	42	9	0	0	0	1	79	32	680	98	0	9	10	0	2	11	62	20	0	0	0	0	0	0	0	0	0	0	0	46	41	1	8.86645443371209	3.30927507373873	10.6073035262134
19	C	0.0	3.0	65	165	0	0	0	0	0	1	0	0	0	0	0	12	75	7	J	1	73	E	11	80	190	22	12	0	0	0	0	79	31	355	68	0	9	9	2	0	5	65	21	0	0	0	0	0	0	0	0	0	0	0	47	45	0	-1.37069583364257	-1.1434802698874	-0.345316921543692
20	C	20.0	8.0	62	115	0	0	2	0	0	4	0	0	1	0	0	12	45	10	J	1	60	E	12	66	127	21	10	1	0	0	0	74	27	430	50	0	9	9	2	0	6	68	21	0	0	0	0	0	0	0	0	0	0	0	44	40	0	-1.17957267309112	-1.2122765271706	1.32938657313157
21	C	0.0	0.0	63	121	0	0	0	0	0	0	0	0	0	0	1	12	45	10	J	1	43	E	13	70	136	24	10	0	0	0	0	78	30	430	69	0	8	9	2	0	10	64	21	0	0	0	0	0	0	0	0	0	0	0	46	39	0	2.53028433637873	1.6541144266676	5.6005783914109
33	C	40.0	11.0	63	127	0	0	0	0	0	0	1	0	0	0	0	12	45	20	J	1	67	E	14	70	154	35	12	0	1	0	0	80	30	455	61	0	8	9	3	0	1	64	22	0	0	0	0	0	0	0	0	0	0	0	43	39	0	-1.51468467115729	0.334129220596958	2.85189662351063
19	C	20.0	3.0	65	138	0	0	0	0	0	0	0	0	0	0	0	12	35	7	J	1	53	E	12	80	152	25	12	0	0	0	0	80	36	370	48	0	9	10	2	0	3	73	23	0	0	0	0	0	0	0	0	0	0	0	47	41	1	-5.04110100439134	-5.20033963346846	-4.82698316747059
29	C	20.0	11.0	62	110	0	0	0	0	0	0	1	0	2	0	0	11	85	12	F	1	60	E	14	70	130	31	10	0	0	0	1	77	25	460	46	0	9	9	2	0	1	45	14	0	1	0	0	0	0	0	0	0	0	0	46	38	0	6.30835250577511	6.28685285835096	7.43722183876871
17	C	10.0	1.0	66	122	0	0	0	0	0	0	0	1	2	0	0	12	45	7	J	1	63	E	13	68	154	18	12	0	0	0	0	81	38	620	64	0	5	9	2	0	3	59	18	0	0	0	0	0	0	0	0	0	0	0	43	40	0	0.965317145408917	0.887138476294429	1.1381108043301
21	C	0.0	0.0	65	110	0	0	0	0	0	0	4	0	1	0	1	12	35	8	J	1	30	B	11	70	138	21	10	0	1	0	0	80	33	540	65	1	9	9	0	2	5	52	16	0	0	0	0	0	0	0	0	0	0	0	46	38	0	5.22103295617292	5.00644496007414	9.53537823061799
21	C	30.0	8.0	62	117	0	0	0	0	0	0	1	0	1	0	1	12	85	7	J	1	93	E	13	70	149	22	14	0	1	0	0	79	39	480	62	1	9	9	3	0	1	60	20	1	0	0	0	0	0	0	0	0	0	0	46	41	0	-0.80599434823111	-0.684861134772644	-1.95050083018011
22	C	0.0	3.0	63	140	0	0	0	0	0	0	0	0	0	0	0	12	95	8	J	1	70	E	11	76	166	22	10	1	0	0	0	81	33	320	54	1	9	9	1	2	5	55	17	0	0	0	0	0	0	0	0	0	0	0	46	40	0	4.05698330096286	3.41687573595807	7.22844333324481
43	C	3.0	7.0	63	125	0	0	0	0	0	0	3	0	3	0	1	12	85	10	J	1	60	E	10	70	146	38	12	0	0	0	0	71	26	310	51	0	5	7	3	0	4	49	15	0	0	0	6	0	0	0	0	0	0	0	46	35	0	3.66343334125208	4.55149881038041	7.49433545204607
22	C	0.0	0.0	65	115	0	0	0	0	0	1	0	0	0	0	0	16	85	10	G	1	93	E	11	74	128	22	18	0	0	0	0	81	34	335	58	0	8	9	0	2	8	48	15	0	0	0	0	0	0	0	0	0	0	0	49	41	0	7.38199903467282	6.79498761610081	11.8696409139589
22	C	20.0	9.0	64	140	0	0	0	0	0	0	0	0	1	0	0	12	65	8	J	1	70	E	12	80	162	23	12	0	0	0	0	78	35	470	47	0	9	10	3	0	3	53	17	0	0	0	0	0	0	0	0	0	0	0	47	40	0	3.36391439866327	3.38059061213742	3.9879950112265
25	C	0.0	1.0	62	115	0	1	0	1	0	0	0	0	0	1	1	16	75	7	L	1	93	E	12	60	134	24	17	0	0	0	0	80	39	450	89	1	9	9	0	2	8	67	22	0	0	0	0	0	0	0	0	0	0	0	48	43	0	11.0527807668244	9.50711043478504	1.87675577332813
21	C	0.0	0.0	67	135	0	0	0	0	0	0	2	0	0	1	1	16	55	10	L	1	87	E	11	84	162	26	16	0	1	0	0	83	36	365	56	1	6	8	0	2	3	56	17	0	0	0	0	0	0	0	0	0	0	0	45	41	0	2.32028109595452	1.59093405510074	6.11305845919924
18	C	0.0	4.0	64	123	0	0	0	0	0	1	0	0	0	0	1	10	25	7	J	1	17	E	13	76	146	22	8	0	0	0	0	85	34	440	85	0	6	8	2	0	1	45	15	0	0	0	1	0	0	0	0	0	0	0	46	38	0	3.85912110069647	4.40969419421797	5.54475755258059
23	C	0.0	0.0	62	114	0	0	0	0	0	0	0	1	0	0	1	12	95	7	J	1	63	E	11	70	140	31	12	0	0	0	0	74	35	365	50	1	7	9	3	0	3	53	17	0	0	0	0	0	0	0	0	0	0	0	45	40	0	1.71984585469802	3.14504507932905	3.41558383694635
18	C	20.0	9.0	63	134	0	0	0	0	0	0	0	0	0	0	1	12	25	7	J	1	43	E	11	54	162	23	10	0	0	0	0	82	34	460	59	0	6	9	2	0	8	64	21	0	0	0	0	0	0	0	0	0	0	0	45	41	0	2.32004871176153	0.3936107665869	2.62344995648137
23	C	0.0	0.0	61	105	0	0	0	0	0	1	2	0	2	0	0	13	35	10	J	1	77	B	13	82	124	26	15	0	0	0	0	78	41	510	57	1	9	9	2	0	3	72	23	0	0	0	0	0	0	0	0	0	0	0	46	39	0	-4.96537594470608	-4.16727015262471	-3.00670231120852
22	C	30.0	10.0	64	165	0	0	0	0	0	1	0	0	0	0	0	9	65	17	J	1	50	E	10	70	189	23	7	0	0	0	0	55	19	480	59	0	8	8	4	0	6	42	15	1	0	0	4	0	0	2	1	0	0	3	44	38	0	10.4208722163947	8.52861301304502	14.000467775883
44	C	20.0	26.0	64	145	0	0	0	0	0	0	1	1	0	0	0	12	25	8	F	1	40	E	14	72	164	53	8	0	1	0	0	83	32	430	60	0	2	5	2	0	0	69	19	0	0	0	4	0	0	0	2	0	0	3	46	43	1	-4.64119744154825	-5.33243662378381	-4.94567403851229
20	C	0.0	1.0	66	120	0	0	0	0	0	0	0	1	2	0	0	15	105	20	O	1	93	E	13	70	125	21	16	0	0	0	0	73	35	510	53	0	7	9	0	2	1	46	15	0	0	0	0	0	0	0	0	0	0	0	47	41	0	7.47662972363393	6.82267010655461	11.4095108528494
23	C	0.0	0.0	60	161	0	0	0	0	0	0	1	0	0	0	1	5	45	17	F	1	37	E	17	70	169	27	5	0	1	0	0	85	32	500	59	0	8	9	0	2	2	70	22	0	0	0	0	0	0	0	0	0	0	0	45	41	0	-1.00112162637515	-1.72731694338987	3.82393068992981
22	C	4.0	2.0	65	124	0	0	0	0	0	0	1	0	0	0	0	12	45	6	J	1	63	E	15	74	138	24	12	1	0	0	0	80	36	460	67	1	5	9	2	0	2	51	16	0	0	0	0	0	0	0	0	0	0	0	47	41	0	4.02377516479328	3.09936549300693	2.38258096864368
27	C	0.125	9.0	60	186	0	0	0	0	1	0	2	0	0	0	0	10	35	18	J	1	43	B	12	60	196	27	10	0	1	0	0	78	38	550	45	0	9	9	2	0	1	49	15	0	0	0	0	0	0	0	0	0	0	0	46	39	0	4.86259707266606	6.11779494135937	8.79982144879
21	C	0.0	0.0	64	103	0	0	0	0	0	1	2	0	1	0	0	12	105	7	J	1	73	E	14	78	123	26	12	0	0	0	0	73	30	470	39	0	9	10	2	0	4	52	17	0	0	0	0	0	0	0	0	0	0	0	45	39	0	3.04840747138963	3.68570487045798	4.17600508455153
22	C	40.0	9.0	60	113	0	0	0	0	0	2	0	0	0	0	0	11	85	13	J	1	50	E	13	70	139	23	7	0	0	0	0	80	31	530	46	1	8	9	2	0	6	56	18	0	0	0	0	0	0	0	0	0	0	0	47	41	1	9.18166668619937	4.50992654967339	8.1112324014189
20	C	10.0	8.0	62	96	0	0	0	0	0	0	0	0	2	0	1	9	85	7	J	1	53	E	14	50	120	25	10	0	0	0	0	76	29	420	70	1	9	9	3	0	7	72	24	0	0	0	0	0	0	0	0	0	0	0	44	50	1	-2.54263932328907	-3.61748799817793	-1.8753062261728
30	C	10.0	6.0	63	154	0	0	1	1	0	0	1	0	0	0	0	12	65	5	J	1	67	B	11	72	168	31	12	0	0	0	0	79	37	370	87	1	9	9	2	0	8	64	21	0	0	0	0	0	0	0	0	0	0	0	47	38	0	-2.1574026569218	-0.763656228964941	-0.164441094372353
22	C	2.0	11.0	66	142	0	0	0	0	0	2	0	1	1	0	0	14	65	10	O	1	60	E	12	78	147	25	12	0	0	0	0	79	34	505	65	0	9	9	3	0	6	59	22	0	0	0	0	0	0	0	0	0	0	0	44	36	0	4.13682076856408	2.63076902694695	5.20573495745149
27	C	0.0	0.0	68	180	0	0	0	0	0	0	2	0	0	0	1	12	75	7	I	1	63	B	15	84	207	30	12	0	1	0	0	75	30	510	43	0	8	9	2	0	8	58	19	0	0	0	0	0	0	0	0	0	0	0	47	40	0	1.7676321302291	2.59910665164879	4.49696086048298
21	C	20.0	11.0	66	155	0	0	0	0	0	0	0	0	0	0	1	12	65	7	J	1	57	E	12	90	164	24	12	0	0	0	0	82	36	570	60	0	8	8	1	2	1	53	16	0	0	0	0	0	0	0	0	0	0	0	46	42	1	4.52148275040222	1.42650599235968	4.29107127475825
28	C	20.0	12.0	60	134	0	0	0	0	0	0	0	0	2	1	0	9	85	12	J	1	53	E	15	80	156	34	9	1	0	0	0	78	28	650	56	0	8	10	2	0	9	61	20	0	0	0	0	0	0	0	0	0	0	0	46	37	0	3.55639323928991	3.00162928738985	7.12054378984151
29	C	50.0	14.0	61	155	0	0	1	0	0	4	0	1	0	0	0	10	45	18	J	1	43	E	13	78	182	37	9	0	0	0	0	80	36	535	56	1	9	9	2	0	7	62	19	0	0	0	0	0	0	0	0	0	0	0	47	37	1	7.42672843449421	3.15749399402572	8.15034038885158
34	C	0.0	0.0	64	120	0	0	0	0	0	0	0	0	0	0	1	17	105	10	F	1	93	E	10	80	136	33	18	0	0	0	0	79	35	460	47	0	9	9	0	3	4	62	20	0	0	0	0	0	0	0	0	0	0	0	46	40	0	0.688257197457194	0.617044490470686	4.39563676496046
34	C	20.0	17.0	65	138	0	0	1	0	0	0	1	0	0	0	0	11	65	12	J	1	70	E	13	80	159	36	12	0	3	0	0	81	36	420	67	0	2	8	2	0	2	48	15	0	0	0	2	0	0	0	0	0	0	0	46	39	0	1.99542840661368	4.48960907904785	7.00578842574812
19	C	20.0	10.0	62	120	0	0	0	0	0	3	0	0	0	0	0	9	55	10	J	1	53	E	11	68	134	22	10	0	0	0	0	79	27	455	46	1	9	9	2	0	7	73	25	0	0	0	0	0	0	0	0	0	0	0	47	41	0	-3.24634376721667	-3.25554227741587	-0.312775507223135
21	C	40.0	6.0	59	85	0	2	0	0	0	0	0	0	0	0	0	10	55	12	J	1	73	E	15	68	106	23	12	0	0	0	0	69	34	400	47	0	8	9	3	0	6	63	19	0	0	1	0	0	0	0	0	0	0	0	46	41	0	12.3625797660923	12.1446532258145	3.62814987991673
24	C	0.0	0.0	67	130	0	0	1	0	0	0	0	0	0	1	0	12	45	10	I	1	70	B	14	74	153	25	12	0	0	0	0	80	33	425	75	1	6	9	2	0	4	59	19	0	0	0	0	0	0	0	0	0	0	0	46	37	0	2.86909342025807	1.96291877357492	3.68800562556704
18	C	5.0	5.0	66	117	0	0	0	0	0	0	0	0	0	0	0	10	35	7	J	1	30	E	12	70	148	18	5	0	0	0	0	82	39	575	76	1	7	7	2	0	0	70	22	0	0	0	1	0	0	0	0	0	0	0	44	42	0	-6.90970154220497	-5.99547325592341	-5.89411933238057
39	C	20.0	25.0	61	150	0	0	0	0	0	0	0	0	1	0	1	12	105	20	J	1	60	E	14	80	162	42	11	2	2	0	0	88	36	410	63	1	9	9	2	0	4	69	23	0	0	0	0	0	0	0	0	0	0	0	44	39	0	0.107971334170427	-0.705690749161912	3.29627041944205
17	C	15.0	4.0	62	130	0	0	0	0	0	0	0	0	0	0	0	8	15	18	J	1	20	E	13	70	150	19	8	0	0	0	0	78	36	410	58	1	9	10	2	0	6	67	22	0	0	0	0	0	0	0	0	0	0	0	46	40	1	5.99706102851632	1.0466848339973	6.13423197618972
18	C	20.0	6.0	64	115	0	0	0	0	0	1	0	1	0	0	1	9	75	5	J	1	53	E	11	74	144	20	8	0	0	0	0	77	38	240	69	1	8	8	4	0	7	76	24	6	0	0	0	0	0	0	0	0	1	1	46	39	0	-6.85440950900867	-7.62734888152242	-6.09888226696818
25	C	0.0	0.0	65	122	0	0	0	0	0	0	0	0	0	0	1	15	55	10	K	1	87	E	13	80	149	27	17	0	1	0	0	84	38	470	59	1	9	10	0	2	5	57	18	0	0	0	0	0	0	0	0	0	0	0	48	44	0	1.39599292020368	2.97498881461773	7.22766413361722
27	C	4.0	11.0	63	165	0	0	1	0	0	0	0	0	0	0	0	7	75	7	J	1	73	E	13	80	181	35	12	0	0	0	0	82	35	415	50	1	8	9	3	0	6	69	23	0	0	0	0	0	0	0	0	0	0	0	46	36	0	-2.3799207847411	-2.68779181896938	-1.58327246572272
21	C	0.0	0.0	65	135	0	0	1	0	0	2	0	0	2	1	1	12	75	10	I	1	73	B	13	64	137	22	12	0	0	0	0	80	38	340	53	1	9	9	0	2	5	49	15	0	0	0	0	0	0	0	0	0	0	0	47	40	0	5.15097089259764	6.00017782128926	10.5223100546831
18	C	0.0	1.0	64	135	0	0	0	0	0	0	0	0	1	0	0	12	25	7	G	1	50	E	11	82	158	20	12	0	0	0	0	79	33	500	47	1	9	9	0	2	3	66	21	0	0	0	0	0	0	0	0	0	0	0	47	39	1	0.695030580853562	-1.72444472674909	1.19634257818116
19	C	10.0	2.0	67	155	0	0	0	0	0	0	0	0	0	0	0	12	85	14	J	1	53	E	15	82	177	25	9	0	0	0	0	80	35	385	52	0	9	10	2	0	9	57	18	0	0	0	0	0	0	0	0	0	0	0	46	37	0	4.67540062902043	4.92834279625246	9.5435490214754
17	C	3.0	3.0	66	128	0	0	0	0	0	0	0	1	0	0	0	10	85	10	J	1	40	E	14	88	143	24	5	0	0	0	0	82	39	440	44	0	9	9	3	0	5	60	18	0	0	0	0	0	0	0	2	0	0	1	45	40	0	1.49029240217078	2.22794652506585	4.83129279649814
22	C	0.0	0.0	63	111	0	1	0	0	0	1	0	0	0	1	1	12	65	10	I	1	50	B	16	72	136	31	11	0	0	0	0	85	39	600	52	0	6	8	3	0	1	62	19	1	0	0	0	0	0	0	0	0	0	0	45	49	0	9.26059184434579	9.62762847515052	-0.112127007637495
24	C	40.0	12.0	66	220	0	0	0	0	0	1	3	0	2	0	0	9	55	15	J	1	47	E	12	80	220	31	10	0	0	0	0	76	28	500	52	1	7	9	2	0	3	51	17	0	0	0	0	0	0	0	0	0	0	0	45	40	0	6.22395917627721	5.80163518884632	8.84742860025847
17	C	5.0	1.0	64	102	0	0	1	0	0	0	0	0	0	0	0	12	65	7	J	1	77	E	12	76	120	19	12	0	0	0	0	81	32	310	58	1	4	8	5	0	6	54	17	0	0	0	1	0	0	0	0	0	0	0	45	36	0	3.51810878854627	2.29754252520887	4.39633267247391
21	C	0.0	0.0	61	138	0	0	0	1	0	0	0	2	2	0	1	12	85	7	J	1	70	E	9	78	156	26	12	0	0	0	0	81	38	440	54	0	6	8	2	0	4	60	20	0	0	0	0	0	0	0	0	0	0	0	45	40	0	0.107253931066706	-0.453280966003001	1.07409562507454
37	C	0.0	0.0	60	200	0	0	0	0	2	0	1	0	2	0	0	2	55	8	N	1	73	D	11	72	206	34	12	1	0	0	0	72	32	400	57	0	8	8	2	0	4	57	18	0	0	1	0	0	0	0	0	0	0	0	44	40	0	2.17739269731364	1.01269292831016	2.95750855998474
25	C	15.0	9.0	61	113	0	0	0	0	0	0	1	0	0	0	0	12	35	12	J	1	33	E	14	72	132	28	9	0	0	0	0	79	31	580	50	0	7	8	2	0	0	64	19	0	0	0	0	0	0	0	0	0	0	0	45	40	0	-3.67310093153943	-2.06590542136561	-0.202328886674112
17	C	0.0	1.0	62	113	0	0	0	0	0	0	2	0	1	0	0	11	35	10	J	1	63	B	12	80	133	19	12	0	0	0	0	85	32	510	42	0	8	8	2	0	6	52	17	0	0	0	0	0	0	0	0	0	0	0	46	39	0	4.03281835990093	4.03680831800543	7.592171730914
29	C	0.0	0.0	64	130	0	0	0	0	0	0	0	0	0	0	0	12	55	15	J	1	83	E	12	92	156	30	13	0	0	0	0	86	40	480	61	0	7	8	2	0	1	62	20	0	0	0	0	0	0	0	0	0	0	0	46	39	0	-1.98918812487346	-0.791449276966909	1.60762239512316
21	C	20.0	8.0	63	125	0	0	0	0	0	0	1	0	0	1	0	11	65	10	J	1	57	E	13	75	140	23	12	0	0	0	0	41	20	430	37	0	9	9	3	0	8	51	17	0	0	0	0	0	0	0	0	0	0	0	45	37	1	6.37108477764317	6.08851144203389	9.31904398274445
39	C	0.0	0.0	63	100	0	0	0	0	0	0	2	1	1	0	1	12	75	5	D	1	70	B	16	78	121	30	12	0	1	0	0	78	36	350	41	1	9	9	0	2	4	67	21	0	0	0	0	0	0	0	0	0	0	0	45	35	0	-4.12756489562361	-2.96269660906389	-1.21277010513004
21	C	1.0	7.0	68	140	0	0	0	0	0	0	0	0	0	0	0	8	25	10	A	1	50	E	15	60	150	28	12	0	0	0	0	84	35	430	45	0	9	9	0	2	3	60	18	0	0	0	0	0	0	0	0	0	0	0	46	39	0	1.82593214895349	1.66711302953318	5.81473916018889
29	C	2.0	10.0	62	101	0	0	1	0	0	1	1	0	0	0	1	12	105	14	J	1	73	E	15	70	127	29	12	1	0	1	0	81	30	525	55	0	8	10	2	0	10	63	21	0	0	0	0	0	0	0	0	0	0	0	45	35	0	4.13819998085644	2.45408039365071	6.94558592408671
22	C	0.0	4.0	60	100	0	0	0	0	0	0	0	0	0	1	0	12	45	10	J	1	67	E	12	80	119	24	12	0	0	0	0	81	38	430	57	1	7	9	2	0	9	64	21	1	0	0	0	0	0	0	0	0	0	0	46	38	0	-0.502159701186271	1.14837258133048	4.42217870919192
18	C	20.0	3.0	61	108	0	0	0	0	0	1	0	0	0	0	0	12	55	5	J	1	53	E	14	60	137	19	11	0	0	0	0	84	32	265	54	1	1	6	3	0	5	81	27	0	0	0	1	0	0	0	1	0	0	0	47	40	1	-10.2193416600878	-10.7673469401559	-9.88196603217267
26	C	1.0	5.0	65	125	0	0	0	0	0	0	0	0	0	0	0	18	75	7	H	1	93	E	12	76	142	30	18	0	0	0	0	77	30	300	55	0	7	9	0	2	1	67	22	0	0	0	0	0	0	0	0	0	0	0	47	41	0	-3.09025049599183	-3.50932373593741	-2.33482415073736
22	C	20.0	10.0	61	132	0	0	0	0	0	1	1	0	0	0	0	8	85	7	I	1	70	B	10	80	152	28	12	0	0	0	0	81	40	445	62	0	8	9	2	0	5	51	16	0	0	0	0	0	0	0	0	0	0	0	45	41	0	4.72850177911428	4.3521895122199	5.25024428297095
25	C	20.0	9.0	68	144	0	0	0	0	0	0	0	1	0	0	0	12	45	10	J	1	53	E	12	70	158	30	12	0	0	0	0	78	36	530	80	0	5	8	1	2	1	57	18	0	0	0	0	0	0	0	0	0	0	0	43	40	1	5.66245604301381	0.849046270509068	4.97620095448766
23	C	0.0	0.0	60	96	0	1	0	1	0	1	0	0	1	0	1	4	65	15	F	1	43	E	14	68	123	25	5	0	0	0	0	75	29	430	46	0	8	9	2	0	10	74	24	0	0	0	0	0	0	0	0	0	0	0	45	38	1	2.9677821774665	8.82111860955978	2.57280934042618
19	C	0.0	0.0	62	105	0	0	0	0	0	0	0	0	1	0	1	9	75	10	J	1	53	E	11	72	130	19	11	0	0	0	0	76	29	470	59	0	7	9	2	0	7	56	17	0	0	0	1	0	0	0	0	0	0	0	47	39	1	7.92285593679076	4.11855763310903	7.12522642937906
24	C	10.0	7.0	68	145	0	0	0	1	0	0	0	2	0	0	1	18	75	4	L	1	93	E	12	70	170	24	18	0	0	0	0	78	35	420	66	1	6	9	0	2	2	68	21	0	0	0	0	0	0	0	0	0	0	0	46	42	0	-4.56919052582447	-4.97483071480656	-5.31243798776929
37	C	8.0	12.0	65	190	0	0	0	0	0	0	0	1	0	0	0	12	45	25	J	1	67	E	13	92	220	35	13	0	0	0	0	80	39	505	61	1	8	9	3	0	3	66	20	0	0	0	0	0	0	0	0	0	0	0	48	39	0	0.759828965725371	0.701037698968038	4.83491575616185
19	C	10.0	8.0	61	110	0	0	0	0	0	0	1	0	0	0	0	11	45	20	J	1	53	E	12	70	120	22	11	0	0	0	0	82	31	500	87	1	5	6	2	0	1	57	19	0	0	0	1	0	0	0	0	0	0	1	47	38	0	2.68113918407622	2.19281955769465	5.9923620206112
31	C	20.0	9.0	62	115	0	0	0	0	0	0	0	0	0	1	1	10	65	12	J	1	43	E	11	80	128	35	6	0	0	0	1	73	29	355	52	0	6	7	4	0	5	40	12	0	0	0	0	1	0	2	0	0	0	2	44	34	0	8.69456993846538	8.15364445515642	12.3600986908625
23	C	0.0	0.0	68	153	0	0	0	0	0	0	0	0	0	0	0	13	45	12	I	1	63	B	13	72	170	26	12	0	0	0	0	83	40	570	62	0	9	9	0	2	5	55	18	0	0	0	0	0	0	0	0	0	0	0	46	43	0	5.39370262621621	4.44564267500127	9.71280607156519
39	C	0.0	0.0	61	120	0	0	0	0	0	0	0	1	0	0	0	12	65	12	H	1	77	E	16	78	135	43	13	0	0	0	0	82	38	350	68	0	9	10	0	2	6	53	17	0	0	0	0	0	0	0	0	0	0	0	47	39	0	6.36028884915975	5.25227073170547	10.60210999146
20	C	25.0	4.0	64	110	0	0	2	0	0	0	0	0	0	0	0	15	5	10	L	1	47	E	14	82	142	22	15	0	0	0	0	80	39	510	46	0	6	9	1	1	1	60	19	0	0	0	0	0	0	0	0	0	0	0	44	40	0	1.48358954235556	0.912479205849723	4.12497403247616
27	C	10.0	10.0	66	132	0	0	0	0	0	1	0	0	0	0	0	14	45	10	J	1	70	E	13	70	149	27	15	0	0	0	0	82	38	540	81	1	9	9	0	2	3	63	19	0	0	0	0	0	0	0	0	0	0	0	47	43	0	0.328129501755203	0.172319513498913	3.95698300482876
21	C	0.0	7.0	60	120	0	0	0	0	0	0	0	1	0	0	0	12	55	5	J	1	63	E	12	64	139	22	12	0	0	0	0	81	37	435	42	1	9	9	2	0	7	65	22	0	0	0	0	0	0	0	0	0	0	0	45	39	0	-1.93274293633684	-1.37043508337191	-0.983560687994984
22	C	30.0	4.0	65	100	0	0	0	1	0	0	0	0	0	0	0	12	25	10	J	1	27	E	13	80	125	24	8	0	0	0	0	76	28	300	73	1	6	9	3	0	5	63	20	0	0	0	3	0	0	0	0	0	0	0	47	40	0	0.712461952729806	1.1552155668794	3.98007120825409
29	C	0.0	0.0	67	165	0	0	0	0	0	3	0	0	0	0	0	12	35	13	J	1	33	E	13	72	185	24	9	0	0	0	0	89	38	680	97	0	8	9	2	0	5	46	14	0	0	0	0	0	0	0	0	0	0	0	46	38	0	7.10617503193606	7.89523352069495	11.5063834486926
24	C	10.0	6.0	66	135	0	0	0	0	0	0	0	0	0	0	1	12	105	10	J	1	90	E	9	70	153	25	16	0	0	0	0	82	39	440	63	0	9	10	2	0	2	59	19	1	0	0	0	0	0	0	0	0	0	0	47	40	0	1.737744799929	1.03525290357023	1.56926511908468
21	C	6.0	3.0	65	137	0	0	0	0	0	0	0	0	1	0	1	12	85	15	J	1	63	E	13	80	166	22	10	0	0	0	0	80	34	470	62	1	8	9	2	0	5	73	24	0	0	0	0	0	0	0	0	0	0	0	47	39	0	-4.26444528404393	-2.97619070830361	0.452166326714318
20	C	10.0	3.0	63	112	0	0	0	0	0	0	0	0	0	0	0	14	25	10	L	1	70	E	13	66	140	20	14	0	0	0	0	81	37	405	61	1	6	9	2	0	3	47	15	0	0	0	0	0	0	0	0	0	0	0	47	40	0	3.61542309866098	5.92084447920219	7.29070785154934
23	C	0.125	12.0	60	110	0	0	0	0	0	0	0	0	0	0	0	17	65	10	L	1	70	E	10	92	122	23	12	0	0	0	0	84	28	485	75	1	6	9	0	2	0	50	16	0	0	0	0	0	0	0	0	0	0	0	47	39	0	3.64193618802302	3.74115385742894	5.86467941138259
25	C	0.0	0.0	64	125	0	0	0	1	0	1	0	0	0	1	0	16	65	5	K	1	63	E	13	70	140	22	17	0	0	0	0	82	32	350	56	1	6	7	2	0	3	33	11	0	0	0	2	0	0	0	0	0	0	1	46	35	0	7.24965537228496	6.89853208484189	7.02263083251923
38	C	0.0	0.0	65	130	0	1	0	0	0	0	1	0	1	0	1	12	95	12	J	1	63	E	14	70	154	38	12	0	1	0	0	75	31	595	85	1	8	9	2	0	5	60	19	0	0	0	0	0	0	0	0	0	0	0	46	42	0	13.8479390139241	13.2535075819813	4.60132026424573
31	C	15.0	14.0	62	160	1	0	0	0	0	0	0	0	0	0	0	9	45	14	J	1	43	E	13	82	175	32	11	1	0	0	0	76	35	635	98	1	6	9	2	0	2	64	19	0	0	0	0	0	0	0	0	0	0	0	47	41	0	-1.44191528882385	0.319128695138298	2.73136214902622
20	C	4.0	5.0	65	108	0	0	0	0	0	0	1	0	0	0	0	12	55	7	J	1	77	E	14	62	118	24	12	0	0	0	0	81	35	410	49	0	9	9	0	2	3	57	18	0	0	0	0	0	0	0	0	0	0	0	45	40	0	2.9684782267907	1.65401909670254	4.13219957777262
19	C	0.0	0.0	61	130	0	0	0	0	0	0	0	0	2	0	0	11	45	10	I	1	60	E	13	70	141	24	12	0	0	0	0	75	25	480	53	0	8	9	2	0	0	52	16	0	0	0	0	0	0	0	0	0	0	0	44	41	0	3.33114661261062	3.01840183465538	2.84569033515612
22	C	0.0	0.0	61	121	0	0	0	0	0	3	0	0	0	0	0	9	15	8	J	1	50	E	13	80	139	23	12	0	0	0	0	75	27	660	54	0	8	8	2	0	2	48	15	0	0	0	0	0	0	0	0	0	0	0	47	36	1	5.85361572655772	3.80396820797174	5.33971255477888
20	C	20.0	5.0	64	135	0	0	0	0	0	0	1	0	2	0	0	10	65	7	J	1	57	E	12	82	150	22	10	0	0	0	0	81	33	410	56	0	9	9	2	0	6	54	19	0	0	0	0	0	0	0	0	0	0	0	44	39	0	2.88190697021884	3.71760283276862	5.15706684581175
28	C	0.0	0.0	62	118	0	0	0	0	0	0	1	0	0	0	1	3	65	13	F	0	47	E	13	72	135	21	3	0	0	0	0	80	33	410	42	0	9	9	0	3	6	68	23	0	0	0	0	0	0	0	0	0	0	0	44	39	0	-0.369091403251489	-0.289557739619138	5.78754488230103
24	C	0.0	0.0	63	107	0	0	0	0	0	0	0	1	0	1	0	12	65	10	J	1	60	E	17	70	129	24	11	1	0	0	0	82	38	430	70	1	9	9	2	0	5	50	16	0	0	0	0	0	0	0	0	0	0	0	46	41	0	4.58846781708273	5.66808105484886	7.94962893310753
23	C	0.0	0.0	60	130	0	0	0	0	0	2	0	1	1	2	1	12	55	17	J	1	47	E	13	80	134	27	4	2	0	0	0	77	33	635	42	0	9	9	2	0	1	54	17	0	0	0	0	0	0	0	0	0	0	0	45	39	1	7.19266392834592	4.21715245804939	6.64340498759405
18	C	20.0	8.0	61	122	0	0	0	0	0	0	0	0	0	0	0	11	45	7	J	1	30	E	10	82	118	24	7	0	0	0	0	81	38	340	64	1	9	9	3	0	4	57	19	0	0	0	0	0	0	0	0	0	0	0	43	40	1	1.77953609769304	2.40404493480598	3.63909688108137
32	C	4.0	10.0	62	119	0	3	0	0	0	1	0	0	0	0	1	10	65	15	J	1	63	E	12	90	150	44	14	0	1	0	0	80	29	410	49	0	9	9	2	0	1	76	24	0	0	0	0	0	0	0	0	0	0	0	46	39	0	5.35463874826079	5.03398769688531	-4.71990096942513
24	C	0.0	0.0	57	135	0	0	0	0	0	0	0	0	1	0	1	5	85	10	F	1	50	E	10	80	163	29	5	0	0	0	0	74	29	420	63	1	9	9	0	2	2	57	18	0	0	0	0	0	0	0	0	0	0	0	45	41	0	3.53778579090526	2.4863412730453	6.19505217449822
22	C	20.0	10.0	66	135	0	0	0	0	0	4	0	0	1	0	1	12	45	10	J	1	63	E	13	60	150	22	12	0	0	0	0	82	38	320	61	0	2	7	3	0	4	69	22	0	0	0	0	0	0	0	0	0	0	0	45	45	0	-1.56558356544497	-3.41857421042657	-0.597267396309819
22	C	10.0	5.0	62	130	0	1	0	1	0	1	0	0	1	2	0	9	35	12	J	1	47	E	12	62	153	23	10	0	0	0	0	76	33	475	61	1	9	9	2	0	9	59	19	0	0	0	0	0	0	0	0	0	0	0	48	38	0	15.4179112744139	14.7896522529793	7.58512346614042
24	C	0.0	0.0	65	90	0	0	0	0	0	2	0	0	1	0	1	12	105	3	I	1	93	B	16	70	121	28	14	0	0	0	0	77	28	520	68	1	9	9	2	0	1	63	21	4	0	0	0	0	0	0	0	0	0	0	46	42	0	-5.10645450090434	-4.16810951547118	-8.62419328835274
18	C	8.0	4.0	62	100	0	0	0	0	0	0	0	0	0	0	0	11	85	10	J	0	60	E	11	70	120	22	11	0	0	0	0	76	31	370	56	0	9	9	0	2	1	65	21	0	0	0	0	0	0	0	0	0	0	0	45	46	0	-0.695603084203345	-1.35452237735707	1.61018700770338
23	C	0.0	0.0	62	150	0	0	0	0	0	0	0	0	0	0	0	11	65	12	J	1	43	E	13	80	173	31	6	0	0	0	0	80	38	550	55	1	9	9	2	0	5	53	17	0	0	0	0	0	0	0	0	0	0	0	47	41	0	2.97052928755693	5.26182122349037	8.4225393067981
24	C	0.5	4.0	65	122	0	0	0	0	0	0	1	0	0	0	0	12	45	8	J	1	57	E	14	78	141	26	12	0	1	0	0	80	34	450	59	0	9	10	2	0	4	58	18	0	0	0	0	0	0	0	0	0	0	0	45	46	1	3.93449627700382	1.99572020212009	3.20781530578696
21	C	20.0	9.0	62	150	0	1	0	0	0	0	0	0	1	0	0	11	35	10	I	1	57	E	12	70	179	23	12	0	0	0	0	81	36	425	54	1	9	9	3	0	2	67	22	0	0	0	0	0	0	0	0	0	0	0	46	41	0	9.9823463139209	8.96854577135052	-1.38508695756085
17	C	0.0	1.0	60	110	0	1	1	0	0	0	2	0	1	0	0	10	35	10	J	1	60	E	13	70	141	21	12	0	0	0	0	79	30	395	49	0	7	9	2	0	2	60	19	0	0	0	0	0	0	0	0	0	0	0	45	40	0	11.8384150751913	11.9194049345992	1.53881524607468
31	C	0.0	0.0	64	125	3	0	0	0	0	0	1	0	0	0	1	12	75	10	F	1	93	E	15	70	145	26	17	0	0	0	0	79	33	475	48	1	9	9	0	2	6	57	18	0	0	0	0	0	0	0	0	0	0	0	48	40	0	3.37698518812514	3.15782149520601	7.62788167913628
21	C	0.0	3.0	62	115	0	1	0	0	0	0	1	0	1	1	0	12	85	10	J	1	87	E	13	50	140	30	12	0	0	0	0	82	35	540	98	0	8	9	0	3	7	65	24	0	0	0	3	0	0	0	0	0	0	1	46	39	0	11.5375105226295	11.0964891459201	4.50435653348607
26	C	15.0	10.0	65	135	0	0	0	0	0	1	0	0	0	0	1	12	65	12	J	1	70	E	12	70	158	25	12	0	0	0	0	84	39	715	72	1	7	9	0	2	2	51	17	0	0	0	0	0	0	0	0	0	0	0	46	43	0	6.65932167206286	4.82334113397791	8.78635148558049
26	C	0.0	0.0	62	105	0	0	0	0	0	0	0	0	0	0	1	12	85	7	J	1	50	E	13	80	132	32	10	0	0	0	0	70	27	345	53	1	9	9	0	3	6	65	22	0	0	0	0	0	0	0	0	0	0	0	46	41	0	-1.93372391625114	-0.428227272569093	3.56276474468642
22	C	10.0	7.0	65	140	0	0	0	0	0	0	1	0	0	0	0	11	65	5	J	1	77	E	16	76	158	27	12	0	0	0	0	83	37	490	68	1	9	9	2	0	6	57	19	0	0	0	0	0	0	0	0	0	0	0	45	40	0	1.06385835021639	1.49377190185109	1.36527730007991
23	C	20.0	8.0	67	120	0	0	0	0	0	0	0	0	0	0	0	12	35	8	J	1	60	E	12	68	142	25	12	0	0	0	0	80	39	480	85	1	9	9	2	0	0	47	15	0	0	0	0	0	0	0	0	0	0	0	45	40	0	4.90388683790106	4.15500970942913	3.25170196131082
29	C	0.0	0.0	65	140	1	0	0	0	0	1	0	0	1	0	0	11	75	7	J	1	53	E	13	78	155	31	8	0	0	0	0	79	31	420	49	0	9	9	3	0	2	56	18	0	0	0	0	0	0	0	0	0	0	0	45	39	1	1.52579436604142	1.8133625091734	1.80148344077061
25	C	20.0	8.0	69	217	0	0	0	0	0	0	0	0	0	0	1	12	55	7	J	1	77	E	14	80	230	23	14	0	0	0	0	85	36	595	64	0	9	9	2	0	3	66	22	0	0	0	0	0	0	0	0	0	0	0	47	39	0	-2.06635167790571	-2.23191765586418	-2.25202702559923
35	C	0.0	0.0	63	125	0	0	0	0	0	0	0	0	0	0	0	12	45	8	J	1	70	E	12	68	145	36	12	0	0	0	0	81	35	470	60	1	9	9	2	0	8	56	18	0	0	0	0	0	0	0	0	0	0	0	47	40	0	2.93788008001329	3.60079835868765	5.84215743186809
22	C	10.0	4.0	61	118	0	0	0	0	0	0	0	0	0	0	0	12	35	10	I	1	70	B	13	88	132	21	12	0	0	0	0	77	40	540	69	1	9	9	3	0	1	47	15	0	0	0	0	0	0	0	0	0	0	0	46	38	0	5.20538864710307	5.12786226623689	5.50948950514262
21	C	0.0	3.0	65	180	0	0	0	2	0	1	0	0	0	0	0	14	55	10	L	1	63	E	13	80	211	22	12	0	0	0	0	78	33	320	79	1	1	6	3	0	4	71	24	0	0	0	2	0	0	0	0	0	0	0	49	43	0	-4.41322083153948	-4.36048914827757	-1.54734472328647
37	C	0.0	17.0	64	126	0	0	0	0	0	0	1	0	0	0	1	11	75	17	J	1	40	E	11	70	150	41	8	0	0	0	0	79	32	490	62	1	9	9	2	0	2	58	19	0	0	0	0	0	0	0	0	0	0	0	46	44	0	3.03951465193031	3.23419000880005	6.31074385549948
24	C	0.0	1.0	62	110	0	0	0	0	0	0	0	0	0	0	0	14	45	20	F	1	83	E	13	90	134	27	17	0	0	0	0	78	34	385	58	1	9	9	1	2	6	61	19	0	0	0	0	0	0	0	0	0	0	0	48	38	0	3.47088585269689	3.20576516466871	9.97492792291296
19	C	15.0	3.0	62	125	0	0	1	0	0	0	0	0	0	0	0	11	105	7	J	1	63	E	12	70	148	21	11	0	0	0	0	80	40	440	39	1	9	9	3	0	3	59	20	1	0	0	0	0	0	0	0	0	0	0	47	41	0	2.32560876875423	0.887138476294429	1.1381108043301
26	C	0.0	0.0	69	163	0	0	0	0	0	1	0	0	1	0	0	11	105	8	H	1	70	B	18	70	176	29	12	0	0	0	0	76	33	545	57	1	9	10	2	0	2	49	16	0	0	0	0	0	0	0	0	0	0	0	47	47	0	4.87453879182546	4.39037794436419	4.56051844960044
30	C	0.0	0.0	66	120	0	0	1	0	0	0	0	0	0	0	0	4	35	10	D	1	33	B	14	72	139	30	8	0	0	0	0	80	40	370	61	0	9	9	0	3	6	55	18	0	0	0	0	0	0	0	0	0	0	0	44	40	1	10.7263080872553	4.67324640585665	10.2061414292433
22	C	15.0	5.0	62	133	0	0	0	0	0	2	0	0	1	0	0	12	65	8	J	1	70	E	14	72	144	29	12	0	0	0	0	81	34	360	64	0	9	9	2	0	8	57	19	0	0	0	0	0	0	0	0	0	0	0	45	39	0	6.59097715731545	3.2211035213674	5.45917225814202
21	C	10.0	6.0	66	105	0	0	0	0	0	0	0	0	0	1	1	12	85	10	J	1	50	E	17	64	132	25	7	0	0	0	0	79	34	400	62	1	8	9	2	0	4	70	23	0	0	0	0	0	0	0	0	0	0	0	46	43	1	0.044136153075864	-2.55417199833267	-0.518219927880035
17	C	0.0	0.5	66	120	0	0	0	0	0	1	0	1	0	0	0	12	25	7	J	1	30	E	13	80	142	20	11	0	0	0	0	83	38	350	71	1	9	9	0	2	6	52	16	0	0	0	0	0	0	0	0	0	0	0	45	41	1	10.910034105504	4.94047751789124	9.33157506264889
26	C	0.0	0.0	60	140	0	0	1	0	0	0	0	1	2	1	0	12	55	8	J	1	67	E	11	96	161	28	12	0	0	0	0	76	33	540	90	1	8	9	3	0	2	65	21	0	0	0	0	0	0	0	0	0	0	0	49	41	0	-1.77498874916715	-1.70087630621422	-1.53119794409586
20	C	30.0	20.0	65	120	0	0	0	0	0	0	1	0	1	0	0	10	65	10	J	1	57	E	12	70	142	25	11	0	0	0	0	76	34	350	65	0	9	9	2	0	3	64	21	0	0	0	0	0	0	0	0	0	0	0	43	40	0	-0.316994363521117	-0.254172878488949	1.28934920336535
21	C	15.0	4.0	58	80	0	0	0	0	0	0	0	0	1	0	1	12	85	7	J	1	80	E	10	88	99	22	12	0	0	0	0	80	36	400	54	1	9	9	3	0	11	50	17	0	0	0	0	0	0	0	0	0	0	0	45	41	0	6.85699179692414	5.88737413262385	8.26135130136041
21	C	10.0	4.0	61	130	0	0	0	0	0	1	0	1	0	0	1	11	75	7	J	1	77	E	11	70	157	22	11	0	0	0	0	64	24	440	50	0	9	9	3	0	8	60	20	0	0	1	0	0	0	0	0	0	0	0	40	38	0	1.50111003511785	1.62858528159929	3.27397643440373
29	C	10.0	13.0	66	136	2	1	0	0	0	1	2	1	1	0	0	10	95	10	J	1	53	E	15	60	154	31	8	2	1	0	0	79	38	595	58	1	3	9	2	0	9	51	17	1	0	0	0	0	0	0	0	0	0	0	48	38	1	10.3534233612342	17.2550184778436	9.38233032777535
22	C	0.0	3.0	66	135	0	0	0	0	0	0	0	0	2	1	0	16	55	7	J	1	77	E	13	100	157	23	17	0	0	0	0	81	38	595	67	1	4	9	2	0	0	60	20	0	0	0	0	0	0	0	0	0	0	0	46	40	0	-0.359293855430093	-1.05743121045037	-2.75942731181523
20	C	20.0	4.0	62	105	0	0	0	0	0	1	0	0	0	0	0	8	55	10	F	1	53	E	13	60	136	22	11	0	0	0	0	83	34	400	62	0	8	9	2	0	1	60	20	0	0	0	0	0	0	0	0	0	0	0	46	41	0	-0.532498357873859	0.671271744904503	1.31159417786693
21	C	30.0	8.0	62	113	0	1	0	0	0	0	0	0	0	0	1	12	65	7	J	1	70	E	12	86	143	25	12	0	0	0	0	81	34	405	65	0	8	9	3	0	1	61	19	0	0	0	0	0	0	0	0	0	0	0	45	40	0	7.80650879198577	10.1033740639438	-2.2003927180437
21	C	6.0	4.0	65	117	0	0	0	0	0	0	1	0	0	0	1	12	95	10	J	1	70	E	11	70	137	21	12	0	0	0	0	86	40	400	54	1	8	9	3	0	4	65	21	0	0	0	0	0	0	0	0	0	0	0	46	40	0	0.882356331858615	-0.538265570510482	1.1651466704621
24	C	0.0	0.0	61	128	0	0	0	0	0	0	0	0	0	0	0	5	15	7	F	1	7	E	13	80	149	26	5	0	0	0	0	81	32	485	80	0	8	9	0	2	8	73	24	0	0	0	0	0	0	0	0	0	0	0	47	38	0	-3.24686682946426	-3.12028744417184	2.1889293146151
27	C	0.5	7.0	61	139	0	0	0	0	0	0	0	0	0	0	0	16	75	10	L	1	93	E	13	74	161	28	14	0	0	0	0	85	36	640	75	1	9	9	2	0	4	47	15	0	0	0	0	0	0	0	0	0	0	0	47	41	0	7.31454626267936	5.94532640752731	7.30547684640737
25	C	0.0	0.0	67	136	2	0	0	0	0	0	0	1	0	0	0	16	85	6	L	1	93	E	13	70	145	26	18	0	0	0	0	74	29	480	58	0	9	9	0	2	6	56	18	0	0	0	0	0	0	0	0	0	0	0	46	38	0	0.623913506014815	2.30382247387881	5.02812066692447
18	C	0.0	0.0	62	135	0	0	0	0	0	0	0	0	1	0	0	15	35	10	L	1	77	E	11	68	164	22	16	0	0	0	0	75	36	540	42	1	8	8	0	2	8	40	14	0	0	0	0	1	0	0	0	0	0	0	47	38	0	10.1432351288674	8.19266337008729	14.5776772855273
26	C	0.0	0.0	63	124	0	0	0	0	0	0	1	1	1	0	1	12	95	5	D	1	80	E	14	66	147	25	12	0	0	0	0	79	34	370	42	0	4	8	1	2	2	63	21	0	0	0	0	0	0	0	0	0	0	0	44	41	0	-4.36838291961036	-3.1821400508227	-1.42299577553239
22	C	0.0	0.0	61	135	0	0	0	0	0	0	1	0	0	0	0	11	95	6	I	1	70	B	12	68	165	24	12	0	0	0	1	81	38	540	83	1	9	9	2	0	2	54	17	0	0	0	0	0	0	0	0	0	0	0	46	40	0	0.890888624198711	1.95255508789168	1.10365439401902
22	C	20.0	10.0	62	122	0	0	0	0	0	0	0	0	0	0	0	10	55	8	J	1	47	E	13	86	142	27	10	0	0	0	0	79	30	425	49	0	9	9	2	0	8	66	24	0	0	0	0	0	0	0	0	0	0	0	44	41	0	-0.834139617233854	-0.207574933949641	2.40356343075213
28	C	10.0	12.0	63	105	0	2	0	0	0	0	2	0	0	0	0	12	55	10	J	1	47	E	15	60	128	30	8	0	0	0	0	80	32	430	61	1	9	9	2	0	1	71	22	0	0	0	0	0	0	0	0	0	0	0	45	40	0	7.13904042558125	6.80679755225819	-3.92530636982581
24	C	0.0	0.0	66	128	0	1	0	2	0	0	0	0	0	0	0	18	65	8	N	1	90	D	11	60	146	37	18	1	0	0	0	79	38	320	43	0	9	9	1	1	3	60	20	0	0	0	0	0	0	0	0	0	0	0	44	38	0	8.14514033425634	11.5394589007749	2.80361977616789
24	C	0.0	7.0	61	87	0	0	0	0	0	0	2	2	1	0	0	13	25	10	J	1	40	B	13	80	112	24	11	0	0	0	0	83	36	320	44	0	9	9	2	0	8	74	24	0	0	0	0	0	0	0	0	0	0	0	43	40	0	-1.08157286422234	-3.36003767216055	0.0876975730990219
17	C	0.0	0.0	63	136	0	0	0	0	0	0	0	1	0	0	1	12	65	7	J	1	70	E	11	64	169	21	12	0	0	0	0	83	42	610	66	1	5	8	3	0	2	62	20	0	0	0	1	0	0	0	0	0	0	0	47	41	0	-3.57211125877063	-1.94863624989294	-1.26975429631107
23	C	0.0	0.0	64	170	0	0	0	4	0	0	0	0	0	0	1	12	85	4	J	1	83	E	12	80	198	24	12	0	0	0	0	76	33	360	79	1	8	9	3	0	3	63	19	0	0	0	0	0	0	0	0	0	0	0	45	39	0	-1.96605618046149	-2.4504187981202	-4.61142228508143
19	C	4.0	3.0	60	115	0	0	0	0	0	0	1	0	0	0	0	12	105	5	J	1	63	E	13	68	135	25	11	0	0	0	0	83	29	560	62	0	8	9	2	0	1	68	22	0	0	0	0	0	0	0	0	0	0	0	46	40	0	-3.05841558959809	-4.60026133289319	-6.57784885232568
26	C	0.0	10.0	67	136	0	0	0	0	0	0	0	0	1	0	1	12	105	5	J	1	93	B	11	72	149	27	16	0	0	0	0	82	38	350	59	0	7	8	2	0	2	64	21	0	0	0	0	0	0	0	0	0	0	0	46	43	0	-3.39991099607284	-3.93752201826194	-4.87496526444455
24	C	10.0	8.0	65	123	0	0	0	0	0	1	0	0	0	0	1	14	55	7	J	1	87	E	12	80	143	24	17	0	0	0	0	83	37	310	40	1	8	9	1	2	1	66	22	0	0	0	0	0	0	0	0	0	0	0	47	40	0	-3.38673714155026	-2.98650776265358	-1.70353946932978
16	C	0.0	0.0	62	100	0	0	2	0	0	5	0	0	1	0	0	9	105	12	J	1	60	E	14	80	110	17	10	0	0	0	0	74	30	510	65	0	6	9	2	0	6	59	19	0	0	0	0	0	0	0	0	0	0	0	45	43	0	-0.286140192832523	3.04526696926976	6.20788159851358
26	C	0.0	0.0	64	112	0	0	0	0	0	3	0	0	2	0	0	18	15	10	F	1	63	E	14	80	135	21	14	0	0	0	0	75	29	380	53	1	8	9	3	0	5	72	24	0	0	0	0	0	0	0	0	0	0	0	45	41	0	-5.37841247846414	-3.39259286043154	-1.24202567255848
19	C	2.0	2.0	65	130	0	0	0	0	0	0	0	0	0	0	0	12	95	4	J	1	47	E	13	76	165	22	10	0	0	0	0	77	30	510	86	1	8	9	2	0	7	72	24	0	0	0	0	0	0	0	0	0	0	0	47	41	0	-2.7601461511323	-4.98489024690797	-5.18384827601525
23	C	40.0	9.0	64	142	0	0	0	0	0	1	0	0	1	0	0	10	95	7	J	1	60	E	12	94	160	26	11	0	0	0	0	83	31	625	43	1	8	9	2	0	5	53	17	0	0	0	0	0	0	0	0	0	0	0	46	39	0	5.93096476267266	3.78049933541001	4.84824145192284
19	C	13.0	3.0	60	105	0	0	0	0	0	1	0	0	0	0	0	12	45	7	J	1	67	E	13	70	125	21	11	0	0	0	0	77	33	600	60	1	9	9	2	0	2	71	23	0	0	0	0	0	0	0	0	0	0	0	46	40	0	-3.73163305101742	-4.76979376541569	-5.08371251643355
21	C	0.0	0.0	62	115	0	0	0	0	0	0	0	0	1	0	1	12	65	7	F	1	77	E	11	78	139	21	12	0	0	0	0	82	36	385	56	0	7	8	3	0	1	68	22	0	0	0	0	0	0	0	0	0	0	0	44	40	0	-4.80539012947228	-5.09265498656166	-5.09824274946616
21	C	0.0	0.0	59	95	1	0	0	0	0	1	0	1	1	0	0	7	45	8	J	1	70	E	12	46	119	27	12	0	0	0	0	83	40	410	47	1	9	9	2	0	7	62	19	0	0	0	0	0	0	0	0	0	0	0	45	43	0	0.248978320127417	0.997492551948274	2.93935437161631
34	C	4.0	19.0	63	120	0	0	0	0	0	0	1	0	2	0	0	12	105	15	J	1	83	E	13	66	137	31	14	0	0	0	0	74	21	380	39	0	9	10	2	0	5	67	22	0	0	0	0	0	0	0	0	0	0	0	45	37	0	-0.299864856735499	-0.40353950890936	2.69881510191516
17	C	0.0	0.0	66	116	2	0	0	0	0	0	0	0	1	0	1	11	45	7	J	1	77	E	13	80	154	18	13	0	0	0	0	83	39	525	54	1	10	10	1	2	8	54	17	0	0	0	0	0	0	0	0	0	0	0	47	43	0	3.7538004751563	4.09159638887416	8.22294669005296
32	C	0.0	0.0	59	98	0	0	0	0	0	3	2	1	1	0	0	5	45	22	B	1	57	E	13	68	118	32	14	0	2	0	0	85	32	420	46	1	9	9	3	0	5	61	19	0	0	0	0	0	0	0	0	0	0	0	45	41	1	7.62005418586085	3.30579806950822	8.01751518716132
22	C	0.125	4.0	67	135	0	0	0	0	0	2	0	0	0	0	0	15	25	20	F	1	70	E	12	82	152	20	15	0	0	0	0	81	40	395	49	0	8	9	0	2	7	51	17	0	0	0	0	0	0	0	0	0	0	0	46	40	0	5.40635108589601	7.37256458766561	14.7000905779442
18	C	5.0	4.0	62	110	0	0	0	0	0	0	1	1	0	0	1	12	105	10	J	1	63	E	13	64	134	19	10	0	0	0	0	84	37	465	61	0	6	8	0	2	5	59	19	0	0	0	0	0	0	0	0	0	0	0	47	35	0	0.533277473104504	1.33243211666119	7.00923684168117
28	C	0.0	0.0	68	136	0	0	0	1	0	0	1	0	1	0	0	15	45	8	I	1	83	E	13	70	148	31	18	0	1	0	0	79	27	310	55	1	9	9	0	3	6	66	22	0	0	0	0	0	0	0	0	0	0	0	48	40	0	-0.564632490021733	-0.963079623816876	2.90415289024957
24	C	3.0	9.0	61	138	0	0	0	0	0	0	0	0	0	0	0	8	55	17	J	1	57	E	13	60	164	25	11	0	0	0	0	75	26	535	65	1	9	10	3	0	4	61	19	0	0	0	0	0	0	0	0	0	0	0	47	39	1	6.95056521284378	2.49210346152455	6.09868149226699
16	C	10.0	2.0	61	120	0	0	0	0	0	4	0	0	0	0	0	10	85	20	J	1	60	E	10	74	142	17	10	0	0	0	0	82	36	510	64	1	8	9	2	0	2	64	23	0	0	0	0	0	0	0	0	0	0	0	45	37	0	-0.401614440382315	0.855599202897509	4.03555382420618
23	C	15.0	7.0	63	126	1	0	0	0	0	0	2	0	1	0	1	12	65	10	J	1	70	E	10	74	137	22	12	0	0	0	0	78	32	370	47	1	9	9	3	0	6	57	19	0	0	0	0	0	0	0	0	0	0	0	49	36	0	4.54688141619144	3.28352149463189	5.68950254403992
32	C	20.0	14.0	66	173	0	0	0	0	0	2	0	2	0	1	0	14	55	10	J	1	57	E	16	100	167	32	12	1	0	0	0	79	24	390	54	1	9	9	5	0	0	60	21	0	0	0	0	0	0	0	0	0	0	0	43	38	1	-0.773697284006135	0.0460246264295074	-0.0999163832207683
18	C	20.0	4.0	64	140	0	0	0	0	0	1	0	1	0	0	0	6	55	10	J	1	57	B	13	68	150	38	11	0	0	0	0	79	28	445	58	0	8	9	2	0	2	51	17	0	0	0	0	0	0	0	0	0	0	0	46	43	1	5.31867192669778	4.40935396344089	5.54727450484978
21	C	0.0	7.0	64	115	0	0	0	0	0	0	0	0	1	0	1	12	85	5	J	1	80	E	13	64	146	22	12	0	0	0	0	81	33	530	48	1	9	9	2	0	0	60	20	0	0	0	0	0	0	0	0	0	0	0	45	41	0	-2.43735777964553	-1.94669645600427	-4.9081879295027
24	C	0.0	0.0	60	155	0	0	0	0	0	2	1	0	1	1	0	12	45	10	J	1	60	E	11	100	160	25	12	1	0	0	0	73	24	330	74	1	6	9	2	0	9	63	21	0	0	0	0	0	0	0	0	0	0	0	45	37	0	1.65131537510953	1.66426128232242	5.06485635363653
23	C	30.0	8.0	64	120	0	0	0	0	0	0	0	0	0	0	1	12	105	5	J	1	73	E	14	78	148	26	11	0	0	0	0	81	35	400	56	0	9	10	2	0	5	60	20	0	0	0	0	0	0	0	0	0	0	0	44	39	0	1.70341365271072	0.106365822252726	-0.28428310504014
23	C	0.0	0.0	65	150	0	0	0	0	0	0	0	0	0	0	0	12	95	4	J	1	67	E	13	90	177	23	10	0	0	0	0	86	34	440	50	0	9	9	2	0	8	69	23	0	0	0	0	0	0	0	0	0	0	0	44	41	0	-4.6783644756478	-3.59276354422889	-3.85317866578167
19	C	15.0	3.0	64	130	0	0	0	0	0	1	2	0	0	0	1	12	105	10	J	1	73	E	11	65	153	20	12	0	0	0	0	81	38	685	34	0	7	9	3	0	1	60	20	0	0	0	0	0	0	0	0	0	0	0	44	41	0	0.851687717895778	0.417239584292368	0.705778414158521
20	E	0.0	0.0	65	118	0	0	2	0	0	0	0	0	0	0	0	11	35	7	F	1	43	E	15	90	139	24	11	0	0	0	0	81	31	805	78	0	9	9	3	0	1	48	16	0	0	0	0	0	0	0	0	0	0	0	47	42	0	3.15880049170948	4.30304791242115	3.95335449706809
30	C	0.0	0.0	52	160	1	0	0	0	0	1	3	0	1	0	1	14	45	8	I	1	43	B	12	82	173	32	11	0	0	0	0	79	32	510	40	1	6	8	3	0	7	45	15	0	0	0	0	0	0	0	0	0	0	0	47	37	0	5.63843570282791	6.28542504923436	9.76706252185235
25	C	20.0	9.0	63	138	0	0	0	0	0	2	1	1	1	0	0	10	45	17	J	1	43	E	11	80	147	28	11	0	0	0	0	82	35	570	52	0	6	9	2	0	3	65	20	0	0	0	0	0	0	0	0	0	0	0	46	41	0	1.73180909553147	0.661698911179877	4.10899894608572
31	C	40.0	17.0	60	113	2	0	0	0	0	1	1	0	1	0	0	9	75	12	J	1	67	E	11	70	147	34	10	1	3	2	1	82	36	540	76	0	9	9	3	0	3	60	19	0	0	0	0	0	0	0	0	0	0	0	44	45	0	1.838925004092	1.70072286053958	3.67039560472283
22	C	0.0	0.0	62	117	0	0	0	0	0	1	1	0	1	0	1	12	105	4	J	1	73	E	13	70	144	25	10	0	0	0	0	81	36	430	49	0	9	9	2	0	4	61	19	1	0	0	0	0	0	0	0	0	0	0	46	41	0	-2.27262879833265	-1.17561004753387	-2.76219378632332
30	C	0.0	0.0	60	138	0	2	0	0	0	0	0	0	1	0	1	12	85	18	I	1	70	B	11	74	136	30	10	0	0	0	0	86	41	625	63	0	9	9	2	0	4	56	19	0	0	0	0	0	0	0	0	0	0	0	45	40	0	14.8149171810767	15.3175650291729	7.4458630520043
17	C	0.0	0.0	63	137	0	0	0	0	0	0	2	0	0	0	0	9	35	7	J	1	53	E	13	80	159	21	11	0	0	0	0	81	36	510	53	0	8	9	2	0	5	55	18	0	0	0	0	0	0	0	0	0	0	0	45	34	0	2.09704650348856	3.14402985061876	4.32892986980976
21	C	0.0	3.0	64	117	0	0	0	0	0	0	1	0	1	0	0	16	75	10	L	1	93	E	13	80	134	24	17	0	0	0	0	79	32	530	46	0	9	9	0	3	0	48	17	0	0	0	0	0	0	0	0	0	0	0	46	42	0	3.71767538765361	4.10897112405115	5.83623716773993
22	C	40.0	9.0	60	107	0	0	1	0	0	1	0	0	0	0	0	11	35	13	J	1	33	E	10	76	128	26	11	0	0	0	0	82	28	420	64	1	9	9	3	0	8	62	20	0	0	0	0	0	0	0	0	0	0	0	47	38	1	6.09079646202305	2.81164616516169	7.2715560384302
18	C	1.0	2.0	62	122	0	0	0	0	0	0	0	2	2	0	0	9	15	10	F	1	20	E	9	70	155	20	9	0	0	0	0	80	38	395	44	0	9	9	2	0	4	43	14	0	0	0	0	0	0	0	0	0	0	0	46	42	0	9.28078682171019	8.08499279757948	10.7455365542207
21	C	2.0	5.0	61	123	0	0	0	0	0	0	0	0	0	0	1	12	95	10	J	1	73	E	11	80	138	22	12	0	0	0	0	82	38	300	75	1	6	9	0	2	4	71	24	0	0	0	0	0	0	0	0	0	0	0	45	40	0	-3.24224884566906	-3.15626763237588	0.936805640596514
28	C	4.0	6.0	64	148	0	0	0	0	0	0	2	0	0	0	1	12	85	5	I	1	63	B	13	80	164	33	12	0	0	0	0	76	29	325	52	1	9	8	2	0	11	32	20	0	0	0	0	0	0	0	0	0	0	0	47	35	0	9.63435435480441	9.03609778961443	11.5545931137218
21	C	10.0	5.0	75	175	0	0	0	0	0	1	0	0	0	0	1	14	95	10	L	1	93	E	15	76	191	23	14	0	0	0	0	79	39	420	62	0	9	9	0	3	6	82	27	0	0	0	0	0	0	0	0	0	0	0	46	41	0	-8.48534258561657	-8.53190539681863	-4.16314533653117
18	C	0.0	0.0	63	117	0	1	0	0	0	0	1	0	1	0	0	12	55	7	J	1	67	E	12	85	139	19	12	0	0	0	0	80	40	370	68	0	6	9	2	0	5	65	22	0	0	0	0	0	0	0	0	0	0	0	44	39	0	12.0700751369152	9.83721509811889	-0.695937290323079
34	C	40.0	4.0	61	112	0	0	0	0	2	0	2	0	0	0	0	9	35	12	J	1	33	E	13	96	130	39	9	0	0	0	1	77	31	620	55	0	9	9	3	0	3	50	15	0	0	0	0	0	0	0	0	0	0	0	45	40	1	9.30783814005309	5.8308646492261	8.43426069132691
22	C	20.0	6.0	64	140	0	0	0	0	0	0	1	1	1	0	1	11	75	7	F	1	70	E	12	86	163	31	12	0	1	0	0	83	30	570	50	0	9	9	3	0	3	60	20	0	0	0	0	0	0	0	0	0	0	0	44	43	0	1.82062659531095	0.398388592036591	0.522947331362472
30	C	40.0	16.0	62	110	0	0	0	0	3	1	2	1	1	0	0	7	55	10	J	1	67	E	16	70	132	33	12	1	0	0	1	74	26	460	55	0	2	7	2	0	3	60	20	0	0	0	1	0	0	0	0	0	0	0	45	42	0	0.962682521262988	0.119805918008125	2.51239844737891
23	C	20.0	11.0	62	155	0	0	0	0	0	0	1	0	0	0	0	12	95	8	J	1	83	E	11	65	162	26	12	0	0	0	0	77	31	470	65	1	9	9	3	0	1	60	20	0	0	0	0	0	0	0	0	0	0	0	46	41	0	-0.92369119771643	-0.23457848611811	-0.865984694388762
27	C	0.0	0.0	61	105	0	0	0	0	0	0	0	1	0	0	0	16	25	10	C	1	70	E	11	78	126	25	16	0	0	0	0	85	31	510	56	0	9	9	0	2	12	55	18	0	0	0	0	0	0	0	0	0	0	0	44	42	0	4.90398543950552	5.44688135621426	11.8784228340718
29	C	0.0	0.0	63	118	0	0	0	0	0	1	0	0	0	0	0	17	65	10	L	1	90	E	13	78	137	33	17	0	0	0	0	82	31	555	50	1	9	10	0	2	0	65	22	0	0	0	0	0	0	0	0	0	0	0	47	39	0	-2.70898593911533	-2.30822293955377	-0.584619154112326
43	C	40.0	23.0	64	95	0	0	0	0	0	0	0	1	3	0	0	12	45	13	J	1	40	E	14	84	110	43	10	0	1	0	0	77	25	310	48	0	8	9	2	0	3	73	24	0	0	0	0	0	0	0	0	0	0	0	45	39	1	0.145236597812144	-3.59179530920074	-0.943426878972718
29	C	0.0	6.0	69	158	0	0	0	0	0	0	0	0	2	0	0	12	35	13	J	1	67	E	10	80	175	32	12	0	0	0	0	77	25	360	98	0	8	9	2	0	3	72	24	0	0	0	0	0	0	0	0	0	0	0	45	44	0	-2.87298811818915	-3.44831751065454	-1.27263382735912
19	C	0.0	0.0	67	126	0	0	0	0	0	0	0	0	0	0	1	12	85	7	I	1	80	B	10	80	141	21	12	0	0	0	0	80	31	390	64	1	9	9	2	0	6	48	16	0	0	0	0	0	0	0	0	0	0	0	47	38	0	4.26420371488039	5.48134951236294	6.53490721800837
20	C	0.0	0.0	64	127	0	0	0	0	0	0	0	0	0	0	0	14	25	10	J	1	70	E	12	64	141	22	15	0	0	0	0	84	33	235	74	1	6	9	5	0	11	54	21	0	0	0	1	0	0	0	0	0	0	1	45	39	0	6.29908674707867	5.46644847682061	9.20824716163184
27	C	4.0	7.0	63	98	0	0	0	0	0	2	3	0	2	0	0	12	55	6	I	1	67	B	13	80	129	34	12	0	1	0	0	80	42	470	48	0	9	9	2	0	1	61	20	0	0	0	0	0	0	0	0	0	0	0	46	40	0	-1.66459794090512	-1.1471757155706	-2.50596469980842
22	C	20.0	7.0	68	147	0	0	0	0	0	0	0	0	0	0	0	12	95	5	J	1	70	E	13	62	164	25	12	0	0	0	0	77	26	350	33	1	5	8	2	0	2	72	24	0	0	0	1	0	0	0	0	0	0	0	47	41	0	-6.9926298652864	-7.30671047120267	-7.87390330682653
25	C	30.0	8.0	67	130	1	0	0	0	0	1	1	1	1	0	0	12	45	12	J	1	63	E	13	70	143	28	12	0	0	0	0	79	37	400	61	0	8	9	3	0	3	73	24	0	0	0	0	0	0	0	0	0	0	0	45	37	0	-2.9919445472578	-4.06329432350401	-2.07371591594739
36	C	0.0	16.0	64	200	0	0	0	0	0	0	0	0	0	0	1	12	55	10	L	1	53	E	13	80	180	26	10	0	0	0	0	78	31	470	75	0	9	9	3	0	4	75	25	0	0	0	0	0	0	0	0	0	0	0	43	42	0	-5.5034801215076	-5.03181009353499	-3.07002289224387
24	C	6.0	5.0	62	133	0	0	0	0	0	0	1	0	0	0	1	12	85	7	H	1	50	B	11	88	144	24	9	0	0	0	0	81	33	395	48	0	9	9	3	0	10	56	18	0	0	0	0	0	0	0	0	0	0	0	45	35	0	5.44625542799815	3.94150067556366	6.58707176773939
23	C	20.0	7.0	69	140	0	0	0	0	0	0	1	0	0	0	0	12	95	10	J	1	73	E	14	76	167	27	12	0	1	0	0	81	40	495	60	0	9	10	0	2	5	63	21	0	0	0	0	0	0	0	0	0	0	0	45	39	0	-0.527716010113659	0.731668785819814	5.20814549435531
37	C	10.0	21.0	62	215	0	0	0	3	0	0	1	0	0	0	0	8	45	18	J	1	33	E	11	106	230	40	8	1	0	0	0	75	39	380	58	0	9	9	3	0	5	73	24	0	0	0	0	0	0	0	0	0	0	0	45	38	0	-2.72555341407874	-2.20612239138697	2.3013492015745
26	C	0.0	0.0	61	110	0	0	0	0	0	0	0	0	0	0	0	12	55	6	J	1	67	E	12	80	131	24	11	0	0	0	0	77	27	490	58	1	9	9	0	0	4	44	14	0	0	0	0	0	0	0	0	0	0	1	46	40	0	7.44494984468263	6.12074499998957	8.66043944501853
20	C	0.0	0.0	65	135	0	0	0	0	0	0	1	1	1	0	0	10	85	8	M	1	85	C	15	92	133	23	12	0	0	0	0	74	28	425	77	0	9	9	3	0	5	64	20	0	0	0	0	0	0	0	0	0	0	0	44	40	0	-1.245794546283	-0.536939529061951	0.51492636531332
22	C	30.0	5.0	60	117	0	0	0	0	0	0	0	0	1	0	0	12	55	10	J	1	57	E	11	72	145	25	8	0	0	0	0	76	32	420	43	1	9	10	0	2	7	53	17	0	0	0	0	1	0	0	0	0	0	0	48	36	1	9.95506031549182	5.33070456158622	10.7423477976942
19	C	20.0	3.0	62	134	0	0	1	4	0	1	2	0	1	1	0	11	45	7	J	1	70	E	13	92	169	22	12	0	0	0	0	78	32	310	48	1	5	10	3	0	2	71	24	1	0	0	0	0	0	0	0	0	0	0	44	36	0	-5.22164979561579	-4.8078155620671	-5.17438687719338
21	C	0.0	4.0	69	140	0	0	0	0	0	0	0	0	2	0	0	14	65	10	J	1	90	E	11	80	156	21	13	0	0	0	0	84	32	375	50	0	8	9	0	2	2	57	18	0	0	0	0	0	0	0	0	0	0	0	45	37	0	3.56551818561167	1.97948021954293	4.98629019931501
28	C	20.0	11.0	63	210	0	0	0	0	0	0	0	0	0	0	0	12	65	7	J	1	57	E	11	78	222	25	12	0	0	0	0	77	28	460	52	1	8	9	3	0	3	68	23	0	0	0	0	0	0	0	0	0	0	0	47	44	0	-3.29076768258829	-2.8796124660366	-2.5562902297216
39	C	8.0	23.0	60	100	0	0	0	0	0	0	0	0	0	1	1	12	85	10	I	1	70	E	12	70	122	28	12	1	0	0	0	81	33	430	78	1	9	9	2	0	4	60	20	0	0	0	0	0	0	0	0	0	0	0	47	40	0	2.36037208888634	1.56295256373441	3.28457341289481
26	C	0.5	5.0	71	163	0	0	0	0	0	0	0	0	0	0	1	16	45	10	I	1	83	E	14	72	186	26	16	0	0	0	0	80	32	460	89	1	7	9	0	2	1	59	19	0	0	0	0	0	0	0	0	0	0	0	44	40	0	3.18317349773756	0.855440560443527	3.43854130547859
31	C	0.0	13.0	60	120	0	0	0	0	0	0	2	0	1	0	0	12	85	3	J	1	63	E	13	80	145	32	11	0	0	0	0	81	39	580	61	1	9	9	3	0	1	61	20	0	0	0	0	0	0	0	0	0	0	0	47	42	0	-3.4511142914411	-2.95533176690005	-6.87928079574165
25	C	0.125	5.0	64	135	0	0	0	0	0	0	0	0	0	0	1	12	95	7	I	1	80	B	12	84	156	33	16	0	0	0	0	78	32	440	47	1	9	9	2	0	17	51	17	0	0	0	0	0	0	0	0	0	0	0	44	43	0	6.0606085667485	6.54438378447753	10.1568877397059
19	C	5.0	2.0	62	103	0	2	0	0	0	0	0	0	1	0	1	10	25	20	J	1	35	E	10	76	129	22	10	0	0	0	0	81	37	360	58	1	8	9	2	0	5	40	19	0	0	0	0	0	0	0	0	0	0	0	45	39	1	13.0260562193313	21.4214155399387	14.8738978864854
27	C	20.0	13.0	60	100	0	0	0	0	0	0	0	0	1	1	0	8	75	4	J	1	50	E	14	62	125	25	9	0	1	0	0	79	32	370	83	1	7	8	3	0	6	75	24	0	0	0	0	0	0	0	0	0	0	0	46	38	1	-7.43433868071136	-7.91285134178196	-7.46541516012579
23	C	0.0	4.0	61	107	0	0	0	0	0	0	0	0	0	0	0	16	85	20	G	1	93	E	9	70	114	23	17	0	0	0	0	82	38	260	41	1	7	8	0	2	5	68	22	0	0	0	0	0	0	0	0	0	0	0	45	39	0	-0.430330647873907	-1.38132382411399	5.87569739828576
24	C	20.0	7.0	68	140	0	0	0	0	0	0	1	0	0	0	0	12	25	10	J	1	70	E	14	76	161	22	13	0	0	0	0	78	38	435	53	0	9	9	0	1	6	65	21	0	0	0	0	0	0	0	0	0	0	0	47	35	0	-0.35501232613469	0.167244863409903	5.01083640916911
26	C	0.0	0.0	64	135	0	0	0	0	0	1	2	0	1	0	0	12	85	6	I	1	70	B	13	74	136	28	12	0	0	0	0	78	30	390	47	1	9	9	3	0	4	64	21	0	0	0	0	0	0	0	0	0	0	0	45	40	0	-1.28769299832324	-1.33819558117118	-1.38007678314225
19	C	0.0	0.0	70	140	0	0	0	0	0	0	0	0	0	0	0	13	25	10	L	1	70	E	13	78	169	21	14	0	0	0	0	85	39	555	84	1	9	10	0	2	6	60	20	0	0	0	1	0	0	0	0	0	0	1	48	42	0	1.0157114920687	2.26846299765479	7.13026315160182
31	C	30.0	4.0	65	171	0	0	0	1	0	1	2	0	3	0	0	12	65	8	J	1	70	E	10	72	180	29	12	1	1	0	0	83	35	425	36	0	8	9	2	0	8	52	17	0	0	0	0	0	0	0	0	0	0	0	44	39	0	5.21700174230171	5.05202567053227	7.30596070100253
19	C	20.0	5.0	64	103	0	0	0	0	0	0	0	0	0	0	0	11	45	21	J	1	60	E	12	54	124	21	12	0	0	0	0	69	34	450	59	0	9	10	3	0	2	66	21	0	0	0	0	0	0	0	0	0	0	0	46	40	0	-0.930386009376772	0.0808004926219286	3.39422964564359
22	C	10.0	8.0	63	115	0	0	0	0	0	0	0	0	1	0	1	8	85	10	J	1	73	E	12	60	140	24	12	0	0	0	0	67	27	330	53	1	9	9	3	0	5	55	18	0	0	0	0	0	0	0	0	0	0	0	45	36	0	2.97514271011686	3.73981221953539	5.77774137763979
17	C	0.0	2.0	61	103	0	0	0	0	0	0	0	1	0	0	0	12	65	7	J	1	70	E	15	58	120	19	12	0	0	0	0	85	40	320	54	0	9	9	0	3	5	60	20	0	0	0	0	0	0	0	0	0	0	0	44	39	0	2.68205361743243	1.16028670308323	4.49529661345693
21	C	2.0	5.0	67	129	0	0	0	0	0	0	1	1	0	0	0	12	5	4	J	1	60	E	16	88	149	27	18	0	1	0	0	77	25	400	63	0	9	9	1	2	1	53	18	0	0	0	0	0	0	0	0	0	0	0	46	43	0	-0.314037702044463	1.11071184497698	0.864578769666687
29	C	0.0	0.0	62	110	0	2	0	0	0	3	1	0	3	0	1	18	95	7	F	1	93	E	12	70	125	26	18	0	0	0	0	81	27	420	61	1	5	8	4	2	4	40	14	3	0	0	2	0	0	0	0	0	0	3	48	35	0	17.0375145907387	16.8772588119501	6.62430838369848
30	C	0.0	5.0	66	140	0	0	0	0	0	0	0	0	0	0	0	17	55	8	L	1	87	E	12	60	142	28	17	0	0	0	0	78	37	362	37	0	9	9	3	3	2	49	15	5	0	0	0	0	0	0	0	0	0	0	45	40	0	3.29627512161325	4.17563951497477	4.04841035555197
33	C	20.0	16.0	62	115	0	0	0	0	0	0	1	0	1	1	1	12	35	12	L	1	57	E	12	70	126	40	12	0	0	0	0	72	25	258	22	1	4	8	8	0	1	38	11	8	0	1	1	0	0	0	1	0	0	1	42	39	0	7.02895159179455	7.10763640525389	9.33832278375733
27	C	10.0	6.0	63	118	0	0	0	0	0	1	1	0	1	1	0	12	55	8	H	1	77	E	12	60	141	33	12	0	0	0	0	82	34	387	47	1	8	9	4	4	10	59	20	0	0	0	0	0	0	0	0	0	0	0	47	39	0	2.07951284889825	2.76356982921744	5.38405224504261
33	C	0.0	10.0	69	152	0	0	0	0	0	0	0	0	0	1	0	14	105	3	L	1	93	E	12	60	180	37	17	0	0	0	0	76	29	409	34	1	9	9	1	4	12	54	20	5	0	0	1	0	0	0	0	0	0	1	49	36	0	2.58574940478998	2.43018582183519	4.07843085773394
26	C	0.0	0.5	65	118	0	0	0	0	0	1	0	0	0	0	0	15	95	5	L	1	83	E	15	60	136	34	14	0	0	0	0	79	27	357	62	0	1	6	5	3	9	41	13	5	0	0	3	0	0	0	0	0	0	1	45	35	0	6.97836408862201	6.19031373562209	7.85295557431362
39	C	0.0	0.0	63	142	0	0	1	0	0	0	0	0	0	1	0	12	75	10	L	1	93	E	11	70	158	41	16	2	0	0	0	72	27	405	45	1	8	9	6	0	15	39	13	6	0	0	0	0	0	0	1	0	0	2	47	33	0	11.6348035085336	10.5459743310773	14.7827701803071
25	C	15.0	4.0	63	123	0	0	0	0	0	0	1	0	2	0	0	12	95	10	O	1	93	E	12	70	145	30	16	0	1	0	0	74	29	425	38	0	8	10	7	0	8	50	16	6	0	0	0	0	0	0	0	0	0	1	42	33	0	6.44484489548215	5.9723353212166	8.57524439223345
22	C	0.0	0.0	64	115	0	0	0	0	0	0	3	0	0	1	0	12	55	10	L	1	63	E	13	60	143	30	12	0	0	0	0	80	34	608	67	0	8	9	3	0	9	62	20	0	0	0	0	0	0	0	0	0	0	0	44	40	0	2.77385777809695	2.0463806715167	5.39782383579594
25	C	10.0	6.0	67	124	0	0	0	0	0	1	0	0	0	0	0	16	95	10	L	1	80	E	14	78	146	28	16	0	0	0	0	81	35	396	86	1	6	9	2	2	3	46	15	0	0	0	0	0	0	0	0	0	0	0	47	41	0	5.59206534503653	6.10655529274575	7.30400730955329
27	C	0.0	0.0	62	140	0	0	0	0	0	0	1	0	1	0	0	12	65	8	D	1	47	E	11	60	184	31	8	0	0	0	0	81	32	487	32	0	8	9	3	2	11	43	15	0	0	0	0	0	0	0	1	0	0	0	46	39	0	9.24817757905933	8.81603048166991	12.2491916353059
31	C	10.0	15.0	66	140	0	0	0	1	0	0	2	0	0	1	0	12	105	10	L	1	90	E	12	68	153	32	16	3	1	0	0	75	28	483	54	1	8	9	4	0	13	25	11	5	0	0	0	0	0	2	0	0	0	2	49	38	0	12.16620016691	13.2549730138671	17.1582739407916
30	C	0.0	0.0	68	128	4	0	1	0	0	0	2	0	1	0	0	12	105	7	L	1	93	E	12	80	136	33	18	1	1	0	0	79	29	302	82	0	5	9	7	0	17	49	20	5	0	0	2	0	0	1	1	0	0	1	46	34	0	8.30705503431367	7.05216008466021	10.4436380550979
29	C	0.0	11.0	72	150	0	0	0	0	0	0	2	0	0	1	0	16	105	8	J	1	93	E	13	70	163	33	16	0	0	0	0	77	22	338	67	1	7	9	4	2	9	62	20	3	0	0	0	0	0	1	0	0	0	0	46	37	0	0.228652326686512	1.14184416095237	3.22337792340178
25	C	0.0	0.0	67	135	0	0	1	0	0	0	0	0	1	0	0	10	65	13	L	1	77	E	11	60	169	38	17	0	0	0	1	84	36	555	82	1	7	9	8	0	12	44	15	8	0	0	3	0	0	0	0	0	0	3	46	38	0	10.399228467306	9.44275580300444	14.1571225358016
18	C	8.0	3.0	65	115	0	0	0	0	0	0	0	0	1	1	1	13	35	10	L	1	77	E	13	68	147	25	18	0	0	0	0	77	34	420	54	1	9	9	5	5	1	55	19	0	0	0	0	0	0	1	0	0	0	0	48	43	0	2.71985512878415	2.29891771310193	2.53415549521412
26	C	5.0	10.0	64	115	0	0	0	0	0	0	1	0	0	0	1	14	105	7	L	1	95	E	12	72	140	29	16	0	1	0	0	79	31	400	49	1	7	8	8	0	8	37	13	0	0	0	0	0	0	0	0	0	0	0	46	37	0	8.0978166765559	7.72602941288778	10.1327550741958
29	C	0.0	0.0	64	145	0	0	0	0	0	1	0	0	1	0	0	12	55	8	L	1	67	E	12	70	172	33	12	0	0	0	0	80	33	663	69	0	4	8	6	0	9	53	19	3	0	0	1	0	0	0	0	0	0	0	47	39	0	3.02704575509936	3.78179535795205	7.35865261133485
20	C	20.0	5.0	61	112	0	0	1	0	0	0	2	0	0	0	0	12	45	10	L	1	67	E	9	68	134	23	12	0	0	0	0	74	25	245	54	1	4	7	8	0	9	61	20	6	0	0	0	0	0	0	0	0	0	0	44	35	0	0.287888356627313	1.24268330520536	5.53798307188469
33	C	2.0	14.0	60	100	0	0	0	0	0	0	0	1	0	1	0	14	105	12	L	1	93	E	11	70	123	35	14	0	1	0	0	77	31	398	65	1	6	9	2	0	5	40	13	0	0	0	0	0	0	0	0	0	0	0	48	41	0	7.1249369813952	8.68587919142264	11.0035469063241
31	C	10.0	13.0	61	264	0	0	0	1	0	1	2	0	1	1	0	12	75	10	L	1	93	E	13	80	262	34	13	0	1	0	0	83	39	650	87	0	7	9	8	0	11	50	20	4	0	0	0	0	0	0	0	0	0	3	46	35	0	8.43422957732116	6.57337737290509	9.92532149601371
35	C	0.0	18.0	66	125	0	0	1	1	0	0	0	0	2	0	1	12	95	6	L	1	77	E	14	70	147	41	14	0	1	0	0	82	36	700	61	1	5	8	5	0	1	34	11	0	0	0	4	0	0	0	0	0	0	3	47	41	0	5.10703700461285	6.17119515817266	5.72230399496056
27	C	0.0	10.0	64	140	0	0	0	0	0	1	1	0	1	1	0	16	75	10	L	1	93	E	13	64	174	31	18	0	1	0	0	49	25	450	95	0	5	8	6	1	13	64	20	6	0	0	2	1	0	0	2	0	1	5	44	40	0	0.442292258168895	0.400620756283036	5.16125811526439
35	C	8.0	4.0	65	140	0	0	1	0	0	3	0	0	2	0	0	8	105	12	L	1	53	E	12	60	153	36	8	4	0	2	0	78	36	408	63	0	7	9	4	0	5	41	15	0	0	0	0	0	0	0	0	0	0	0	45	34	0	8.7738655124719	8.92051080576335	11.9369735406498
35	C	8.0	4.0	65	140	0	0	1	0	0	3	0	0	2	0	0	8	105	12	L	1	53	E	12	60	153	36	8	4	0	2	0	80	24	330	53	0	7	9	4	0	6	54	19	0	0	0	0	0	0	0	0	0	0	0	46	34	1	7.54929662220497	5.0328878547208	8.3354000692214
29	C	0.0	0.0	61	140	0	0	0	0	0	2	0	0	0	0	0	9	85	10	L	1	87	E	13	80	190	29	12	0	0	0	0	84	38	419	52	1	8	9	8	0	2	58	17	0	0	0	0	0	0	0	2	0	0	1	45	41	0	1.29539703274721	1.4662415987778	2.05597929978286
24	C	20.0	7.0	70	140	0	0	0	0	0	0	1	0	0	2	0	12	65	10	L	1	73	E	13	70	159	25	12	0	0	0	0	82	32	232	56	1	9	9	4	0	7	43	18	0	0	0	0	0	0	0	0	0	0	0	46	36	0	7.92893855558888	8.18602476095906	10.8783589395785
26	C	20.0	10.0	70	144	0	0	0	0	0	0	1	0	2	0	0	12	65	13	L	1	73	E	13	80	158	26	12	2	1	1	1	75	30	350	78	0	9	9	8	0	1	46	15	0	0	0	0	0	0	0	0	0	0	4	44	39	0	4.18373041877075	5.99441580424066	7.16597293565879
25	C	20.0	4.0	63	145	0	0	0	0	0	0	0	0	1	1	1	12	105	7	L	1	93	E	12	78	154	26	14	0	0	0	0	81	39	430	55	1	7	9	4	7	1	52	16	0	0	0	0	1	0	2	0	0	0	0	47	42	0	2.02939010594444	2.32568702578738	1.08613595535074
31	C	0.0	0.0	61	115	0	0	0	0	0	0	2	0	3	1	0	14	105	8	L	1	90	E	12	70	129	31	16	0	2	0	0	76	31	315	69	1	8	9	8	0	8	50	17	3	0	0	0	0	0	0	0	0	0	2	49	35	0	6.2209878531092	5.48459885280487	7.39478300227896
22	C	14.0	6.0	67	140	0	0	0	0	0	1	0	0	0	1	1	13	95	7	L	1	73	E	14	62	171	25	12	0	0	0	0	83	39	535	63	1	9	9	5	0	4	62	18	0	0	0	0	0	0	0	0	0	0	0	47	41	0	0.747382251930084	-0.145051363939888	0.312052515989974
23	C	10.0	4.0	68	125	0	0	1	0	0	1	0	0	2	1	0	16	75	8	G	1	83	E	15	70	144	25	16	0	0	0	0	80	38	601	81	1	7	9	8	0	1	52	18	4	0	0	0	0	0	0	1	0	1	3	47	41	0	3.40915650424419	2.77596967444191	2.17065209114208
29	C	10.0	8.0	60	90	0	0	0	0	0	0	0	0	0	2	0	16	105	6	L	1	93	E	12	60	100	34	18	0	0	0	0	78	29	150	53	1	9	9	8	0	12	70	20	0	0	0	0	0	0	0	0	0	0	0	42	39	0	-2.80043251584787	-2.54537431196115	-0.785515350277081
27	C	0.0	0.0	65	133	0	0	0	0	0	0	1	0	1	1	1	16	95	6	L	1	90	E	12	84	160	29	16	0	0	0	0	78	37	499	75	1	9	9	5	0	2	52	17	0	0	0	0	0	0	0	0	0	0	0	49	38	0	2.17811721923679	2.41214099564229	1.2197235060054
23	C	0.0	0.0	61	101	0	0	0	0	0	2	3	2	6	0	0	12	75	7	L	1	73	E	11	68	113	27	12	1	1	0	0	74	27	311	41	0	7	9	8	0	10	35	11	5	0	0	3	0	0	0	0	0	0	0	44	31	0	8.9428640574102	10.0632676434839	12.3596118407075
23	C	15.0	6.0	63	110	0	0	0	0	0	0	0	0	0	1	1	14	95	5	L	1	93	E	12	64	133	24	13	0	0	0	0	72	25	369	40	0	6	9	8	1	6	55	19	3	0	0	4	2	0	0	0	0	0	2	46	34	0	2.11037233601169	2.04470122340841	1.64340847397846
27	C	10.0	13.0	61	100	0	0	0	0	0	0	0	1	0	0	0	16	55	8	L	1	87	E	12	68	127	30	18	0	0	0	0	73	25	463	38	0	9	9	8	0	3	58	20	0	0	0	0	0	0	0	0	0	0	0	44	37	0	2.76831216393424	1.30115404435777	1.59502979118097
28	C	0.0	2.0	66	135	0	0	0	0	0	1	1	0	2	1	1	17	105	4	L	1	93	E	13	70	157	31	18	0	1	0	0	75	23	502	69	1	8	8	8	8	7	56	18	0	0	0	0	3	0	0	0	0	0	1	45	39	0	-0.90314011771421	0.151963557966036	0.215967950830744
21	C	15.0	5.0	62	108	0	0	0	0	0	2	1	0	0	0	1	13	85	7	L	1	93	E	13	68	132	24	17	0	0	0	0	77	35	376	52	1	9	9	8	0	8	51	20	1	0	0	0	0	0	0	0	0	0	0	45	39	0	4.87653668826552	4.78335111245735	6.17850828550653
24	C	12.0	5.0	67	135	0	0	0	0	0	0	1	1	0	1	0	12	25	10	L	1	63	E	13	80	165	24	14	0	0	0	0	76	40	578	98	1	5	9	3	0	5	55	18	0	0	0	0	0	0	0	0	0	0	0	47	40	0	4.12930311116495	3.8665772182604	6.08005048027087
33	C	0.0	0.0	62	108	0	0	0	0	0	0	0	0	0	1	0	12	65	10	L	1	57	E	14	85	134	33	10	3	0	0	1	96	40	405	68	1	9	9	7	0	4	37	12	5	0	0	0	0	0	2	1	0	0	3	46	41	1	11.3443735534679	9.21874745489735	11.2338812243459
17	C	0.0	0.0	63	115	1	0	0	0	0	1	0	1	0	1	1	11	65	7	O	1	77	E	11	60	149	21	12	0	0	0	0	78	35	399	49	0	9	9	1	4	7	58	20	0	0	0	0	0	0	0	0	0	0	0	45	34	0	1.79037393620101	2.36255058631613	6.20197974310274
27	C	0.0	0.0	64	120	0	1	0	0	0	1	1	0	1	0	0	17	95	6	L	1	93	E	14	70	134	27	16	0	0	0	0	76	28	400	53	0	5	8	8	0	12	46	15	0	0	0	3	0	0	0	0	0	0	0	45	32	0	17.6505052965383	16.549174286271	7.96411595429989
28	C	20.0	7.0	62	109	0	0	0	0	0	0	2	1	0	0	0	10	105	12	L	1	63	E	12	70	122	34	11	0	0	0	0	79	30	445	57	0	9	9	6	0	4	30	9	0	0	0	0	0	0	2	0	0	0	3	47	38	0	11.6669051703144	11.1284709695498	13.639219083195
22	C	0.0	0.0	61	109	0	0	0	0	0	0	0	2	2	1	1	16	105	10	L	1	93	E	11	62	125	22	14	0	0	0	0	81	36	318	56	1	9	9	2	1	6	42	15	0	0	0	0	0	0	0	0	0	0	0	46	34	0	7.21939707529203	7.97962493209904	10.0268542700401
24	C	0.0	0.0	61	106	0	0	0	0	0	0	0	1	1	0	1	16	105	6	L	1	93	E	11	70	122	24	14	1	0	0	0	82	33	324	46	1	7	8	4	3	6	62	20	0	0	0	0	0	0	0	0	0	0	0	45	34	0	-3.21382657310946	-1.40669296330113	-0.15848809901671
30	C	0.0	2.0	60	110	0	0	0	0	0	2	1	0	1	1	0	11	65	13	L	1	90	E	13	70	119	30	17	1	1	0	0	77	34	387	65	0	6	9	3	0	14	37	11	1	0	0	0	1	0	0	0	0	0	2	44	42	0	10.1815273657394	11.5234841441446	16.4545728131122
28	C	0.0	7.0	62	120	0	0	0	0	0	1	0	0	2	1	0	16	75	10	L	1	87	E	11	78	145	32	16	0	0	0	0	66	23	432	52	1	8	9	8	0	8	44	16	4	1	0	2	0	0	0	0	0	0	0	46	33	0	7.56232499024081	7.94112138671903	10.6650295654557
22	C	13.0	2.0	70	125	0	0	1	0	0	3	1	0	0	1	1	12	105	10	L	1	70	E	13	60	143	25	12	0	0	0	0	77	33	495	70	1	4	4	3	0	5	47	20	0	0	0	1	0	0	0	0	0	0	1	47	42	0	6.00610470171978	5.35175607562213	8.47659766712973
33	C	0.0	11.0	65	120	0	0	0	0	0	0	0	1	0	0	0	12	105	10	I	1	93	E	12	80	133	34	17	0	0	0	0	62	25	315	59	1	8	9	4	0	9	65	20	0	0	0	0	0	0	0	0	0	0	0	46	36	0	0.0351895000463186	0.386319422848393	3.20175180096268
22	C	20.0	5.0	67	135	0	0	0	0	0	0	0	1	1	1	1	15	85	4	L	1	87	B	12	70	188	22	14	0	0	0	0	89	39	489	49	0	9	9	3	0	3	53	19	0	0	0	0	0	0	0	0	0	0	0	44	42	0	1.13928060525792	1.3974807802651	-0.799568471616973
24	C	10.0	10.0	60	92	0	0	0	1	0	2	1	0	0	1	0	11	75	10	L	1	80	E	13	70	124	26	12	1	0	0	0	85	39	418	56	1	8	9	3	0	8	45	17	0	0	0	0	0	0	0	0	0	0	0	45	40	0	8.64373296678799	7.73073328123731	10.5743064119866
34	C	0.0	0.0	65	137	0	0	0	0	0	0	1	0	1	0	0	6	5	10	F	1	30	E	15	84	167	55	9	0	1	0	0	81	40	360	63	0	4	9	4	0	5	33	11	0	0	0	0	0	0	2	0	0	0	1	47	40	0	12.361110634709	10.7859654681005	13.6408130148901
27	C	10.0	8.0	69	150	0	0	0	0	0	1	1	0	0	0	0	15	45	5	E	1	77	E	13	82	155	35	14	1	0	0	2	83	30	543	41	0	6	7	8	0	5	51	20	4	0	0	2	1	0	0	0	0	0	0	47	36	0	2.0296928050046	2.24583544875923	2.82479579426755
31	C	10.0	10.0	66	132	0	0	0	0	0	1	0	0	0	1	0	15	105	10	I	1	90	E	13	60	150	30	15	0	0	0	0	87	36	435	47	0	9	10	2	0	2	55	15	0	0	0	0	0	0	0	0	0	0	0	45	39	0	3.71940683141029	2.56754651937885	3.11483719162478
30	C	25.0	11.0	68	116	0	0	0	0	0	0	1	1	0	1	0	12	105	10	L	1	83	E	13	80	123	33	15	0	1	0	0	75	30	323	60	1	8	9	7	3	5	52	17	0	0	0	0	0	0	0	0	0	0	0	47	41	0	3.57576273993215	4.69176780633886	6.56409560637391
23	C	0.0	2.0	66	140	0	0	0	0	0	0	2	0	2	2	1	11	85	5	L	1	73	E	14	60	180	25	12	0	0	0	0	82	35	395	54	1	8	9	3	3	11	55	20	0	0	0	0	0	0	0	0	0	0	0	48	42	0	3.8519578485958	3.36109681367172	4.6352921016239
23	C	0.0	4.0	67	141	0	0	0	0	0	0	1	0	0	1	0	14	35	4	L	1	67	E	11	70	163	25	12	0	0	0	0	79	39	557	59	1	5	8	3	5	6	50	18	0	0	0	1	0	0	0	0	0	0	0	48	40	0	2.41335022055545	2.37728155767876	2.61620327502444
27	C	0.0	1.0	60	97	0	0	1	0	0	1	0	0	1	1	0	8	75	10	L	1	63	E	10	64	127	34	7	0	0	0	0	73	33	351	62	1	7	9	3	0	6	40	16	0	0	0	0	0	0	0	0	0	0	0	46	37	0	10.4396402775629	8.90879420240388	11.4857006072997
23	C	0.0	0.0	67	132	0	1	0	0	0	1	1	0	0	0	0	15	75	7	G	1	93	E	13	70	141	23	16	0	0	0	0	89	43	422	66	0	9	9	1	3	3	53	18	0	0	0	0	0	0	0	0	0	0	0	44	40	0	15.3193859917	13.835253652533	4.61035913987243
28	C	4.0	13.0	65	130	0	0	0	0	0	0	0	0	0	1	0	12	45	8	L	1	53	E	11	84	151	30	10	1	0	0	0	83	33	501	69	1	8	8	4	0	0	42	20	1	0	0	0	0	0	0	0	0	0	0	46	40	0	4.34327631478554	4.57108981672464	4.81473745814997
34	C	14.0	15.0	65	138	0	0	1	1	0	1	1	0	3	0	1	16	85	10	L	1	90	E	13	88	156	37	14	1	0	0	0	81	36	345	43	0	7	8	5	0	10	47	16	0	0	0	0	0	0	0	0	0	0	0	46	34	0	6.32333334035422	6.23135566030285	10.4173862800648
30	C	0.0	15.0	65	130	0	0	0	0	0	0	2	0	2	1	0	12	85	12	L	1	93	E	14	80	145	34	17	0	0	0	0	77	35	550	61	0	9	9	6	0	0	38	12	0	0	0	0	0	0	0	0	0	0	0	46	40	0	6.35109843539509	7.24443503704037	7.1183136240611
31	C	0.0	0.0	67	165	0	0	1	0	0	2	3	0	0	0	1	17	105	8	L	1	77	B	13	70	187	31	14	1	3	0	1	80	36	490	75	1	9	9	8	0	2	43	14	0	0	0	0	0	0	0	1	0	1	2	47	39	0	7.7326246811182	6.15457714740954	6.21813118138887
27	C	30.0	11.0	62	118	0	0	0	0	0	1	1	0	1	1	0	16	55	15	J	1	87	E	12	70	140	31	17	0	0	0	0	81	38	490	69	1	9	9	8	0	3	50	17	3	0	0	0	0	0	0	1	0	0	3	46	40	0	4.17996224448708	5.63337565585577	7.97942051564874
34	C	0.0	0.0	65	116	0	0	0	0	0	0	4	0	2	1	1	16	75	4	L	1	80	E	12	80	139	40	13	0	0	0	0	80	33	416	74	1	6	9	2	5	14	54	20	1	0	0	0	0	0	0	0	0	0	0	49	41	0	4.03770755740187	3.57104901844102	4.53980924516334
23	C	10.0	6.0	67	130	0	0	0	0	0	0	1	0	0	1	0	16	75	6	J	1	93	E	16	86	150	24	17	0	0	0	0	77	37	420	51	1	8	9	3	5	9	33	12	0	0	0	0	0	0	2	0	0	0	2	46	40	0	9.72610048554381	9.68299455914723	10.8406280405298
22	C	0.0	0.0	62	120	0	0	0	0	0	1	0	2	0	0	1	16	65	7	L	1	83	E	13	80	133	21	15	0	0	0	0	78	27	337	83	0	8	9	3	3	2	45	15	0	0	0	0	0	0	1	0	0	0	0	44	42	0	5.67170068655047	5.16390342529684	4.65762628688416
25	C	0.0	0.0	69	130	0	0	0	0	0	1	1	0	0	1	1	16	105	7	J	1	93	E	13	64	156	30	18	0	1	0	0	82	36	466	54	1	9	9	2	3	12	58	19	0	0	0	0	0	0	0	0	0	0	0	48	39	0	3.48643814964581	3.00314664725928	5.35200063124439
24	C	0.0	4.0	64	117	0	0	0	0	0	0	1	0	0	1	0	12	85	5	L	1	93	E	11	70	132	27	16	0	1	0	0	82	38	334	38	0	8	9	3	0	9	50	17	0	0	0	0	0	0	0	0	0	0	0	46	38	0	5.36362451538494	4.48199098824497	4.93582380086253
38	C	0.0	12.0	61	118	0	0	1	0	0	1	0	0	0	1	1	12	75	6	L	1	63	E	12	74	133	36	12	0	0	0	0	78	32	479	52	1	8	9	8	0	9	37	12	0	0	0	0	0	0	0	1	0	0	2	46	39	0	8.06082620799582	9.1236114916662	10.7980226337763
34	C	0.0	0.0	66	165	0	0	0	1	0	1	4	0	1	1	0	12	85	9	J	1	93	E	11	70	193	34	18	0	1	0	0	80	28	437	47	0	9	9	4	3	23	29	11	4	0	0	0	0	0	2	2	0	0	2	47	40	0	13.1534620280209	13.7180774159072	19.0458357034698
22	C	20.0	6.0	66	110	0	0	1	0	0	1	1	0	1	2	0	10	55	8	H	1	43	B	13	70	133	27	9	4	0	0	1	72	26	337	41	0	9	9	4	3	9	60	20	6	0	0	0	0	0	0	0	0	0	1	46	35	0	2.85557358493869	2.59623649873264	5.56309600725275
22	C	0.0	0.0	63	107	0	0	0	0	0	0	0	1	1	1	1	14	105	5	L	1	87	E	12	80	140	23	12	0	0	0	0	81	30	719	41	1	9	9	5	4	3	54	18	0	0	0	0	0	0	0	0	0	0	0	49	41	0	1.35186880444475	1.63072171339921	0.270807616801824
29	C	0.0	0.0	62	136	0	0	0	0	0	1	2	0	0	0	0	12	65	4	L	1	70	E	13	84	163	29	12	1	3	0	0	71	39	410	68	0	8	9	5	0	2	48	16	0	0	0	0	0	0	0	1	0	0	1	45	39	0	2.53347283477138	2.94767341214772	0.613552075209973
29	C	20.0	12.0	62	110	0	0	0	0	0	3	1	0	0	0	0	16	75	10	L	1	83	E	13	80	121	29	16	0	0	0	0	77	34	678	47	1	4	7	6	0	4	29	7	4	0	0	2	0	0	2	0	0	0	3	47	41	0	9.64636917729995	9.49201664736756	12.0769069254199
25	C	0.0	0.0	64	157	0	0	0	0	0	2	1	0	1	1	1	16	85	8	L	1	93	E	12	70	174	28	16	0	2	0	0	83	37	475	68	0	8	9	3	2	0	55	20	0	0	0	0	0	0	0	0	0	0	1	45	41	0	1.44314556164875	0.997453329727798	-0.507305360670804
36	C	0.0	17.0	65	120	0	0	0	1	0	0	1	0	1	0	0	13	75	10	L	1	87	E	13	60	148	34	16	0	0	0	0	78	32	492	70	1	9	9	5	0	3	42	14	0	0	0	0	0	0	2	0	0	0	0	46	42	0	6.74733272252934	7.19946165488217	8.28489639265878
24	C	4.0	6.0	65	174	0	0	0	0	0	0	1	0	0	0	1	14	105	7	L	1	80	E	13	70	192	25	12	0	0	0	0	79	35	506	53	0	3	8	2	0	11	58	18	0	0	0	4	0	0	0	0	0	0	2	46	40	0	3.31024466872339	1.8184898041149	5.17788344943528
29	C	0.0	0.0	67	110	0	0	0	0	0	1	0	0	1	1	0	17	105	4	L	1	93	E	15	70	135	30	18	0	0	0	0	78	32	676	57	1	5	9	2	1	8	50	17	0	0	0	0	0	0	0	0	0	0	0	46	41	0	3.88743839113399	3.67847859643064	3.02930416647556
27	C	0.0	9.0	65	118	0	0	0	1	0	3	2	1	2	1	0	16	105	10	L	1	93	E	12	86	134	28	18	0	1	0	0	84	40	453	65	1	8	9	6	1	12	50	16	7	0	0	0	0	0	0	2	0	0	2	47	35	0	7.53980635739034	6.75542650508835	10.3342452384261
35	C	20.0	16.0	64	127	0	1	0	0	0	1	1	0	0	2	0	16	105	7	G	1	90	E	12	78	152	37	17	1	1	0	0	81	38	413	65	1	9	9	4	3	8	57	18	0	0	0	0	0	0	0	0	0	0	0	49	41	0	14.060540667503	13.5489479012363	3.54095088356411
23	C	0.0	0.0	62	115	0	0	0	1	0	0	2	0	1	1	0	12	55	10	L	1	67	E	12	82	124	24	12	0	0	0	1	79	34	357	58	1	3	3	5	2	8	43	15	6	0	0	4	0	0	0	0	0	0	1	49	35	0	7.33770807307229	7.31938576589565	11.4064143872168
31	C	0.0	0.0	66	220	0	0	0	1	0	1	2	0	3	1	0	10	75	12	L	1	50	E	13	62	236	32	7	0	1	0	1	76	31	530	65	0	9	9	2	0	6	55	19	0	0	0	0	0	0	0	0	0	0	0	45	42	0	4.22855928026402	4.70499564475845	8.05736073469976
27	C	10.0	9.0	67	190	0	0	0	0	0	1	0	0	4	1	0	14	105	7	J	1	93	E	12	70	170	28	16	0	0	0	0	78	31	399	53	0	9	9	8	0	9	61	20	0	0	0	0	0	0	2	0	0	0	1	45	34	0	1.77841622150443	1.23099846538989	2.85630214073239
29	C	0.0	10.0	66	135	0	1	0	0	0	1	0	0	1	1	0	16	105	7	L	1	90	E	16	82	146	30	16	0	0	0	0	62	20	348	51	1	3	8	4	3	9	43	16	0	0	0	1	0	0	0	0	0	0	1	46	35	0	17.3506275532817	17.294565265472	8.60063342101289
25	C	7.0	5.0	66	115	0	0	0	0	0	0	2	0	0	1	1	16	55	4	L	1	87	E	13	70	129	33	18	0	0	0	0	83	33	337	54	0	9	9	4	5	4	59	20	0	0	0	0	0	0	0	0	0	0	0	46	43	0	-1.10187005538175	-0.545676380600468	-2.37004269423933
20	C	0.0	0.0	66	135	0	0	0	0	0	0	0	0	1	1	0	12	95	7	L	1	70	E	13	80	165	24	12	0	0	0	0	80	40	387	71	1	9	9	3	2	16	35	12	0	0	0	0	0	0	2	0	0	0	1	47	39	0	10.4263701724208	11.1357111990341	14.7738270545092
24	C	0.0	3.0	62	120	0	0	0	0	0	0	1	0	1	1	0	16	85	5	L	1	93	E	11	80	147	23	16	0	0	0	0	80	35	328	40	1	8	9	8	7	6	39	12	4	0	0	0	0	0	1	2	0	0	3	48	37	0	5.74583643619519	7.09349945809687	6.73595827704363
31	C	0.0	9.0	65	135	0	0	0	0	0	1	2	0	0	2	0	13	95	5	L	1	90	E	13	60	172	33	16	0	1	0	0	85	40	821	59	1	9	9	3	6	1	44	14	0	0	0	0	1	0	1	0	0	0	0	45	44	0	4.71291462280944	4.09041266084706	1.71845859796869
42	C	20.0	25.0	63	130	0	0	2	0	0	2	2	1	1	0	1	12	95	12	F	1	70	E	12	80	145	41	12	0	1	0	0	79	34	500	71	1	5	9	3	0	4	56	20	0	0	0	0	0	0	2	0	0	0	0	48	41	0	4.59940411745629	3.53677135477261	5.8595535703533
23	C	10.0	7.0	63	120	0	0	0	0	0	0	0	0	0	1	1	16	85	4	L	1	93	E	14	64	132	36	17	0	0	0	0	81	33	330	59	1	9	9	4	8	11	52	19	6	0	0	0	0	0	0	0	0	0	5	48	40	0	2.74800602533442	3.59442880589392	3.68835260085193
38	C	0.0	0.0	60	122	0	0	0	0	0	0	1	0	0	1	1	12	105	10	L	1	80	E	15	80	146	38	14	0	0	0	1	80	31	428	49	0	7	5	6	0	2	23	7	4	0	0	1	0	0	2	0	0	0	3	47	37	0	8.59601698783838	9.89876048955689	11.7037366865404
23	C	0.0	3.0	66	115	0	0	0	0	0	0	0	0	0	1	0	16	85	5	I	1	93	E	12	70	130	25	16	0	0	0	0	80	31	335	45	0	7	9	8	7	10	58	19	0	0	0	0	0	0	0	0	0	0	0	45	39	0	1.58492368269414	1.7793725518347	2.45710802251365
20	C	0.0	0.0	71	147	0	1	0	0	0	2	0	0	1	1	1	13	65	4	L	1	83	E	13	70	169	26	14	0	0	0	0	79	36	399	46	0	7	9	3	3	7	47	15	0	0	1	0	0	0	0	0	0	0	1	46	43	0	13.9549813833468	15.4623487555721	3.2806193287055
24	C	0.0	5.0	66	170	0	0	0	0	0	0	0	0	0	1	1	16	75	5	L	1	93	E	12	60	182	30	17	0	0	0	0	78	36	452	56	1	8	9	3	2	4	60	20	0	0	0	0	0	0	0	0	0	0	0	47	41	0	-0.278359830971903	-0.428501521743056	-1.52067659970866
28	C	13.0	10.0	68	130	0	0	0	0	0	1	2	0	3	1	0	16	95	5	L	1	93	E	12	70	155	25	17	0	0	0	0	81	32	329	63	1	8	9	3	3	10	50	16	0	0	0	0	0	0	0	0	0	0	0	46	39	0	4.28668159807013	4.68183788013501	5.38472535815695
39	C	0.0	4.0	61	145	0	0	0	0	0	0	2	0	0	2	0	18	105	4	L	1	93	E	13	80	162	38	18	0	3	0	0	90	40	401	57	1	9	9	2	0	6	41	13	0	0	0	0	0	0	0	0	0	0	0	47	41	0	6.55038994880884	5.96419955354898	4.7617582039277
31	C	20.0	13.0	68	128	0	0	0	0	0	0	1	0	0	1	1	12	85	10	L	1	73	E	13	60	159	33	11	1	0	0	0	82	31	358	62	1	1	5	8	0	13	45	11	4	0	0	2	0	0	2	0	0	0	2	44	39	0	7.08299435035373	7.61058790563582	12.7808844959665
23	C	0.0	0.0	63	135	0	0	0	0	0	0	0	0	1	1	0	12	85	7	L	1	83	E	14	70	156	27	17	0	0	0	0	79	37	315	57	1	7	9	3	3	7	60	20	0	0	0	0	0	0	0	0	0	0	0	48	37	0	0.972699591473956	1.32905734614533	2.59067160615142
23	C	0.0	5.0	65	155	0	0	0	0	0	0	0	0	1	1	1	16	105	5	I	1	83	E	13	60	162	24	16	0	0	0	0	79	36	565	66	1	8	9	4	0	7	44	13	0	0	0	0	0	0	0	0	0	0	0	48	37	0	7.65048191885398	6.06658228787369	6.16960758729181
28	C	0.0	0.0	61	115	0	0	0	0	0	0	1	0	1	0	0	12	105	5	J	1	83	E	11	70	142	38	16	0	0	0	0	79	34	381	82	1	9	9	8	0	2	53	20	4	0	0	0	0	0	0	0	0	0	0	45	40	0	0.931565108038337	1.68017752250882	-0.0559317915592707
25	C	0.0	2.0	64	181	0	0	1	0	0	1	1	0	1	1	1	12	85	3	L	1	67	E	13	78	186	26	13	0	1	0	0	74	34	283	58	1	3	7	8	0	4	48	20	0	0	0	0	0	0	0	0	0	0	0	44	40	0	2.32397730546585	1.69566835568574	0.133731102394073
25	C	0.0	2.0	64	181	0	0	1	0	0	1	1	0	1	1	1	12	85	3	L	1	67	E	13	78	186	26	13	0	1	0	0	80	34	465	58	1	9	9	8	0	6	55	19	0	0	0	0	0	0	0	0	0	0	0	45	40	0	-0.439668097969226	0.981565317794484	-0.93778633406493
33	C	20.0	17.0	64	170	0	0	1	1	0	1	2	2	3	2	0	12	105	9	L	1	93	E	13	70	171	35	18	1	2	1	0	43	19	628	69	0	6	8	8	0	4	45	19	8	0	0	4	0	0	0	0	0	0	3	46	36	0	5.03080503465326	5.15091241427428	7.17881509934332
21	C	0.0	0.0	61	130	0	0	0	0	0	1	0	0	0	0	0	13	25	20	B	1	70	B	11	60	155	22	13	0	0	0	0	78	31	355	55	1	9	10	2	0	3	51	12	0	0	0	0	0	0	2	0	0	0	2	45	38	0	6.0951049378254	6.11301424672372	9.60990123900294
20	C	0.0	0.0	63	145	3	0	2	0	0	0	1	0	0	1	0	10	15	15	B	1	20	B	12	60	169	23	9	0	0	0	0	86	39	290	49	1	9	9	2	0	15	52	17	0	0	0	0	0	0	0	0	0	0	0	48	42	0	9.32603833510556	8.4112230027058	15.1855525955795
19	C	0.0	1.0	65	120	0	1	2	0	0	3	1	0	0	1	0	13	15	10	B	1	33	B	11	70	152	21	12	0	0	0	0	79	39	350	36	1	10	10	2	0	16	69	20	0	0	0	0	0	0	0	0	0	0	0	48	41	0	12.6397576525874	11.4854385753	5.44322715462782
29	C	18.0	7.0	56	105	0	2	0	1	0	0	3	0	0	1	0	12	25	10	B	1	27	B	9	70	104	29	5	1	4	0	0	80	29	425	41	1	10	10	2	0	13	59	15	5	0	0	0	0	0	0	0	0	0	1	46	35	1	7.37256392016539	15.3795529846514	8.87475891937394
18	C	0.0	0.0	63	130	0	0	0	0	0	0	0	0	0	1	0	11	35	20	B	1	37	B	13	70	145	23	11	0	0	0	0	81	32	395	81	1	3	9	3	0	25	23	7	0	0	0	0	0	0	2	0	0	0	3	46	41	1	27.7112620687047	17.4786602297965	26.6002761658917
26	C	0.0	6.0	62	127	0	0	0	0	0	0	1	2	1	1	0	13	15	17	B	1	23	B	13	70	145	25	8	0	1	0	0	77	34	310	69	1	9	10	3	0	10	66	16	0	0	0	0	0	0	0	0	0	0	0	46	40	1	9.84155291322215	2.20880752034687	8.16511081099623
27	C	0.0	0.0	78	122	1	0	2	0	0	0	0	0	0	0	0	11	15	30	B	1	10	B	14	60	148	27	9	0	1	0	0	84	40	485	57	1	10	10	2	0	1	41	17	0	0	0	0	0	0	0	0	0	0	0	47	46	1	14.8468328244939	9.98254777901074	14.7248122154352
37	C	7.0	14.0	66	138	0	0	0	0	0	0	0	0	1	0	0	9	25	20	B	1	27	B	12	60	155	51	7	1	0	0	0	82	35	640	63	1	8	10	3	0	9	40	16	0	0	0	0	0	0	2	0	0	0	3	47	40	1	18.3811812650411	11.5523938884606	17.7464503423171
18	C	0.0	0.0	62	135	0	0	0	0	0	0	0	0	0	1	0	12	15	8	B	1	40	B	13	80	178	19	13	0	0	0	0	79	34	470	63	1	3	9	2	0	4	49	18	0	0	0	0	0	0	0	0	0	0	0	47	39	1	6.9099544024312	5.44793796128819	6.98903044969034
23	C	12.0	6.0	64	110	0	0	1	0	0	0	1	0	0	1	0	12	65	18	B	1	57	B	12	80	121	21	10	1	0	0	0	75	26	220	43	0	2	6	3	0	6	56	12	0	0	0	1	0	0	0	0	0	0	3	45	32	1	9.00595100809523	3.95247498762321	9.43064450663575
18	C	0.0	0.0	61	105	0	0	0	0	0	0	1	0	0	0	0	8	15	20	B	1	33	B	13	56	107	34	12	0	0	0	0	67	23	235	36	1	6	9	5	0	7	56	13	7	1	0	0	0	0	0	0	0	0	1	49	34	0	5.55587610740097	5.88337118096093	11.3836325167913
19	C	5.0	2.0	59	99	0	0	0	0	0	0	0	0	1	0	0	12	15	25	B	1	23	B	14	68	112	19	11	0	0	0	0	75	31	465	49	0	6	9	2	0	5	44	14	0	0	0	0	0	0	0	0	0	0	0	47	40	1	15.2658876597116	9.99308832004404	15.7229715505098
30	C	20.0	10.0	65	120	0	0	0	0	0	0	0	0	1	0	0	9	15	23	B	1	33	B	13	84	150	31	12	1	0	0	0	65	30	570	65	0	9	9	4	0	7	53	15	0	0	0	0	0	0	0	0	0	0	0	44	39	0	7.41820340288907	7.26468284418253	13.175342579458
34	C	0.0	0.0	62	126	0	0	0	4	0	2	0	0	0	0	0	12	35	22	B	1	43	B	13	68	139	37	12	4	0	0	0	58	22	255	67	0	8	9	4	0	9	48	12	8	0	0	0	0	0	0	0	0	0	0	45	32	1	14.7494210590213	9.17735723157214	15.3398046436027
24	C	0.0	0.0	62	190	0	0	0	0	0	0	2	0	0	0	1	12	35	10	B	1	33	B	10	80	208	26	11	0	0	0	0	86	32	390	67	0	9	9	3	0	10	44	17	0	0	0	0	0	0	0	0	0	0	0	46	41	0	8.48381900199787	9.03907252921311	13.2265128153244
28	C	0.0	7.0	62	142	0	3	1	0	0	1	0	0	1	0	0	13	15	23	B	1	30	B	14	80	163	30	12	1	0	0	0	80	38	525	62	1	6	9	2	0	12	58	18	0	0	0	0	0	0	0	0	0	0	0	44	26	1	13.1838593966617	17.3503023275499	13.1166958932289
19	C	0.0	0.0	63	128	0	0	0	0	0	0	1	0	1	0	0	12	15	20	B	1	40	B	12	70	146	19	12	0	0	0	0	80	37	305	30	1	5	8	3	0	11	59	15	0	0	0	0	0	0	0	0	0	0	0	45	36	0	4.47895262803823	4.29230570207121	11.696215430696
26	C	0.0	0.0	62	118	2	0	0	0	0	0	1	0	0	0	0	12	25	15	B	1	40	B	16	78	141	29	12	0	0	0	0	79	38	380	50	0	10	10	3	0	9	53	16	0	0	0	0	0	0	2	0	0	0	0	44	40	0	6.46086836226359	6.72236165157888	11.7925800174163
15	C	0.0	0.0	60	102	0	0	2	0	0	4	1	0	0	0	0	7	15	28	B	1	20	B	12	60	116	16	10	0	0	0	0	79	27	230	59	1	8	9	4	0	3	57	11	5	0	0	1	0	0	0	1	0	0	0	46	36	0	6.17291404968525	5.24668020799851	10.5615413387825
23	C	5.0	3.0	64	99	0	0	1	0	0	1	1	0	3	0	0	8	25	30	B	1	27	B	13	70	107	26	8	0	0	0	0	52	21	335	48	1	2	5	6	0	6	38	7	6	0	0	5	1	0	0	1	0	0	3	46	34	0	11.7023653175359	11.0369717221111	18.5429741474491
33	C	0.0	0.0	65	115	0	0	0	0	0	0	0	0	0	0	0	8	25	40	B	1	47	B	13	60	124	37	12	5	0	0	0	69	23	300	41	1	4	6	4	0	8	47	11	0	0	0	3	0	0	2	0	0	0	3	45	25	0	11.3300677584208	9.21157271834756	17.6752440799409
19	C	0.0	0.0	63	135	0	1	0	0	0	0	0	0	0	0	0	12	35	10	B	1	47	B	9	70	158	21	12	0	0	0	0	76	35	510	50	0	7	7	2	0	3	45	16	0	0	0	0	0	0	2	0	0	0	0	43	41	0	16.3435224537395	16.5693938247939	7.92393073829668
26	C	20.0	9.0	59	110	0	0	2	0	0	0	1	0	0	0	0	8	5	14	B	1	30	B	15	60	124	30	12	0	0	0	1	74	30	470	68	1	9	10	3	0	8	52	17	0	0	0	0	0	0	2	0	0	0	0	47	42	0	6.1313676469596	6.84365275965616	11.6208023339212
19	C	3.0	1.0	64	110	0	0	2	0	0	0	0	0	0	0	0	10	5	15	B	1	30	B	11	70	126	22	12	0	0	0	0	91	40	550	39	1	8	10	3	0	7	49	16	0	0	1	0	0	0	1	0	0	0	0	48	36	1	11.1749837150168	7.78679571117395	12.5057099525496
21	C	0.0	0.0	61	118	0	0	0	0	0	0	1	0	0	0	0	9	15	15	B	1	20	B	13	70	153	23	10	0	2	0	0	75	33	400	50	0	9	10	2	0	11	38	14	0	0	0	0	0	0	2	0	0	0	0	45	39	0	12.127767683538	11.9527542098618	17.9073475510173
25	C	4.0	8.0	61	104	0	0	2	0	0	1	0	0	0	0	0	11	25	25	H	1	37	B	12	78	115	27	10	1	0	0	0	38	18	310	44	0	2	5	5	0	10	33	9	5	0	0	5	0	0	0	1	0	0	2	47	31	0	11.6051060967023	12.6179198011904	20.5430439986417
29	C	3.0	12.0	63	127	0	0	0	0	0	1	1	0	1	0	0	7	15	27	B	1	30	B	14	60	151	33	10	0	0	0	0	71	33	500	35	1	9	10	2	0	12	43	16	5	0	0	0	0	0	2	0	0	0	0	45	36	1	20.0387481589579	11.8493154509978	19.5444515869044
36	C	20.0	16.0	67	110	0	0	2	1	0	2	0	0	1	0	0	12	25	18	H	1	27	B	14	90	127	40	11	2	0	0	0	79	33	280	46	1	9	9	4	0	9	53	13	0	0	0	0	0	0	2	0	0	0	1	44	38	0	8.86373299327472	7.27641022465819	13.1265991202031
19	A	5.0	4.0	67	230	0	0	0	0	0	1	1	0	0	0	0	10	25	15	B	1	27	B	12	70	247	21	8	0	0	0	0	81	38	430	58	1	10	10	4	0	13	46	11	5	0	0	2	0	0	0	1	0	0	2	48	36	1	15.5515668582322	9.96397388443514	16.2174932753413
15	C	0.0	0.0	60	95	0	0	0	0	0	0	1	0	0	0	0	6	55	35	B	1	53	B	13	60	117	19	12	1	0	0	0	72	24	245	38	0	3	4	8	0	6	56	11	6	0	0	3	0	0	0	1	0	0	3	45	32	1	12.0676162242558	5.31326635271942	12.7190000589218
16	C	1.0	1.0	62	110	0	0	0	0	0	4	1	0	0	0	0	4	15	20	B	1	13	B	14	60	148	17	7	0	0	0	0	74	23	435	55	1	7	8	6	0	12	60	7	5	0	1	0	0	0	0	1	0	1	5	43	29	0	4.84388063156851	4.42506648792686	12.5380033458536
15	C	1.0	1.0	60	98	0	0	0	0	0	2	1	0	0	0	0	9	25	15	B	1	17	B	10	60	104	17	9	0	0	0	0	82	35	245	42	0	6	8	4	0	8	49	9	0	0	0	2	0	0	2	1	0	0	3	43	30	1	13.0796546294458	7.01335284774318	13.2560194861417
26	C	0.0	0.0	65	170	0	0	0	0	0	1	1	0	0	1	0	10	75	25	L	1	60	B	13	75	194	24	10	0	0	0	0	36	7	600	70	1	8	9	8	0	2	61	13	0	0	0	2	3	0	0	3	0	0	4	46	40	0	1.81159992133376	2.56454413288216	6.39087478979541
20	C	0.0	0.0	63	118	1	0	0	0	0	0	0	0	0	0	0	12	65	10	D	1	87	E	10	55	164	27	14	0	0	0	0	89	35	600	48	0	6	8	3	0	4	55	17	0	0	0	0	0	0	0	0	0	0	0	46	41	0	1.39921228000908	2.11405495978547	4.56561908777683
25	C	0.0	0.0	64	130	0	0	0	0	0	0	1	1	0	1	0	8	35	10	F	1	33	E	13	80	156	27	8	0	0	0	0	79	33	430	39	1	7	10	3	2	8	54	16	3	1	0	0	0	0	0	0	0	0	0	47	38	0	6.25193760903989	5.33793000768484	8.98504405028075
25	C	0.0	0.0	62	114	0	0	0	0	0	0	0	0	0	0	0	4	55	10	N	1	33	D	14	55	148	24	4	0	0	0	0	69	21	495	42	0	6	9	3	0	2	45	14	0	0	0	0	0	0	0	1	0	0	1	47	40	1	8.15515205446576	6.65055560979342	8.23098366477184
23	C	0.0	0.0	60	136	0	0	1	5	0	1	1	0	0	0	0	12	35	8	N	1	43	D	13	60	168	24	10	0	0	0	0	79	32	580	64	1	8	8	3	0	3	53	19	6	0	0	2	0	0	0	0	0	0	1	47	34	1	5.20272562541926	2.55808836202726	4.65231698062906
22	C	0.0	0.0	65	140	0	0	0	0	0	0	2	0	0	1	0	12	65	10	N	1	57	D	10	70	175	26	8	0	1	0	0	81	41	550	55	1	8	10	3	1	15	49	12	0	0	0	0	0	0	2	0	0	1	2	48	45	0	7.77635709578208	8.04831998377244	12.8900885297525
24	C	0.0	0.0	64	132	0	0	0	0	0	3	3	0	0	0	0	12	95	13	L	1	70	B	12	80	151	26	12	0	0	0	0	81	40	520	39	0	8	8	2	0	9	45	12	0	0	1	0	0	0	2	0	0	0	0	45	38	0	5.28735911201012	7.49398056845846	12.6258173166493
38	C	0.0	0.0	63	133	0	0	1	0	0	0	0	0	0	0	0	6	35	15	N	1	33	D	14	70	152	38	6	0	0	0	0	80	28	560	63	1	8	10	3	0	3	62	16	0	0	0	2	0	0	0	0	0	0	1	44	38	0	-0.173143828491824	1.80478959117485	5.06342136416094
33	C	0.0	0.0	66	150	0	0	0	0	0	0	1	0	0	0	0	3	45	12	G	1	40	E	16	60	179	33	5	0	0	0	0	83	37	550	71	0	8	9	2	2	1	53	18	0	1	0	0	0	0	1	0	0	0	0	46	41	1	5.30343338632776	3.9100044706699	5.39138600457978
20	C	0.0	0.0	65	125	0	0	0	0	0	0	0	1	2	0	1	12	45	7	K	1	77	E	14	64	147	21	12	0	0	0	0	84	39	360	53	0	8	8	2	2	4	55	15	0	0	0	0	0	0	0	0	0	0	0	43	40	0	0.806680640923638	1.39041583849887	2.81189486379446
26	C	0.0	1.0	66	200	0	0	0	0	0	1	1	0	0	0	0	8	25	10	I	1	27	B	12	90	183	26	11	0	0	0	0	87	41	380	63	0	5	9	4	0	4	55	15	0	0	0	0	0	0	0	0	0	0	0	44	42	0	4.52449474527081	4.0453453605535	6.54553451990248
23	C	10.0	5.0	60	115	0	0	0	0	0	0	1	1	0	0	0	12	105	5	N	1	73	D	12	74	154	27	14	0	0	0	0	93	41	500	48	0	7	9	2	1	12	49	17	0	0	0	0	0	0	0	0	0	0	0	45	45	0	4.74981589298937	5.6389440331908	7.15817557084741
30	C	0.0	0.0	60	125	0	0	1	0	0	0	0	0	0	0	1	12	65	15	D	1	60	E	14	75	138	31	12	0	0	0	0	81	33	390	61	1	3	5	4	2	12	46	15	8	0	0	0	0	0	0	1	0	0	4	47	38	0	7.17117549551735	8.19962170647955	14.6599016225198
22	C	0.0	0.0	62	90	0	0	0	0	0	0	1	0	0	0	0	12	15	15	N	1	57	D	13	70	117	25	14	0	1	0	0	76	26	440	69	0	2	6	3	0	13	55	17	0	0	0	4	0	0	2	0	0	0	0	43	40	0	4.36642200268194	5.35995162913273	12.0643633881369
21	C	0.0	0.0	64	105	0	0	0	0	0	0	1	0	1	0	0	12	55	10	N	1	37	D	15	80	128	25	9	0	0	0	0	83	35	280	38	0	4	9	5	0	2	56	13	0	0	0	1	0	0	0	0	0	0	0	45	39	0	4.51618334359256	2.86810617276339	4.34482560399144
18	C	10.0	3.0	65	133	0	0	0	0	0	0	0	1	0	0	0	9	65	20	L	1	37	E	11	70	143	27	8	0	1	0	0	81	32	460	54	0	8	9	2	0	9	55	17	0	0	0	0	0	0	0	1	0	0	1	44	37	0	4.89169096916855	6.63938566855567	12.6131354731545
18	C	0.0	0.0	66	122	0	0	0	0	0	1	2	1	0	0	0	11	25	13	D	1	30	C	11	68	130	21	11	1	0	0	0	82	41	390	44	1	9	10	3	0	2	52	14	0	0	0	0	0	0	2	0	0	0	0	47	36	1	8.24924686227516	5.00200222761902	7.45616753372258
26	C	0.0	0.0	69	152	0	0	0	0	0	1	0	0	0	0	0	8	35	7	F	1	37	E	13	70	165	32	10	0	0	0	0	89	31	620	67	1	6	9	2	2	7	59	15	0	0	0	0	0	0	0	0	0	0	0	47	40	1	5.77628843238065	2.31431759876661	4.38991274579884
37	C	0.0	0.0	63	120	1	1	1	0	0	1	0	0	1	0	0	16	25	10	E	1	53	E	15	82	145	45	12	1	0	0	0	81	36	630	73	1	8	9	3	1	6	51	17	0	0	0	0	0	0	0	0	0	0	0	45	40	1	6.85677982017257	16.5811088901431	7.86857617061368
27	C	20.0	5.0	58	87	0	0	0	1	0	0	1	0	0	0	0	8	35	15	D	1	37	E	11	60	110	27	8	1	1	0	0	76	26	435	52	1	1	5	4	0	6	60	18	0	0	0	3	0	0	0	0	0	0	0	44	36	0	2.14614128550027	2.26272741428839	7.53404505000446
38	C	0.0	0.0	60	103	0	0	1	0	0	1	1	0	0	0	0	10	45	18	L	1	50	E	13	85	128	38	11	1	1	0	0	75	33	435	45	0	1	8	3	0	5	36	11	4	0	0	3	0	0	2	0	0	0	2	47	39	1	14.5254124960426	9.95949051247211	15.2928160046893
22	C	0.0	0.0	59	94	0	0	0	0	0	0	2	0	0	0	0	12	35	20	N	1	33	D	13	62	130	25	7	0	0	0	0	81	36	400	71	0	5	6	3	0	2	41	14	4	0	0	3	0	0	1	0	0	0	1	45	41	0	7.9794425362553	8.14667904657217	12.8861068104949
22	C	0.0	0.0	66	116	0	0	0	0	0	0	1	0	0	0	0	10	35	10	N	1	63	D	13	70	144	25	12	0	0	0	0	70	29	470	59	0	7	9	4	2	3	64	18	0	0	0	2	0	0	0	1	0	0	3	46	42	0	0.717704955629183	-0.330467490275469	1.10740185309714
33	C	10.0	3.0	65	110	0	0	0	0	0	1	2	0	2	0	0	12	75	13	I	1	63	B	14	54	118	36	12	0	0	0	0	82	29	280	47	1	9	10	5	0	7	57	9	6	0	0	0	1	0	1	2	0	0	3	46	37	0	3.6178713180696	4.20396345807317	7.87092367117281
19	C	10.0	3.0	60	105	0	0	1	0	0	1	0	1	0	0	0	12	65	20	D	1	50	E	13	55	119	21	11	0	0	0	0	77	30	410	50	0	7	7	3	0	2	35	11	0	0	0	3	0	0	0	0	0	0	2	43	40	1	14.9175243138743	9.45748108312018	13.9080214204255
25	C	0.0	0.0	60	110	0	0	0	1	0	1	0	1	0	0	0	12	25	30	N	1	27	D	12	72	136	27	8	0	0	0	0	75	31	185	55	0	8	9	5	0	9	74	12	6	0	0	0	0	0	0	0	0	0	0	43	33	0	1.72770439939305	-0.671371269623343	6.54649798790274
25	C	0.0	0.0	60	110	0	0	0	1	0	1	0	1	0	0	0	12	25	30	N	1	27	D	12	72	136	27	8	0	0	0	0	69	26	360	48	0	7	9	6	0	4	76	15	4	0	0	3	0	0	0	0	0	0	1	45	33	0	-2.78367122929142	-2.89579055959225	2.79934761713545
31	C	3.0	6.0	65	135	0	0	0	0	2	0	2	0	1	0	0	11	45	17	I	1	53	B	15	62	153	58	11	0	1	0	0	81	41	315	45	0	1	5	4	0	3	57	13	0	0	0	4	0	0	0	0	0	0	0	43	41	0	1.92798809497555	2.64825814281723	6.95748895059527
24	C	0.0	0.0	62	109	0	0	0	0	0	4	1	0	1	0	0	5	35	10	D	1	23	E	13	65	124	27	6	0	0	0	0	86	37	380	53	1	2	7	2	0	8	65	20	0	0	0	3	0	0	0	0	0	0	0	44	38	0	1.29003874648518	-0.0985726916660234	4.70042309942675
35	C	0.0	0.0	58	107	0	0	0	0	0	3	1	1	0	0	0	6	35	18	N	1	33	D	15	70	117	37	8	0	1	0	0	86	31	370	46	1	8	10	3	2	7	62	13	0	0	0	0	0	0	0	0	0	0	0	45	39	0	3.73827446322085	3.28610082647994	8.45704189559636
30	C	3.0	0.5	61	125	0	0	0	0	0	1	1	0	0	0	0	4	45	10	N	1	40	D	13	70	145	29	11	0	0	0	0	82	34	580	44	1	8	7	3	0	6	55	17	0	0	0	4	0	0	0	0	0	0	1	46	37	0	3.94374768181001	3.25214911554913	7.2047858320351
38	C	17.0	14.0	60	128	0	0	0	0	0	0	2	0	2	0	0	12	55	15	I	1	33	B	12	70	150	44	4	3	1	0	0	84	39	360	56	0	2	6	2	0	5	47	14	0	0	0	0	0	0	0	0	0	0	0	44	35	1	11.6940527135049	6.72855061906947	11.7897602114205
20	C	0.0	0.0	64	139	0	0	0	0	0	0	0	1	1	0	0	10	25	12	N	1	37	D	14	80	163	21	11	0	0	0	0	81	40	540	57	0	7	10	2	0	5	58	15	0	0	0	0	0	0	0	0	0	0	0	46	42	0	3.86739449065003	3.47418630536734	6.72546250817178
24	C	0.0	0.0	60	98	0	0	0	0	0	1	0	0	0	0	0	11	35	17	I	1	50	B	15	62	115	28	10	1	0	0	0	83	23	410	44	0	7	8	2	0	4	56	19	0	0	0	0	0	0	0	1	0	0	0	43	40	0	5.13110917074845	3.38099397955184	8.13879061999826
23	C	0.0	0.0	59	145	0	0	0	0	0	2	0	0	0	0	0	6	35	10	N	1	30	D	12	75	158	23	3	0	0	0	0	75	38	450	61	0	6	8	3	0	2	50	14	0	0	0	0	0	0	0	0	0	0	0	46	35	1	5.91904357371418	3.92830724546408	6.55915661024749
24	C	0.0	0.0	70	153	0	0	0	0	0	1	0	0	0	0	0	8	55	13	I	1	33	B	12	70	171	26	9	0	0	0	0	83	33	300	49	0	4	7	2	0	7	56	17	0	0	0	3	0	0	0	0	0	0	0	46	37	0	5.07889677170578	3.80097920332015	9.01320106075083
32	C	0.0	0.0	62	95	0	0	0	0	0	1	1	0	0	0	0	14	35	10	N	1	23	D	16	65	118	30	5	1	0	0	0	75	26	250	34	1	7	9	3	0	8	60	17	0	0	0	0	0	0	0	0	0	0	0	45	39	0	5.20058791781677	3.16906444278751	6.9757003581413
31	C	0.0	0.0	60	118	0	0	0	0	0	1	1	0	2	0	0	12	35	10	N	1	60	D	12	65	130	33	12	1	0	0	0	81	30	317	46	1	4	6	2	0	5	44	15	8	0	0	8	1	0	0	0	0	0	3	46	35	0	6.59722655408635	6.39491903568813	9.70344186896052
17	C	4.0	3.0	61	110	0	2	0	0	0	0	1	0	0	0	0	10	25	20	N	1	27	D	11	70	151	20	9	0	0	0	0	88	38	560	57	0	6	9	3	0	7	63	18	0	0	0	0	0	0	2	0	0	0	0	45	40	0	13.6730903013713	14.0659008454255	8.21280870958176
21	C	0.0	0.0	56	120	0	0	0	0	0	1	0	0	0	1	0	9	35	15	N	1	70	D	12	75	140	31	14	0	0	0	0	88	38	470	70	0	1	7	2	0	2	55	18	3	0	0	3	0	0	0	0	0	0	1	47	45	0	3.9015103122085	2.55791714001743	5.74748159533199
23	C	0.0	0.0	64	105	0	0	1	0	0	1	0	0	1	0	1	12	85	5	D	1	73	B	13	70	133	23	12	0	0	0	0	94	40	385	29	0	6	9	2	0	6	56	17	0	0	0	0	0	0	0	0	0	0	0	45	42	0	0.363359662512126	1.92404843601091	1.86888967796272
20	C	20.0	2.0	61	118	0	0	0	0	0	0	0	0	0	0	0	12	85	8	L	1	80	E	10	70	159	20	14	0	0	0	0	84	38	520	62	0	8	9	2	0	9	61	16	0	0	0	0	0	0	0	0	0	0	0	46	41	0	-0.677764107116773	1.71913896186312	4.03110165219308
35	C	15.0	15.0	70	115	0	0	0	0	0	0	2	0	1	0	0	12	35	15	I	1	63	B	13	60	132	35	12	0	0	0	0	84	38	430	46	1	6	9	4	0	8	59	15	0	0	0	0	0	0	0	0	0	0	0	46	39	0	4.06015842734833	3.95998367742778	8.34126077726379
36	C	20.0	16.0	66	130	0	0	0	0	0	0	2	0	0	0	0	12	55	22	L	1	73	E	16	58	155	42	12	3	0	1	0	80	27	440	65	1	5	9	7	0	1	46	12	0	0	0	4	2	0	1	1	0	0	6	42	40	0	6.29962241018196	7.10395860735423	9.84855463202077
17	C	0.0	0.0	67	145	0	0	0	0	0	0	0	1	0	0	0	7	45	7	N	1	60	D	14	60	162	24	12	0	0	0	0	86	33	420	73	1	8	9	4	2	11	57	14	1	1	0	0	0	0	0	1	0	0	1	47	39	0	4.44729177307257	3.62472369969989	6.32775547075639
27	C	0.0	0.0	62	117	0	0	0	0	0	0	2	0	0	0	0	12	35	13	I	1	63	B	12	75	154	33	12	0	2	0	0	90	40	480	52	0	8	10	2	0	4	57	16	0	0	0	0	0	0	2	0	0	0	0	46	43	0	4.33471371067156	3.42373007371839	6.1183420924577
24	C	0.0	10.0	65	105	0	0	1	0	0	0	0	0	1	1	0	12	45	30	L	1	50	B	13	70	137	24	11	0	0	0	0	86	38	450	72	1	3	9	2	0	5	53	20	1	0	0	0	0	0	0	0	0	0	0	46	40	0	8.29246778156244	7.0678529241961	12.7919976357541
23	C	0.5	3.0	67	185	0	0	0	0	0	1	1	0	3	0	0	12	35	13	L	1	43	B	13	82	208	26	12	0	0	0	0	88	39	380	49	1	1	1	5	0	10	53	11	4	0	0	4	0	0	0	0	0	0	2	46	41	0	5.57672768330504	5.40539034976373	11.2397262071139
21	C	10.0	6.0	68	125	0	0	0	0	0	0	0	0	0	0	0	12	35	15	L	1	63	B	9	64	138	22	12	0	0	0	0	84	39	320	34	0	8	7	4	0	4	40	11	0	0	0	3	0	0	0	2	0	0	0	47	41	0	8.09379943037303	8.10570324358754	12.3010578544047
25	C	0.0	4.0	64	156	0	0	0	0	0	0	2	0	1	1	0	12	65	8	L	1	90	E	12	52	166	31	14	1	0	0	0	87	37	590	82	1	9	10	3	2	4	47	14	4	0	1	0	0	0	0	0	0	0	2	47	37	0	6.8998540624868	5.45758993911558	6.12501545645288
22	C	0.0	6.0	61	104	3	0	0	0	0	0	0	0	0	0	0	10	45	8	L	1	53	D	11	48	130	26	11	0	0	0	0	83	36	460	73	0	8	9	2	0	5	59	15	0	0	0	0	0	0	0	0	0	0	0	45	40	1	1.57622786344439	1.93606544203584	3.56750023184521
24	C	0.0	0.0	62	108	0	2	0	0	0	5	1	0	2	0	0	10	35	17	I	1	43	B	12	60	137	27	10	1	2	0	0	99	42	650	86	1	2	3	2	0	9	47	15	7	0	0	5	0	0	0	0	0	0	1	48	41	0	16.9185996489199	18.703433599272	13.6896696046405
30	C	0.0	0.0	64	135	0	0	0	0	0	0	1	0	1	0	1	0	65	13	N	1	47	D	12	70	165	28	8	1	1	0	0	79	27	350	70	0	6	8	3	0	9	52	11	0	0	1	0	0	0	2	0	0	0	3	47	45	0	5.85027190411964	5.5069928382917	11.0243925301272
27	C	0.0	0.0	63	190	0	0	1	0	0	0	0	0	2	0	0	12	55	10	N	1	50	D	11	84	242	31	8	0	0	0	0	82	27	420	58	0	3	8	5	0	4	35	10	0	0	1	1	0	0	1	0	0	0	3	47	36	0	9.6133646705649	8.62428749156863	11.7777855424247
40	C	0.0	0.0	62	105	0	0	0	0	0	0	3	0	0	0	0	8	35	13	N	1	33	D	17	75	120	47	7	0	0	0	0	86	31	550	66	1	2	8	2	0	9	49	15	0	0	1	2	0	0	0	0	0	0	3	45	40	0	6.68687568907133	6.70433539043773	12.4795849232992
26	C	0.0	0.0	62	110	0	0	1	0	0	2	0	0	2	0	0	15	75	10	N	1	50	D	13	70	136	23	9	0	0	0	0	81	40	450	85	1	8	10	5	5	4	64	20	1	0	0	0	0	0	0	0	0	0	0	46	38	0	0.382024227110683	0.149840671026027	2.20922500985139
23	C	0.0	10.0	67	122	0	0	0	0	0	0	0	0	0	1	0	12	55	15	L	1	63	E	12	55	146	26	12	0	0	0	0	86	42	558	65	1	2	6	2	0	3	50	15	0	0	0	0	2	0	0	0	0	0	1	47	43	0	4.44682359088834	4.77047875945388	8.54740935371079
27	C	30.0	14.0	66	220	0	1	0	0	0	4	2	0	0	0	0	10	35	25	L	1	53	E	13	78	194	30	14	0	0	0	0	81	37	380	60	0	8	8	3	0	1	68	17	0	0	0	0	0	0	0	0	0	0	0	45	42	0	9.64646371454462	8.92302165497077	1.88139102103292
34	C	30.0	21.0	64	144	3	4	2	0	0	1	1	0	0	0	0	8	75	20	L	1	60	B	14	50	157	40	10	4	1	0	3	89	41	520	89	0	5	8	4	0	0	44	13	6	0	0	0	0	0	0	0	0	0	0	45	40	0	16.7138600541696	16.8433647063707	8.40542938489389
18	C	0.0	0.0	65	121	0	0	1	0	0	0	0	0	0	1	0	12	25	10	I	1	50	B	14	62	150	21	12	0	0	0	0	81	32	430	57	0	7	7	4	0	13	52	14	0	0	1	0	0	0	0	0	0	0	0	45	43	0	6.54369070331787	5.62323311049491	11.178584333086
29	C	0.0	0.0	59	95	0	0	1	0	0	0	1	0	0	1	0	8	55	12	N	1	47	D	16	65	118	31	9	0	0	0	0	82	35	500	50	1	8	8	2	0	8	58	16	0	0	0	0	0	0	0	0	0	0	0	46	39	0	2.46674080553639	2.900907231706	7.88416182225601
22	C	3.0	10.0	61	109	0	0	0	0	0	0	1	0	0	0	0	12	35	15	N	1	43	D	12	70	135	23	8	1	1	0	0	87	33	360	51	1	8	9	2	0	5	63	14	0	1	0	0	0	0	0	0	0	0	1	45	41	0	2.65540389981908	1.85327030670256	5.67457542400471
22	C	0.0	0.0	63	107	0	0	0	0	0	0	0	0	1	1	0	12	35	10	N	1	60	D	10	70	139	27	12	0	0	0	0	53	23	180	36	1	6	8	6	0	8	53	15	1	0	0	0	0	0	0	0	0	0	1	44	33	0	5.71328658426151	4.18532397881151	8.3675120248509
22	C	0.0	0.0	63	107	0	0	0	0	0	0	0	0	1	1	0	12	35	10	N	1	60	D	10	70	139	27	12	0	0	0	0	74	25	270	37	0	1	3	3	0	5	57	10	7	0	0	4	0	0	0	1	0	0	5	45	33	0	1.6883385171035	1.98564806325015	5.2559613045613
38	C	0.0	0.0	66	215	0	0	0	0	0	0	0	0	1	0	0	12	55	20	L	1	67	B	13	80	214	40	12	1	0	1	0	82	30	500	43	0	7	10	3	0	8	45	14	0	0	0	0	0	0	2	0	0	0	0	46	41	0	10.61603232443	9.40355210408876	14.6133235273529
19	C	15.0	1.0	64	125	0	0	0	0	0	0	0	0	1	1	0	12	95	10	J	1	70	E	13	70	145	21	12	0	0	0	0	87	39	430	41	1	8	8	2	2	0	60	16	0	0	0	0	0	0	0	0	0	0	0	44	39	0	-2.86052350688854	-1.28547265998298	-0.649445510066209
24	C	0.0	0.0	68	145	0	0	0	0	0	1	1	0	0	0	1	16	55	20	I	1	47	B	12	60	162	30	10	0	0	0	0	77	23	340	87	0	7	8	2	0	4	55	15	5	0	0	0	0	0	0	0	0	0	1	43	42	0	2.14510433071682	4.12982497361015	9.42250602393081
25	C	0.0	0.0	62	160	0	1	0	0	0	0	2	0	0	0	0	12	35	15	G	1	53	B	10	75	193	25	12	0	0	0	0	89	37	540	56	0	6	8	4	0	7	55	15	0	0	0	0	0	0	2	0	0	0	0	44	42	0	14.2845074231561	15.1340408177759	8.99996266189984
22	C	0.0	5.0	60	97	0	0	0	0	0	0	2	0	2	0	0	12	45	10	L	1	53	D	11	68	117	22	12	0	2	0	0	84	34	400	63	1	7	9	6	0	11	50	17	5	0	0	3	0	0	0	1	0	0	2	45	34	0	8.52666898393945	7.07969572305347	11.1327892325223
30	C	0.0	0.0	60	119	1	0	2	0	0	0	0	0	1	0	1	12	45	10	L	1	53	E	12	66	138	35	12	0	0	0	0	78	28	410	57	0	2	7	3	3	8	57	14	6	0	0	0	0	0	0	0	0	0	0	45	38	0	3.98733219985531	2.79622067976628	7.08904450019581
25	C	0.0	0.0	64	120	0	1	0	0	0	0	0	0	0	0	0	4	25	10	N	1	23	D	12	70	161	30	5	0	0	0	0	81	38	460	59	1	8	8	3	0	8	59	19	0	0	0	0	0	0	0	0	0	0	0	45	41	0	14.1631978605959	13.3073038994666	6.6914094826568
26	D	0.0	2.0	66	110	0	0	2	0	0	0	1	0	0	2	0	12	45	35	I	1	60	B	14	70	132	29	12	0	0	0	0	83	37	530	55	1	8	9	2	0	3	50	12	5	0	0	0	0	0	3	0	0	0	0	45	40	0	9.39746935633238	7.67116864289177	12.8950135373102
20	C	0.0	0.0	66	122	0	0	1	1	0	1	0	0	1	2	0	12	45	13	I	1	60	B	12	68	150	22	10	0	0	0	0	83	32	430	50	1	7	10	5	0	4	53	14	7	0	0	0	0	0	0	2	0	0	4	48	35	0	5.78029139644824	4.94010053465074	7.70031627819011
25	C	6.0	4.0	61	110	0	0	0	0	0	0	0	0	0	0	0	9	35	15	N	1	53	D	14	80	132	28	12	0	0	0	0	83	26	530	64	1	4	8	2	0	2	60	14	1	0	0	0	0	0	2	0	0	0	0	46	39	1	2.89289191356362	0.841708150672746	4.31371523149239
23	C	2.0	6.0	64	176	0	0	0	0	0	0	0	0	0	0	0	12	45	40	D	1	70	B	8	68	239	26	12	1	0	0	0	75	26	390	46	1	1	3	2	0	9	49	7	5	0	0	4	0	0	1	1	0	0	5	44	33	0	6.32855403950439	8.48514072952596	16.8006656236629
40	C	0.0	0.0	65	180	0	0	0	2	0	0	1	0	0	1	1	7	65	15	I	1	37	B	12	70	234	33	6	0	1	1	2	78	18	730	65	1	3	8	3	0	15	56	12	1	0	0	0	0	0	2	0	0	0	0	46	41	0	4.56959885436148	5.57333656435069	13.0406702721967
25	C	0.0	0.0	67	117	0	0	0	0	0	0	0	0	1	0	0	8	55	20	D	1	43	B	14	70	130	28	5	0	1	0	0	81	41	330	48	1	9	8	2	0	10	61	15	0	0	0	0	0	0	0	0	0	0	0	47	39	0	1.11784399885204	3.25676595214611	10.3631527704594
37	C	0.0	0.0	64	150	0	0	1	3	0	0	1	1	1	0	0	11	55	13	L	1	43	E	12	80	176	36	10	0	0	0	1	91	38	580	86	0	1	5	3	0	1	51	16	5	0	0	4	0	0	0	0	0	0	2	44	40	1	8.42590791626413	3.58155680621612	6.27842392224017
29	C	20.0	12.0	66	152	0	0	5	0	0	1	0	0	2	0	0	12	35	12	L	1	53	D	13	75	166	33	11	1	2	0	0	87	39	350	45	0	3	8	6	0	8	72	19	1	0	0	1	0	0	0	0	0	0	1	45	40	0	-3.61548396059541	-3.29581764234887	1.52827093097056
19	C	0.0	1.0	59	91	0	0	0	0	0	0	1	0	0	0	0	13	65	10	B	1	90	B	12	60	120	20	13	0	0	0	0	83	39	315	61	1	1	6	2	0	7	47	17	7	0	0	3	0	0	0	0	0	0	0	46	38	0	6.04620959214815	5.59688964556478	8.99223135584905
38	C	0.0	0.0	66	130	0	0	0	0	0	0	1	0	0	0	0	8	85	13	D	1	70	B	17	80	149	31	12	0	0	0	0	87	36	260	30	1	9	10	3	1	9	67	18	0	0	0	0	0	0	0	0	0	0	0	45	40	0	0.115410223165822	0.381142779525887	4.43066516433893
21	C	0.0	8.0	64	104	4	0	1	0	0	4	1	0	0	0	0	10	25	20	L	1	47	E	13	50	155	23	10	0	0	0	0	83	39	610	96	1	8	9	6	0	3	63	15	6	1	0	0	0	0	0	1	0	0	2	46	42	0	0.837584527014642	1.8087835835161	5.67115289670203
33	C	0.0	0.0	62	125	0	0	1	0	0	0	0	0	0	0	0	11	45	12	N	1	60	D	13	78	148	41	13	0	0	0	0	84	37	600	54	0	7	9	2	0	16	60	16	0	0	0	0	0	0	2	0	0	0	0	44	44	0	3.84139579091173	4.55351947026231	10.0907424717635
23	C	20.0	10.0	64	130	0	0	2	0	0	0	0	0	0	0	0	12	45	12	L	1	53	B	9	80	159	25	12	0	0	0	0	79	27	340	54	1	8	8	4	0	4	63	18	0	0	0	0	0	0	0	0	0	0	0	42	34	0	-0.635874131230326	-0.213368780331478	3.39490691074341
27	C	0.5	9.0	64	110	0	0	0	0	0	4	1	0	0	0	0	10	65	10	L	1	60	E	14	70	132	31	12	0	1	0	0	77	33	470	51	1	8	8	2	0	8	57	16	0	0	0	0	0	0	0	1	0	0	0	46	38	0	3.0417847425596	2.70707717733153	6.87645512223274
32	C	0.0	0.0	60	88	0	0	0	0	0	0	1	0	1	0	0	6	55	7	N	1	40	D	14	70	108	25	0	0	0	0	0	85	40	470	62	1	6	8	2	0	1	60	18	5	0	0	0	0	0	0	0	0	0	2	49	40	1	-2.04806045629856	-1.17859981426545	-0.502143669591065
38	C	0.0	0.0	60	84	0	0	2	0	0	0	1	0	2	1	0	3	35	20	D	1	33	E	16	70	102	46	3	1	0	0	0	85	28	550	52	0	7	8	4	0	2	55	15	4	2	0	0	0	0	0	0	0	0	2	45	40	0	2.94296638499443	3.63451056327916	8.33483705225536
38	C	0.0	0.0	66	160	0	0	0	0	0	1	1	0	0	1	0	11	35	8	I	1	33	B	11	90	186	60	9	0	1	0	0	84	40	530	65	0	10	10	3	0	9	49	13	0	0	0	0	0	0	2	0	0	0	0	44	37	0	6.26462151327302	6.75290124417181	9.93276152602096
26	C	5.0	2.0	66	119	0	0	0	0	0	0	0	2	0	0	1	17	75	10	G	1	93	E	14	80	139	30	16	0	0	0	0	86	33	400	40	0	9	10	3	2	7	50	15	0	0	0	0	0	0	0	0	0	0	0	44	39	0	4.73006411508673	5.74855843703047	8.07259063140879
17	C	0.0	0.0	60	160	0	0	1	0	0	0	0	0	1	0	0	11	35	17	L	1	23	E	11	80	185	23	6	0	0	0	0	78	34	440	64	1	7	8	3	2	9	47	18	0	0	0	0	0	0	0	0	0	0	0	45	40	0	7.22365265634799	8.05692621263852	14.8372612965377
34	C	0.0	13.0	65	122	0	0	0	0	0	0	1	1	1	0	0	17	25	10	L	1	70	E	10	80	153	37	17	0	0	0	0	86	37	475	79	0	7	9	4	4	15	58	17	5	1	0	0	0	0	1	0	0	0	0	46	42	0	4.94578337384461	4.64835845906855	9.2334940264569
21	C	8.0	5.0	61	100	0	0	0	0	0	0	1	0	0	0	0	11	55	10	N	1	33	D	13	60	124	28	9	0	0	0	0	83	40	360	49	1	7	9	3	0	11	52	15	0	0	0	0	0	0	0	0	0	0	0	47	37	0	7.25887053395726	6.65107662707654	11.0533966341749
28	C	0.0	0.0	66	153	0	0	0	0	0	1	1	0	1	0	0	12	65	7	I	1	60	B	11	80	191	27	12	0	0	0	0	82	36	580	50	1	7	8	4	0	8	56	13	0	0	0	0	0	0	1	0	0	1	0	46	40	0	2.72812565611329	2.23695748512301	5.20481302442038
34	C	20.0	20.0	62	114	0	1	0	0	0	0	1	1	1	0	0	8	35	23	L	1	33	E	12	60	140	37	8	1	3	1	0	72	32	560	46	0	5	9	6	0	9	38	10	7	0	0	5	0	0	2	0	0	0	3	43	34	0	23.3403127987545	23.1853796695384	18.2408099211352
31	C	15.0	14.0	63	143	1	1	2	2	1	1	3	1	1	2	0	10	55	22	I	1	57	B	12	60	157	34	10	0	0	0	0	84	34	400	51	0	9	9	8	0	15	40	13	5	0	0	0	0	1	2	0	0	0	5	46	39	1	18.2511834692573	23.3429799898696	19.184337864448
31	C	0.0	5.0	66	120	0	0	0	0	0	0	2	0	2	0	0	9	35	12	I	1	43	B	13	74	142	35	10	4	2	0	3	82	30	355	37	0	9	9	3	0	6	38	13	0	0	0	0	0	0	0	0	0	0	0	45	34	0	9.82441605288793	10.1015684439939	13.6239651200353
37	C	0.0	16.0	67	187	0	0	2	0	0	0	1	0	0	0	0	6	25	10	I	1	50	B	15	75	202	55	12	0	1	0	0	75	33	460	76	0	10	10	4	0	17	46	16	0	0	0	0	0	0	2	0	0	0	0	47	39	1	15.8402352227562	9.40333500437453	14.7620921817076
34	C	0.0	13.0	62	130	0	0	0	0	0	2	0	0	0	0	1	10	55	23	I	1	43	B	13	62	146	38	7	0	1	0	0	78	35	425	64	1	10	10	1	0	5	73	23	0	0	0	0	0	0	0	0	0	0	0	45	43	0	-0.61161936037251	-1.66966057843351	5.83533630060436
21	C	0.0	0.0	64	118	0	0	0	0	0	1	0	0	0	0	0	11	25	15	I	1	37	B	13	50	143	21	12	0	0	0	0	72	31	500	74	1	9	10	1	0	10	58	19	0	0	0	0	0	0	0	0	0	0	0	47	37	0	5.93646357694805	5.26064508299053	13.083208350266
36	C	0.0	0.0	60	155	0	0	2	0	0	0	0	0	0	0	0	9	35	23	I	1	37	B	12	100	181	41	11	0	0	1	0	76	30	500	68	1	10	10	0	1	7	69	23	0	0	1	0	0	0	0	0	0	0	0	45	42	0	-0.847867048028034	0.815942485168763	9.06440355180948
29	C	0.0	0.0	62	198	0	0	0	0	0	1	2	0	1	1	0	7	45	14	I	1	37	E	15	88	189	43	3	0	0	0	0	81	34	450	42	0	9	10	1	0	6	69	22	0	0	0	0	0	0	0	0	0	0	0	47	40	0	-1.16819525619985	-0.459587602733552	6.02154881033984
25	C	20.0	17.0	65	98	0	0	0	0	0	0	1	0	0	0	0	8	35	17	I	1	47	E	14	56	115	34	10	0	2	0	2	83	38	450	49	0	5	10	3	0	3	75	19	0	0	0	0	0	0	0	2	0	0	1	44	46	0	-3.54678730657569	-4.09912241541596	-0.763572197927632
33	C	6.0	16.0	64	150	0	0	0	0	0	0	0	1	2	1	0	9	35	26	I	1	43	B	12	50	164	42	7	0	0	0	0	84	37	575	48	1	9	10	2	0	4	68	21	0	0	0	0	0	0	0	0	0	0	0	45	39	0	1.60928709807671	0.497348036363442	5.54843648892314
30	C	0.0	3.0	58	120	0	1	1	0	0	0	0	0	2	0	1	8	35	15	I	1	20	B	12	74	132	38	5	0	0	0	3	81	34	550	75	1	2	4	3	0	4	73	22	0	0	0	3	0	0	0	0	0	0	0	46	44	0	7.77653235221595	7.03193780632558	0.447151807415496
26	C	9.0	8.0	66	145	0	0	0	0	0	1	0	1	0	0	0	12	55	10	I	1	57	E	16	70	166	27	12	0	0	0	0	82	30	500	49	0	9	10	1	0	7	68	22	0	0	0	0	0	0	0	0	0	0	0	46	41	1	4.22068358125836	-0.770247595565951	4.58852638075808
21	C	0.0	0.0	63	109	0	0	2	0	0	1	0	0	0	0	0	11	35	10	I	1	47	B	15	70	118	22	10	0	0	0	0	82	36	350	62	1	7	9	3	0	11	69	22	0	0	0	0	0	0	0	0	0	0	0	46	40	1	4.5063643408639	-0.443195781574249	3.65017312874638
29	C	10.0	12.0	68	126	0	0	0	0	0	1	1	0	0	2	0	11	55	12	I	1	67	B	13	70	147	43	12	1	0	0	0	75	25	450	48	0	6	9	2	0	10	79	27	0	0	0	0	0	0	0	0	0	0	0	43	36	0	-4.74060882501742	-5.45391146288578	-1.40593939407471
25	C	0.0	0.0	59	96	0	0	0	0	0	0	0	0	1	0	0	12	35	18	I	1	33	B	12	58	113	25	10	0	0	0	0	84	30	390	32	0	9	10	2	0	4	69	22	0	0	0	0	0	0	0	0	0	0	0	47	40	0	-2.86196591922512	-0.577815932406654	3.59405454669376
27	C	0.0	0.0	59	99	0	0	0	0	0	1	1	1	1	1	0	12	15	13	I	1	30	B	12	85	128	27	10	0	0	0	0	79	31	450	42	1	9	10	1	0	7	65	21	0	0	0	0	0	0	0	0	0	0	0	45	41	0	4.45041393803914	1.51018404163904	8.19982867306127
20	C	0.0	4.0	64	145	0	0	0	0	0	1	0	0	0	0	0	10	35	10	I	1	43	B	11	80	178	26	12	0	0	0	0	76	37	640	60	1	9	10	3	0	10	49	15	0	0	0	0	0	0	0	0	0	0	0	48	40	1	11.1828497936315	7.3496266259107	11.3454464135335
27	C	20.0	12.0	63	129	0	0	0	0	0	1	1	0	0	0	0	10	45	23	I	1	33	B	11	78	140	30	7	3	1	0	0	77	25	178	51	0	9	10	3	0	6	73	18	0	1	0	2	0	0	0	0	0	0	1	40	39	0	-1.01330363290261	-1.44725949535455	4.09176812372337
42	C	0.0	0.0	63	195	0	0	0	0	0	1	2	0	1	0	0	2	35	23	I	1	33	B	12	80	212	42	9	0	1	0	0	87	35	400	62	0	7	9	2	0	7	72	21	0	0	0	0	0	0	0	0	0	0	0	45	37	0	0.0529443094441225	-0.720100221735403	5.12136546655247
35	C	20.0	19.0	64	105	0	0	0	0	0	1	0	0	2	0	0	6	35	25	I	1	30	E	13	60	114	43	4	0	0	0	0	80	30	390	73	1	9	10	1	0	6	82	26	0	0	0	0	0	0	0	0	0	0	0	45	41	1	2.35413448517251	-5.77380098626474	2.47882297862977
37	C	20.0	21.0	63	106	0	0	0	0	0	1	1	0	1	1	0	6	35	15	I	1	30	E	12	60	113	46	5	0	0	0	0	78	29	500	44	0	9	10	2	0	3	67	20	0	0	0	0	0	0	0	0	0	0	0	44	41	0	-0.939964125798486	-0.325275143917661	2.96823328102767
29	C	0.0	0.0	64	115	0	0	2	0	0	2	1	0	0	0	0	11	25	14	H	1	37	B	14	70	129	32	12	1	0	0	0	79	30	425	52	0	10	10	2	0	7	65	22	0	0	1	0	0	0	0	0	0	0	0	45	41	0	0.785046564427308	1.41780866182561	5.74673546113343
27	C	6.0	3.0	64	167	0	0	0	0	0	0	0	0	1	0	0	11	35	13	I	1	37	E	12	68	191	27	11	0	0	0	1	78	36	500	48	1	8	10	3	0	5	70	19	0	0	1	0	0	0	0	0	0	0	0	45	39	0	0.234965439143559	-1.51258544288573	1.94610787658483
21	C	20.0	6.0	60	100	0	0	0	0	0	0	0	1	0	0	0	9	45	10	I	1	73	E	13	74	124	31	12	0	0	0	0	83	29	360	37	1	6	9	5	0	11	70	13	0	0	0	0	1	0	0	1	0	0	2	46	37	0	-0.337254530181741	-1.24144339596073	2.38995906604858
22	C	0.0	5.0	59	120	1	0	2	0	0	1	0	0	0	0	0	8	35	23	I	1	27	B	13	48	125	25	8	0	0	0	0	76	35	470	81	0	3	10	2	0	3	64	20	0	0	0	0	0	0	0	0	0	0	0	44	41	0	1.90484208704562	1.92198230714266	6.53803576472748
29	C	8.0	9.0	63	165	0	0	0	0	0	3	1	0	0	0	0	5	85	8	I	1	53	B	12	80	186	30	7	0	4	0	1	83	38	500	67	0	3	7	2	0	3	66	20	0	0	0	3	0	0	0	0	0	0	1	45	42	0	-2.13603869275108	-2.76939359139541	-0.897292139440374
32	C	10.0	10.0	62	97	0	0	1	0	0	2	1	0	0	0	0	12	65	17	I	1	50	B	14	52	121	32	10	0	2	0	0	79	33	480	56	0	9	10	2	0	3	73	24	0	0	0	0	0	0	0	0	0	0	0	48	40	1	1.33095792237108	-3.14143637293346	0.149640389683998
19	C	7.0	1.0	65	130	0	0	0	0	0	0	1	0	0	1	0	10	25	17	I	1	30	B	10	70	159	21	9	0	0	0	0	88	39	510	68	0	9	10	4	0	3	39	13	0	0	0	0	0	0	1	0	0	0	0	46	40	0	8.77435169961683	9.91133924486906	13.6691096881662
27	C	0.0	0.0	62	105	0	0	0	0	0	1	3	0	0	0	0	9	65	17	I	1	47	B	13	58	120	29	9	0	0	0	0	83	36	300	38	0	10	10	0	1	3	54	18	0	0	0	0	0	0	0	0	0	0	0	46	40	1	11.7880955652718	5.17470218543275	11.055232284233
21	D	5.0	4.0	65	116	0	0	1	1	0	2	0	0	0	0	0	11	45	10	I	1	40	B	12	54	146	31	8	0	1	0	0	77	35	550	59	1	9	10	2	0	6	58	17	0	0	0	0	0	0	0	0	0	0	0	46	43	1	5.52111916006642	3.27948296459355	6.21168018239603
21	C	0.0	0.0	65	135	0	0	0	0	0	1	1	0	1	0	0	8	35	17	I	1	33	B	11	64	167	38	11	1	1	0	0	80	32	475	74	1	9	10	1	0	3	61	22	0	0	0	0	0	0	0	0	0	0	0	46	34	0	0.746883356607816	2.64936683012242	8.75548701437088
21	C	20.0	5.0	68	143	0	0	0	0	0	1	0	0	0	0	0	9	25	17	I	1	40	B	12	60	153	31	12	0	0	0	1	61	34	555	78	1	10	10	2	0	3	67	20	0	0	0	0	0	0	0	0	0	0	0	46	41	0	0.245888062751734	-0.187617013384649	3.30529879377956
23	C	20.0	3.0	68	145	0	0	0	0	0	0	1	0	0	0	0	11	65	14	I	1	67	B	12	58	158	32	15	1	0	0	1	82	32	585	69	1	9	10	3	0	7	66	21	0	0	0	0	0	0	0	0	0	0	0	47	41	0	2.00514789989035	0.594325395602738	4.38911444080155
18	C	3.0	3.0	65	98	0	0	0	0	0	0	1	0	1	0	1	10	35	15	I	1	37	E	13	56	126	24	9	0	0	0	0	79	28	405	55	1	9	10	1	0	10	66	22	0	0	0	0	0	0	0	0	0	0	0	46	38	0	2.85815732920066	1.92572718175212	9.71939092050532
16	C	0.0	0.0	62	113	0	1	1	0	0	0	0	0	0	0	0	9	25	13	I	1	27	B	13	60	128	28	8	0	0	0	0	82	36	450	55	0	9	10	1	0	3	59	19	0	0	0	0	0	0	0	0	0	0	0	46	41	0	15.7697799877949	13.8599298882126	7.82388909232298
19	C	0.0	0.0	62	115	0	1	2	0	1	0	0	0	0	0	0	10	25	13	I	1	27	B	13	90	137	32	7	0	0	0	0	74	36	475	61	1	9	10	1	0	4	61	18	0	0	0	0	0	0	0	0	0	0	0	48	40	0	14.7348233515865	13.3679885583665	7.71720655852009
24	C	0.0	0.0	59	140	0	0	0	0	0	2	0	0	0	0	1	4	25	20	I	1	20	B	13	64	150	26	8	2	0	0	0	84	35	520	57	0	9	10	1	0	3	56	18	0	0	0	0	0	0	0	0	0	0	0	46	37	1	11.6753659681636	5.12165238296996	11.9569684369069
25	E	0.0	0.0	40	140	0	0	0	0	0	1	0	0	0	0	1	4	25	22	I	1	20	B	13	76	156	27	9	2	0	0	0	79	37	490	42	0	9	10	1	0	10	65	20	0	0	0	0	0	0	0	0	0	0	0	47	39	0	3.19527375372549	3.384132066953	12.617444247606
40	C	0.0	3.0	63	120	0	1	1	0	0	0	1	0	0	0	0	12	35	15	I	1	33	B	13	60	151	49	9	0	1	0	0	82	37	385	64	0	8	10	3	0	9	67	22	0	0	0	0	0	0	0	0	0	0	0	46	38	0	12.119515168356	12.0702617458489	5.77976606015763
20	C	0.0	7.0	59	148	0	0	0	0	0	2	2	1	3	1	0	7	35	20	I	1	53	B	14	60	165	26	13	1	0	0	0	73	30	380	55	0	7	9	2	0	3	58	18	0	0	0	0	0	0	0	0	0	0	0	44	39	0	4.04847280060583	3.76576943395835	7.53963065992084
37	C	8.0	20.0	62	148	1	0	1	0	0	0	1	0	0	0	0	5	45	50	I	1	27	B	14	90	139	40	5	3	1	1	0	79	29	425	72	0	8	10	3	0	10	62	21	0	0	0	0	0	0	0	0	0	0	0	43	37	0	5.66136699342053	5.95067933103034	14.7879168942291
21	C	0.0	3.0	65	162	0	0	0	0	0	1	0	1	2	0	1	11	25	13	I	1	40	B	12	80	172	27	10	0	0	0	0	7	12	310	50	1	9	10	1	0	6	61	19	0	0	0	0	0	0	0	0	0	0	0	46	26	1	7.61488215617158	2.83651906652357	9.06418095880942
26	C	0.0	0.0	66	113	0	0	0	0	0	0	0	0	0	1	0	12	35	10	I	1	33	B	11	74	128	26	10	1	0	0	0	75	34	450	66	0	9	10	1	0	10	70	22	0	0	0	0	0	0	0	0	0	0	0	47	37	0	-2.18373284094748	-0.756723895818814	5.81044391065649
26	C	20.0	11.0	59	85	0	2	0	0	0	1	0	1	0	1	0	11	0	23	I	1	20	E	14	50	91	31	10	0	0	0	0	78	30	425	43	1	9	10	2	0	8	75	24	0	0	0	0	0	0	0	0	0	0	0	48	40	1	5.01762682733619	9.09316218308167	3.9976916552003
27	D	30.0	12.0	59	82	0	0	0	0	0	1	0	1	1	0	0	11	25	13	I	1	27	E	14	50	90	32	9	0	0	0	0	79	28	445	93	1	9	10	2	0	9	64	22	0	0	0	0	0	0	0	0	0	0	0	46	40	0	1.6932294114158	2.25285158002052	7.07565024682459
18	C	0.0	0.0	63	140	0	0	0	0	0	4	0	0	0	0	0	6	25	8	I	1	23	E	12	70	152	24	6	0	0	0	0	77	37	350	57	0	8	10	2	0	5	57	18	8	0	2	0	0	0	0	0	0	0	0	45	43	0	2.97108723787457	3.10177601779822	5.27457004617728
19	C	0.0	4.0	60	100	0	0	0	0	0	2	0	2	1	0	0	7	35	60	I	1	27	B	13	50	108	17	7	1	0	0	0	74	23	340	65	0	6	9	2	0	10	70	22	0	0	0	0	0	0	0	0	0	0	0	46	32	0	3.24416426738715	2.7128903946765	11.9637713346639
23	C	0.0	0.0	61	140	1	0	0	0	0	2	1	0	0	0	0	9	15	30	I	1	10	B	13	68	160	23	9	0	0	0	0	77	28	450	38	0	9	10	1	0	5	57	18	0	0	0	0	0	0	0	1	0	0	1	46	42	1	14.7336696025451	6.27262580547569	15.1679541431548
21	C	8.0	5.0	65	180	0	0	0	0	0	2	0	0	0	0	0	10	25	20	I	1	17	E	11	70	193	25	9	0	0	0	0	82	32	520	94	0	9	9	1	0	8	73	23	0	0	0	0	0	0	0	0	0	0	0	46	39	0	-1.79897724388148	-0.894427771715555	7.5748279849207
35	C	6.0	14.0	61	123	0	0	0	0	0	2	1	1	0	0	0	8	35	30	I	1	20	B	15	64	156	34	4	1	1	0	0	79	38	500	65	0	9	10	2	0	3	68	23	0	0	0	0	0	0	0	0	0	0	0	49	39	0	1.91270785826841	0.756447873533093	6.21906163092156
22	C	15.0	7.0	66	158	0	0	2	0	0	3	2	0	0	0	0	8	25	35	I	1	27	B	13	70	166	27	9	0	0	0	0	79	33	505	70	1	10	10	1	0	6	56	18	1	0	0	0	0	0	0	0	0	0	0	45	39	0	7.02503043598625	6.97833500221163	16.3021784258584
24	C	4.0	9.0	66	156	0	0	1	0	0	2	0	0	0	0	0	9	35	40	I	1	33	B	14	80	165	29	9	0	0	0	0	80	39	500	50	0	8	10	2	0	3	63	20	0	0	0	0	0	0	0	0	0	0	0	44	35	0	4.22032425196205	3.32597232744601	9.33339181641571
20	C	0.0	0.0	63	172	0	0	0	0	0	0	1	0	0	0	0	9	35	10	I	1	67	E	12	70	213	29	12	0	0	0	0	78	27	560	50	0	9	10	2	0	8	54	18	0	0	0	0	0	0	0	0	0	0	0	46	36	0	5.51298622138292	4.90342822178354	7.9488444186114
27	C	7.0	8.0	64	118	3	0	2	0	0	0	0	0	0	0	0	14	25	20	I	1	27	B	13	58	136	28	10	4	0	0	0	63	22	350	52	1	10	10	0	2	11	75	24	0	1	0	0	0	0	0	0	0	0	0	44	38	0	-1.35035619994113	-1.41976732241839	7.60938741808678
17	C	3.0	2.0	63	150	0	0	1	0	0	0	0	0	0	0	0	10	5	15	I	1	20	B	9	70	171	29	11	0	0	0	0	75	28	395	41	0	10	10	3	0	3	57	18	0	0	0	0	0	0	0	0	0	0	0	43	38	0	3.00619591814363	3.97332019052265	7.48289284845444
17	C	10.0	3.0	65	145	0	0	0	0	0	1	0	0	0	0	0	6	25	17	I	1	27	B	11	70	165	24	10	0	0	0	0	74	33	450	65	0	8	10	3	0	3	72	22	0	0	0	0	0	0	0	0	0	0	0	45	41	1	2.50418849949348	-2.35777698654658	1.34713815701237
36	C	0.0	5.0	67	160	1	2	0	0	0	0	0	0	1	0	0	12	45	13	I	1	40	E	14	78	166	39	4	0	0	0	0	80	34	350	37	1	9	10	3	0	4	71	22	0	0	0	0	0	0	0	0	0	0	0	46	39	1	0.122891455965164	8.59661905560434	0.209068899157229
42	C	0.0	0.0	61	115	0	0	0	0	0	0	1	0	0	1	0	9	45	15	I	1	33	E	14	70	131	53	8	0	0	0	0	84	35	550	50	0	9	10	3	0	3	63	19	0	0	0	0	0	0	0	0	0	0	0	46	41	0	0.604076510056035	1.3845465425282	4.63953659888727
27	C	0.0	0.0	63	120	0	0	2	0	0	0	0	0	0	0	0	12	35	23	I	1	63	B	12	68	138	34	12	2	0	0	0	84	37	390	47	1	9	10	2	0	3	37	11	7	0	0	0	0	0	2	0	0	0	3	46	38	0	8.70397799826169	10.6188039016073	14.6753434142142
29	C	0.0	0.0	64	127	0	0	0	0	0	0	0	0	0	0	0	12	45	13	I	1	70	B	12	70	144	35	12	2	0	0	0	77	32	360	40	1	10	10	2	0	8	44	12	0	0	0	0	1	0	2	0	0	0	3	47	40	0	7.97705166870464	8.74822764027995	12.6093267361013
34	C	0.0	4.0	64	103	0	0	0	0	0	0	1	1	0	0	0	7	35	17	I	1	47	E	10	68	143	37	12	0	0	0	0	75	31	675	66	1	9	10	3	0	3	70	23	0	0	0	0	0	0	0	0	0	0	0	44	40	1	2.83509202884903	-1.65977587745896	1.69691308075318
18	C	10.0	2.0	61	110	1	0	0	0	0	3	1	0	1	1	0	10	25	23	I	1	30	B	12	54	137	23	9	0	0	0	0	79	33	375	61	0	7	10	2	0	3	59	18	0	0	0	0	0	0	0	0	0	0	0	47	36	0	6.35053485714181	3.95055072127656	8.53071756275821
40	C	17.0	23.0	63	150	0	0	0	0	0	1	1	0	0	0	0	14	55	12	I	1	63	B	12	70	165	47	12	0	2	1	0	84	42	500	46	1	9	10	2	0	3	74	24	0	0	0	0	0	0	0	0	0	0	0	45	46	0	-5.32448693932479	-4.55792857300229	-2.57263653681216
35	C	0.0	17.0	58	140	0	0	1	0	0	0	0	0	0	0	0	6	35	20	I	1	40	B	13	64	154	36	2	3	1	0	0	83	35	360	42	1	10	10	0	1	7	66	22	0	0	0	0	0	0	0	0	0	0	0	45	36	0	2.66874121166802	1.85676384422928	9.66274250946364
23	C	20.0	9.0	65	122	0	0	0	0	0	1	1	0	1	0	0	8	45	10	I	1	57	E	11	60	155	28	10	1	4	2	0	81	39	525	70	0	9	10	3	0	3	65	21	0	0	0	0	0	0	0	0	0	0	0	46	39	0	-2.77002474502544	-0.68793672647569	0.851826471031807
24	C	0.0	8.0	65	130	0	0	0	0	0	1	1	0	0	0	0	10	25	10	I	1	50	B	13	70	131	24	12	0	0	0	0	80	29	375	71	0	9	10	2	0	6	55	16	0	0	0	0	0	0	0	0	0	0	0	48	36	1	7.17374762687362	4.29049770243564	7.05521409363767
29	C	0.0	0.0	61	135	0	0	0	0	1	3	2	0	0	0	0	11	55	15	I	1	73	B	14	65	160	35	14	3	1	0	0	83	35	375	55	0	10	10	1	0	3	69	23	0	0	0	0	0	0	0	0	0	0	0	46	39	0	0.793304170049154	-1.62483117579931	3.36617270944084
21	C	6.0	4.0	62	130	0	0	2	0	0	0	0	0	1	0	0	10	45	35	I	1	50	B	13	70	141	25	10	1	0	0	0	79	33	375	51	1	10	10	1	0	3	55	18	0	0	0	0	0	0	0	0	0	0	0	47	39	0	5.17692414027695	6.1997910398538	14.0508683814661
26	C	0.0	0.0	62	172	0	0	0	0	0	3	1	0	1	0	0	10	25	20	I	1	37	B	11	70	207	30	10	1	0	1	0	79	28	555	46	0	10	10	2	0	9	66	23	0	0	0	0	0	0	0	0	0	0	0	47	39	1	9.5297986850521	2.16538261615303	8.10036187747287
27	C	0.0	0.0	62	205	0	0	0	0	0	2	1	0	1	0	0	10	55	20	I	1	43	B	11	70	217	29	8	1	0	1	1	76	32	550	50	1	10	10	2	0	9	58	19	0	0	0	0	0	0	0	0	0	0	0	47	40	1	11.1071599051149	5.42323729712425	11.2803989798628
39	C	0.0	0.0	63	120	0	0	1	0	0	2	2	0	0	0	0	8	55	22	I	1	33	B	15	100	132	43	7	0	1	0	0	88	39	535	80	0	6	9	0	2	3	58	19	3	1	0	0	0	0	0	0	0	0	0	47	40	1	10.4509728240989	4.3803795203061	11.2498764378129
23	C	7.0	7.0	61	104	0	0	1	0	0	0	0	0	0	0	0	11	35	17	I	1	37	B	13	58	122	30	11	1	0	0	0	80	33	325	49	0	9	10	2	0	4	68	21	0	0	0	0	0	0	0	0	0	0	0	44	38	0	-1.19843612790802	-0.288349636416036	3.64628865423539
25	C	10.0	15.0	61	109	0	0	2	0	0	1	2	0	0	0	0	12	35	18	I	1	63	B	13	60	119	32	12	1	0	0	0	59	25	375	69	0	9	10	1	0	6	72	24	0	0	0	0	0	0	0	0	0	0	0	44	38	0	-1.17022447518437	-1.67906421129481	5.08925123886819
24	C	0.0	0.0	60	112	0	0	0	0	0	0	0	0	1	0	0	12	45	7	I	1	53	B	12	76	142	31	10	0	0	0	0	77	36	500	33	0	5	10	1	0	3	61	19	0	0	0	0	0	0	0	0	0	0	0	46	39	0	0.358734878519371	0.372282380584473	3.25854507184287
23	C	0.0	0.0	64	124	0	0	0	0	0	2	1	0	2	0	0	9	45	20	I	1	53	B	12	76	146	26	12	2	2	0	0	82	28	300	48	1	4	9	3	0	7	57	20	0	0	1	1	0	0	0	0	0	0	0	44	42	0	5.79910377460269	5.24720359739243	10.3890112720088
24	C	0.0	5.0	66	132	1	0	3	0	0	0	2	0	0	0	0	12	35	13	I	1	33	B	14	58	142	27	9	1	1	0	0	81	34	400	57	0	9	9	1	0	3	64	19	0	0	0	0	0	0	0	0	0	0	0	44	40	1	4.62940204395446	0.810207756449479	6.08534261206031
21	E	2.0	2.0	68	129	0	0	1	0	0	0	2	0	2	0	0	11	65	18	I	1	57	B	11	64	161	27	12	1	0	0	0	81	34	380	49	0	9	10	1	0	7	57	17	0	0	0	0	0	0	0	0	0	0	0	44	37	0	6.2472362594998	5.14305712978213	12.3716195896641
29	C	0.0	1.0	63	179	0	0	0	0	0	1	1	1	1	0	0	10	25	20	I	1	17	B	15	70	188	35	8	0	0	0	0	76	37	310	47	0	9	10	0	2	3	59	19	0	0	1	0	0	0	0	0	0	0	0	44	39	0	3.09098806736479	4.0015577892245	10.881194468265
20	C	2.0	5.0	64	125	0	2	1	0	0	0	1	0	1	1	0	9	25	13	I	1	30	B	14	52	146	24	10	0	1	0	0	81	37	510	43	1	10	10	3	0	6	53	17	0	0	0	0	0	0	0	0	0	0	0	47	39	1	9.44763371268978	16.7701092565357	9.30017834843501
21	C	0.0	6.0	64	115	0	1	0	0	0	0	1	0	0	1	0	10	25	17	I	1	30	B	14	74	137	25	11	0	1	0	0	76	34	350	55	0	9	10	1	0	5	62	21	0	0	0	0	0	0	0	0	0	0	0	45	40	0	15.7125231645861	13.7766634687874	9.24071652707756
18	D	0.0	0.0	63	114	0	0	5	0	0	2	3	0	0	0	0	10	35	13	I	1	33	B	14	70	125	21	10	1	0	0	0	80	27	400	63	1	9	10	3	0	7	60	18	1	0	0	0	0	0	0	0	0	0	0	45	39	1	7.55959564671481	3.4080773548134	7.59621806063625
31	C	0.0	0.0	63	137	0	2	0	4	0	0	0	1	1	0	0	10	15	17	I	1	20	B	13	68	167	29	8	0	2	0	0	82	34	380	62	1	8	9	2	0	14	52	16	8	0	0	3	1	0	0	1	0	0	4	46	38	0	19.2313296290123	19.4201760530022	14.9335850683657
30	D	9.0	11.0	65	137	0	0	0	0	0	2	1	0	1	1	0	12	15	13	I	1	20	B	11	80	156	34	9	0	1	0	1	81	30	500	38	0	10	10	2	0	3	60	19	0	0	1	0	0	0	0	0	0	0	0	48	39	0	3.14071804029078	2.48179104240437	5.5389450305197
29	C	0.0	3.0	62	140	0	1	0	0	0	0	1	0	0	0	0	13	25	15	I	1	23	B	12	76	144	47	3	0	0	0	0	70	26	440	42	1	9	10	2	0	5	57	19	0	0	0	0	0	0	0	0	0	0	0	44	37	0	16.6219586767659	15.4362245480431	8.19947086312686
27	C	0.0	0.0	62	100	0	0	0	0	0	0	0	0	1	0	0	10	25	16	I	1	27	B	13	60	111	30	3	5	0	0	0	68	23	260	62	0	9	9	5	0	8	60	13	0	0	0	0	0	0	0	1	0	0	2	44	35	0	4.21669843084082	4.15952007038425	9.37207236229336
21	C	0.0	5.0	61	99	0	0	0	0	0	0	2	0	0	0	0	8	15	15	I	1	23	B	14	80	113	20	7	2	0	0	0	81	32	365	33	1	6	8	1	0	5	55	18	0	0	0	3	0	0	0	0	0	0	0	47	39	0	5.65472382687236	4.28231462945931	11.9652578114942
25	C	0.0	0.0	61	139	0	0	1	0	0	0	1	0	1	0	0	12	55	10	I	1	73	B	12	70	160	27	12	0	0	0	0	81	34	355	77	1	9	10	1	0	3	62	20	0	0	0	0	0	0	0	0	0	0	0	47	39	0	-0.534820253258343	0.554581237837881	4.29028992776675
19	C	20.0	3.0	63	102	0	0	0	0	0	1	2	0	1	0	0	9	75	15	I	1	53	E	12	70	143	24	9	0	1	0	0	80	29	405	70	0	8	10	3	0	8	60	19	0	0	1	0	0	0	0	0	0	0	0	43	39	0	1.9638190771762	3.68728462947439	8.24133522566889
22	C	20.0	8.0	64	102	0	0	1	0	0	1	1	1	1	0	0	9	95	27	I	1	50	E	12	74	140	26	9	0	1	0	0	71	23	475	69	1	9	10	2	0	7	75	23	0	0	1	0	0	0	0	0	0	0	1	44	45	0	-1.6761661889295	-2.10612474346691	3.86843417307246
19	C	4.0	2.0	62	139	1	0	1	0	0	0	0	0	1	0	0	7	15	40	I	1	23	B	11	64	152	28	9	0	0	0	0	79	32	475	57	1	9	10	3	0	6	63	21	0	0	0	0	0	0	0	0	0	0	0	45	40	0	5.34101346036103	4.31124271707687	11.5644890281619
29	C	0.0	0.0	64	149	3	0	1	0	0	2	1	2	1	1	0	12	25	15	I	1	17	B	12	70	161	29	2	0	1	0	0	77	24	350	71	1	9	10	3	0	6	55	17	6	0	1	0	0	0	0	0	0	0	0	46	43	0	6.92376851839183	5.62090641157743	10.2577557245474
28	C	12.0	12.0	61	95	0	0	0	0	0	1	0	0	0	0	0	9	35	17	I	1	33	E	12	40	113	34	10	1	1	0	0	74	23	310	62	0	9	10	2	0	3	73	21	0	0	0	0	0	0	0	0	0	0	0	43	40	0	-3.61081827640873	-2.92325518393051	0.669958775057424
20	C	0.0	0.0	62	136	0	0	2	0	0	2	1	0	0	0	0	12	35	15	L	1	53	B	13	70	136	22	12	1	0	0	0	81	33	350	36	1	10	10	2	0	4	66	21	0	0	0	0	0	0	0	0	0	0	0	47	43	0	-0.225811146127975	0.141531134179979	3.42233057565982
34	C	8.0	17.0	63	150	0	0	0	0	0	0	0	0	1	0	0	7	65	13	I	1	47	B	13	70	166	41	6	0	0	0	0	86	40	495	60	1	5	10	2	0	6	71	23	0	0	0	0	0	0	0	0	0	0	0	44	41	0	-0.0613400622729754	-1.85685229598081	1.74205322352163
32	C	0.0	0.0	64	136	0	0	1	0	0	0	1	0	0	1	1	11	65	13	I	1	57	B	14	96	158	36	11	0	0	0	0	82	38	500	70	1	8	10	3	0	6	50	16	0	0	0	0	0	0	0	0	0	0	0	46	41	0	7.83831792200016	6.5569815963973	10.0531873434651
25	C	0.0	0.0	65	130	0	0	0	0	0	0	1	0	0	0	0	10	45	18	I	1	47	B	11	70	156	31	7	1	1	0	1	76	22	385	30	1	9	10	1	0	6	50	16	0	0	1	0	0	0	0	0	0	0	0	45	37	1	17.3858508948555	7.54739315294751	14.6762661268743
20	C	10.0	4.0	65	124	0	0	0	0	0	0	1	0	0	1	0	11	25	10	I	1	40	B	13	50	174	22	12	0	1	0	0	78	30	410	44	1	9	10	2	0	7	58	18	0	0	0	0	0	0	0	0	0	0	0	45	40	0	3.73054907980893	3.518773429446	6.74918097263636
21	C	6.0	5.0	66	151	0	0	1	0	0	1	1	0	0	0	0	11	5	13	I	1	27	B	13	62	194	23	12	0	2	0	0	85	32	400	32	0	9	10	2	0	8	51	16	0	0	0	0	0	0	0	0	0	0	0	45	38	1	11.4387087474803	7.0659339511715	11.6695112705733
26	C	0.0	0.0	62	160	0	0	0	0	0	2	1	0	0	0	0	12	35	13	I	1	57	E	10	80	175	34	12	2	1	0	0	69	25	350	55	0	9	10	2	0	4	68	23	0	0	0	0	0	0	0	0	0	0	0	43	37	0	-0.776792214904007	-1.12268067016729	1.63752492840789
43	C	0.0	0.0	62	150	0	0	1	0	0	0	1	0	2	0	0	13	55	20	I	1	33	B	13	90	163	46	8	1	0	0	0	77	32	430	55	1	5	10	1	0	10	74	22	0	0	0	0	0	0	0	0	0	0	0	47	38	1	6.12238335731053	-1.18632944990611	7.50247383377229
24	C	1.0	6.0	61	110	0	0	0	0	0	1	1	0	2	1	0	10	25	15	I	1	17	B	16	72	134	26	6	2	1	0	0	76	30	355	45	0	7	9	3	0	8	76	25	0	0	0	2	0	0	0	2	0	0	0	43	45	0	-3.33203040350648	-3.167266159107	1.96650152419865
22	C	0.0	0.0	66	162	0	0	0	0	0	2	1	0	1	0	0	11	55	12	I	1	67	B	14	78	191	24	12	0	3	0	0	78	37	425	67	1	9	9	2	0	6	65	21	0	1	0	0	0	0	0	0	0	0	0	46	46	0	-0.813823447768984	0.455197087966072	3.4730484607588
22	C	0.0	0.0	65	140	0	0	1	0	0	1	0	0	0	0	0	12	25	20	I	1	47	B	12	60	160	25	12	1	0	0	1	78	31	500	59	1	9	10	4	0	11	45	11	0	0	0	0	0	0	2	0	0	0	4	47	38	0	9.44470010854399	10.2592631419574	16.5707350961231
23	C	0.0	0.0	67	162	0	1	0	0	0	0	0	0	0	0	0	12	35	20	I	1	60	B	15	56	166	26	13	0	0	0	0	80	39	440	59	0	8	9	2	0	6	68	22	0	0	0	0	0	0	0	0	0	0	0	44	41	0	9.0594973234313	11.2007565214802	4.44428401761245
26	C	0.0	3.0	67	152	0	0	0	0	0	1	0	0	2	0	0	12	45	20	I	1	60	B	15	70	182	29	12	0	0	0	0	78	35	625	95	0	9	10	2	0	3	62	18	0	0	0	0	0	0	0	0	0	0	0	47	42	0	2.09384266108224	2.06324318320085	5.69967737963563
18	C	4.0	1.0	60	110	0	0	2	0	0	3	1	0	0	0	0	11	35	13	I	1	43	B	13	48	126	20	10	0	1	0	0	81	37	350	38	1	4	9	2	0	8	65	21	0	0	0	0	0	0	0	0	0	0	0	46	39	0	1.95009572419792	1.40202927230042	5.67274357228342
32	C	1.0	11.0	62	172	0	0	1	0	0	0	0	0	0	0	0	9	25	55	I	1	27	B	12	54	165	38	0	0	0	0	0	36	12	310	40	1	3	6	4	0	10	50	11	0	0	0	4	0	0	0	0	0	0	1	45	32	0	10.6760026190536	9.46521471125891	19.5862310879905
20	C	3.0	4.0	58	80	0	0	0	0	0	0	0	1	0	1	0	11	25	15	I	1	30	B	16	52	98	21	9	0	0	0	0	82	31	550	48	1	9	10	1	0	3	54	18	0	0	0	0	0	0	0	0	0	0	0	47	39	1	11.8924929595965	5.12676607894003	10.9321358074664
21	C	0.0	2.0	57	90	0	0	0	0	0	0	0	0	0	0	0	11	25	20	I	1	37	B	16	56	100	22	10	0	0	0	0	79	34	450	42	1	9	10	1	0	4	65	22	0	0	0	0	0	0	0	0	0	0	0	47	41	1	8.05557300598307	1.55562271587689	8.44647845010523
18	C	10.0	3.0	62	120	0	1	0	0	0	1	0	0	1	0	0	8	35	12	I	1	33	E	12	85	142	28	11	0	0	0	0	73	35	510	51	1	9	10	2	0	4	59	19	0	0	0	0	0	0	0	0	0	0	0	48	40	1	6.03112151277864	13.7546325454976	5.28515368718341
26	C	0.0	2.0	59	130	0	0	0	0	0	0	0	0	0	0	0	10	15	15	I	1	33	C	12	70	144	35	11	0	0	0	0	74	30	305	38	1	7	10	3	0	4	51	20	0	0	0	0	0	0	0	0	0	0	0	51	41	1	10.6403739238599	6.29621743073648	9.98329257693181
24	C	0.0	0.5	62	130	0	0	0	0	0	1	0	1	0	1	0	7	25	60	I	1	50	B	12	80	164	30	12	0	0	0	0	80	38	395	36	1	10	10	1	1	3	64	19	0	0	0	0	0	0	0	0	0	0	0	45	40	1	13.9388074715156	3.55623115957117	12.7316886949632
22	C	0.0	0.0	64	155	0	0	1	0	0	0	0	0	0	0	0	12	35	17	I	1	53	B	17	46	173	24	12	0	0	0	0	77	34	390	48	0	10	10	2	0	8	63	20	0	0	0	0	0	0	0	0	0	0	0	47	38	0	2.82480872247471	2.71335971985619	7.63452472543606
20	C	0.0	1.0	61	111	0	0	1	0	0	2	0	0	0	0	0	12	55	7	I	1	87	B	12	68	132	32	16	0	0	0	0	76	26	415	58	0	5	10	2	0	7	57	19	0	0	0	0	0	0	0	0	0	0	0	45	39	0	3.66023430384984	2.45825900056615	3.66026796869333
17	C	0.0	0.0	60	115	0	0	2	0	0	0	0	0	3	0	0	9	25	13	I	1	37	B	13	90	130	22	11	0	0	0	0	79	32	420	79	0	9	10	1	0	10	62	19	0	0	0	0	0	0	0	0	0	0	0	45	43	1	11.8823128447689	3.33535919794465	10.7017449726795
19	C	0.125	1.0	64	120	0	0	1	0	0	2	1	0	3	1	1	12	25	15	I	1	37	B	13	56	128	22	11	0	1	0	0	79	36	625	57	1	8	9	1	0	3	48	16	0	0	0	0	0	0	0	0	0	0	0	46	40	0	6.41272059048329	7.09174635049508	12.7898779444778
21	C	0.0	0.5	66	139	0	0	0	0	0	1	0	0	1	0	0	7	25	20	I	1	20	B	12	60	168	20	7	0	0	0	0	75	32	345	54	1	10	10	2	0	6	59	18	0	0	0	0	0	0	0	0	0	0	0	47	39	0	6.63064624977369	4.6534225913484	10.0790377814192
26	C	0.0	0.0	64	125	0	0	0	0	0	1	0	0	3	0	0	10	25	33	I	1	27	B	13	80	139	29	9	0	0	0	0	76	30	450	47	1	9	10	2	0	14	58	18	0	0	0	0	0	0	2	0	0	0	0	46	40	0	7.6453003513481	7.52674472219819	16.2023828325856
28	C	0.0	0.0	65	125	0	0	0	0	0	0	0	0	0	1	0	10	35	37	I	1	33	B	14	60	140	29	9	0	0	0	0	82	33	400	47	1	10	10	2	0	12	72	23	0	0	0	0	0	0	0	0	0	0	0	47	38	0	0.868677406146698	1.19885070107927	9.58819572327905
19	C	0.0	2.0	62	112	0	2	1	0	0	1	1	0	1	0	0	10	25	10	I	1	47	B	11	80	139	24	15	0	1	0	0	85	36	410	53	1	9	9	1	2	3	73	21	0	0	0	0	0	0	0	0	0	0	0	47	44	0	6.67890219730932	6.7953746040527	-0.490848613197811
21	C	0.0	1.0	62	112	0	0	1	0	0	1	1	0	0	1	0	10	45	15	I	1	60	B	12	70	140	25	14	0	2	0	0	79	36	550	65	0	5	4	0	1	3	62	20	0	0	0	4	0	0	0	0	0	0	1	45	41	0	-0.168464142463891	0.457321856701251	6.71395434909183
22	C	1.0	1.0	63	105	0	0	0	0	0	1	0	0	1	0	0	9	15	20	I	1	7	E	13	70	124	30	6	2	0	0	0	60	23	320	55	1	1	5	0	2	12	72	23	0	0	0	4	0	0	0	0	0	0	0	48	38	0	-0.230579006680356	-0.657591120609637	9.98557348500894
25	C	0.0	0.0	63	145	0	0	2	0	0	1	1	0	0	2	0	8	35	20	I	1	30	B	12	60	163	26	6	0	0	0	0	72	27	375	65	1	9	10	1	0	7	58	18	0	0	0	0	0	0	0	0	0	0	0	44	35	0	5.63874775734113	5.32054982780098	13.333884474544
21	C	0.0	0.0	61	89	0	0	0	0	0	1	0	0	0	0	0	12	25	20	I	1	57	B	15	50	103	23	14	0	0	0	0	78	22	500	60	1	9	9	2	0	8	70	23	0	0	0	0	0	0	0	0	0	0	0	43	33	0	-0.193032710211418	-0.131085035534045	5.17090843152338
32	C	3.0	1.0	63	220	0	0	0	0	0	0	1	0	0	0	0	11	25	18	I	1	27	B	13	58	246	39	9	0	0	0	0	84	34	460	51	0	10	10	1	0	6	59	19	0	0	0	0	0	0	0	0	0	0	0	46	40	0	6.48370884188149	4.50916154834114	11.9659808806574
18	C	10.0	1.0	60	98	0	0	0	0	0	0	0	0	1	0	0	8	25	20	I	1	20	B	13	60	106	20	9	0	0	0	0	77	32	410	67	0	9	10	1	0	3	64	21	0	0	0	0	0	0	0	0	0	0	0	44	39	0	3.32959432172106	1.89487724799641	8.70223091041137
27	C	0.0	0.0	64	109	0	0	0	0	0	1	0	0	0	0	1	11	45	15	I	1	70	B	12	60	124	24	12	1	0	0	1	85	37	340	40	1	9	10	2	0	8	61	20	0	0	0	0	0	0	0	0	0	0	0	45	40	0	3.17073683255082	3.06450923099532	7.31584817317159
27	C	0.0	0.0	62	147	0	0	1	0	0	1	0	0	0	1	0	11	35	12	I	1	37	B	12	78	189	33	9	0	0	0	0	82	36	385	56	1	9	10	2	0	11	53	16	0	0	0	0	0	0	0	0	0	0	0	46	40	0	7.07999212433475	6.66135560952742	11.5768905556205
20	C	8.0	1.0	61	110	0	0	0	0	0	1	0	0	1	0	0	11	35	10	I	1	43	B	11	102	124	23	11	2	0	0	0	75	24	198	45	0	1	2	8	0	11	75	7	0	1	0	3	3	0	1	0	0	0	3	40	32	0	-5.67624941599106	-4.4653108597202	0.684373599105998
24	A	0.0	0.0	63	133	0	0	1	0	0	4	2	0	0	0	0	10	45	15	I	1	43	B	13	54	156	28	11	0	0	0	0	79	36	505	58	1	9	10	2	0	6	60	19	0	0	0	0	0	0	0	0	0	0	0	48	39	0	3.63528039742731	3.35208319422985	7.50611523891555
30	C	0.0	0.0	61	159	0	0	0	0	0	1	1	0	1	1	0	7	25	18	I	1	17	B	12	80	187	31	6	1	0	0	0	79	38	395	52	1	9	10	1	0	8	64	22	0	0	0	0	0	0	0	0	0	0	0	47	40	0	3.07282139016578	3.03515557190805	11.2316510732595
16	C	1.0	1.0	65	124	0	0	2	0	0	0	0	0	0	0	0	9	35	10	I	1	33	B	13	66	139	20	10	0	0	0	0	81	34	420	57	1	9	10	1	0	6	43	14	0	0	0	0	0	0	0	0	0	0	0	46	40	0	8.11019696082451	8.62180671738507	14.1889189343353
25	C	10.0	10.0	65	152	0	0	2	0	0	0	1	0	0	0	0	8	45	25	I	1	53	B	12	80	172	34	10	0	2	0	0	76	34	490	55	0	9	10	2	0	3	51	16	0	0	0	0	0	0	0	0	0	0	0	45	40	0	6.44983683397749	6.7772802889293	11.2088052469903
20	C	0.0	2.0	60	102	0	0	1	0	0	3	0	1	1	0	0	12	25	10	I	1	43	B	13	90	127	23	14	0	0	0	0	77	34	450	51	1	9	10	3	0	5	61	18	5	0	0	0	0	0	0	0	0	0	0	47	39	0	2.51382317478715	1.78272590611781	4.32923828932296
25	C	1.0	6.0	62	125	0	0	2	0	0	0	0	0	0	0	0	11	35	20	I	1	27	B	13	58	143	24	9	0	0	0	0	82	40	430	59	0	8	9	1	0	8	60	21	0	0	0	0	0	0	0	0	0	0	0	46	40	1	13.6473311679268	4.79000411946697	13.1291445408179
23	C	0.0	11.0	64	165	1	0	0	0	0	0	1	1	0	0	0	8	35	20	I	1	33	E	13	62	173	28	8	0	1	0	0	74	25	450	61	1	1	9	3	0	7	68	22	0	0	0	0	0	0	0	0	0	0	0	46	40	0	0.0096108642243502	0.880970987968499	6.33788282874719
21	C	0.0	0.0	64	125	0	1	0	0	0	0	0	0	0	0	0	12	15	15	I	1	10	B	13	60	142	22	4	0	0	0	0	82	39	390	40	0	9	9	2	0	6	58	19	0	0	0	0	0	0	0	0	0	0	0	44	35	0	16.0242176897261	15.4788279275547	8.79707836749012
25	C	0.0	9.0	60	131	0	0	1	0	0	0	0	0	1	0	0	12	45	20	I	1	40	B	12	82	129	34	10	0	0	0	0	82	36	330	58	0	8	10	1	0	3	56	18	0	0	0	0	0	0	0	0	0	0	0	46	39	0	6.21860943370612	4.86284509317435	11.3397649476203
29	C	20.0	14.0	67	144	0	0	0	0	0	1	1	0	0	0	1	8	35	20	I	1	23	B	12	58	176	35	8	3	2	0	1	78	29	545	54	0	8	10	1	0	8	54	18	0	0	0	0	0	0	0	0	0	0	0	46	37	1	15.0703764006072	7.14041635166601	15.5714406301463
23	C	0.0	4.0	63	90	0	0	0	0	0	0	0	0	2	0	0	13	35	10	I	1	77	B	12	70	119	25	16	0	0	0	0	79	35	435	58	0	9	10	2	0	3	55	18	0	0	0	0	0	0	0	0	0	0	0	46	39	0	2.66682656687588	3.09189992606723	4.31537384162083
27	C	1.0	7.0	65	123	0	0	0	0	0	0	1	1	1	0	0	9	5	17	L	1	47	E	10	64	134	27	13	0	1	0	0	80	37	350	48	1	10	10	3	0	9	60	20	0	0	0	0	0	0	0	0	0	0	0	46	38	0	3.77566898770954	4.24129302752975	9.54209578421412
33	B	0.0	2.0	67	135	0	0	0	0	0	1	2	0	1	0	0	11	35	13	I	1	43	B	15	60	151	35	10	4	1	0	0	74	24	275	47	0	10	9	4	0	10	55	18	0	0	0	2	0	0	0	1	0	0	1	44	28	1	11.8049901547625	5.84619636274639	10.6636757633196
19	C	10.0	3.0	66	124	2	0	0	0	1	2	0	1	0	0	0	12	35	17	I	1	60	B	12	70	148	24	14	0	0	0	0	78	31	365	46	0	7	9	2	0	8	64	21	0	0	1	0	0	0	0	0	0	0	0	45	39	0	4.10780943034441	2.19721305364779	6.99123188567821
21	C	10.0	6.0	66	124	2	0	0	0	0	2	0	1	0	0	0	12	25	10	I	1	57	B	11	70	166	25	14	0	0	0	0	72	32	450	55	0	9	10	1	0	7	66	20	0	0	0	0	0	0	0	0	0	0	0	48	39	0	0.55154187221478	0.131088521957586	5.49767324193648
43	C	1.0	16.0	64	289	2	0	0	0	0	2	1	1	2	0	0	8	35	16	I	0	23	B	13	80	266	44	8	5	2	0	0	69	23	405	52	1	1	2	5	0	18	49	13	0	0	0	3	0	0	0	1	0	0	2	43	34	0	10.0886696309259	8.81796730825686	17.3224272909338
21	C	0.0	0.0	64	112	0	0	0	0	0	1	0	0	1	0	0	10	15	20	I	1	30	E	13	60	134	22	12	0	0	0	0	78	36	270	56	0	2	10	2	0	8	71	22	0	0	0	0	0	0	0	1	0	0	0	45	38	1	4.0800940812722	-0.259221863136513	5.51808228565018
22	C	0.0	0.0	64	160	0	0	0	0	0	1	0	0	1	0	0	11	45	13	I	1	43	B	15	70	171	21	11	0	0	0	0	76	34	480	74	1	10	9	1	0	8	49	14	0	0	0	0	0	0	0	0	0	0	0	44	37	1	15.762312442758	7.69587283394831	14.4857432769718
35	C	0.0	0.0	62	140	2	0	0	0	0	0	0	0	1	0	1	12	25	35	I	0	27	B	13	60	139	38	9	0	0	0	0	79	34	505	64	1	2	4	4	0	14	47	10	0	0	0	4	0	0	2	1	0	0	3	47	38	1	18.7016858043457	10.3496918882362	20.2253253939818
15	C	0.0	0.0	62	99	0	0	1	0	0	0	0	0	0	0	0	8	15	15	I	1	20	B	13	60	124	19	11	1	0	0	0	80	31	535	44	0	9	10	1	0	10	54	17	0	0	0	0	0	0	0	0	0	0	0	43	35	0	7.80180735897257	6.98615412766426	15.1267500743581
17	C	0.0	0.0	63	99	0	0	2	0	0	1	1	0	1	0	0	12	25	18	I	1	30	B	13	58	121	21	11	1	0	0	0	79	29	525	44	1	9	10	2	0	8	64	21	0	0	0	0	0	0	0	0	0	0	0	45	36	1	8.41454726528558	2.70138880489824	8.19753583397807
19	C	0.0	0.0	63	110	0	0	2	0	0	1	0	0	0	0	0	10	25	17	I	1	37	B	13	50	127	22	11	1	0	0	0	80	38	450	63	1	9	10	1	0	8	63	22	0	0	0	0	0	0	0	0	0	0	0	46	42	0	0.890986206950179	3.08285636833548	10.7538485673507
18	C	1.0	1.0	62	129	0	0	0	0	0	0	0	0	0	1	0	10	35	16	I	1	43	B	12	80	150	21	10	0	0	0	0	80	39	450	65	1	10	10	2	0	5	57	18	0	0	0	0	0	0	0	0	0	0	0	46	39	1	10.0735416373557	4.41150074662656	8.44964255118129
24	C	0.0	2.0	63	124	0	0	2	0	0	0	1	0	0	0	0	10	25	8	I	1	37	B	12	65	159	24	11	0	0	0	0	77	33	465	52	1	9	10	0	1	7	60	20	0	0	0	0	0	0	0	0	0	0	0	49	43	0	3.06630948420403	2.40324811056986	7.40123191793439
28	C	0.0	0.5	59	100	0	0	1	0	0	1	1	0	0	0	0	5	5	40	I	1	17	B	18	66	124	28	10	2	0	0	0	78	28	425	50	1	9	10	3	0	7	57	18	0	0	0	0	0	0	0	0	0	0	0	49	38	0	6.71400304197303	7.04898884709372	14.7299557897742
20	C	3.0	2.0	64	115	0	0	0	0	0	2	0	0	0	0	1	12	35	20	I	1	43	B	13	66	125	23	11	0	0	0	0	68	22	300	47	0	8	10	1	0	9	69	22	0	0	0	0	0	0	0	0	0	0	0	45	39	1	8.1143578963275	0.890738688687744	9.17323825758545
21	E	0.0	0.5	70	150	0	0	0	0	0	1	0	0	0	0	1	10	25	6	I	1	27	B	10	50	175	25	8	0	0	0	0	75	39	375	56	1	9	10	2	0	8	68	23	0	0	0	0	0	0	0	0	0	0	0	46	38	0	-1.4144999113252	-1.55967739947921	0.396103216644356
31	C	0.0	17.0	67	204	0	0	0	0	0	0	1	0	0	0	1	7	45	10	I	1	40	B	13	98	192	31	7	0	0	0	0	70	26	390	58	1	9	10	3	0	7	55	18	1	0	0	0	0	0	0	2	0	0	1	46	37	0	4.56347620744006	4.65785858061023	7.89813713855726
33	C	0.0	15.0	66	195	0	0	0	0	0	2	0	0	1	0	0	8	35	20	I	1	30	B	13	80	193	32	6	1	0	0	0	77	32	325	46	0	9	10	1	0	7	56	17	0	0	0	0	0	0	0	0	0	0	0	43	40	1	13.8224431802513	6.08669600203146	14.106669871649
17	C	5.0	2.0	64	130	0	0	0	0	0	0	0	0	0	0	0	8	15	7	I	1	25	B	9	80	163	24	11	0	0	0	0	80	31	335	56	0	9	10	2	0	3	64	19	0	0	0	0	0	0	0	0	0	0	0	44	34	0	-0.52118510858308	-0.692973611213391	0.214907419387604
19	C	10.0	5.0	63	141	0	0	2	0	0	0	0	0	1	1	0	9	25	13	I	1	37	B	13	70	175	25	11	0	0	0	0	77	29	500	59	0	7	10	1	0	4	65	20	0	0	0	0	0	0	0	0	0	0	0	47	40	1	5.83933229005905	0.639649738444752	6.23189751034661
30	C	0.0	0.0	57	135	0	0	1	0	0	1	1	0	0	0	0	9	35	18	I	1	23	B	13	74	153	32	9	0	0	0	0	81	35	470	67	0	9	10	2	0	3	55	18	0	0	0	0	0	0	0	0	0	0	0	46	39	0	4.88151255165999	5.07316392740257	9.08279918840794
20	C	3.0	4.0	62	105	0	0	0	0	0	0	1	0	0	1	0	10	25	10	I	1	40	B	13	70	128	21	11	0	0	0	0	70	31	360	51	1	10	10	2	0	7	67	23	4	0	0	0	0	0	0	0	0	0	0	44	41	0	-1.59864416577206	-0.263431360621737	2.93420058255544
19	C	0.0	0.0	66	140	0	0	0	0	0	0	0	0	1	0	0	8	35	15	I	1	37	E	11	68	189	26	7	0	0	0	0	80	30	535	38	0	3	7	2	0	13	62	19	0	0	0	0	0	0	0	0	0	0	0	47	40	1	10.4937021008292	2.86338541380758	9.89831752238541
17	C	0.0	1.0	62	125	0	0	0	0	0	0	0	0	3	0	0	9	35	23	I	1	33	B	10	58	152	22	9	1	0	0	0	80	36	410	49	0	10	10	1	0	8	60	16	0	0	0	0	0	0	0	0	0	0	0	46	39	1	13.2547454725286	4.9951544299116	13.6277000452264
22	C	5.0	4.0	66	116	0	0	2	0	0	1	0	0	0	0	0	12	35	20	I	1	37	B	13	60	139	27	11	0	0	0	0	78	36	485	79	1	9	10	3	0	14	48	16	0	0	0	0	0	0	2	0	0	0	0	46	39	1	16.5149297465676	9.97596393018726	17.1111367595938
23	C	3.0	9.0	64	119	1	0	1	0	0	3	0	0	1	0	0	12	35	17	I	1	37	B	13	72	142	29	10	0	0	0	0	83	34	390	54	1	9	10	2	0	6	57	16	0	0	0	0	0	0	0	0	0	0	0	45	39	0	3.33110320671686	4.87529863875849	9.52413395702818
25	C	3.0	9.0	64	122	0	0	2	0	0	2	0	0	0	0	0	12	75	20	I	1	53	B	13	64	138	30	11	0	0	0	0	71	32	375	57	0	9	10	3	0	16	46	15	0	0	0	0	0	0	2	0	0	0	2	48	40	1	17.9061532687651	10.7213142277547	17.9759606699233
40	C	0.0	0.0	66	140	0	0	2	0	0	2	0	0	0	0	1	7	35	12	I	1	20	B	11	58	157	43	5	0	1	0	0	74	32	450	61	0	7	10	1	0	7	51	16	0	0	0	0	0	0	0	0	0	0	0	45	41	1	14.2680380755377	6.91994182505229	13.5846485536721
33	C	2.0	16.0	64	140	0	0	0	0	0	0	1	0	0	0	1	9	35	45	I	1	30	B	14	66	161	35	2	0	3	0	0	85	36	390	56	0	8	10	2	0	3	67	20	0	0	0	0	0	0	0	0	0	0	0	47	39	0	1.82541963920993	1.82783277568898	8.1738800386117
26	C	7.0	8.0	64	150	0	0	0	0	0	1	2	0	3	0	0	10	45	18	I	1	30	B	15	64	171	30	9	0	0	0	0	76	26	445	57	0	10	10	3	0	3	62	18	0	0	0	0	0	0	0	0	0	0	0	46	40	0	3.5595919840837	2.22987530660858	6.08988991151285
32	C	0.0	7.0	64	185	0	0	0	1	0	0	0	0	0	0	0	7	35	12	I	1	33	B	11	80	194	37	7	0	0	0	0	82	35	475	77	0	7	10	2	0	8	63	20	0	0	0	0	0	0	0	0	0	0	0	48	38	1	5.15766933863525	2.21353323466635	6.41762883762146
26	C	0.0	0.0	69	210	0	0	1	0	0	1	1	0	0	0	0	11	45	45	I	1	30	B	13	80	240	31	9	0	0	0	0	62	20	400	62	1	9	10	4	0	8	66	21	0	0	0	0	0	0	0	0	0	0	0	47	40	0	3.22615202116563	3.59387937522827	11.5872771484656
25	C	30.0	9.0	64	155	2	0	0	0	0	0	1	0	1	0	0	12	0	18	I	1	37	B	11	60	199	29	12	0	1	0	0	80	30	425	70	1	9	10	4	0	3	57	18	0	0	0	0	0	0	0	0	0	0	0	46	40	0	5.84934960220682	4.13940847300207	7.89170445321435
22	C	20.0	10.0	61	112	0	1	0	0	0	2	1	0	0	1	0	7	15	15	I	1	20	E	12	62	131	31	9	1	0	0	0	79	32	280	43	0	5	10	2	0	8	65	23	0	0	0	0	0	0	0	0	0	0	1	44	40	1	5.90587484810656	12.9159280026398	6.60397934101018
24	C	0.5	9.0	61	120	0	0	1	0	0	0	0	0	0	0	0	12	15	50	I	1	17	B	12	76	138	37	6	0	0	0	0	85	37	445	51	0	6	10	1	0	6	61	19	0	0	1	0	0	0	0	0	0	0	0	47	38	0	5.3773167258871	5.78532104814807	16.1837886462199
21	C	0.0	0.0	63	98	0	0	1	0	0	0	0	0	0	2	0	12	25	10	I	1	50	B	13	60	122	22	12	1	0	0	0	81	39	405	42	0	9	10	1	0	11	58	19	0	0	0	0	0	0	0	0	0	0	0	44	43	0	2.86252183869076	4.38008946641654	10.9270985327943
24	C	0.0	6.0	63	103	0	0	0	0	0	3	0	1	0	2	1	12	55	13	I	1	67	B	12	60	128	24	12	1	0	0	0	82	37	300	44	1	7	9	2	0	8	54	17	0	0	0	0	0	0	0	0	0	0	0	47	39	0	5.01273583945372	5.49579604595504	9.38103349520856
16	C	10.0	1.0	61	97	0	0	2	0	0	8	0	0	1	0	0	8	5	15	I	1	17	E	13	72	121	22	10	0	0	0	0	77	23	400	41	1	10	10	2	0	7	66	23	0	0	0	0	0	0	0	0	0	0	0	44	39	0	1.72973068975813	1.38619382402724	6.28248291910611
18	C	20.0	3.0	61	98	0	0	0	0	0	1	0	0	0	0	0	8	25	13	I	1	37	E	13	70	127	23	10	0	1	0	0	73	32	375	61	1	9	10	1	0	3	63	20	0	0	0	0	0	0	0	0	0	0	0	45	41	1	6.77698113009384	1.18566730803609	6.39312489448104
18	C	0.0	0.0	58	100	0	0	1	0	0	0	0	0	0	0	0	9	25	18	I	1	20	B	14	60	119	24	9	0	0	0	0	76	34	300	48	1	9	10	3	0	3	63	19	0	0	0	0	0	0	0	0	0	0	0	43	38	0	0.499838112020267	1.93957146542425	5.97588410020613
21	C	0.0	0.0	66	132	0	0	2	0	0	1	2	0	0	0	0	8	45	10	I	1	77	B	12	58	140	25	12	1	0	0	0	79	33	450	68	1	9	10	2	0	15	47	12	0	0	0	0	0	0	2	0	0	0	4	46	39	0	8.50963400801714	8.43926212107322	12.9353741093215
23	C	0.0	0.0	64	115	0	0	0	0	0	0	2	0	0	0	0	12	15	12	I	1	50	B	13	60	129	24	12	0	0	0	0	75	31	365	46	0	9	10	1	0	3	60	18	0	0	0	0	0	0	0	0	0	0	0	46	44	0	0.569939445249895	2.08161097185599	6.81688580125098
25	C	0.0	0.0	64	115	0	0	0	0	0	2	0	0	0	1	0	12	35	15	I	1	63	B	13	60	133	26	12	0	0	0	0	79	29	325	71	0	10	10	2	0	4	70	22	0	0	0	0	0	0	0	0	0	0	0	47	46	0	-1.21302940192427	-1.81545975657049	1.27324427722119
25	D	10.0	10.0	61	160	0	0	0	0	0	3	1	1	2	0	0	10	15	13	I	1	33	E	13	80	154	28	11	1	4	0	0	81	39	435	73	0	9	10	1	0	5	56	18	0	0	0	0	0	0	0	0	0	0	0	45	44	0	3.80902386983899	4.63431348805161	10.6818204704181
36	C	20.0	18.0	65	190	0	0	0	0	0	0	0	0	1	0	0	9	25	13	I	1	30	B	13	60	195	39	10	0	0	0	0	81	27	460	57	1	10	10	2	0	8	57	19	0	0	0	0	0	0	0	0	0	0	0	50	39	0	4.22335483506052	4.85023755704716	9.38114856875674
17	C	0.0	0.0	67	165	0	0	0	0	0	0	0	0	1	0	1	10	35	9	I	1	43	B	12	40	187	22	11	0	0	0	0	84	33	500	27	0	9	10	1	0	10	58	16	0	0	0	0	0	0	0	0	0	0	0	47	36	1	9.98070843183013	4.03373059286278	10.1193910910972
32	C	0.0	0.0	64	145	0	0	0	0	2	1	0	0	0	0	0	12	55	11	I	1	43	B	17	62	174	38	7	0	0	0	0	77	27	425	51	0	9	10	2	0	8	58	18	0	0	0	0	0	0	0	0	0	0	0	46	42	0	5.21515812733507	3.92237254923176	7.68786537550494
16	C	0.0	0.0	60	98	1	1	1	0	0	2	0	0	0	0	0	9	35	15	I	1	33	B	13	60	110	22	8	0	0	0	0	75	35	400	66	1	9	10	2	0	5	58	19	0	0	0	0	0	0	0	0	0	0	0	46	40	0	15.8435170455538	14.9201951831734	7.50065302647042
18	C	0.0	0.0	60	99	0	0	0	0	0	2	0	0	0	1	0	9	25	13	I	1	17	B	13	52	114	23	8	0	0	0	0	73	32	425	44	0	9	10	3	0	7	60	18	0	0	0	0	0	0	0	0	0	0	0	46	39	0	1.78869496749039	3.61603391405762	8.09215275431098
19	C	4.0	5.0	64	130	0	0	0	0	0	2	1	0	0	0	0	9	45	10	I	1	60	B	14	54	144	24	10	1	1	0	0	81	35	300	58	1	9	9	1	0	3	62	20	0	0	0	0	0	0	0	0	0	0	0	47	41	0	1.33225898615529	0.719469896015271	4.68351631351209
21	C	0.0	0.0	63	129	0	0	2	0	0	1	1	0	1	0	0	11	35	25	I	1	33	B	12	58	133	21	10	0	0	0	0	80	31	310	55	0	8	10	0	2	9	65	23	0	0	0	0	0	0	0	0	0	0	0	45	39	0	3.45542409528669	3.27023404116787	12.3819006617303
37	D	0.0	0.0	68	138	0	0	2	0	0	1	2	0	0	0	1	6	45	12	I	1	37	B	13	70	151	39	4	0	0	0	0	77	23	345	41	1	5	9	2	0	3	66	22	0	0	0	0	0	0	0	0	0	0	0	46	40	1	2.12934080890355	-0.458062192499663	2.01990474654884
26	C	0.0	9.0	67	259	0	0	0	2	0	0	0	0	0	0	0	10	25	5	I	1	27	E	12	84	234	31	7	0	0	0	0	80	32	650	84	0	9	10	2	0	3	74	21	0	0	0	0	0	0	0	0	0	0	0	47	41	1	-4.38393010912297	-6.212263790206	-6.58757781384191
18	C	0.0	0.0	64	164	0	0	0	0	0	1	0	0	0	2	0	12	15	12	I	1	10	E	10	76	172	21	8	0	0	0	0	80	37	540	66	0	8	10	2	0	7	61	18	0	0	0	0	0	0	0	0	0	0	0	44	42	0	4.33596293985507	3.12375389012864	7.47201256838986
26	C	0.0	0.0	66	123	0	0	2	0	0	0	0	0	0	0	0	9	45	12	I	1	50	B	12	60	142	30	10	0	0	0	0	82	36	380	48	1	2	9	0	1	9	60	22	0	0	0	1	0	0	0	0	0	0	0	46	33	1	10.8357523228656	3.61121292122785	10.2527195568813
26	C	2.0	5.0	60	120	0	0	0	0	0	0	0	1	0	0	0	12	35	10	I	1	33	B	12	66	148	29	8	2	0	0	0	77	31	480	61	1	10	10	1	0	8	61	19	0	0	0	0	0	0	0	0	0	0	0	46	39	1	9.12021246978082	2.79732936707147	8.88704256397142
32	C	0.0	1.0	61	150	0	0	1	0	0	2	1	0	1	0	0	1	25	10	I	1	17	B	13	76	177	46	7	0	1	0	0	82	32	430	32	0	10	10	0	1	9	60	19	0	0	1	0	0	0	0	0	0	0	0	46	38	1	10.9454569154381	3.62285272715221	10.2668259948674
16	E	0.0	0.0	62	150	0	0	0	0	0	0	0	1	0	1	0	10	45	10	I	1	33	B	11	60	154	19	8	0	0	0	0	78	34	400	53	0	9	10	1	0	4	66	21	0	0	0	0	0	0	0	0	0	0	0	44	38	0	-2.02587216711872	-0.341699566048323	4.47828704508692
29	C	0.0	0.0	63	105	0	0	0	0	0	0	1	0	0	0	1	10	25	30	I	1	17	B	14	80	132	36	7	0	1	0	0	78	38	305	34	0	9	9	3	0	4	57	18	0	0	1	0	0	0	0	0	0	0	0	44	42	1	12.2679868431114	5.73316271650376	11.6824522903157
26	C	0.0	0.0	63	100	0	0	3	0	0	0	0	0	2	0	0	10	55	15	I	1	63	B	16	70	121	31	12	0	0	0	0	82	34	540	44	0	10	10	2	0	3	56	18	0	0	1	0	0	0	0	0	0	0	1	47	43	0	4.95495780829119	3.8005786055927	6.54842793145429
36	C	0.0	0.0	65	215	0	0	0	4	0	0	1	0	0	0	0	5	25	20	I	1	13	B	16	90	213	35	6	0	0	0	0	73	28	410	82	1	2	9	3	0	7	60	20	0	0	0	2	0	0	0	0	0	0	0	46	38	1	10.323614680129	4.58461742007763	10.4321992551181
23	C	2.0	1.0	63	159	0	0	2	0	0	2	0	0	0	0	1	13	35	15	I	1	33	B	12	70	163	24	7	0	0	0	0	78	33	480	49	1	9	10	1	0	6	39	12	0	0	0	0	0	0	0	0	0	0	0	47	40	0	12.6257997012973	10.6263156014397	17.4849797841701
20	C	0.0	0.0	63	130	0	0	0	0	0	0	1	0	0	0	1	11	25	30	I	1	20	B	13	70	151	24	7	0	0	0	0	67	31	365	76	0	9	9	1	0	3	59	20	0	0	0	0	0	0	0	0	0	0	0	46	41	0	5.25630450000211	4.7640609420687	12.7260189654737
17	C	10.0	4.0	57	90	0	0	2	0	0	2	0	0	0	0	1	8	15	15	I	1	33	B	11	50	100	21	12	0	0	0	0	78	31	345	46	1	9	10	2	0	4	57	16	0	0	0	0	0	0	0	0	0	0	0	45	44	1	8.59973746276678	4.1193731185769	7.78758429985588
27	C	20.0	11.0	62	115	0	0	0	0	0	0	0	0	0	0	0	5	25	22	I	1	13	B	12	50	130	34	5	0	0	0	0	81	31	450	69	1	7	9	1	0	8	62	20	0	0	0	0	0	0	0	0	0	0	0	45	46	0	5.36189868224142	4.3463235705254	13.2061469397476
34	C	0.0	0.0	67	138	0	0	2	0	0	0	1	0	0	0	0	10	15	20	I	1	10	B	12	80	158	46	9	1	2	0	0	74	22	370	59	1	10	10	2	0	11	69	22	0	0	0	0	0	0	0	0	0	0	0	46	39	0	1.8526080215528	1.54524879908905	8.44189438619483
17	C	0.0	0.0	63	104	0	0	2	0	0	0	0	0	0	0	0	6	35	30	I	1	33	B	12	80	144	22	9	1	0	0	0	79	37	345	52	0	10	10	1	0	8	64	20	0	0	0	0	0	0	0	1	0	0	0	41	38	0	5.06370326383657	3.84670364256521	13.2006095336435
24	C	0.0	7.0	66	162	0	0	1	0	0	0	0	0	1	1	1	10	45	12	I	1	50	B	13	70	170	25	10	0	0	0	1	77	34	535	52	1	9	10	2	0	3	55	18	0	0	0	0	0	0	0	0	0	0	0	47	40	0	3.95049276300586	3.84930328308707	6.13528113623108
28	C	0.0	0.0	56	71	0	0	2	0	0	0	2	0	3	1	0	11	35	20	I	1	47	E	11	60	95	27	10	0	1	0	0	78	26	350	46	1	6	9	3	0	8	63	21	0	0	0	0	0	0	0	0	0	0	0	45	38	0	1.84416688049774	3.12754329422607	8.6333870462357
25	C	10.0	11.0	58	108	0	0	0	0	0	0	1	0	0	0	0	9	35	30	I	1	43	E	12	20	133	29	11	1	0	0	0	83	37	360	47	0	9	10	2	0	3	67	20	0	0	0	0	0	0	0	0	0	0	0	45	42	1	7.25442566398338	0.913193755658283	5.96803666644252
23	C	0.0	0.0	64	110	0	0	0	0	0	1	1	0	1	2	0	8	25	22	I	1	27	B	11	60	149	26	11	1	0	0	0	87	28	475	79	1	9	10	2	0	4	64	20	0	0	0	0	0	0	0	0	0	0	0	46	42	1	6.60250444238251	2.14754187593128	7.02939699755013
20	C	1.0	1.0	65	190	0	0	1	0	0	1	0	0	0	0	0	5	25	25	I	1	47	B	13	80	188	24	12	0	0	0	0	69	26	430	58	1	9	10	0	1	9	73	23	0	0	0	0	0	0	0	0	0	0	0	45	42	0	-0.592439148032986	-0.623159686117847	8.20729381727783
27	C	0.0	0.0	64	120	0	1	2	0	0	1	0	0	0	0	0	12	15	10	I	1	30	B	12	80	150	20	12	0	0	0	0	86	35	640	76	1	9	10	2	0	7	68	24	0	0	1	0	0	0	0	0	0	0	1	49	38	0	9.66710931774128	10.3160797400645	2.25166864514202
18	C	0.0	0.5	63	112	0	0	2	0	0	0	1	0	1	0	0	7	15	10	I	1	7	E	13	70	133	19	5	0	0	0	0	82	41	520	66	0	9	9	3	0	3	58	19	0	0	0	0	0	0	0	0	0	0	1	43	43	0	3.13600504037086	2.85415359652332	5.31593002588486
20	C	0.0	0.0	60	92	0	0	2	0	0	0	3	1	1	0	0	11	15	10	I	1	30	B	13	60	115	22	11	0	0	0	0	73	33	393	38	0	3	9	2	0	3	60	20	0	0	0	0	0	0	0	0	0	0	0	44	43	0	2.03312396534465	1.75948401077054	3.79687699995558
18	C	0.0	4.0	62	112	0	0	0	0	0	0	0	0	1	0	0	11	25	12	L	1	27	E	14	60	135	19	9	0	0	0	0	73	24	360	53	1	9	10	5	0	10	48	11	0	0	0	2	0	0	0	0	0	0	1	45	33	1	14.3020448610288	8.29600765957139	13.1678664051111
18	C	0.0	0.0	66	140	0	2	1	0	0	0	0	0	0	0	0	11	25	8	I	1	47	B	12	70	181	19	11	0	0	0	0	77	32	440	61	1	9	9	1	0	3	60	18	0	0	0	0	0	0	0	0	0	0	0	46	42	0	12.4312876788257	12.0846683435591	4.10383497004509
20	C	2.0	2.0	61	118	1	0	0	0	0	1	0	1	1	0	0	10	25	12	I	1	30	B	13	70	129	23	10	1	0	0	0	77	36	290	29	1	9	10	5	0	6	64	20	0	0	0	2	0	0	0	0	0	0	3	45	31	0	1.80647138351859	1.36222002850658	5.03919922938718
36	C	0.0	11.0	62	182	0	1	0	0	0	1	2	1	0	0	0	9	15	10	I	1	20	E	12	60	195	40	7	0	0	0	0	76	28	635	76	0	9	10	2	0	8	52	17	1	0	0	0	0	0	0	0	0	0	0	46	40	0	17.2989690563708	17.12342333655	9.57375431711216
19	C	0.0	0.5	65	110	0	0	0	0	2	0	0	0	1	0	0	11	15	10	I	1	30	B	13	86	135	22	11	0	0	0	0	74	26	395	68	1	9	9	3	0	13	50	13	0	0	0	0	0	0	0	0	0	0	0	45	40	0	9.25565399134458	7.73168244858417	12.6382103087707
23	C	3.0	8.0	68	153	0	0	0	0	0	0	0	0	1	0	1	12	35	13	I	1	33	B	14	70	176	28	8	0	1	0	0	74	27	540	42	1	10	10	2	0	8	63	21	0	0	1	0	0	0	0	0	0	0	0	44	38	0	0.946990583071865	2.39140311651504	6.84767127315653
32	C	30.0	14.0	63	134	1	0	0	0	0	1	3	1	1	0	0	12	25	12	I	1	43	E	13	78	155	35	7	2	0	0	0	85	40	495	59	0	8	9	3	0	3	75	25	0	0	0	0	0	0	0	0	0	0	0	44	41	1	-1.77966144754754	-4.80419567958719	-2.46994049686402
23	C	4.0	7.0	65	158	0	0	0	0	0	2	1	0	0	0	0	13	55	7	I	1	63	E	13	70	190	23	12	0	0	0	0	82	37	350	67	1	9	10	3	0	3	75	25	0	0	0	0	0	0	0	0	0	0	0	47	39	0	-5.80515605930777	-6.32364122711993	-6.13515563485353
26	C	20.0	9.0	61	83	0	0	0	0	0	1	1	0	0	0	0	10	35	17	I	1	33	E	16	46	101	33	8	3	0	0	0	73	25	350	36	0	7	10	3	0	4	51	12	0	0	0	0	0	0	2	0	0	0	0	46	39	0	7.36286868530159	6.56274364360277	10.6276826250034
26	C	0.0	0.0	63	117	0	0	0	0	0	0	1	0	0	0	0	4	25	50	I	1	13	B	15	70	133	30	6	6	1	1	0	77	29	315	37	0	5	9	4	0	8	43	14	0	0	0	0	0	0	0	0	0	0	0	47	36	0	10.8816664496074	12.4239761107087	21.06083072953
29	C	0.0	0.0	66	153	0	0	4	0	0	4	2	1	1	0	0	8	25	18	I	1	37	B	11	60	157	35	12	3	0	0	0	78	34	370	56	0	9	10	1	2	9	60	21	0	0	0	0	0	0	0	0	0	0	0	44	41	0	5.120394477384	4.65395192539684	12.7682988164066
36	C	0.0	16.0	64	150	0	0	3	0	0	1	1	0	0	0	0	7	35	15	I	1	23	B	15	70	159	48	4	0	2	0	0	81	31	500	44	0	5	8	1	0	3	57	16	0	0	0	0	0	0	0	0	0	0	0	48	41	0	2.69289413463042	2.93235021857674	9.86436153708993
24	C	20.0	7.0	59	115	0	0	2	0	0	0	1	0	0	0	0	11	15	13	I	1	30	B	12	48	140	25	10	0	0	0	0	54	22	575	64	1	8	10	1	0	5	68	21	0	0	0	0	0	0	0	0	0	0	0	46	41	0	-1.59913610762273	-0.329329398288357	5.72849918699951
22	C	0.0	0.0	60	160	0	1	0	0	0	0	0	0	0	1	0	11	25	13	I	1	23	B	12	80	179	25	4	1	1	0	2	69	20	350	46	0	10	10	2	0	4	56	19	0	0	0	0	0	0	0	0	0	0	0	43	38	0	15.2277204388565	15.2214350941807	7.19361503972019
39	F	6.0	23.0	61	103	0	2	0	0	0	1	0	0	0	0	0	8	25	19	I	1	23	B	13	70	127	33	5	1	0	0	0	81	35	400	71	0	10	10	2	0	4	59	19	0	0	0	0	0	0	0	0	0	0	0	45	34	0	14.5018045133532	14.8725464385225	7.9837066063929
21	C	0.0	0.0	64	133	0	0	0	0	0	0	0	0	0	0	0	10	25	13	I	1	27	E	13	78	154	32	5	0	0	0	0	80	36	455	69	0	9	10	3	0	5	70	22	0	0	0	0	0	0	0	0	0	0	0	46	41	0	-2.00991060727154	-1.38343244208145	2.25411188532505
41	C	2.0	5.0	64	135	0	2	1	0	0	0	1	0	0	1	0	5	35	16	I	1	30	B	14	75	162	45	4	0	0	0	0	76	32	417	35	0	9	10	1	0	3	60	19	0	0	0	0	0	0	0	0	0	0	0	45	39	0	15.4957749773722	13.8711680391748	8.41592016637636
34	C	0.0	0.0	67	185	0	0	0	0	0	1	1	0	0	0	0	8	35	25	I	1	57	B	15	72	201	33	12	0	1	0	0	74	30	375	45	1	10	10	2	0	9	61	20	0	0	0	0	0	0	0	0	0	0	0	46	36	0	3.80635041584289	4.49271480247121	10.7272739409407
24	C	1.0	6.0	62	169	0	0	1	0	0	1	1	1	1	0	0	14	35	15	I	1	33	B	11	80	186	31	10	0	1	0	0	74	25	450	55	1	8	10	2	0	11	66	20	0	0	0	0	0	0	0	0	0	0	0	45	40	0	1.28711236208789	2.00305620065764	7.6392790900363
28	C	0.0	0.0	64	122	0	0	0	0	0	1	1	0	1	0	1	12	25	10	I	1	27	B	12	60	141	30	9	0	0	0	0	83	35	300	31	1	10	10	2	0	8	56	18	0	0	0	0	0	0	0	0	0	0	0	46	40	1	7.06211274582788	4.67641665216067	8.42459909062633
22	C	0.0	0.0	62	120	0	0	0	0	0	1	0	0	0	0	0	10	45	15	I	1	43	E	11	52	149	27	8	0	0	0	0	79	38	445	35	0	5	10	1	0	8	50	16	0	0	0	0	0	0	0	0	0	0	0	44	41	1	14.6174269109501	7.67535806047171	14.9045441951475
19	C	15.0	1.0	63	137	0	2	0	0	0	5	0	2	1	2	0	7	15	14	I	1	20	E	12	50	146	19	8	0	0	0	0	87	35	390	66	1	5	9	3	0	12	85	17	0	0	0	0	0	0	0	0	0	0	0	44	36	0	3.5930991809628	3.45378185628872	-2.18156901783479
21	C	0.0	1.0	60	135	0	0	0	0	0	0	0	0	1	0	0	14	25	20	I	1	47	B	13	70	161	23	12	0	0	0	0	84	38	395	70	1	8	10	2	0	3	66	22	0	0	0	0	0	0	0	0	0	0	0	47	40	0	0.833633239893021	0.507491479247099	4.35858413453712
20	C	0.0	0.0	63	145	0	0	0	0	0	1	0	0	1	0	1	11	35	13	I	1	43	B	13	50	182	24	10	0	0	0	0	79	36	475	51	1	9	10	3	0	4	55	18	0	0	0	0	0	0	0	0	0	0	0	45	43	0	5.5628851961009	4.43149696365354	7.48593926038869
21	C	0.0	0.0	62	153	0	0	2	0	0	1	0	0	0	0	0	11	35	15	I	1	43	B	13	58	183	25	11	0	0	0	0	76	29	590	66	1	10	10	1	2	3	61	19	0	0	0	0	0	0	0	0	0	0	0	45	40	1	8.57631724043648	2.2542337848019	7.80439545955454
25	C	0.0	0.0	64	119	0	0	1	0	0	1	0	0	1	0	0	12	25	15	I	1	17	B	18	64	127	23	7	0	0	0	0	76	31	470	55	0	9	10	2	0	6	59	19	0	0	0	0	0	0	0	0	0	0	0	45	33	0	4.71518013960697	4.08861279576881	8.7121836520073
23	C	0.0	0.0	60	110	0	0	2	0	0	0	1	0	0	0	0	12	25	25	I	1	17	B	12	60	136	26	9	1	0	0	0	75	29	425	44	0	8	9	1	0	9	63	20	0	0	0	0	0	0	0	0	0	0	0	46	39	0	4.36981844622256	4.33895761217248	13.7460615495334
17	C	0.0	0.0	60	109	0	0	1	0	0	0	1	0	0	0	1	10	25	17	I	1	30	B	13	70	133	21	10	1	0	1	0	77	33	440	54	0	10	10	2	0	9	75	25	0	0	0	0	0	0	0	0	0	0	1	43	35	0	-1.4773303779741	-2.35093035967052	3.19355512900766
21	C	17.0	4.0	61	98	0	0	1	0	0	1	0	0	0	0	0	10	25	15	I	1	53	B	14	60	132	26	10	2	0	1	0	82	39	675	53	0	10	10	1	0	3	54	17	0	0	0	0	0	0	0	0	0	0	0	44	50	0	4.41103666487724	4.83153602603929	10.2280713317844
23	C	0.0	1.0	64	140	0	0	0	0	0	0	1	0	2	1	0	10	25	11	I	1	37	E	13	70	164	26	10	0	1	0	0	80	35	450	55	0	9	10	3	0	5	70	22	0	0	0	0	0	0	0	0	0	0	0	46	46	0	-1.48066320668127	-1.88663497468419	1.04175481808221
20	C	0.5	5.0	61	117	0	0	0	0	0	2	1	0	1	2	0	9	25	13	I	1	27	B	8	65	132	20	10	0	1	0	0	76	32	350	59	1	9	10	1	0	9	54	16	0	0	0	0	0	0	0	0	0	0	0	47	34	0	6.49342785005843	6.38331697355354	13.706524512573
24	C	2.0	2.0	63	134	0	0	2	0	0	2	1	0	1	0	0	9	25	40	I	1	20	B	12	74	163	26	9	0	0	0	0	76	37	490	55	1	10	10	1	0	3	68	23	0	0	0	0	0	0	0	0	0	0	0	48	41	0	2.35912160265758	1.45660813418633	10.1445925018971
16	C	4.0	1.0	67	118	0	0	0	0	0	1	0	0	1	0	0	9	15	7	I	1	23	E	14	80	141	17	8	0	0	0	0	70	30	480	81	1	9	10	3	0	13	51	16	0	0	0	0	0	0	0	0	0	0	0	49	38	1	8.06949948617442	6.63351896113192	10.4580634106958
40	C	0.0	0.0	64	152	0	0	0	0	0	0	1	0	0	0	1	11	35	15	I	1	43	B	13	74	173	43	11	0	1	1	1	86	35	545	66	1	9	10	2	0	3	65	19	0	0	0	0	0	0	0	0	0	0	0	46	41	0	-0.442667282394431	0.395172698313582	3.46460889801416
17	C	0.0	0.0	61	132	0	0	1	0	0	1	0	1	0	1	0	9	15	13	I	1	23	B	13	40	165	22	11	0	0	0	0	81	35	400	45	1	10	10	1	0	4	71	23	0	0	0	0	0	0	0	0	0	0	0	48	39	0	-0.506206297669171	-1.9238168733845	3.89546416523606
28	C	40.0	10.0	63	180	0	0	0	0	0	2	0	0	1	0	0	12	45	12	I	1	43	B	13	80	190	35	11	0	0	0	0	78	38	400	48	0	9	10	2	0	4	64	19	0	0	0	0	0	0	0	0	0	0	0	48	38	1	2.4580295201148	0.65391296989756	3.42498852954212
19	C	0.0	0.0	63	110	0	0	2	0	0	0	3	0	0	1	0	11	35	15	I	1	60	B	13	70	131	23	11	0	0	0	0	78	33	325	65	1	8	8	4	0	10	56	14	8	0	0	0	0	0	0	0	0	0	2	43	32	0	3.72547843398175	4.40173210609833	10.3682300112115
20	C	5.0	2.0	59	90	0	0	0	0	0	0	0	0	0	1	0	12	25	15	I	1	47	B	13	58	116	20	14	0	0	0	0	78	37	420	77	1	9	10	1	0	7	57	18	0	0	0	0	0	0	0	0	0	0	0	47	39	0	4.79507876687701	4.88434121762863	11.7419096621238
17	C	0.0	0.0	64	164	0	0	2	0	0	0	0	0	0	0	0	9	25	10	I	1	27	B	12	38	194	19	9	0	0	0	0	84	37	505	42	0	9	10	1	1	4	69	22	0	0	0	0	0	0	0	0	0	0	0	45	41	0	-1.84964866209373	-1.62623839904724	3.28941763170419
24	C	0.0	0.0	64	140	0	0	0	0	0	0	0	0	0	1	0	12	5	10	I	1	17	B	12	60	167	32	9	0	1	0	0	78	32	400	56	1	9	10	3	0	11	67	22	0	0	0	0	0	0	0	0	0	0	0	46	40	0	2.48404083819771	0.859454910177908	5.49776227152926
24	C	20.0	9.0	61	130	0	0	0	0	0	1	1	0	1	2	0	10	55	8	I	1	60	B	13	60	151	30	13	1	1	0	0	78	32	540	58	0	9	10	1	0	3	63	20	0	0	0	0	0	0	0	0	0	0	0	47	40	0	-0.254245231242074	-0.226258474934449	2.98914671127553
25	C	3.0	6.0	61	118	0	0	0	0	0	0	0	0	0	0	0	12	35	17	I	1	47	B	12	70	144	32	10	0	0	0	0	82	39	400	64	1	10	10	1	0	5	60	19	0	0	0	0	0	0	0	0	0	0	0	47	45	0	4.9472054079446	3.47358918920453	10.0786113106782
23	C	0.0	0.0	61	135	0	0	0	0	0	1	2	0	2	0	0	12	25	20	I	1	30	B	17	70	150	23	11	0	2	0	0	73	35	450	68	0	10	10	1	0	9	61	14	0	0	0	0	0	0	0	0	0	0	0	44	39	0	4.85479325073978	4.55526971398947	13.0998405910494
21	D	0.0	0.5	64	118	0	0	1	0	0	2	1	0	1	1	0	6	5	20	I	1	7	B	12	60	162	20	7	0	0	0	0	81	32	500	41	1	8	9	2	0	3	65	19	0	0	0	3	0	0	0	0	0	0	1	45	45	1	5.63637349382882	1.46810158939715	6.04322518051649
16	C	0.0	0.0	60	115	0	0	0	0	2	3	0	0	1	0	0	7	55	28	I	1	30	B	12	40	130	40	5	1	0	0	0	76	27	430	44	0	9	10	1	0	8	63	22	0	0	0	0	0	0	0	0	0	0	0	43	39	1	13.3368082257626	4.17999109178455	13.4034565936067
21	C	0.0	0.0	62	128	0	0	0	0	0	0	1	0	0	0	0	12	25	13	I	1	20	B	10	60	149	20	8	0	0	0	0	92	41	630	36	1	8	10	1	0	6	54	16	0	0	0	0	0	0	0	0	0	0	1	43	39	1	12.6242409731262	5.80049451135061	12.4099948846376
29	C	20.0	4.0	61	182	0	0	2	0	0	0	0	0	1	0	0	6	25	20	I	1	17	B	14	96	196	29	7	1	0	1	0	84	31	645	80	1	2	9	3	0	3	57	19	0	0	0	0	0	0	0	0	0	0	0	47	41	1	9.6478356509631	4.61665007636108	9.03700164803091
30	C	0.0	7.0	62	180	0	0	2	0	0	0	0	0	1	1	0	4	25	22	I	1	30	B	14	110	208	30	7	3	0	1	0	78	35	650	43	0	8	9	1	0	3	63	18	0	0	0	0	0	0	0	0	0	0	0	45	39	1	8.58293596461198	2.38551102998916	9.29105617484257
28	C	0.0	0.0	58	135	0	0	0	0	0	1	0	1	0	0	0	10	15	40	L	1	40	B	13	78	154	30	12	0	0	0	0	70	28	445	56	0	9	10	2	0	5	70	22	0	0	1	0	0	0	0	0	0	0	0	46	41	0	0.327614673687819	0.702176315261439	7.30208761805756
21	C	0.0	0.0	59	136	0	0	0	0	0	4	0	0	2	0	0	13	35	7	I	1	37	B	10	86	150	26	10	0	0	0	0	80	30	505	50	1	9	10	0	1	9	62	19	0	1	0	0	0	0	0	0	0	0	0	45	47	0	0.782207952370621	1.69332995235434	6.76602706724946
23	C	0.0	0.0	58	126	0	0	0	1	0	1	1	0	0	1	0	13	35	30	I	1	37	B	10	80	155	30	10	0	0	0	0	78	35	450	63	1	5	10	0	1	12	53	18	0	0	0	0	0	0	0	0	0	0	0	46	40	1	19.6147682565298	8.9035783133832	19.1994984558498
25	C	0.0	0.0	58	141	0	0	0	0	0	2	0	0	0	0	0	13	25	13	I	1	30	B	10	80	150	28	10	0	0	0	0	82	36	525	67	1	5	10	0	1	5	59	19	0	0	0	0	0	0	0	0	0	0	0	46	44	0	4.69330468316424	3.5137161558292	9.60484757131943
31	C	10.0	17.0	63	110	0	0	0	0	0	2	1	0	0	0	0	3	15	10	I	1	17	E	18	84	168	52	6	0	1	0	0	79	31	560	57	0	9	9	2	0	3	67	21	0	0	0	0	0	0	0	0	0	0	0	46	40	0	-1.38863311032898	-1.06034685222054	1.18545101821533
33	C	20.0	18.0	62	117	0	0	0	0	0	1	1	0	0	0	0	1	15	15	I	1	7	E	18	80	152	54	4	0	0	0	0	78	23	450	73	1	9	10	2	0	3	77	25	0	0	1	0	0	0	0	0	0	0	0	43	42	0	-4.00509021685229	-4.86866370894457	-1.19962978490679
36	C	40.0	10.0	63	113	0	0	1	0	0	1	1	0	1	0	0	10	25	12	I	1	30	E	12	62	130	30	7	1	2	0	1	79	35	675	70	0	7	9	1	0	3	77	20	1	0	0	2	0	0	0	0	0	0	0	46	40	0	-5.29099442446734	-5.49536412436619	-0.472167652111892
23	C	0.0	0.0	61	120	0	0	2	0	1	1	0	0	0	0	0	6	35	25	I	1	47	B	13	50	150	30	12	0	1	0	0	79	34	575	46	0	5	10	2	0	7	67	21	0	1	1	0	0	0	0	0	0	0	1	42	40	0	0.325664511021688	1.60340262284274	7.45066764954057
25	C	0.0	0.0	61	120	0	1	2	0	1	1	1	0	3	0	0	5	25	13	I	1	30	B	13	60	137	32	10	0	1	0	0	74	32	500	36	0	7	2	3	0	9	47	15	0	0	0	5	0	0	0	0	0	0	0	42	35	0	18.1760146763448	18.2923683887893	12.6903099926748
20	C	0.0	0.0	65	107	1	0	1	0	0	2	0	0	0	0	0	12	35	7	I	1	37	B	13	60	131	24	11	0	0	0	0	77	38	450	43	1	9	10	1	0	5	56	18	0	0	0	0	0	0	0	0	0	0	0	45	37	1	7.04127493517591	3.14058752216431	7.07208294290846
21	C	0.0	0.0	65	114	0	0	0	0	0	1	0	0	0	0	0	12	45	40	I	1	50	B	13	40	133	25	10	0	0	0	0	76	31	460	37	0	9	10	1	0	4	55	17	0	0	0	0	0	0	0	0	0	0	0	46	39	0	5.60871032707706	6.75981904316381	15.3508860247851
22	C	0.0	0.0	65	113	0	0	1	0	0	1	2	0	0	0	0	12	45	17	I	1	53	B	13	70	132	26	10	0	0	0	0	70	26	441	60	1	9	9	2	0	5	60	15	0	0	0	0	0	0	0	0	0	1	0	47	39	1	7.0820173023328	3.23238172825931	7.265231456069
28	C	0.0	9.0	64	132	0	0	0	0	1	0	1	0	0	0	1	12	25	8	I	1	27	B	14	90	155	41	9	0	0	0	0	79	29	325	49	1	9	9	1	0	5	59	19	0	0	0	0	0	0	0	0	0	0	0	46	38	0	1.77223319092281	2.4347150913194	6.99482808250005
20	C	0.0	0.5	66	114	1	0	0	0	1	3	1	0	2	0	0	10	15	35	I	1	20	B	13	82	137	23	7	0	0	0	0	80	33	330	45	0	10	10	0	2	3	66	22	0	0	0	0	0	0	0	0	0	0	0	45	39	0	1.61737105325855	2.11266569056891	10.4607205297503
18	C	0.0	0.0	66	135	1	0	0	0	0	2	0	0	1	0	0	11	25	10	I	1	40	B	11	60	165	21	12	0	0	0	0	79	30	370	53	1	9	10	0	1	5	56	18	0	0	0	0	0	0	0	0	0	0	0	47	39	1	9.28763090908539	3.9518348881993	9.03473526312677
36	C	0.0	0.0	67	266	0	0	2	0	0	1	0	0	1	0	0	10	25	16	I	1	23	B	14	86	257	45	5	0	0	0	0	82	38	780	61	1	8	8	3	0	4	64	21	0	0	0	0	0	0	0	0	0	0	0	46	41	0	-0.835165560099966	0.373605154718778	5.40301728028396
26	C	0.0	8.0	65	133	0	0	0	0	0	0	0	0	1	0	0	12	25	13	I	1	30	B	15	74	148	28	9	0	0	0	0	77	31	500	58	0	10	10	0	4	9	60	18	4	0	0	0	0	0	0	0	0	0	0	46	40	1	10.1924245841957	4.04602129873196	11.2955087824153
27	C	7.0	14.0	62	102	0	0	1	0	0	0	1	0	1	0	0	11	35	30	I	1	23	B	12	62	120	30	9	1	0	0	0	78	32	500	74	1	10	10	3	0	3	49	15	0	0	0	0	0	0	0	0	0	0	0	46	39	0	8.48207067013247	8.18846664463976	13.6616520692778
19	C	0.0	0.0	64	123	0	0	2	0	0	2	0	0	1	0	0	8	65	10	I	1	37	B	14	64	144	18	9	0	0	0	0	79	30	415	67	0	9	10	2	0	3	62	20	0	0	0	0	0	0	0	0	0	0	0	44	44	0	0.931482741838604	0.848975018093187	2.75421163292532
21	C	0.0	0.0	60	120	0	0	0	0	0	0	1	0	0	0	0	7	25	20	I	1	33	B	11	75	136	27	8	1	1	0	0	76	36	380	55	0	10	10	1	0	4	69	23	0	0	0	0	0	0	0	0	0	0	0	46	40	0	1.7333751683433	-0.195506986060843	6.75110481869379
41	C	2.0	23.0	64	126	0	0	0	0	2	0	1	0	0	0	0	7	55	15	I	1	43	B	11	64	127	38	10	0	1	0	0	79	38	310	63	1	9	10	3	0	3	54	17	0	0	0	0	0	0	2	0	0	0	0	48	38	0	2.63630597569924	4.79483442541528	7.90239694586387
19	C	0.0	0.0	59	105	0	0	2	0	0	3	1	0	0	0	0	10	25	10	I	1	37	B	14	72	123	21	11	0	0	0	0	86	34	500	56	1	9	10	2	0	7	58	21	0	0	0	0	0	0	0	0	0	0	0	44	35	0	2.28527845053559	3.55734059293977	6.84115592395648
20	C	0.0	0.0	59	108	0	0	0	0	0	1	1	0	1	1	0	9	35	13	I	1	43	B	14	60	123	21	11	0	1	0	0	81	35	500	52	0	9	10	3	0	3	60	19	0	0	0	0	0	0	0	0	0	0	0	45	48	0	3.33816700077502	2.18448769583535	4.82993616518246
21	C	0.0	0.0	59	108	0	0	1	0	0	1	1	0	0	1	0	10	35	17	I	1	43	B	14	70	128	22	11	0	1	0	0	80	34	550	47	1	8	10	1	0	7	70	24	0	0	0	0	0	0	0	0	0	0	0	46	40	0	0.54953554942426	-0.348999569250189	6.90926607962909
22	C	0.0	0.0	59	118	0	0	1	0	0	1	2	0	1	0	0	9	45	30	I	1	50	B	14	60	128	23	11	0	1	0	0	78	33	525	61	1	9	10	1	0	5	64	23	0	0	0	0	0	0	0	1	0	0	0	45	35	1	11.377376486259	2.90709333948088	11.0597973305987
26	C	10.0	9.0	64	115	0	0	0	0	0	0	2	0	1	0	0	14	55	8	I	1	77	E	13	58	134	29	14	0	1	0	0	84	37	525	60	0	9	10	2	3	3	61	16	0	0	0	0	0	0	0	0	0	0	0	44	41	0	-1.5853922802708	0.227430215940396	0.685635588321047
19	C	0.0	5.0	65	155	0	0	0	0	0	1	0	0	0	0	0	12	25	8	I	1	50	E	13	88	203	24	12	0	0	0	0	80	40	360	50	1	6	10	0	2	6	73	24	0	0	0	0	0	0	0	0	0	0	0	47	40	0	-3.76371019811509	-3.81745899290801	0.601165501488884
38	D	2.0	22.0	64	135	0	0	1	0	0	1	1	0	0	0	1	6	15	20	I	1	37	B	12	68	174	39	16	0	1	0	1	80	28	450	54	1	9	9	3	0	7	62	21	0	0	0	0	0	0	0	0	0	0	0	46	36	1	9.26641386386694	3.45229864622066	8.86056203799011
16	C	10.0	3.0	63	133	0	0	0	0	0	4	0	1	0	0	0	9	25	10	I	1	40	E	13	68	161	19	11	0	0	0	0	77	35	475	60	1	4	8	2	0	3	68	22	0	0	0	0	0	0	0	0	0	0	0	45	39	0	-3.31936473622843	-2.97888241604843	-0.139214223293598
17	C	1.0	0.5	65	119	0	0	2	0	0	0	0	0	2	0	1	12	5	18	I	1	30	B	10	60	139	28	12	0	0	0	0	76	29	390	49	0	10	10	2	0	3	68	20	0	0	0	0	0	0	0	0	0	0	0	46	37	1	2.70390426241685	-0.392995963830616	3.44428952289588
26	D	6.0	11.0	65	119	0	0	1	0	0	3	1	1	1	0	0	11	25	10	I	1	53	E	11	70	145	41	15	1	2	0	1	78	26	475	46	1	6	7	2	0	8	54	17	0	0	1	3	0	0	0	0	0	0	1	49	37	0	4.6118252547364	3.91503826122793	8.21755746294247
23	C	0.0	0.0	59	150	1	0	2	0	1	1	0	0	0	1	0	11	15	17	I	1	20	B	13	60	169	27	9	1	0	0	0	81	31	330	43	0	9	10	3	0	10	60	18	0	0	0	0	0	0	0	0	0	0	0	44	38	0	6.02065631814356	4.78966923325569	10.8221698667804
24	C	0.0	0.0	59	144	1	0	3	0	1	1	0	0	1	1	0	11	25	20	I	1	27	B	13	75	174	28	9	3	1	0	0	77	38	325	56	0	10	10	2	0	13	56	16	6	0	0	0	0	0	2	0	0	0	0	45	40	0	6.50031672410924	7.14255617808275	14.2228028113288
21	C	0.0	0.0	65	145	1	0	0	0	0	0	1	0	1	0	1	9	45	20	I	1	53	B	11	50	159	23	10	0	1	0	0	79	32	340	63	0	10	10	2	0	3	65	21	0	0	0	0	0	0	0	0	0	0	0	44	40	0	-0.0564106524711011	0.871376625228552	4.6201557981967
35	C	20.0	15.0	67	110	0	0	0	0	0	3	1	1	1	1	0	12	85	10	I	1	60	E	13	64	127	40	10	1	2	0	0	73	37	400	48	0	10	10	2	0	3	60	22	0	0	0	0	0	0	0	0	0	0	0	43	43	0	1.89387872824326	1.37511045543506	2.88022314631057
24	C	0.0	4.0	65	179	0	0	0	0	0	0	1	0	0	0	1	11	25	20	I	1	23	B	12	80	188	28	6	0	1	0	0	81	31	400	51	0	9	10	2	0	3	62	19	0	0	0	0	0	0	0	0	0	0	0	47	42	0	3.21992876558554	2.53843745984334	6.83292044193268
20	C	10.0	2.0	65	135	0	0	0	0	0	1	0	0	0	0	0	8	35	15	I	1	20	E	13	65	164	34	6	0	0	0	1	79	28	500	61	0	8	10	1	0	7	69	23	0	0	0	0	0	0	0	0	0	0	0	45	40	0	0.0817719974732119	0.149353071699724	7.44551229150716
19	C	10.0	3.0	61	125	0	0	0	0	1	2	0	1	0	1	0	11	25	15	I	1	53	B	13	70	150	27	14	1	0	0	0	84	37	350	51	0	9	10	0	2	7	60	20	0	0	0	0	0	0	0	0	0	0	0	46	39	1	10.1755029001964	3.62807525970632	10.3692904150765
34	C	0.0	0.0	62	105	0	3	2	0	0	0	1	0	0	0	0	12	25	12	I	1	17	B	14	70	126	36	7	0	0	0	0	80	32	590	50	0	10	10	2	0	4	49	16	0	0	0	0	0	0	0	0	0	0	0	44	38	1	9.25291950876312	17.5906808078863	9.44062018020933
27	C	0.0	0.0	67	145	0	0	0	0	0	2	0	0	0	0	0	12	35	10	D	1	77	E	11	50	162	39	16	0	0	0	0	81	34	450	50	1	10	10	2	0	5	65	22	0	0	0	0	0	0	0	0	0	0	0	49	40	0	0.0656335123493988	-0.344247437198212	1.58868314583801
36	C	0.0	20.0	67	132	0	0	0	0	1	1	0	0	0	0	0	10	25	20	I	1	27	B	13	70	156	34	8	0	0	0	1	75	27	425	75	1	10	10	2	0	6	64	19	7	0	0	0	0	0	0	0	0	0	1	50	41	0	4.50009646125311	2.49491496975218	7.77647702942154
21	C	20.0	2.0	63	120	0	0	0	0	0	1	1	0	0	0	0	12	15	40	I	1	23	E	13	70	125	41	8	1	0	0	0	78	36	440	82	0	10	10	2	0	11	69	22	0	0	0	0	0	0	0	0	0	0	0	44	39	0	3.29332451838539	2.71191179191877	11.2681996780934
23	C	7.0	4.0	66	151	0	0	2	0	0	1	0	0	0	0	0	7	35	30	I	1	33	B	15	80	170	24	8	4	0	2	2	79	35	455	77	1	8	10	2	0	8	63	19	0	0	0	0	0	0	0	0	0	0	0	47	41	1	11.6119670724461	4.1091392919208	11.0007040452061
27	C	0.0	0.0	64	110	0	0	0	0	0	0	1	0	1	0	0	6	25	20	I	1	27	B	14	68	124	27	9	0	1	0	0	83	27	350	60	1	9	10	0	1	5	69	21	0	0	0	0	0	0	0	0	0	0	0	45	39	0	0.222061258494351	0.164683557015931	7.57092916992829
24	C	10.0	8.0	64	125	0	0	0	0	0	1	1	0	1	0	0	12	15	8	I	1	30	E	9	70	149	25	12	0	0	0	1	81	40	425	45	0	9	10	2	0	3	60	20	0	0	0	0	0	0	0	0	0	0	0	46	37	1	2.69614046945417	1.23399868846748	2.52639216299269
34	C	4.0	18.0	63	120	0	0	0	0	0	0	1	0	1	0	0	8	15	20	I	1	33	B	15	64	139	48	12	4	2	0	1	49	21	280	54	0	9	10	2	0	8	73	22	0	0	0	0	0	0	0	0	0	0	0	42	43	0	-1.12817090658139	-1.26695184537783	4.44828434101374
25	C	4.0	7.0	61	110	0	0	4	0	0	2	0	0	1	0	0	9	25	17	I	1	47	B	14	70	136	25	12	0	0	0	0	82	33	400	61	1	9	9	3	0	7	51	16	0	0	0	0	0	0	0	0	0	1	0	46	39	0	6.98578974119987	7.16314422823644	11.951399037039
38	C	0.0	0.0	63	192	0	0	2	0	0	1	2	0	0	0	0	8	45	35	I	1	43	B	14	60	184	38	7	0	2	0	0	80	36	445	67	0	10	10	0	2	9	73	26	0	0	0	0	0	0	0	0	0	0	0	45	40	0	-0.339482185059098	0.0719284583157513	9.88614631030695
18	C	0.5	1.0	64	140	0	0	1	0	0	0	0	0	0	1	0	10	35	7	I	1	43	B	11	50	154	22	11	0	0	0	0	82	32	355	61	0	10	10	1	0	3	66	21	0	0	0	0	0	0	0	0	0	0	0	46	40	0	-1.29451790712423	-1.63487037020036	1.4099594568098
22	C	0.0	0.0	63	105	0	0	0	0	0	1	0	0	2	0	0	7	45	13	I	1	60	B	13	56	114	22	12	1	0	0	0	72	25	350	35	1	10	10	1	0	12	77	20	0	0	0	0	1	0	0	0	0	0	0	45	36	0	-3.23919953762618	-3.60001690327127	3.76245592550452
26	C	0.0	0.0	65	112	1	0	2	0	0	0	2	0	1	0	0	13	25	17	I	1	20	B	18	60	131	26	9	0	0	0	0	83	32	390	84	1	9	10	0	1	7	63	21	0	0	0	0	0	0	0	0	0	0	0	50	39	0	3.89281779777538	3.07931961045118	10.7764233444925
24	C	5.0	10.0	67	140	0	0	0	0	0	1	1	1	0	0	0	11	15	13	I	1	40	B	14	74	163	27	12	0	0	0	0	82	35	500	45	0	9	10	1	0	3	59	18	0	0	0	0	0	0	0	0	0	0	0	46	44	0	2.91306068336505	2.78751747686733	7.95578270413754
33	C	0.0	0.0	61	131	0	0	0	0	0	0	1	0	1	0	0	6	15	20	I	1	13	B	13	70	149	36	7	3	0	1	0	77	31	400	42	1	9	10	2	0	7	53	17	0	0	0	0	0	0	0	0	0	0	0	45	42	1	11.7448177838556	7.24249023295276	13.1131045004066
28	C	0.0	0.0	61	130	0	0	0	0	0	2	1	0	0	0	0	12	35	18	I	1	53	B	13	70	140	29	12	2	0	0	0	76	26	370	50	1	9	10	2	0	5	61	20	0	0	0	0	0	0	0	0	0	0	0	46	40	0	2.02605265120373	2.94545936199965	7.14463241959928
23	C	0.0	0.0	63	128	0	0	0	0	0	0	0	1	1	0	0	12	55	10	I	1	70	E	15	60	146	33	14	0	0	0	0	79	38	460	60	1	4	9	0	3	3	52	18	0	0	0	0	0	0	0	0	0	0	0	45	41	0	4.92275213392892	4.42331879654343	8.24482033866398
26	C	0.0	0.0	63	190	0	0	0	0	0	2	0	0	0	0	0	9	45	25	I	1	30	B	14	72	226	33	9	1	0	0	2	76	29	495	63	1	8	9	3	0	10	67	19	0	0	0	0	0	0	0	0	0	0	0	48	44	0	3.67101008181998	2.45645874395439	9.39711614506126
29	B	0.0	0.0	69	125	0	0	0	0	0	0	0	0	0	0	0	10	35	10	I	1	45	B	15	60	157	31	10	0	0	0	0	80	34	470	75	0	10	10	3	0	8	66	20	0	0	0	0	0	0	0	1	0	0	0	48	41	0	0.161983394835228	0.343509337256902	3.73509662766568
23	C	0.0	0.0	65	103	0	0	0	0	0	2	0	0	1	1	1	12	45	17	I	1	43	B	15	60	130	26	11	0	0	0	0	79	35	400	41	1	9	10	2	0	3	58	20	0	0	0	0	0	0	0	0	0	0	0	47	39	0	4.45448260175537	3.55609171990967	7.02847380780986
21	C	0.0	0.0	62	110	3	0	0	0	0	0	0	0	0	0	0	12	35	10	H	1	77	E	13	70	132	25	16	0	0	0	0	81	34	440	44	0	8	10	3	0	3	67	19	0	0	0	0	0	0	0	0	0	0	0	45	40	0	-1.28894637838717	-1.82939001516474	-0.648562714380984
27	C	0.0	1.0	62	200	0	1	0	0	0	0	1	0	1	0	0	10	25	15	I	1	20	B	12	70	188	27	9	0	0	0	0	79	33	310	52	0	9	10	1	0	10	62	21	0	0	0	0	0	0	0	0	0	0	0	46	37	0	13.3993111058047	14.7721947080168	11.4492004140355
38	C	0.0	17.0	66	189	0	0	2	0	0	0	1	0	0	0	0	10	45	8	I	1	37	B	11	70	215	44	6	0	0	0	0	84	31	340	52	1	5	7	3	0	8	65	22	0	0	1	0	0	0	0	0	0	0	1	47	40	0	0.61346879593971	-0.805179654115606	2.99799946981228
33	C	0.0	12.0	60	145	0	0	0	0	0	1	0	0	0	0	0	2	25	10	I	1	17	B	14	90	167	27	8	0	0	0	0	76	29	450	54	0	9	10	1	0	4	63	18	0	0	0	0	0	0	0	0	0	0	0	44	47	0	2.76916700673298	1.1675490974649	6.28679050092656
34	C	10.0	13.0	62	98	0	0	0	0	0	0	1	0	0	0	0	11	35	16	I	1	47	B	17	60	123	33	11	1	0	0	0	78	30	440	57	0	9	10	1	0	3	68	22	0	0	0	0	0	0	0	0	0	0	0	46	40	1	6.10321596965361	-0.695193658523045	4.95358299529863
21	C	2.0	2.0	63	110	0	0	0	0	0	0	1	0	0	0	1	10	45	17	I	1	40	B	13	70	128	21	11	0	0	0	0	72	21	325	51	1	4	1	3	0	8	74	25	0	0	0	4	0	0	0	0	0	0	0	43	37	1	1.64822695477602	-3.35565949860828	2.76252565675032
31	C	0.0	0.0	63	213	0	0	0	0	0	0	1	0	0	1	0	9	35	15	I	1	23	B	12	60	221	54	0	0	1	0	0	78	36	400	87	0	9	10	2	0	3	68	22	0	0	0	0	0	0	0	0	0	0	0	44	42	0	-1.3282317493173	-0.688503651304869	2.72683858882152
16	C	0.0	0.0	64	105	0	0	1	0	0	4	0	0	0	1	1	10	25	15	I	1	40	B	11	70	128	24	12	0	0	0	0	75	31	400	51	0	10	10	2	0	6	55	16	0	1	0	0	0	0	0	0	0	0	0	45	38	0	5.68023256037091	5.3228390766524	9.5469249001785
19	C	0.0	1.0	63	110	0	0	2	0	0	0	0	0	0	0	0	8	15	15	I	1	30	B	12	58	134	21	10	0	0	0	0	73	28	295	56	1	9	10	3	0	7	50	16	0	0	0	0	0	0	0	0	0	0	0	44	34	0	8.82513258387225	7.45437780097422	12.1704113954609
20	C	1.0	1.0	63	115	0	0	3	0	0	0	0	0	0	0	0	7	15	13	I	1	20	B	12	60	142	22	9	1	0	0	0	79	30	335	40	0	10	10	3	0	7	62	18	0	0	0	0	0	0	0	0	0	0	0	44	38	0	2.56998928524586	2.75656579509036	7.17120963619799
17	C	6.0	1.0	66	144	0	0	1	0	0	0	0	0	0	0	0	11	25	10	I	1	40	B	12	80	176	25	12	0	0	0	0	81	39	410	46	0	9	9	2	0	6	59	22	0	0	0	0	0	0	0	0	0	0	0	45	40	0	2.57715371032688	2.88627449994915	5.81506427577683
20	C	0.0	0.0	63	98	0	0	2	0	0	2	0	0	1	0	0	8	25	13	I	1	27	B	14	50	116	27	8	0	0	0	0	75	35	450	57	1	10	10	2	0	8	63	21	6	0	0	0	0	0	0	0	0	0	0	46	39	0	1.77585075724913	2.46901250513228	7.0327541025227
21	C	0.0	0.0	64	100	0	0	1	0	0	1	0	0	0	1	0	8	25	17	I	1	27	B	14	50	122	28	8	0	0	0	0	76	30	450	50	0	9	10	3	0	3	64	20	0	0	0	0	0	0	0	0	0	0	0	46	40	0	1.69203790016013	1.30167898023808	5.03830601453022
23	C	25.0	10.0	64	127	0	0	0	0	0	0	0	0	2	0	0	9	25	10	I	1	47	E	13	68	144	25	12	1	0	0	0	80	32	310	45	0	8	9	3	0	3	66	19	0	0	0	0	0	0	2	0	0	0	1	45	36	1	1.21630458402296	-1.00084932235654	0.711814118181351
24	C	1.0	1.0	62	124	0	0	0	0	0	0	0	0	1	0	0	10	25	10	I	1	37	B	17	72	155	25	11	0	0	0	0	79	30	345	45	0	9	10	2	0	5	68	21	0	0	0	0	0	0	0	0	0	0	0	44	39	1	3.16635910647962	-1.17656565571742	1.45035157617058
21	C	0.0	4.0	62	129	0	0	1	0	0	2	1	0	1	0	0	11	55	11	I	1	57	B	12	64	149	28	11	0	1	0	0	78	31	460	47	0	10	10	1	0	7	62	20	0	0	0	0	0	0	0	0	0	0	0	45	41	0	1.52108971174172	2.07094196724628	7.76196278746959
28	C	0.0	0.5	64	174	0	0	0	0	0	1	0	2	1	0	0	10	25	22	I	1	27	B	11	80	178	39	7	0	0	0	0	83	40	560	45	1	9	10	0	1	5	57	18	0	0	0	0	0	0	0	1	0	0	0	47	41	0	6.18545038728515	5.44177084246217	13.1664998224202
24	C	0.5	2.0	63	145	0	0	0	0	0	0	1	0	1	0	0	12	25	18	I	1	27	B	16	96	160	29	8	2	0	1	0	77	29	420	82	1	9	10	0	2	4	64	21	4	0	0	0	0	0	0	0	0	0	0	44	42	0	2.12584547900682	1.90079813274016	8.6655638694112
24	C	0.0	0.0	68	189	0	0	0	0	0	0	0	0	0	0	0	9	45	12	I	1	70	E	13	86	210	31	12	0	1	0	0	82	39	460	57	0	10	10	2	0	6	60	19	0	0	0	0	0	0	0	0	0	0	0	42	42	0	2.11677553528579	2.51839342555955	5.50180084243168
14	C	0.0	0.0	66	126	0	0	0	0	0	0	0	0	1	0	0	7	25	15	I	1	37	B	10	48	170	23	10	0	0	0	0	80	34	500	46	0	9	10	2	0	7	57	18	0	0	0	0	0	0	0	0	0	0	0	51	34	1	9.6744467757536	4.84806289074464	9.41724469919695
42	C	4.0	3.0	62	150	0	0	0	0	0	1	1	0	1	0	0	8	35	13	I	1	33	B	14	104	145	43	10	1	1	0	0	75	23	250	60	0	8	10	5	0	3	70	17	4	0	0	0	1	0	0	1	0	0	1	42	36	0	-0.774916900705235	-2.05837242732728	0.727288724096653
27	C	0.0	0.0	63	155	0	0	1	0	0	2	0	0	2	0	0	11	25	15	I	1	50	B	12	40	173	30	12	0	1	0	0	78	31	550	66	0	9	10	2	0	8	63	21	0	0	0	0	0	0	0	0	1	0	1	46	39	1	6.35989119732095	2.48512506423521	7.08145236304752
28	C	0.0	0.0	63	162	0	0	1	0	0	2	0	0	1	0	0	11	45	20	I	1	50	B	11	64	170	33	11	0	1	0	0	76	30	500	65	1	10	10	2	0	5	60	20	0	0	0	0	0	0	0	0	0	0	0	47	39	0	3.4683178297988	3.60821691334735	8.17264055817465
25	C	0.0	0.0	68	160	0	1	0	0	1	1	0	0	0	0	0	10	25	20	I	1	37	B	14	44	179	33	12	0	0	0	0	81	37	510	55	0	9	10	2	0	3	61	19	0	0	0	0	0	0	0	0	0	0	0	46	41	1	6.4506416140081	13.6754915784072	6.28617572931235
27	C	0.0	0.0	69	160	0	0	0	0	0	1	2	0	1	1	0	11	25	20	I	1	37	B	14	70	185	35	12	0	0	0	0	80	35	600	51	1	9	10	3	0	3	62	20	0	0	0	0	0	0	0	0	0	0	0	46	40	0	3.08068415349889	2.35731581969682	6.40098164928109
18	C	10.0	0.5	62	110	0	0	0	0	0	0	1	0	0	0	0	9	25	25	I	1	37	B	13	60	122	20	10	0	0	0	0	68	24	300	58	1	9	10	3	0	10	73	22	0	0	0	0	0	0	0	0	0	0	0	45	45	0	-0.808156205725804	-0.459591121111797	6.33153041164541
15	C	0.0	0.0	60	92	0	0	0	0	0	0	0	0	0	0	0	7	35	5	I	1	30	E	11	80	133	19	9	0	0	0	0	85	41	370	53	0	9	10	3	0	3	66	20	0	0	0	0	0	0	0	0	0	0	0	46	41	0	-3.44153500414766	-2.48344578761649	-2.87991250798131
19	C	0.0	0.0	63	110	0	0	2	0	0	0	0	0	0	0	0	12	5	20	I	1	30	B	12	70	118	20	12	0	0	0	0	85	34	320	56	0	8	10	1	0	4	61	19	0	0	0	0	0	0	0	0	0	0	0	46	40	0	3.00695717132614	3.34041720678666	10.3710056454129
18	C	0.0	1.0	65	123	0	0	2	0	0	0	0	0	0	0	0	9	35	15	I	1	37	B	11	60	133	22	10	0	0	0	0	81	39	550	53	0	9	10	1	0	4	51	15	0	0	0	0	0	0	0	0	0	0	0	46	39	0	5.19249682642143	6.40924133296749	12.49098034779
16	C	0.0	0.0	63	105	0	2	1	0	0	0	0	0	1	0	0	9	35	10	I	1	47	B	11	72	127	21	12	0	0	0	0	85	35	375	54	0	9	10	3	0	11	60	19	0	0	0	0	0	0	0	0	0	0	0	48	38	0	11.9971723354121	14.3653879138426	7.05602211008968
18	C	0.0	0.5	64	110	0	0	1	0	0	2	2	0	1	0	0	9	75	20	I	1	60	B	12	84	128	23	10	0	0	0	0	82	34	550	61	0	9	10	2	0	4	54	18	0	0	0	0	0	0	0	0	0	0	0	47	39	0	5.41550366867591	5.49664429206456	9.55235327807724
29	C	0.0	0.0	64	130	0	0	3	0	0	0	1	0	0	0	0	10	35	18	I	1	30	B	15	70	150	31	6	0	0	0	0	83	35	475	73	1	9	10	1	0	5	57	18	0	0	0	0	0	0	0	0	0	0	0	48	41	0	4.00651696361578	4.99160750288822	12.0794033193083
30	C	0.0	0.0	63	162	0	1	2	0	0	1	0	0	1	0	0	9	35	20	I	1	27	B	11	70	172	36	7	0	0	0	0	80	23	825	68	1	9	10	1	0	6	67	20	0	0	0	0	0	0	0	0	0	0	0	46	47	0	12.9721925967239	12.2425989018927	8.54218514708856
22	C	7.0	6.0	61	122	0	0	0	0	0	1	0	0	0	0	0	8	35	30	I	1	53	B	14	84	154	28	11	0	0	0	0	78	28	480	55	0	10	10	1	0	3	68	23	0	0	0	0	0	0	0	0	0	0	0	43	41	1	7.47052610011841	0.495846127588086	7.83572715150489
20	C	0.0	1.0	58	100	0	0	0	0	0	1	0	0	0	0	0	12	15	13	I	1	23	B	12	68	121	21	10	0	0	0	0	77	30	360	72	1	8	10	2	0	4	77	23	0	0	0	0	0	0	0	0	0	0	0	49	40	0	-5.78077209035705	-5.0764915934595	-1.74914614816312
27	C	0.0	0.0	63	135	0	0	0	2	0	0	0	0	1	0	0	12	45	13	I	1	40	B	17	90	125	26	9	0	1	0	0	78	35	320	53	1	9	10	3	0	7	51	15	0	0	0	0	0	0	0	1	0	0	1	44	39	1	10.9090240622047	6.67443690268732	10.7668785496883
23	C	0.0	0.0	62	115	0	0	0	0	0	1	3	1	0	1	0	9	25	13	I	1	27	B	13	70	121	22	9	0	1	0	0	75	31	420	36	0	9	10	3	0	3	57	18	0	0	0	0	0	0	0	0	0	0	0	46	41	1	7.37738308505729	3.57032992830196	6.51156884396374
26	C	0.0	0.0	62	98	0	0	0	0	0	1	2	0	0	0	0	8	35	17	I	1	33	B	13	70	121	24	8	0	1	0	0	79	32	435	60	0	10	10	3	0	4	59	19	0	0	0	0	0	0	0	0	0	0	0	44	40	0	2.44964990990064	3.60623952988856	7.64555821792934
22	C	0.0	0.0	65	162	0	0	0	0	0	0	0	0	0	0	0	8	45	20	I	1	37	C	14	70	190	25	3	0	0	0	0	83	39	545	50	1	10	10	2	0	4	59	19	0	0	0	0	0	1	0	0	0	0	1	45	41	1	9.26161822366858	3.89223954554423	8.33872845497794
24	C	10.0	11.0	65	145	0	0	0	0	2	0	1	0	0	1	0	9	25	15	I	1	20	B	13	70	179	24	9	2	1	0	0	87	35	460	98	0	9	10	1	0	7	76	25	0	0	0	0	0	0	0	0	0	0	0	46	46	1	5.79908018763164	-3.26573557400449	4.00082937852395
31	C	0.0	0.0	65	193	0	0	0	0	0	2	0	0	0	0	0	11	35	15	I	1	33	B	13	102	191	43	8	0	0	0	0	81	33	365	62	1	1	4	3	0	7	62	16	0	0	0	5	0	0	0	0	0	0	1	45	32	0	1.27826385363343	1.73335341749004	7.36715123658812
34	C	0.0	0.0	61	182	0	0	0	0	1	0	1	0	0	0	0	7	45	12	I	1	50	B	12	70	193	42	10	0	1	0	0	83	34	460	52	0	10	10	0	1	9	55	19	1	0	0	0	0	0	0	0	0	0	0	46	40	0	6.02748768781039	5.54347274687699	12.2017238420937
28	C	10.0	8.0	61	134	2	0	0	0	0	1	0	0	1	1	0	12	35	12	I	1	33	B	12	76	151	35	9	0	0	0	0	80	37	380	59	0	10	10	2	0	3	60	20	0	0	0	0	0	0	0	0	0	0	0	43	40	0	2.73561608057478	2.13522464644088	4.70659523639217
29	C	0.0	1.0	65	115	0	0	1	0	0	1	0	0	0	0	0	12	25	20	H	1	37	B	15	60	131	30	11	1	0	0	0	62	20	440	51	0	9	9	1	0	5	65	20	0	0	0	0	0	0	0	0	0	0	0	46	36	1	9.83808090850582	1.83820387033642	9.08121997197355
33	C	0.0	0.0	63	128	0	0	0	0	1	0	1	0	0	0	0	9	35	13	I	1	30	B	13	86	146	38	7	0	1	0	0	79	33	510	66	0	9	10	2	0	3	58	16	0	0	0	0	0	0	0	0	0	0	0	47	44	0	3.74825916534343	3.14502650942695	6.02911419584417
17	E	15.0	3.0	63	103	0	0	0	0	0	0	1	1	1	0	0	9	5	8	I	1	17	B	11	48	129	20	11	0	0	0	0	75	37	300	58	1	10	10	1	0	5	60	19	0	0	0	0	0	0	0	0	0	0	0	45	39	0	2.93417913538296	2.16509605210587	6.90224773413637
20	C	0.0	0.0	63	102	1	0	1	0	0	2	0	1	1	0	0	10	25	16	I	1	37	B	12	66	132	23	11	2	0	0	0	81	24	355	60	1	8	10	2	0	8	60	19	0	0	0	0	0	0	0	0	0	0	0	43	35	1	10.1308418431464	4.03036706957997	9.06406835355314
23	C	0.0	0.0	62	99	0	0	2	0	0	2	0	1	2	0	0	11	45	23	I	1	50	B	12	70	123	24	11	3	0	0	0	77	27	350	44	1	8	10	2	0	8	52	16	0	0	0	0	0	0	0	0	0	0	0	45	31	1	13.050468243574	7.62295388705061	13.5134094951516
18	C	4.0	2.0	69	140	0	0	2	0	1	0	0	0	0	0	0	10	25	15	I	1	20	B	12	60	168	23	7	0	0	0	0	74	34	450	44	1	9	10	2	0	3	73	23	0	0	0	0	0	0	0	0	0	0	0	47	40	0	-3.96938084468266	-3.02108488268201	0.427876085578319
19	C	20.0	7.0	65	238	0	0	0	0	0	2	0	0	0	0	0	9	15	30	I	1	20	E	12	68	241	27	6	0	0	0	0	81	34	425	76	1	9	10	1	0	3	71	23	0	0	0	0	0	0	0	0	0	0	0	46	45	0	-0.10287271190351	-0.481711653992466	7.43478787260662
17	C	0.0	0.0	64	120	0	0	0	0	0	0	0	0	0	1	0	10	5	10	I	1	27	E	12	60	142	29	10	0	0	0	0	74	38	285	40	0	9	10	0	3	8	69	23	0	0	0	0	0	0	0	0	0	0	0	44	42	0	0.788099989107986	-0.622228130506327	5.54465297124396
18	C	0.0	0.5	64	120	0	0	0	0	0	0	0	0	0	2	0	10	35	10	I	1	33	E	12	70	146	22	10	0	0	0	0	80	31	325	50	1	9	10	1	0	11	78	26	0	0	0	0	0	0	0	0	0	0	0	44	39	0	-4.57837930412717	-4.55051847889054	2.21934676394607
18	C	5.0	1.0	64	110	0	0	1	0	0	0	0	1	1	0	0	11	15	10	I	1	23	B	15	58	135	19	11	0	1	0	0	84	30	400	58	1	6	10	3	0	5	63	19	1	0	1	0	0	0	0	0	0	0	1	46	36	0	1.98308111761468	1.20718420622163	4.10400599216546
21	C	0.0	0.0	62	120	0	0	0	0	0	1	1	0	0	2	0	11	25	17	I	1	47	B	11	60	153	25	12	0	0	0	0	66	27	350	53	0	8	10	2	0	5	70	23	0	0	0	0	0	0	0	0	0	0	0	45	42	0	-0.248230998118426	-1.06244528083037	3.03865341261541
22	C	2.0	1.0	58	102	0	0	1	0	0	0	0	0	0	0	0	12	25	15	I	1	47	B	14	50	109	24	12	0	0	0	0	81	28	350	36	0	10	10	2	0	5	50	16	0	0	0	0	0	0	0	0	0	0	0	47	40	0	6.20087861792511	6.7381354647054	10.5312777673092
30	C	5.0	12.0	65	130	1	0	2	0	0	3	0	0	0	0	0	12	35	20	I	1	37	B	12	72	158	32	10	1	0	0	0	81	35	575	74	1	9	10	2	0	3	58	18	0	0	0	0	0	0	0	0	0	0	0	47	42	0	5.49700149014956	3.97069856801958	8.02834555160324
18	C	5.0	1.0	58	118	0	0	2	0	0	2	2	0	1	0	1	10	35	12	I	1	33	B	14	50	124	19	8	0	1	0	0	81	38	425	65	1	9	10	0	2	6	70	22	5	0	0	0	0	0	0	0	0	0	0	45	37	0	-0.925768729768761	-1.21598243308653	4.8499348372625
20	C	0.0	0.0	64	165	0	0	0	0	0	2	1	0	2	0	0	11	25	15	I	1	37	B	10	78	177	23	10	0	0	0	0	80	27	300	58	0	8	10	3	0	16	51	15	0	0	0	0	0	0	2	0	0	0	0	44	39	1	14.6506499847717	8.69383544888483	15.3617452719547
19	C	0.0	0.0	58	122	0	0	0	0	0	0	0	0	0	1	0	11	25	10	I	1	47	B	12	60	132	23	12	0	0	0	0	82	38	375	50	0	9	10	2	0	4	57	18	0	1	0	0	0	0	0	0	0	0	0	44	40	0	2.28515408333218	3.03526935796117	5.17243058131487
34	C	0.0	0.5	65	202	0	0	2	0	0	2	0	0	0	1	0	9	25	20	I	1	27	B	14	80	221	38	9	0	0	0	0	82	30	425	47	0	9	10	3	0	6	75	24	0	0	0	0	0	0	0	0	0	0	0	46	43	1	3.70024222916781	-2.64844423756352	2.5885468130093
16	C	0.0	0.0	62	108	0	2	0	0	0	2	0	0	0	1	0	11	55	10	I	1	43	B	14	60	122	22	11	0	0	0	0	79	32	490	73	1	9	10	2	1	11	67	22	0	0	0	0	0	0	0	0	0	0	0	47	37	0	11.2511186594285	11.4275837655266	4.16325349923485
33	C	0.0	0.0	60	150	0	0	0	0	0	0	2	0	0	0	0	4	25	33	I	1	13	B	11	60	185	40	3	0	1	0	0	78	35	350	39	1	10	10	1	0	6	60	19	0	0	0	0	0	0	0	0	0	0	0	44	42	0	5.90391169480216	5.49207236961635	14.8999543864981
32	C	5.0	16.0	61	105	0	0	0	0	0	2	3	0	2	0	0	11	45	16	I	1	50	B	13	70	124	39	10	0	1	0	0	79	37	375	73	0	7	9	0	1	4	68	21	0	0	0	0	0	0	0	0	0	0	0	44	40	0	-0.362835342680763	-0.418792605635835	5.56912858659854
19	C	10.0	2.0	64	110	0	0	0	0	0	3	1	0	0	0	0	8	25	20	I	1	15	E	12	70	141	23	6	0	0	0	0	83	40	385	51	1	9	10	2	0	7	59	20	0	0	0	0	0	0	0	0	0	0	0	49	39	0	4.95058280354536	4.95823682849808	10.7727996295494
19	C	0.0	0.0	67	115	0	0	0	0	0	0	2	1	1	0	1	11	65	18	I	1	43	B	13	85	125	23	6	0	0	0	0	79	34	350	29	0	10	10	1	1	8	56	18	0	0	0	0	0	0	0	0	0	0	0	46	39	0	6.69135389400038	5.92536731518314	13.6837523993356
17	C	7.0	2.0	61	115	0	0	0	0	0	2	0	1	1	0	0	8	55	22	I	1	57	B	12	58	122	20	11	1	1	0	0	72	23	350	38	0	10	10	1	0	3	56	18	0	0	0	0	0	0	0	0	0	0	0	44	43	1	13.438018158198	4.83908039818771	11.2894664530523
33	C	10.0	5.0	61	155	0	0	0	0	0	0	0	0	2	0	0	8	45	10	I	1	27	B	11	80	194	34	5	1	0	0	2	77	32	375	65	1	9	8	1	0	3	57	20	0	0	0	2	0	0	0	0	0	0	0	44	42	1	8.72445342544168	1.97611061833988	7.55413820131698
27	C	0.0	0.0	61	114	0	0	0	0	2	0	1	0	0	0	0	12	35	15	I	1	63	B	11	70	130	31	12	1	1	0	0	83	36	415	45	1	9	10	3	0	3	62	22	0	0	0	0	0	0	0	0	0	0	0	47	38	0	1.71382726065825	1.42104968303946	4.14827863202717
24	C	6.0	6.0	63	136	0	0	0	0	0	0	1	0	0	1	0	12	25	17	I	1	30	B	15	55	141	24	10	0	0	0	0	83	31	350	42	1	9	10	2	0	8	63	20	0	0	0	0	0	0	0	0	0	0	0	46	37	0	2.45573689357172	3.00858977275693	8.338589201118
25	C	7.0	7.0	62	119	0	0	0	0	0	3	1	0	0	0	0	12	35	20	I	1	37	B	15	54	138	25	10	0	0	0	0	77	34	275	61	1	8	9	3	0	5	70	22	0	0	0	0	0	0	0	0	0	0	0	49	40	0	-2.20524151413035	-0.596612465453591	4.16068881634345
29	C	0.0	9.0	65	116	0	2	2	0	0	0	0	0	1	1	0	10	25	15	I	1	23	B	16	60	136	42	6	0	0	0	0	74	33	930	44	0	9	10	2	0	8	72	23	0	0	0	0	0	0	0	0	0	0	0	44	39	0	9.24683059639929	9.65111739768651	3.25704447051096
29	C	0.0	9.0	65	116	0	2	2	0	0	0	0	0	1	1	0	10	25	15	I	1	23	B	16	60	136	42	6	0	0	0	0	82	35	930	38	0	9	10	2	0	6	57	18	0	0	0	0	0	0	0	0	0	0	0	45	39	0	16.0377750816894	15.6945863130859	8.77981012973331
28	C	5.0	4.0	65	137	0	0	2	0	0	1	0	0	1	0	0	9	15	10	I	1	33	B	16	50	146	29	12	1	0	0	1	82	28	325	59	1	9	10	2	0	6	51	17	6	0	0	0	0	0	0	0	0	0	0	48	46	1	9.42003991475288	5.93288938934418	9.01208481354502
28	C	5.0	4.0	65	137	0	0	2	0	0	1	0	0	1	0	0	9	15	10	I	1	33	B	16	50	146	29	12	1	0	0	1	80	31	320	52	0	9	10	2	0	4	59	19	0	0	0	0	0	0	0	0	0	0	0	48	46	1	4.66361142931398	2.43544235612764	4.81487961799621
30	C	5.0	7.0	65	132	0	0	0	0	0	1	0	0	0	0	1	10	55	13	I	1	75	B	17	50	145	31	12	2	0	1	1	76	29	500	52	1	10	10	2	0	3	61	21	0	0	0	0	0	0	0	0	0	0	0	48	42	0	1.80744969367219	1.37056582466426	3.44860310462447
38	C	10.0	15.0	61	165	0	0	0	0	0	1	1	0	2	0	0	8	35	15	I	1	33	B	11	60	175	42	4	0	1	0	1	76	30	325	95	0	6	9	2	0	2	70	17	0	0	0	0	0	0	0	0	0	0	0	44	42	0	-3.30272431322175	-2.10686705848719	0.671852871000073
34	C	10.0	8.0	62	118	0	1	1	0	0	2	1	1	1	0	1	9	25	24	I	1	50	B	13	70	148	43	12	1	1	0	0	79	34	525	64	0	9	10	2	0	4	65	20	0	0	0	0	0	0	0	0	0	0	0	47	45	0	13.6050307923824	12.4966205075082	5.77514345559552
25	C	0.0	0.0	64	128	1	0	2	0	0	2	0	0	2	1	0	10	45	25	I	1	40	B	14	60	148	32	6	1	1	0	0	84	34	400	53	0	9	10	1	0	3	57	18	0	0	0	0	0	0	0	0	0	0	0	47	37	1	11.1327984814966	4.93136546175524	12.0404458605089
27	C	8.0	8.0	63	145	0	1	0	0	0	2	2	0	2	0	1	14	15	13	I	1	63	B	12	70	167	27	15	0	0	0	0	84	31	400	42	0	9	10	2	0	4	69	22	0	0	0	0	0	0	0	0	0	0	0	47	39	0	9.88912270102189	9.24490486100076	0.458899624694275
29	C	0.0	0.0	63	181	0	0	0	0	2	5	2	0	0	0	0	11	25	18	I	1	37	B	12	65	179	32	10	0	1	0	0	77	34	400	48	0	9	10	2	0	9	58	19	0	0	0	0	0	0	0	0	0	0	0	46	41	0	4.78724684920345	5.28255908546369	10.9377379854658
26	C	0.0	0.0	64	140	0	0	0	0	0	1	1	0	0	0	0	9	35	27	I	1	43	B	16	88	158	31	11	2	1	0	1	74	33	385	42	0	4	7	1	0	0	65	19	0	0	0	2	0	0	0	0	0	0	1	46	41	1	5.33151573791202	-0.771046121243345	5.77646698433589
26	C	0.0	0.0	63	150	0	0	0	3	0	0	0	0	0	0	1	11	45	10	I	1	53	B	15	100	176	29	10	0	0	0	0	69	30	295	56	0	8	10	3	0	3	64	19	7	0	0	0	0	0	0	0	0	0	0	44	37	1	1.36648985600058	-0.203200328388345	1.41090851417447
28	C	0.0	0.0	67	226	0	0	0	0	0	0	2	0	1	0	0	12	25	17	I	1	47	B	13	70	255	27	10	0	1	0	0	81	30	355	82	0	8	10	3	0	7	70	22	0	0	0	0	0	0	0	0	0	0	0	48	42	0	-0.882415976239053	-0.564793050935128	4.1564934694622
30	C	0.0	0.0	67	223	0	0	0	0	0	1	1	0	1	0	0	12	25	17	I	1	37	B	13	70	238	28	10	0	1	0	0	77	31	550	61	1	9	10	1	0	3	68	22	0	0	0	0	0	0	0	0	0	0	0	48	42	0	0.272778362631049	-0.438531564167031	5.56989879447372
27	C	6.0	9.0	64	150	0	1	0	0	0	1	0	0	0	2	1	7	45	22	I	1	40	B	12	60	177	35	7	0	0	0	1	79	31	365	58	1	9	10	1	0	6	50	17	0	0	0	0	0	0	0	0	0	0	0	46	36	1	15.3930525435679	18.9531186816442	15.3528046693558
23	C	0.0	8.0	62	147	0	0	0	0	0	1	1	0	0	0	0	9	25	18	I	1	13	B	11	72	152	27	2	0	0	0	0	83	40	310	41	0	10	10	1	1	5	62	21	0	0	0	0	0	0	0	0	0	0	0	44	39	1	11.5804249857422	3.21358319883484	10.591211043705
18	C	0.0	1.0	64	95	0	0	0	0	0	0	2	0	0	0	0	12	35	10	I	1	43	B	10	60	109	18	12	0	0	0	0	82	33	350	69	1	9	10	2	0	6	62	19	0	0	0	0	0	0	0	0	0	0	0	47	39	1	4.87979744154424	1.62760415949738	4.49251090402326
19	E	1.0	2.0	68	130	0	0	0	0	0	4	1	2	1	0	0	10	5	13	I	1	20	B	12	60	141	21	11	0	0	0	0	74	24	300	58	0	7	10	3	0	6	62	18	0	0	0	0	0	0	0	0	0	0	1	45	35	0	3.23612277658043	2.5172753302379	6.63370884595766
16	C	0.5	1.0	63	110	0	0	2	0	0	4	1	0	1	1	0	9	25	15	I	1	37	B	12	68	131	20	10	0	0	0	0	78	35	340	40	1	6	7	3	0	5	63	20	0	0	0	0	0	0	0	0	0	0	0	45	43	0	-0.277407788383715	0.763914526761099	5.70250523509362
24	C	0.0	0.0	62	195	0	0	0	0	0	2	1	0	0	0	0	10	25	13	I	1	57	B	13	84	209	25	12	0	1	0	0	79	30	550	68	0	10	10	3	0	1	72	19	0	0	0	0	0	0	0	1	0	0	1	47	42	0	-2.50576298182754	-4.11424323406741	-2.75084792396205
17	C	0.0	0.0	63	113	0	0	0	0	0	2	1	0	3	0	0	9	25	12	I	1	40	B	11	52	113	18	12	0	0	0	0	83	33	300	46	0	9	10	4	0	7	63	20	1	0	0	0	0	0	0	0	0	0	0	47	35	0	2.51002417589635	1.8996455747994	5.70007894610263
18	C	0.0	0.5	64	150	0	1	0	1	0	0	0	0	0	0	0	9	25	10	I	1	15	E	12	65	166	26	5	0	0	0	0	82	34	575	42	0	5	9	1	0	6	58	18	0	0	0	0	0	0	0	0	0	0	0	47	40	1	10.0939645874116	14.6730737881516	9.08388110792986
37	C	10.0	17.0	59	135	1	0	0	0	0	0	0	0	0	0	0	9	15	10	I	1	7	B	14	60	152	43	6	0	0	0	0	82	39	450	58	0	10	10	2	0	3	56	18	0	0	0	0	0	0	0	0	0	0	0	45	39	1	4.87519483439164	3.6202997707538	6.08871542298983
24	C	0.0	0.0	63	135	0	0	0	0	0	2	1	0	0	0	0	13	15	12	I	1	63	B	12	60	171	28	15	1	0	0	0	82	35	465	70	1	9	10	0	2	4	68	23	0	0	0	0	0	0	0	0	0	0	0	47	46	0	-2.58433284859328	-1.21227764938444	3.65614409283685
21	C	8.0	4.0	65	130	0	1	0	0	0	0	0	0	0	0	0	11	25	15	I	1	37	B	13	60	138	23	11	0	0	0	0	78	35	350	57	0	9	10	2	0	3	58	17	0	0	0	0	0	0	0	0	0	0	0	43	38	0	14.657523689719	14.2713209743578	6.03599151523415
17	C	2.0	2.0	54	97	0	0	2	0	0	0	1	0	0	0	0	9	15	20	I	1	40	B	13	60	114	20	12	0	0	0	0	82	33	375	53	1	10	10	1	0	6	65	20	0	0	0	0	0	0	0	0	0	0	0	48	37	0	1.03601569221428	2.05799847188545	9.56958428725989
25	C	0.0	0.0	62	138	0	0	0	0	0	1	2	1	0	0	0	11	45	30	I	1	37	B	13	68	167	35	6	1	0	0	0	80	33	345	59	0	9	10	1	0	3	69	24	0	0	0	0	0	0	0	0	0	0	0	46	40	0	-1.65314236506041	0.239963157556694	7.85963666161678
17	C	0.0	0.0	64	159	0	0	0	0	0	4	1	0	2	0	0	8	15	13	I	1	30	B	11	50	161	21	11	0	0	0	0	80	29	400	46	0	9	10	2	0	6	52	18	0	0	0	0	0	0	0	0	0	0	0	46	39	1	9.88515382053028	6.21809235717344	10.1877824605523
23	C	10.0	6.0	65	99	0	1	0	0	0	0	2	0	2	0	0	10	45	20	I	1	63	E	12	80	114	24	12	2	1	0	0	63	15	250	38	1	6	7	7	0	10	54	8	0	0	0	2	1	0	0	0	0	0	4	45	36	0	16.9486594230576	16.6114932785436	11.9514494097371
24	C	0.0	0.0	59	95	0	0	2	0	0	1	2	1	1	0	0	12	55	25	I	1	63	B	12	62	109	24	12	1	1	0	0	80	34	250	66	1	5	7	1	0	5	68	20	0	0	0	2	0	0	0	0	0	0	1	49	40	0	0.0820858672046073	-0.554057429951592	7.86332456033166
24	C	20.0	8.0	63	127	0	2	0	0	0	0	1	1	1	1	0	12	55	8	I	1	77	E	13	70	142	36	14	0	1	0	0	82	35	310	78	0	10	10	0	1	3	78	26	0	0	0	0	0	0	0	1	0	0	0	44	42	0	3.45247681912268	3.34780007975515	-5.23340093712723
23	C	0.0	0.0	61	118	0	0	2	0	0	3	0	0	1	1	0	11	25	13	I	1	17	B	13	70	129	23	9	0	0	0	0	79	22	300	51	1	10	10	2	0	7	64	20	0	0	0	2	0	0	0	0	0	0	1	47	37	0	2.7422742555728	1.94857962779947	6.41024874421182
18	C	0.0	0.5	64	125	0	0	0	0	0	3	1	0	0	0	0	10	15	15	L	1	63	E	13	60	152	22	15	0	0	0	0	78	37	500	67	1	9	10	3	0	3	52	17	0	0	0	0	0	0	0	0	0	0	0	47	41	0	4.71451361369173	5.25180591743732	8.01223120058873
26	C	0.0	1.0	61	120	0	1	0	0	2	0	0	1	0	0	0	11	25	15	I	1	23	B	12	70	148	30	6	2	0	0	0	80	33	450	58	1	10	10	1	0	3	62	18	0	0	0	0	0	0	0	0	0	0	0	45	39	0	14.0823612380346	13.0036273805996	7.47117535579582
19	E	1.0	3.0	60	125	0	0	0	0	0	0	0	0	1	0	0	7	5	25	I	1	17	B	16	100	114	22	11	0	0	0	0	76	30	350	31	0	7	10	3	0	7	71	21	0	0	0	0	0	0	0	0	0	0	0	51	37	0	0.303009923718739	0.134415711170236	6.50260090048938
31	C	20.0	10.0	63	115	0	0	0	0	0	0	0	0	0	0	0	12	35	17	I	1	43	B	16	74	143	40	10	1	0	0	1	77	39	350	57	0	9	9	1	0	6	74	24	0	0	0	2	0	0	0	0	0	0	0	45	38	0	-1.08500177638298	-2.52623638979358	4.41702519614878
21	C	0.0	0.0	64	142	0	0	0	0	0	0	0	0	0	1	0	15	5	7	H	1	37	B	13	70	162	23	17	0	0	0	0	75	36	385	52	0	9	10	0	1	8	60	19	0	0	0	0	0	0	0	0	0	0	0	48	36	1	8.56411305972677	2.30269578753029	7.1197432441835
38	C	2.0	2.0	63	115	0	0	0	0	0	0	2	0	2	1	0	7	15	15	I	1	33	B	12	70	143	33	12	0	0	0	0	80	25	380	44	0	9	10	3	0	8	63	19	0	0	0	0	0	0	0	1	0	0	1	43	38	0	1.45082084669897	2.70330625323816	7.60177074842094
38	C	2.0	2.0	63	115	0	0	0	0	0	0	2	0	2	1	0	7	15	15	I	1	33	B	12	70	143	33	12	0	0	0	0	83	34	390	43	0	3	9	3	0	4	60	18	0	0	0	0	0	0	0	0	0	0	0	43	38	1	6.3066847088602	2.93974710718175	6.59773595718556
26	C	8.0	7.0	63	106	0	1	0	0	0	2	0	0	0	1	0	10	35	17	I	1	23	B	13	60	131	38	9	0	0	0	0	83	33	500	61	1	8	10	2	0	3	56	17	0	0	0	0	0	0	0	0	0	0	0	45	37	1	7.87939247257919	15.485115001601	7.88510575306226
23	C	0.0	0.0	62	126	0	0	1	0	0	0	0	0	0	1	1	12	75	13	I	1	70	B	13	60	146	21	12	0	0	0	0	73	32	425	51	0	9	10	1	0	6	64	18	0	0	0	0	0	0	0	0	0	0	0	47	40	0	0.997523161603264	1.19337653556814	6.88054821809981
31	C	0.0	0.0	65	140	0	0	0	0	0	0	1	0	0	0	0	12	35	20	I	1	33	B	13	80	160	37	8	1	0	0	0	83	37	550	39	0	9	10	2	0	5	66	18	0	0	0	0	0	0	0	0	0	0	0	44	40	0	1.73382394750491	1.28465487559679	6.12918963307879
31	C	0.0	0.0	65	140	0	0	0	0	0	0	1	0	0	0	0	12	35	20	I	1	33	B	13	80	160	37	8	1	0	0	0	84	40	550	46	0	7	9	2	0	7	78	20	0	0	0	0	0	0	0	0	0	0	0	45	40	0	-7.28981520855134	-4.03156412757957	1.38277696546469
28	C	7.0	11.0	66	130	0	0	0	0	0	2	1	0	0	0	0	11	35	10	I	1	47	B	12	60	152	31	11	0	1	0	0	79	33	600	77	0	10	10	2	0	3	57	19	0	0	0	0	0	0	0	0	0	0	0	49	40	1	3.17048236544558	2.72051991579212	4.46543177132097
24	C	0.0	0.0	61	147	0	0	0	0	0	4	0	0	0	0	1	8	35	15	I	1	43	B	15	70	147	25	11	2	1	0	0	76	32	425	52	0	9	10	2	0	3	63	20	0	0	0	0	0	0	0	0	0	0	0	43	40	0	1.9172451652092	1.25593971007397	4.33283509214249
25	C	0.0	0.0	62	131	0	0	1	0	0	2	0	0	0	0	0	7	25	18	I	1	27	B	15	70	145	26	9	1	1	0	0	79	32	500	68	0	7	10	1	0	3	67	22	0	0	0	0	0	0	0	0	0	0	0	44	41	0	1.09804060282792	0.264472861246424	6.62553679872699
29	C	0.0	0.0	67	134	0	0	1	0	1	2	1	0	0	0	0	11	45	25	I	1	33	B	12	56	158	30	7	0	0	0	0	75	30	400	61	1	9	10	2	0	5	60	17	0	0	0	0	0	0	0	0	0	0	1	46	40	1	10.2029620986142	4.27461330825143	9.77662503016271
30	C	0.0	0.0	66	134	0	0	2	0	2	1	0	0	0	1	0	11	55	22	I	1	37	B	12	50	165	37	9	0	0	0	0	78	31	450	37	0	9	10	3	0	3	64	21	0	0	0	0	0	0	0	0	0	0	0	46	44	0	1.74326673449146	1.70363943295795	6.01439417881601
31	C	20.0	5.0	67	134	0	0	0	0	1	2	0	0	0	0	0	11	45	25	I	1	43	B	10	68	162	39	10	0	0	0	0	77	31	586	42	1	9	10	1	0	3	60	22	0	0	0	0	0	0	0	0	0	0	0	47	34	0	3.64002133108758	3.71324339358668	10.7587921417879
19	C	10.0	2.0	63	113	0	0	2	0	0	0	0	0	0	0	0	12	55	12	I	1	43	B	13	40	127	20	9	0	0	0	0	77	35	325	50	1	8	8	3	0	9	65	21	0	0	0	0	0	0	0	0	0	0	0	48	34	0	-1.17464554270212	0.268582628904984	5.5604502265632
21	C	9.0	2.0	63	112	0	0	2	0	0	0	0	0	0	0	0	12	45	10	I	1	40	B	12	60	136	22	9	1	0	0	0	82	38	450	59	1	9	10	1	0	7	70	24	0	0	0	0	0	0	0	0	0	0	0	48	38	1	3.27355641494254	-1.4813006862377	4.17039285574657
25	C	3.0	5.0	62	160	0	0	0	0	1	1	0	0	0	1	0	10	35	13	I	1	33	B	13	70	182	28	9	1	0	0	0	82	34	350	64	1	10	10	2	0	6	60	19	0	0	0	0	0	0	0	0	0	0	0	50	42	0	3.30903559644529	3.16878688996095	7.05871727039592
19	C	4.0	4.0	68	150	0	0	2	0	0	4	0	0	0	0	0	8	35	17	I	1	43	B	13	56	161	24	10	0	0	0	0	75	33	475	62	1	9	10	3	0	5	45	13	0	0	0	2	0	0	0	0	0	0	1	46	38	0	8.52344281681179	8.65047431561174	12.9062364181834
23	C	2.0	8.0	64	104	0	0	3	0	0	0	1	0	1	0	0	11	25	23	I	1	57	B	14	74	132	35	12	0	1	0	0	81	36	475	50	0	9	10	1	0	6	55	18	0	0	0	0	0	0	0	0	0	0	0	48	38	1	13.3283898022961	6.15690161017328	13.8033543975082
20	C	10.0	3.0	63	118	0	0	1	0	0	0	1	0	2	0	0	7	25	17	I	1	37	B	12	66	149	28	10	1	2	0	0	76	24	375	36	1	10	10	4	0	8	63	22	0	0	0	4	0	0	0	0	0	0	0	43	35	0	3.25929024345916	2.91828885391742	8.12323961711846
18	C	0.0	0.0	64	143	0	0	1	0	0	0	0	0	0	0	0	11	15	13	I	1	30	B	13	60	148	19	10	0	0	0	0	80	36	375	53	1	7	9	1	0	3	62	20	0	0	0	0	0	0	0	0	0	0	0	47	42	0	1.34625962223772	1.69621127552225	7.03235924375425
30	C	10.0	12.0	63	122	0	1	0	0	0	1	0	0	0	0	0	8	15	12	I	1	30	E	13	76	145	23	10	0	0	0	0	77	39	600	67	1	8	10	1	0	3	60	20	0	0	0	0	0	0	0	0	0	0	0	49	41	1	4.34560379708358	13.2432417145586	6.89776001937501
27	C	20.0	10.0	61	120	0	0	0	0	0	0	0	0	0	0	0	12	25	18	I	1	17	B	11	40	136	34	6	0	0	0	0	82	33	505	61	1	9	10	2	0	8	75	23	0	0	0	0	0	0	0	0	0	0	0	47	40	0	-2.62552787090022	-2.27277114982571	3.41311190661506
38	C	5.0	12.0	62	140	0	0	1	0	0	0	0	0	0	0	0	12	25	20	I	1	37	B	11	68	163	35	11	0	2	0	0	79	35	435	44	1	9	10	2	0	3	62	20	0	0	0	0	0	0	0	0	0	0	0	45	40	0	1.94511386100294	2.35731581969682	6.40098164928109
21	C	3.0	5.0	62	98	0	0	2	3	0	1	0	0	0	1	0	11	15	15	I	1	13	B	16	30	118	22	9	0	0	0	0	82	37	550	68	1	4	10	3	0	3	63	22	0	0	0	1	0	0	0	0	0	0	0	44	41	0	0.916547161755656	1.64511363036028	5.26093685361049
22	C	0.0	0.0	62	218	2	0	1	0	0	1	1	1	0	0	0	5	25	25	I	1	47	B	11	100	234	27	12	0	0	0	0	82	22	450	69	1	10	10	2	0	3	75	24	0	0	0	0	0	0	0	1	0	0	0	47	42	0	-3.08428026887618	-3.31336358167211	1.13618530510963
26	C	10.0	5.0	61	136	0	0	0	0	0	0	0	0	0	0	0	11	25	10	I	1	47	B	15	70	152	33	12	1	0	0	0	79	32	375	58	1	9	10	2	0	4	65	22	0	0	0	0	0	0	0	0	0	0	0	47	40	1	1.50704560400852	-0.245574787678872	1.86315549621183
23	C	2.0	4.0	66	125	0	0	1	0	0	0	0	0	0	0	0	12	55	13	I	1	57	B	16	65	179	23	11	0	0	0	0	74	28	550	54	1	4	9	2	0	3	72	22	0	0	0	0	0	0	0	0	0	0	0	48	41	0	-3.97298166327093	-3.32126102110211	-0.969629577555337
21	C	0.0	3.0	55	125	0	0	0	0	0	3	1	0	1	0	0	10	25	6	I	1	17	B	14	54	143	21	9	0	0	0	0	83	36	375	52	0	9	10	2	0	3	53	18	0	0	0	0	0	0	0	0	0	0	0	44	38	0	3.64095310320739	3.35286221758998	3.8985423483554
22	C	4.0	4.0	64	155	0	0	0	1	0	0	1	0	0	0	0	12	35	15	I	1	33	E	13	90	173	25	8	0	0	0	0	82	28	570	74	0	9	10	2	0	3	68	22	0	0	0	0	0	0	0	0	0	0	0	46	40	0	-0.456773997718152	-0.818081679264344	2.41782097554398
23	C	8.0	8.0	66	120	0	0	0	0	3	0	2	0	1	0	0	10	85	10	I	1	70	B	15	78	141	33	12	0	0	0	0	80	29	350	42	1	10	10	3	0	5	57	17	0	0	0	0	0	0	0	0	0	0	0	44	39	0	2.47478240986558	3.02515972958909	5.10916327743346
20	C	0.0	0.5	68	150	0	0	2	0	0	0	0	0	0	0	0	11	35	20	I	1	27	B	12	60	167	27	7	0	0	0	0	82	38	425	71	0	9	10	2	0	6	61	19	0	0	0	0	0	0	0	0	0	0	0	46	39	0	4.78685459099111	3.7556446938357	9.04813190839614
23	C	0.0	0.0	63	122	0	0	0	0	0	0	0	0	0	1	1	17	55	10	I	1	73	E	13	64	127	24	14	1	0	0	0	95	40	310	49	1	5	10	1	0	6	57	18	0	0	0	0	0	0	0	0	0	0	0	46	38	0	2.42862396606931	3.41010768474226	8.22953365193647
16	C	0.0	0.0	60	120	0	0	0	0	0	0	1	0	1	1	0	9	5	10	I	1	27	B	11	72	145	25	10	0	0	0	0	80	30	500	68	1	9	10	2	0	9	66	22	3	0	0	0	0	0	0	0	0	0	0	48	39	0	0.182025423141731	0.78619481535367	4.76159586985731
37	C	9.0	19.0	61	97	0	0	1	0	0	1	0	0	3	0	0	4	65	20	I	1	47	E	12	60	122	46	11	0	0	0	0	76	24	635	38	1	6	9	2	0	11	49	16	0	0	0	0	0	0	0	0	0	0	0	48	24	1	16.8098905888112	8.997094381384	15.2976287103438
19	C	2.0	1.0	63	128	0	0	0	0	0	0	0	0	0	0	0	12	15	10	I	1	23	B	13	70	148	21	10	0	0	0	0	82	37	400	70	0	4	9	2	0	3	66	22	0	0	0	0	0	0	0	0	0	0	0	48	42	1	2.45279520785661	-0.691438494675958	1.44969689813833
25	C	0.0	0.0	65	125	0	0	0	0	0	0	0	0	0	0	0	12	15	50	I	1	10	B	13	62	154	25	7	0	0	0	0	79	27	400	48	1	10	10	1	0	7	62	18	0	0	0	0	0	0	0	0	0	0	0	46	38	1	18.2559349106494	5.70344242143164	16.5243741652926
19	C	0.0	0.0	61	180	0	0	0	0	0	2	1	0	0	0	0	8	35	20	I	1	33	B	10	80	206	25	3	0	1	0	0	79	39	375	51	1	10	10	1	1	4	66	20	0	0	0	0	0	0	0	0	0	0	0	46	48	0	-1.43643223397679	1.16664123555531	8.12505706144269
22	C	8.0	4.0	63	104	0	0	0	0	0	1	0	0	0	1	0	11	25	10	I	1	37	E	12	68	128	24	10	0	0	0	0	81	30	475	51	1	10	10	1	0	5	65	20	4	0	0	0	0	0	0	0	0	0	0	48	40	1	4.94713839579064	0.329863068732787	5.43444995561778
23	C	10.0	5.0	62	120	0	0	0	0	0	2	0	0	0	1	0	11	65	10	I	1	57	E	12	68	142	25	9	0	0	0	0	81	25	425	40	0	9	10	2	0	7	66	22	0	0	0	0	0	0	0	0	0	0	0	46	40	0	-0.46224676069033	-0.0334789924604721	2.86706429170424
25	E	0.0	9.0	65	138	0	0	1	0	0	2	1	0	2	1	1	10	35	30	I	1	27	B	12	60	148	26	9	0	0	0	0	82	38	425	53	0	10	10	3	0	17	50	12	0	0	0	0	0	0	2	0	0	0	3	45	40	0	10.3167593949962	10.7200611885804	19.7523752551255
23	C	10.0	3.0	61	122	0	0	0	2	0	1	1	1	1	1	0	12	45	10	I	1	60	B	14	64	149	24	12	2	0	0	1	76	30	300	48	0	9	10	1	0	3	70	23	0	0	0	0	0	0	0	0	0	0	0	46	39	0	-3.31154239441949	-2.83178898576373	1.10148314871222
25	C	10.0	7.0	64	110	1	1	2	0	0	2	0	0	0	0	0	15	45	10	I	1	57	B	11	60	132	26	13	0	0	0	0	69	26	450	66	1	9	10	3	0	5	67	19	0	0	0	0	0	0	0	0	0	0	0	46	41	1	-0.210957229267719	9.92627413586214	0.766188702662368
21	C	7.0	1.0	66	127	0	0	0	0	0	0	1	1	0	0	0	11	55	13	I	1	63	B	13	72	153	25	12	2	0	0	0	74	34	550	55	1	9	9	1	0	4	54	18	0	0	1	0	0	0	0	0	0	0	0	49	39	0	4.36092559775845	4.7071151695981	9.87746400543659
38	C	0.125	21.0	62	115	0	0	0	0	0	1	2	0	1	1	0	9	35	25	I	1	37	E	14	60	137	33	9	1	1	0	0	78	37	500	70	1	9	10	2	0	1	67	23	5	0	0	2	0	0	0	0	0	0	0	46	39	0	-1.42646320652344	-0.156273229112327	3.51581290173024
17	C	0.0	0.5	65	117	0	0	2	0	0	1	1	0	1	1	0	8	25	15	I	1	33	B	13	80	131	17	9	1	1	0	0	74	30	275	62	1	5	9	6	0	6	57	14	0	0	0	0	0	0	0	1	0	0	1	46	43	0	5.33338870149159	4.66031603807923	9.00266508833067
20	C	5.0	4.0	62	135	0	0	0	0	0	2	0	0	0	0	0	12	55	10	I	1	57	E	12	65	150	19	11	0	0	0	0	80	34	350	60	1	9	10	2	0	6	67	13	1	0	0	0	0	0	0	0	0	0	0	47	34	0	-1.65031887604922	-0.720056346142248	1.87840054114372
23	C	2.0	0.5	67	132	1	0	0	0	0	1	1	0	2	0	0	12	105	6	I	1	87	B	10	60	150	34	16	0	1	0	0	82	38	350	60	1	8	10	3	0	13	58	19	0	0	0	0	0	0	0	0	0	0	0	47	33	0	3.38896247813688	2.86950394304181	4.99643629608632
20	C	10.0	5.0	63	127	0	0	0	0	0	0	1	0	0	1	0	12	5	10	I	1	5	B	11	74	147	24	8	0	0	0	0	83	39	425	58	0	9	10	2	0	6	64	22	0	0	0	0	0	0	0	0	0	0	0	46	40	0	1.94570526741383	1.27607651986462	4.82011206995948
22	C	0.0	0.0	64	134	0	0	0	0	0	0	1	0	0	0	0	12	25	15	I	1	17	B	15	70	152	27	7	0	0	0	0	77	33	300	69	0	10	10	2	0	5	55	19	0	0	0	0	0	0	0	0	0	0	0	45	38	0	5.3469343480372	5.36254464653464	9.67741645794094
23	C	20.0	2.0	64	140	0	0	0	0	0	0	0	0	1	1	0	10	25	10	L	1	57	B	13	60	167	23	12	0	1	0	0	80	37	425	42	0	10	10	1	0	3	57	17	0	0	0	0	0	0	0	0	0	0	0	44	40	0	3.93059855256584	2.75747493358241	6.79171050636708
19	C	0.0	0.0	67	126	0	0	2	0	0	0	0	0	0	1	0	12	15	15	I	1	33	B	12	60	140	19	10	0	0	0	0	80	28	550	48	1	9	10	2	0	2	56	18	0	0	0	0	0	0	0	0	0	0	0	46	40	1	6.0669494637903	3.82392074584505	6.65403533522706
14	C	0.0	0.0	61	150	0	0	1	0	0	2	1	0	1	1	0	9	5	10	I	1	20	B	10	68	174	19	11	0	0	0	0	79	34	465	55	1	7	10	1	2	8	65	21	0	0	1	0	0	0	0	0	0	0	0	46	39	0	-0.17982981769495	1.271532309116	7.58017231125573
33	C	0.0	0.0	62	210	0	0	2	0	0	4	0	0	1	1	0	7	25	20	I	1	60	B	11	70	202	28	12	2	0	1	0	83	32	575	46	1	8	10	1	0	3	56	18	0	0	1	0	0	0	0	0	0	0	0	48	39	0	4.95484223816244	4.60733962017215	10.730435629295
22	C	0.0	0.0	61	113	0	0	1	0	0	0	0	0	0	0	0	11	15	10	I	1	20	B	13	60	137	27	7	1	0	0	0	78	31	500	52	1	8	10	1	0	3	70	23	0	0	0	0	0	0	0	0	0	0	0	45	43	0	-2.10213442841136	-2.31747622296592	2.32801595632418
32	C	0.0	0.0	63	117	0	2	0	0	0	3	1	0	2	1	1	12	15	20	I	1	30	B	14	58	126	34	11	0	0	0	0	78	30	275	60	0	10	10	2	0	9	61	20	0	1	0	0	0	0	0	0	0	0	0	49	41	1	8.5756450141603	15.2953944466186	9.93735906894224
21	C	0.0	0.0	64	138	0	0	0	0	0	1	0	0	1	0	0	10	25	20	I	1	37	B	12	58	167	25	10	0	0	0	0	77	29	425	54	1	3	6	2	0	4	48	17	0	0	0	4	0	0	0	0	0	0	0	45	39	0	6.49114313892988	6.67957911874644	12.1708987524518
24	C	0.0	5.0	69	178	0	0	0	0	0	3	2	0	0	1	0	9	15	20	I	1	30	B	11	90	184	29	10	1	1	0	0	72	29	250	47	1	4	6	5	0	10	63	13	0	0	0	3	0	0	0	1	0	0	4	46	33	0	3.04684438142804	2.59040353094294	9.92133126464991
28	C	20.0	10.0	67	116	0	0	0	0	0	0	2	0	1	1	0	10	25	12	I	1	37	E	16	72	150	38	12	1	2	0	0	79	33	500	47	0	10	10	1	0	3	77	26	0	0	0	0	0	0	0	0	0	0	0	46	36	0	-4.40136447638298	-5.5856650432057	-0.687517236111436
21	C	25.0	8.0	63	125	0	0	0	0	0	0	0	0	0	2	0	8	45	10	I	1	43	E	13	70	149	23	8	0	0	0	0	81	38	300	38	0	8	10	3	0	9	73	24	0	0	0	0	0	0	0	0	0	0	0	43	41	0	-2.14610084312203	-2.6930572407738	0.968412424009854
42	C	6.0	22.0	65	160	0	0	3	0	0	1	1	0	1	1	0	9	35	20	I	1	37	B	13	80	207	42	11	0	2	0	0	82	35	600	46	0	10	10	2	0	3	53	16	0	0	0	0	0	0	0	0	0	0	0	46	44	1	9.10744551079641	5.8353967064098	9.90920267760029
17	C	33.0	2.0	64	96	1	0	0	0	0	1	0	0	1	1	0	9	25	30	I	1	17	E	12	70	124	19	8	0	0	0	0	75	36	450	50	1	8	10	3	0	1	74	25	0	0	0	0	0	0	0	0	0	0	0	45	36	0	-0.386300143844479	-2.86360826133353	1.64029775017424
42	C	0.0	0.0	64	129	0	0	0	0	0	0	0	0	2	0	0	7	15	15	I	1	40	B	12	80	118	46	12	2	0	0	0	37	14	225	44	1	8	6	4	0	8	69	10	0	0	0	2	0	0	0	0	0	0	2	45	30	0	-1.40683552641525	-1.21666384853646	4.54450309653113
30	C	8.0	13.0	64	120	0	0	0	0	0	0	2	0	1	2	0	12	25	16	D	1	40	B	10	76	143	31	12	0	0	0	0	81	36	500	65	0	10	10	2	1	10	65	20	0	0	0	0	0	0	0	0	0	0	0	45	39	0	2.09128829486785	2.30127090239325	7.77516782319141
32	C	4.0	15.0	63	120	0	0	3	0	0	1	3	0	1	2	0	12	15	18	D	1	40	B	10	70	137	32	12	0	0	0	0	77	36	400	49	1	10	10	0	2	8	68	23	0	0	0	0	0	0	0	0	0	0	0	46	39	0	0.743697050721198	0.961463178964124	8.72980808734212
21	C	5.0	5.0	63	122	0	0	0	0	0	2	3	0	0	1	0	11	35	8	I	1	43	B	12	70	148	26	11	0	0	0	0	78	32	375	50	1	10	10	1	0	4	60	20	0	0	0	0	0	0	0	0	0	0	0	47	39	0	1.25220604513559	1.54595150594789	5.46487001184854
23	C	0.0	0.0	62	125	1	0	0	0	1	3	1	0	1	0	0	11	25	25	I	1	37	B	11	70	148	23	11	1	0	0	0	74	34	325	44	1	9	10	2	0	6	65	22	0	0	0	0	0	0	0	0	0	0	0	45	38	0	2.51955528900416	2.38021332686229	8.1146163749624
32	C	0.0	0.0	66	170	0	0	0	0	0	0	2	0	1	0	0	10	35	10	I	1	43	B	15	98	178	33	10	0	0	0	0	77	36	450	73	1	9	10	1	0	1	67	16	0	0	0	0	0	0	0	0	0	0	0	47	40	1	3.11274932799669	-2.02532494246622	1.23220542162134
19	C	2.0	3.0	63	112	0	0	0	0	0	2	0	0	0	1	0	10	25	13	I	1	30	B	13	60	135	21	10	1	0	0	0	80	31	362	59	0	9	10	1	0	9	56	17	0	0	0	0	0	0	0	0	0	0	0	45	37	1	13.1035238378204	5.60534214744736	12.8683422988117
26	C	0.0	3.0	64	105	0	0	2	0	0	3	0	0	0	1	0	10	25	15	I	1	30	B	14	56	122	26	7	0	0	0	0	75	26	325	48	0	10	10	2	0	6	66	21	0	0	0	0	0	0	0	0	0	0	0	46	38	1	5.19925003957194	0.977704106583045	5.34147583981655
24	E	0.0	0.0	66	143	0	0	0	0	0	0	1	0	0	1	0	12	15	10	I	1	40	B	12	65	174	24	12	0	0	0	0	78	31	500	55	1	9	10	1	0	7	53	18	0	0	0	0	0	0	0	0	0	0	0	46	40	0	5.89984815152208	5.54803908225428	11.2606470488656
36	C	5.0	16.0	66	220	0	0	0	0	0	2	2	0	1	1	0	8	35	15	I	1	25	B	12	85	206	34	4	0	0	0	0	77	35	500	51	0	8	10	2	0	7	64	18	0	0	0	0	0	0	0	0	0	0	0	47	38	0	0.925061185155849	2.15609470573383	6.91540363149663
40	C	0.0	0.0	61	202	0	0	0	0	0	1	0	0	0	0	0	6	25	22	I	1	23	B	11	80	206	52	6	0	0	0	0	76	30	375	71	0	10	10	3	0	3	72	21	0	0	0	0	0	0	0	0	0	0	0	47	37	0	-1.88266260482002	-1.7746948936802	2.75516511394975
16	C	0.0	0.0	61	125	0	0	2	0	0	0	2	0	0	1	0	10	25	20	I	1	40	B	11	80	136	18	11	1	1	0	0	80	32	475	47	1	10	10	1	0	3	60	19	0	1	0	0	0	0	0	0	0	0	0	45	35	0	3.91256943476737	3.30352424445895	9.76693143122392
21	C	0.0	0.0	61	113	0	0	1	0	0	0	1	1	0	0	0	10	45	13	I	1	40	B	13	60	135	22	7	0	0	0	0	73	34	425	46	0	9	10	1	0	6	67	22	0	0	0	0	0	0	0	0	0	0	0	43	37	1	6.50593752447829	0.254213513115368	6.4594978191445
21	C	0.0	0.0	61	112	0	0	0	0	0	0	0	0	1	0	0	10	55	17	I	1	57	B	13	60	134	24	11	0	0	0	0	81	39	400	41	0	8	10	1	0	8	64	22	0	0	0	0	0	0	0	0	0	0	0	43	42	0	1.83066747363462	2.39995152039999	9.71287090306439
29	C	0.125	9.0	64	127	0	0	0	0	0	0	1	0	0	1	0	10	45	13	I	1	70	B	11	60	148	27	12	0	0	0	0	90	37	375	55	0	9	10	0	1	5	62	22	0	0	0	0	0	0	0	0	0	0	0	45	39	0	0.161414891067319	1.78226098294565	7.15479717856181
30	C	0.0	0.0	65	127	0	0	0	0	0	0	2	0	0	0	0	11	55	12	I	1	73	B	11	60	162	28	12	0	0	0	0	83	35	450	50	1	9	9	0	1	3	61	20	1	0	0	0	0	0	0	0	0	0	0	49	41	0	-0.0470711492489708	1.38256269182391	5.70950322073499
28	C	0.0	0.0	62	197	0	0	0	0	0	2	0	0	1	2	0	12	35	12	I	1	57	B	13	94	214	38	12	0	0	0	0	79	30	400	57	1	9	10	1	0	4	69	20	0	0	0	0	0	0	0	0	0	0	0	45	40	1	4.19253040204216	-1.59679514169054	3.37328606153454
18	E	2.0	0.5	62	127	0	0	2	0	0	0	0	0	0	2	0	12	45	17	I	1	60	B	12	78	163	22	12	0	0	0	0	83	31	450	46	0	9	10	2	0	6	66	19	0	0	0	0	0	0	0	0	0	0	0	46	46	0	0.660465201892883	0.859856764113855	5.06921203424309
24	D	0.0	0.0	63	119	0	0	1	0	0	0	1	0	0	1	0	10	75	18	L	1	80	B	12	66	150	31	12	1	1	0	1	77	34	350	61	0	9	10	1	0	8	55	18	5	0	0	0	0	0	0	0	0	0	0	46	40	0	5.467372404096	5.827933317422	12.9381779442164
19	C	0.0	0.0	69	160	0	0	0	0	0	2	0	0	0	1	0	11	105	12	I	1	53	B	14	70	222	20	10	0	0	0	0	78	30	400	55	0	9	10	1	0	3	58	18	0	0	0	0	0	0	0	0	0	0	0	46	34	0	3.01293154295261	2.83649408909558	7.52561623485939
16	C	0.0	0.5	62	130	0	0	0	0	0	0	0	0	0	0	0	9	25	10	I	1	47	E	12	70	170	20	12	0	0	0	0	80	41	450	47	0	8	9	2	0	7	67	23	0	0	0	0	0	0	0	0	0	0	0	45	40	1	2.81723666987741	-0.353153384662031	2.72023154657017
17	C	0.0	0.0	63	150	0	0	0	0	0	2	0	0	0	0	0	9	25	30	I	1	47	E	13	78	179	21	12	0	0	0	0	81	36	375	42	0	8	10	2	0	3	75	21	0	0	0	0	0	0	0	0	0	0	0	44	40	0	-3.79066267026302	-2.95981558959962	1.99097105078594
21	C	1.0	0.5	63	185	0	0	1	0	0	3	0	0	2	1	0	10	35	17	I	1	33	B	12	80	202	27	8	0	0	0	0	77	31	500	50	1	9	10	1	2	3	51	16	5	0	1	0	0	0	0	0	0	0	0	46	41	0	7.61653078554398	6.41256171585177	12.5512927652417
21	C	3.0	4.0	63	100	0	0	1	0	0	0	0	0	1	1	0	10	25	12	I	1	30	B	12	70	127	25	11	1	0	0	0	81	38	350	50	0	9	9	2	0	7	55	17	0	0	0	0	0	0	0	0	0	0	0	45	39	0	6.64187847329338	5.20122460526632	9.20760831493902
27	C	0.0	2.0	66	126	0	0	0	0	0	1	0	0	1	1	0	12	25	14	I	1	30	B	13	70	140	26	10	0	0	0	0	79	35	400	46	0	10	10	2	0	5	69	22	0	0	0	0	0	0	0	0	0	0	0	44	43	0	-1.22909174737728	-0.792215963354894	3.0259501775007
21	C	18.0	10.0	61	102	0	0	0	0	0	0	0	0	0	1	0	9	45	10	L	1	50	E	11	78	134	28	12	1	1	0	0	75	35	225	41	1	10	10	1	0	4	65	21	0	0	0	0	0	0	0	0	0	0	0	46	43	1	6.43928502958048	-0.119355662542656	4.40231122775007
21	C	5.0	3.0	68	100	0	0	0	0	0	1	0	0	2	2	0	11	15	10	I	1	17	B	18	50	134	22	6	0	0	0	0	74	32	350	49	1	8	10	2	0	9	68	22	0	0	0	0	0	0	0	0	0	0	0	47	35	0	0.334519950248941	0.0152058684571119	4.16330087298748
21	C	35.0	5.0	66	124	0	0	0	0	0	1	0	0	0	1	0	12	65	10	I	1	57	E	12	70	135	22	10	1	0	0	0	82	39	400	80	0	9	10	1	0	3	74	23	0	0	0	0	0	0	0	0	0	0	0	46	40	1	-1.28001075353659	-4.73156438912052	-0.762226877373812
22	C	0.0	0.0	62	167	0	0	1	0	0	1	0	0	0	1	0	11	35	14	I	1	60	B	11	60	205	26	12	0	1	0	0	83	42	375	74	0	2	6	1	0	3	57	18	0	0	0	4	0	0	0	0	0	0	0	47	40	0	2.61625336948586	2.30774585865526	8.36988432183239
31	C	0.0	0.0	65	146	0	0	1	0	0	1	1	1	1	1	0	8	35	20	I	1	33	B	11	76	179	26	7	0	2	0	0	79	34	375	74	0	10	10	2	0	3	66	21	0	0	0	0	0	0	0	0	0	0	0	46	39	1	5.55279655271973	0.687324278968204	4.78744930121657
28	C	5.0	7.0	63	105	0	0	1	0	0	0	1	0	0	2	0	12	55	15	I	1	60	B	16	60	116	36	13	2	0	1	0	79	37	375	44	0	10	10	2	0	7	65	21	0	0	0	0	0	0	0	0	0	0	0	48	39	0	1.38672367478024	1.27314610860863	5.40666534444845
19	C	0.0	0.0	61	130	0	0	0	0	0	0	1	0	0	1	0	8	25	17	I	1	30	B	13	64	134	25	7	0	0	0	0	80	32	300	40	0	9	10	2	0	5	58	19	0	0	0	0	0	0	0	0	0	0	0	44	35	0	4.83409984509029	4.32078645564496	8.76934405104237
43	C	0.0	7.0	63	175	0	0	0	0	0	0	3	0	1	1	0	5	35	6	I	1	40	B	13	70	180	45	9	0	2	0	0	75	33	350	52	1	10	10	4	0	8	76	17	0	0	0	0	0	0	0	0	0	0	0	44	38	0	-5.1768302323989	-5.60329831357409	-3.91336403796971
28	E	0.0	8.0	69	234	0	0	0	0	0	1	0	0	0	2	0	11	45	7	I	1	35	B	13	70	250	40	6	2	2	1	0	78	37	450	76	1	8	9	3	0	9	64	22	0	0	0	0	0	0	0	0	0	0	0	49	40	0	1.95564032601004	0.707269983494413	3.34224743850038
22	C	10.0	6.0	65	150	0	0	0	0	0	0	0	0	1	2	0	11	45	13	I	1	40	B	11	70	166	27	9	0	0	0	0	86	40	500	58	0	9	10	0	1	3	71	22	0	0	0	0	0	0	0	0	0	0	0	45	41	0	-2.31512693732311	-2.45825511919384	2.66455161127046
18	E	11.0	4.0	59	101	0	0	1	0	0	0	2	0	0	1	0	9	5	10	I	1	10	B	13	70	114	23	9	1	0	0	0	78	33	250	59	1	10	10	1	0	3	63	21	0	0	0	0	0	0	0	0	0	0	0	43	39	0	1.18021377999828	0.945114075390185	5.79994307167117
19	E	0.0	0.0	62	125	0	0	1	0	0	2	0	0	5	0	0	12	25	17	I	1	35	B	11	60	150	25	11	0	1	0	0	80	34	325	50	0	9	10	2	0	7	65	20	0	0	0	0	0	0	0	0	0	0	0	44	37	1	7.07938048619199	1.85949871594932	6.81377721071707
27	C	0.0	0.0	59	135	0	0	0	0	0	1	2	0	0	1	0	9	45	20	I	1	30	B	13	60	158	31	8	4	1	0	0	84	32	300	54	0	9	10	1	0	8	62	20	0	0	0	0	0	0	0	0	0	0	0	45	38	0	2.57489985527793	3.93094396366436	12.2091743330465
14	E	3.0	2.0	61	127	0	0	1	0	1	0	1	0	1	1	0	8	25	20	I	1	30	B	11	60	156	20	10	0	0	0	0	80	34	500	43	1	10	10	2	0	4	64	19	0	0	0	0	0	0	0	0	0	0	0	47	41	1	6.57395561514094	1.91511996828508	6.46874181620608
25	C	0.0	4.0	60	107	0	0	0	0	0	2	1	0	3	0	0	12	15	10	H	1	20	B	12	70	112	27	10	0	1	0	1	78	38	310	37	0	10	10	2	0	5	61	20	0	0	0	0	0	0	0	0	0	0	0	45	41	0	1.68861595166046	2.08002925268683	5.0382471546602
27	C	0.0	0.0	60	147	0	0	1	4	0	0	0	0	0	1	0	9	35	10	I	1	33	B	13	70	161	26	8	0	0	0	0	73	31	675	55	0	9	9	3	0	12	59	14	0	0	2	0	0	0	0	0	0	0	4	47	50	0	5.30282020357987	4.2225438085403	8.82911580372867
21	C	0.0	0.0	59	119	0	0	0	0	0	2	2	0	1	0	0	7	5	10	B	1	30	E	11	60	147	31	11	2	0	0	0	83	31	410	55	1	10	10	2	0	5	57	18	0	0	0	0	0	0	0	0	0	0	1	44	41	0	3.57835023856453	3.53644061879428	6.32846567448813
23	C	0.0	0.0	64	140	0	0	1	0	0	2	1	0	1	1	0	12	45	13	I	1	50	B	13	66	160	27	10	1	3	0	0	77	32	425	69	0	9	9	2	0	5	61	19	0	1	0	0	0	0	0	0	0	0	0	45	40	1	5.13481571159247	2.28551937374058	5.54781048729148
24	C	0.0	0.0	63	140	0	1	0	0	0	2	1	0	0	0	0	12	55	13	I	1	43	B	11	80	163	29	6	0	0	0	0	78	34	425	58	1	9	10	2	0	8	73	24	4	0	0	0	0	0	0	0	0	0	0	45	40	1	0.946084468107937	8.59316059178299	1.39512932263545
24	C	1.0	8.0	60	121	0	0	0	1	0	1	0	0	1	0	0	12	45	8	I	1	40	E	12	70	141	27	9	0	0	0	0	80	35	350	48	1	8	10	3	0	10	58	18	0	0	0	0	0	0	0	0	0	0	0	48	40	0	5.72036769683969	3.627754121881	6.90385105988922
21	C	20.0	4.0	57	115	0	0	0	0	0	4	1	1	1	1	1	13	85	7	I	1	80	E	10	70	136	36	13	0	0	0	0	78	27	400	52	0	5	10	1	0	3	70	21	0	0	0	1	0	0	0	0	0	0	0	44	40	0	-4.99608007513056	-3.9349670737586	-1.55736540448661
20	C	0.0	4.0	64	214	0	0	1	0	0	0	0	0	0	0	0	7	35	13	I	1	57	B	12	80	216	28	12	0	0	0	0	77	37	400	46	0	9	10	3	0	3	69	23	4	0	0	0	0	0	0	0	0	0	2	45	41	0	-0.779339152213382	-1.89824221642896	0.465720736843481
20	C	0.0	2.0	64	190	0	0	2	0	0	3	0	0	0	0	0	8	55	17	I	1	67	B	12	60	207	30	12	0	0	0	0	80	34	465	60	0	10	10	2	0	3	63	20	0	0	0	0	0	0	0	0	0	0	0	46	40	0	0.115406553747673	1.21657096949319	4.24772701528949
28	C	0.0	0.0	65	206	0	0	0	0	0	0	0	0	1	0	0	9	45	18	I	1	55	B	13	88	248	38	11	0	0	0	0	78	30	450	46	0	9	10	2	0	6	45	14	0	0	0	0	0	0	2	0	0	0	0	44	41	1	13.9888935190661	8.87527461742024	13.4104842053513
27	C	0.0	3.0	61	125	0	0	2	0	1	0	0	0	0	0	0	15	25	10	I	1	30	B	13	70	142	26	11	0	0	0	0	81	27	340	72	0	10	10	1	0	3	68	20	0	0	0	0	0	0	0	0	0	0	0	45	39	0	-2.56390775041338	-1.51902781908844	2.95456977854013
23	C	0.0	0.0	66	140	0	0	1	0	0	1	0	1	1	1	0	9	35	20	I	1	33	B	13	60	172	25	11	0	0	0	0	86	30	600	71	1	9	10	1	0	8	65	20	0	0	0	0	0	0	0	0	0	0	0	45	40	0	3.13329148313198	2.61117659660484	10.824634969019
21	C	20.0	2.0	66	135	0	0	1	0	0	0	0	1	1	1	0	12	45	13	I	1	60	B	13	70	152	23	12	1	0	0	0	81	31	450	36	0	6	9	3	0	4	42	14	0	0	0	0	0	0	0	0	0	0	0	46	42	0	7.6121461640773	8.44822468448185	11.238840916708
19	C	0.0	0.0	57	153	0	0	0	0	0	0	0	2	1	0	0	12	15	10	I	1	20	B	9	80	161	24	8	0	0	0	0	77	36	325	37	0	9	10	1	0	7	60	19	0	0	0	0	0	0	0	0	0	0	0	42	41	0	5.32628128745804	3.14897355917476	9.19694529286378
20	C	0.0	0.0	62	147	1	0	2	0	0	0	0	0	0	0	0	9	45	25	I	1	50	B	11	70	165	23	10	0	0	0	0	78	38	450	67	0	9	10	2	0	7	64	20	0	0	0	0	0	0	0	0	0	0	0	46	44	0	1.77880558146253	2.88663006288558	8.6922426915369
20	C	0.0	0.0	61	142	0	0	0	0	0	2	0	1	1	0	0	11	35	10	I	1	43	B	13	70	155	22	11	0	0	0	0	84	36	300	32	0	10	10	2	0	7	71	21	0	0	0	0	0	0	0	0	0	0	0	46	39	1	2.48978749043711	-2.15870368803298	0.969528597099467
38	C	0.0	0.0	61	102	0	0	0	0	0	0	1	0	0	1	0	10	35	20	I	1	33	B	15	90	114	34	2	0	1	0	0	80	29	365	46	1	10	10	1	0	3	67	21	0	0	0	0	0	0	0	0	0	0	0	45	35	0	0.305437299538653	0.404604904556937	6.9668952911286
18	C	0.0	0.0	62	115	0	0	0	0	0	0	0	0	0	0	0	11	35	5	I	1	53	E	13	70	141	21	12	0	0	0	0	79	33	560	84	0	8	10	2	0	3	58	20	0	0	0	0	0	0	0	0	0	0	0	49	42	0	1.26371289928022	0.556242060721183	-0.220159553902528
41	C	0.0	0.0	63	158	0	0	1	0	0	2	0	0	0	1	0	4	35	27	I	1	23	B	12	70	168	49	8	3	1	0	0	65	30	600	63	1	9	10	2	0	8	66	21	0	0	0	0	0	0	0	0	0	0	0	49	41	0	4.09389656408727	2.73448162450199	9.5064888485902
22	C	0.0	3.0	61	106	0	0	1	0	0	2	0	0	0	0	0	10	25	10	I	1	30	E	15	68	132	25	9	0	0	0	0	79	31	500	54	0	7	9	1	0	3	48	16	0	0	0	0	0	0	0	0	0	0	0	46	41	0	4.4871136919888	6.27777630843997	10.8189389766158
23	C	0.0	1.0	61	112	0	0	1	0	0	1	1	0	0	0	0	10	25	20	I	1	30	E	15	70	144	26	8	0	0	0	0	77	37	675	65	1	2	9	2	0	7	69	22	0	0	0	0	0	0	0	0	0	0	0	50	41	0	0.833904199317972	0.458916190528352	5.96550585180217
23	C	20.0	3.0	64	112	0	0	1	0	0	2	1	0	0	0	0	10	35	20	I	1	57	B	14	70	131	28	12	1	1	0	0	79	36	350	63	0	10	10	3	0	3	68	22	4	0	0	0	0	0	0	0	0	0	0	44	43	0	0.410538943755564	-0.521457134904205	3.14510705817261
31	C	0.0	0.0	64	160	0	0	0	0	0	0	0	0	1	0	0	12	35	16	I	1	43	B	12	70	190	33	10	0	1	0	0	80	39	550	75	0	10	10	0	1	5	71	23	0	0	0	0	0	0	0	0	0	0	0	46	39	1	4.23679889652985	-1.44936413657119	5.00260427854834
21	C	0.5	3.0	64	99	0	1	0	0	0	2	0	0	2	1	0	15	105	10	I	1	70	B	13	70	126	24	11	0	0	0	0	83	35	350	47	0	8	10	2	0	9	58	18	0	0	0	0	0	0	0	0	0	0	0	46	39	0	14.8213050396119	14.4756719924693	6.28158390594779
23	C	4.0	7.0	64	147	0	0	0	0	0	0	0	0	0	1	0	12	25	8	I	1	57	E	11	70	185	30	12	0	0	0	0	79	38	625	65	0	9	10	1	0	3	58	18	0	0	0	0	0	0	0	0	0	0	0	46	43	0	3.00296732121165	1.8455382743691	5.13142544602529
17	C	0.0	0.0	69	165	0	1	0	0	0	0	0	0	0	0	0	11	25	10	I	1	50	E	14	80	174	19	11	0	0	0	0	75	27	350	36	0	9	10	2	0	4	60	19	0	0	0	0	0	0	0	0	0	0	0	44	41	0	13.3551357693114	12.7219872043314	3.35925644807566
28	C	0.0	0.0	63	132	0	0	0	0	0	0	0	0	1	1	0	12	55	8	I	1	77	B	11	70	180	42	12	0	0	0	0	79	39	425	49	1	9	10	1	0	5	61	20	0	0	0	0	0	0	0	0	0	0	0	48	41	0	0.857576419893254	0.98932832698704	4.6579848704155
22	C	6.0	7.0	65	132	1	0	2	0	0	1	2	0	0	0	0	11	25	13	I	1	27	B	12	62	153	25	11	0	1	0	0	75	36	375	63	1	8	9	3	0	3	56	18	6	0	0	0	0	0	0	0	0	0	2	48	39	0	3.78247448523128	3.9500247656222	6.89455401768981
16	D	0.0	0.0	65	134	0	0	0	0	0	2	0	0	0	1	0	8	45	10	I	1	53	E	12	76	156	17	10	0	0	0	0	76	32	450	55	1	8	10	1	0	5	64	20	0	0	0	0	0	0	0	0	0	0	0	46	44	1	6.67222745839168	0.5586977826583	5.38325779626893
20	C	0.0	0.0	63	157	0	0	0	0	0	0	0	0	1	1	0	10	25	17	I	1	47	B	12	64	178	24	12	1	0	0	0	76	38	450	44	0	9	10	3	0	4	56	19	0	0	0	0	0	0	0	0	0	0	0	47	37	0	4.61142710135051	4.58576136904233	8.38609435497407
16	E	0.0	0.0	63	120	0	0	0	0	0	1	0	0	2	0	0	11	25	15	I	1	30	B	12	78	127	20	10	0	0	0	0	85	36	450	52	0	9	10	1	0	6	58	18	0	0	0	0	0	0	0	0	0	0	0	46	40	0	5.13716439316834	4.47718952223951	11.3359022198095
20	C	0.0	0.0	63	145	0	0	0	0	0	1	0	0	1	0	0	10	25	15	I	1	30	B	14	90	182	27	11	0	0	0	0	78	37	400	49	1	9	10	1	0	7	56	19	0	0	0	0	0	0	0	0	0	0	0	47	37	1	11.128373841276	5.48262616132245	12.6461884071548
27	C	1.0	4.0	61	162	0	0	0	0	0	0	1	0	1	0	0	8	45	20	I	1	40	B	12	60	206	29	8	1	0	0	0	77	33	575	54	1	9	10	1	0	8	51	16	0	0	0	0	0	0	0	0	0	0	0	47	39	0	9.12455334303866	7.97875427872365	16.1147222005038
21	C	10.0	6.0	61	125	0	0	0	0	0	2	0	0	0	0	0	7	35	19	L	1	23	B	10	80	143	21	9	1	0	0	1	79	30	325	48	0	3	6	6	0	5	29	9	0	0	0	3	0	0	0	0	0	0	1	46	34	0	12.0598884408068	11.9438472921426	17.9310781139091
23	C	30.0	5.0	62	120	0	0	0	0	0	2	1	0	0	0	0	11	35	17	I	1	37	B	13	60	158	27	11	0	0	0	0	80	32	400	61	1	9	10	0	1	3	57	19	0	0	0	0	0	0	0	0	0	0	0	49	40	0	3.72570552632796	4.18417379150516	10.2326633087917
16	C	0.0	0.0	66	112	0	2	1	0	0	1	0	0	0	1	0	6	35	18	I	1	33	B	12	80	142	22	9	0	2	0	0	79	29	425	37	1	10	10	1	0	3	59	19	0	0	0	0	0	0	0	0	0	0	0	45	40	1	8.88045984093774	14.4805520450997	9.32694588094764
24	C	15.0	1.0	63	96	0	0	0	0	0	2	0	1	0	0	0	11	45	12	I	1	43	E	14	64	122	31	11	0	1	0	0	78	33	275	42	1	7	10	1	0	5	61	21	0	0	0	0	0	0	0	0	0	0	0	46	42	0	3.29803724622973	2.36179136285867	7.96199388061728
25	C	0.0	0.0	63	133	0	0	0	0	0	3	1	0	0	1	0	12	35	18	I	1	60	B	13	70	153	27	12	1	0	0	0	79	36	375	48	0	10	10	1	0	5	65	20	0	0	0	0	0	0	0	0	0	0	0	45	40	0	-0.446031850217793	1.3263898019127	7.8534743805603
27	C	0.0	4.0	62	160	0	0	0	0	0	0	0	0	1	0	0	13	45	13	I	1	70	B	12	60	195	28	16	0	0	0	0	81	37	350	51	1	10	10	2	0	10	53	17	0	0	0	0	0	0	0	1	0	0	0	48	42	0	6.516351495979	6.22789259987389	10.5754042377113
19	C	0.0	1.0	58	115	0	0	2	0	0	3	0	0	0	0	1	8	35	10	I	1	30	E	13	60	125	22	6	0	0	0	0	77	38	650	48	0	9	10	2	0	3	56	19	0	0	0	0	0	0	0	0	0	0	0	49	32	0	4.26649155636711	3.31880485948594	5.36971051635198
18	C	20.0	2.0	62	105	0	0	2	0	0	2	0	0	0	0	0	11	15	7	I	1	47	E	13	70	142	20	11	0	0	0	0	86	39	475	58	0	9	10	2	0	6	68	20	0	1	0	0	0	0	0	0	0	0	0	44	37	0	-0.643121278232376	-1.89630760773746	-0.329880416066801
29	C	0.0	0.0	61	142	0	1	1	0	0	0	1	0	4	1	0	12	35	25	I	1	33	B	13	60	163	29	8	1	2	0	0	79	31	350	53	0	10	10	2	0	9	59	23	0	0	0	0	0	0	0	0	0	0	0	44	33	1	11.0951969070339	16.5115431178824	11.7422780947282
28	C	0.0	0.0	61	116	0	0	0	0	0	0	2	0	0	0	0	12	25	15	I	1	47	B	15	60	137	28	12	1	1	0	0	75	28	550	29	0	9	10	1	0	4	66	22	0	0	0	0	0	0	0	0	0	0	0	44	40	0	-0.634450248457755	0.382738595125197	6.23571043026906
25	C	0.0	6.0	62	127	0	0	0	0	0	0	0	0	2	0	1	13	95	8	I	1	93	E	13	74	147	27	15	0	0	0	0	79	31	675	50	0	9	10	2	0	9	58	15	0	1	0	0	0	0	0	0	0	0	0	45	37	0	1.70785598559371	2.75522690927512	4.85074182572393
30	C	0.0	0.0	64	168	0	0	0	0	0	1	1	0	1	1	0	9	35	20	I	1	43	E	14	80	176	32	11	0	1	0	0	76	32	525	50	1	9	10	2	0	9	60	20	0	0	0	0	0	0	0	0	0	0	0	47	41	0	4.96946042273362	4.63006262263935	10.4803508605714
18	C	0.0	0.0	65	118	0	0	0	0	0	1	0	0	0	0	0	11	35	10	I	1	53	E	14	60	124	23	12	0	0	0	0	88	37	550	60	1	8	10	1	0	8	65	22	0	0	0	0	0	0	0	0	0	0	0	46	39	0	1.50223213430719	0.846363048752937	6.56622888160683
26	C	20.0	2.0	64	137	0	0	0	0	2	0	0	0	1	0	0	12	45	10	I	1	43	B	13	74	157	34	11	0	0	0	0	77	33	450	58	1	9	10	2	0	3	57	17	0	0	0	0	0	0	0	0	0	0	0	46	38	0	3.36750938636706	2.771745883059	4.58759543125563
21	C	0.0	1.0	66	146	0	0	1	0	0	0	0	0	0	0	0	11	25	10	I	1	37	B	14	94	160	24	11	0	0	0	0	77	30	375	70	0	9	10	3	0	4	69	22	0	0	0	0	0	0	0	0	0	0	0	46	34	1	2.47262335591292	-1.91995891426958	0.350804672731736
17	E	0.0	0.0	64	110	0	0	0	0	0	2	1	0	1	1	0	11	25	25	I	1	30	B	12	70	118	19	11	0	0	0	0	79	37	425	50	0	7	9	3	0	9	60	17	0	0	0	2	0	0	0	0	0	0	1	46	38	1	12.4266865148151	5.24564196764718	11.9631468585563
21	C	0.0	1.0	63	135	0	0	0	0	0	1	0	0	0	0	0	12	35	10	I	1	37	B	12	100	161	23	11	0	0	0	0	83	37	375	65	0	9	10	2	0	3	60	20	0	0	0	0	0	0	0	0	0	0	0	45	41	1	4.85285325437915	1.66918309193103	3.58152741595604
22	C	18.0	3.0	64	145	0	0	0	0	0	0	1	0	0	0	0	12	55	8	I	1	63	B	12	90	168	21	12	1	0	0	0	78	31	500	61	0	5	9	2	0	10	55	17	0	0	0	0	0	0	0	0	0	0	0	47	37	0	6.08793448098036	4.47321014059066	7.35256062437052
24	C	0.0	5.0	64	185	0	0	0	0	0	1	0	0	0	0	0	12	45	18	I	1	40	B	13	60	180	29	10	0	0	0	0	76	30	325	55	1	9	10	1	0	7	66	21	0	0	0	0	0	0	0	0	0	0	0	46	34	1	9.68735871303977	1.63902241230153	9.13630118769585
19	C	5.0	4.0	59	112	0	0	2	0	0	0	0	0	1	0	0	11	35	10	I	1	70	B	12	80	119	22	14	0	0	0	0	81	31	450	46	1	10	10	2	0	3	75	24	0	0	0	0	0	0	0	0	0	0	0	46	39	0	-4.24731454580632	-5.56261037200849	-4.29225962361049
14	C	0.0	0.0	61	100	0	1	2	0	0	0	0	0	0	1	0	8	55	20	I	1	30	E	11	70	130	17	9	0	0	0	0	78	37	475	56	0	9	10	1	0	3	64	22	0	0	0	0	0	0	0	0	0	0	0	45	41	0	13.7107237510773	12.6696302875813	7.86047938456952
17	C	10.0	9.0	61	110	0	1	0	0	0	2	1	0	1	0	0	7	15	30	I	1	40	B	11	60	110	23	12	0	0	0	0	79	31	325	31	0	3	3	6	0	8	62	12	0	0	0	2	0	0	0	1	0	0	0	43	32	0	12.972371366858	14.1775448117252	10.5219695916288
22	C	0.0	0.0	67	124	0	0	0	0	0	2	0	0	0	0	0	12	5	10	I	1	17	B	13	80	138	30	10	0	0	0	0	74	30	450	60	1	0	6	3	0	3	65	22	0	0	0	5	0	0	0	0	0	0	0	47	37	0	-1.94586222830064	-1.33895387109124	1.92510603029027
36	C	0.0	7.0	68	170	0	1	0	0	0	1	0	1	0	0	1	11	25	9	I	1	30	B	11	55	170	39	10	0	0	0	0	79	38	500	35	1	9	10	3	0	3	68	23	0	0	0	0	0	0	0	0	0	0	0	47	43	1	0.631746923008518	8.97551660457475	-0.801660123503549
23	C	5.0	5.0	66	120	0	0	0	0	0	2	2	0	1	0	0	9	35	20	I	1	37	E	13	74	143	29	9	0	1	0	0	78	36	350	65	1	3	10	1	0	6	62	22	0	0	0	3	0	0	0	0	0	0	0	48	42	0	5.99316162023715	3.37757569578626	10.953670197982
30	C	10.0	1.0	67	136	0	0	1	0	0	0	0	0	0	0	0	11	35	10	I	1	47	B	12	90	167	32	11	0	0	0	0	76	25	400	39	0	9	9	3	0	7	68	23	7	0	1	0	0	0	0	0	0	0	0	48	32	0	1.2894224548977	-0.807202613356244	2.26224764571197
33	C	0.0	15.0	64	228	0	0	0	0	0	0	1	0	0	0	0	5	45	20	I	1	33	B	13	70	196	41	9	0	0	0	0	79	36	525	90	1	9	10	1	0	5	53	18	0	0	0	0	0	0	0	0	0	0	0	47	35	1	12.3933024778656	6.64883842964348	14.0044731390688
16	C	0.0	0.0	64	137	0	0	0	0	0	2	0	0	1	0	0	11	75	10	I	1	47	E	14	80	175	17	11	0	0	0	0	76	36	500	48	0	9	9	3	0	7	71	24	0	0	1	0	0	0	0	0	0	0	1	44	38	1	0.914294621023181	-2.20992965529986	0.847364937164808
25	C	12.0	9.0	64	103	0	1	0	0	0	1	3	0	0	0	1	9	45	10	I	1	60	B	12	60	127	26	11	2	0	0	0	76	37	550	51	0	9	10	2	0	6	65	19	0	0	0	0	0	0	0	0	0	0	0	45	40	0	10.8015806564751	11.0342769299087	2.15100343047165
33	C	20.0	17.0	67	207	0	0	0	0	0	2	2	1	4	0	0	9	45	12	I	1	50	B	14	60	177	38	11	0	0	0	1	79	29	500	34	0	9	10	2	0	3	66	21	0	0	0	0	0	0	0	0	0	0	0	42	38	1	3.09812627498273	-0.624699769315572	1.62250754054946
16	C	0.0	0.0	63	125	0	0	2	0	0	1	1	2	0	0	0	7	5	12	I	1	17	B	11	62	148	17	8	0	0	0	0	82	36	500	63	0	8	10	2	0	5	71	23	0	0	0	0	0	0	0	0	0	0	0	44	42	1	1.32156208604568	-1.90529458390697	1.65647138173428
24	C	6.0	5.0	61	98	0	0	0	0	0	0	0	0	1	0	0	12	35	17	I	1	53	B	13	60	106	29	12	3	0	0	0	84	31	360	54	0	10	10	3	0	1	56	18	0	0	0	0	0	0	0	0	0	0	0	44	40	1	5.44849173617611	3.40138976738082	5.71510629419646
23	C	7.0	9.0	65	120	0	0	0	0	0	2	0	0	2	1	0	10	45	7	I	1	53	E	14	50	148	21	10	0	0	0	0	82	32	500	59	1	10	10	2	0	4	68	20	0	0	0	0	0	0	0	0	0	0	0	45	41	0	-0.437313829182297	-2.51389047376695	-1.72773210891858
32	C	0.0	0.0	60	118	0	0	0	0	0	0	0	0	0	0	1	11	35	18	I	1	53	B	12	68	151	31	12	0	0	0	0	81	37	600	80	1	9	10	1	0	7	59	19	0	0	0	0	0	0	0	0	0	0	0	46	41	0	4.32529536046067	4.41436987832809	11.7067627704751
35	C	40.0	21.0	64	134	0	0	0	0	0	1	1	3	2	0	0	8	55	20	J	1	43	E	13	80	151	38	8	1	0	0	1	74	34	420	39	0	10	10	2	0	3	65	20	0	0	0	0	0	0	0	0	0	0	0	43	40	1	4.02867333437287	0.999242539022593	4.92509036250836
23	C	4.0	7.0	65	116	0	0	0	0	0	0	0	0	1	0	0	11	25	17	I	1	30	B	15	66	132	26	11	0	0	0	0	81	31	325	48	1	10	10	3	0	3	62	20	0	1	0	0	0	0	0	0	0	0	0	46	42	0	2.73656060992178	2.11007311069362	5.800239816858
25	C	0.0	0.5	65	130	1	0	0	0	0	1	0	0	0	0	0	5	45	20	I	1	53	E	13	70	159	31	11	0	0	0	0	79	35	600	71	0	9	10	2	0	3	67	22	0	0	0	0	0	0	0	0	0	0	0	45	50	0	1.32678130181048	-0.0164353561093873	3.72465026983993
20	C	0.0	1.0	61	110	0	0	0	0	0	0	0	0	0	1	0	6	35	10	I	1	37	E	14	66	134	30	7	0	0	0	0	79	37	400	56	1	9	10	2	0	7	55	19	0	0	3	0	0	0	0	0	0	0	1	46	40	1	9.34613000503066	4.696425744104	7.99011208987738
23	C	20.0	6.0	62	110	0	0	2	0	0	2	2	0	0	1	0	7	45	20	I	1	63	E	13	70	126	28	12	0	0	0	0	78	34	520	50	1	9	10	3	0	3	57	19	0	0	0	0	0	0	0	0	0	0	0	45	41	0	5.13819954941425	4.02495360898147	7.62592422222241
17	C	0.0	0.0	60	138	0	0	0	0	0	2	0	0	1	0	0	8	105	20	I	1	60	B	13	60	151	20	11	0	0	0	0	83	34	375	64	1	7	10	1	0	7	57	19	0	0	0	0	0	0	0	0	0	0	0	45	46	0	4.6180790032837	5.32262760937574	12.8070308442779
16	C	0.0	0.0	62	120	0	0	0	0	0	2	0	1	2	0	0	7	25	7	I	1	35	B	13	64	148	18	11	0	0	0	0	81	36	425	59	1	9	10	3	0	6	63	21	0	0	0	0	0	0	0	0	0	0	0	47	35	1	2.87677136512135	0.46036355956758	2.25919674313349
22	C	0.0	0.0	65	135	0	0	0	0	0	2	2	0	1	0	0	11	85	18	I	1	77	E	14	70	148	26	13	0	0	0	0	77	39	525	41	1	6	9	3	0	9	73	23	0	0	0	3	0	0	0	0	0	0	0	47	40	0	-1.39886961467272	-1.83493764234367	3.05736358642104
19	C	0.0	0.0	64	115	0	0	0	0	0	1	1	0	1	0	0	9	45	20	I	1	53	E	13	60	139	21	11	2	0	1	0	77	30	635	98	1	7	10	1	0	10	55	20	0	0	0	0	0	0	0	0	0	0	0	50	49	0	6.35640781421305	6.79887094080254	15.2039310889987
27	C	0.5	1.0	69	159	0	0	2	0	0	1	1	0	0	0	0	7	5	18	I	1	17	B	15	60	162	28	6	0	1	0	0	84	35	325	53	1	10	10	1	0	7	69	22	0	0	0	0	0	0	0	0	0	0	0	46	40	0	0.18560202664977	0.574941525610403	8.47317976931584
20	C	0.0	0.0	59	95	0	0	2	0	0	1	0	0	0	0	0	9	35	20	I	1	27	B	10	70	116	20	8	4	0	0	0	84	32	429	58	0	9	10	1	0	4	67	22	0	0	0	0	0	0	0	0	0	0	0	46	39	1	8.01905899868589	0.79696373534323	7.85897693048867
19	C	6.0	1.0	61	98	0	0	2	0	0	0	0	0	0	0	0	8	45	27	I	1	43	B	11	60	116	24	11	0	1	0	0	79	35	400	46	1	10	10	1	0	4	62	21	0	0	0	0	0	0	0	0	0	0	0	46	41	0	3.05015456344046	3.35838916288109	11.0025968666989
19	C	0.0	2.0	69	136	0	0	0	0	0	0	0	0	1	0	0	12	35	20	I	1	33	B	14	50	148	19	9	0	0	0	0	76	28	400	73	1	9	9	4	0	8	62	16	0	0	0	0	0	0	0	1	0	0	1	46	32	0	5.81591286664531	3.72761914259383	9.48613697818881
24	C	1.0	1.0	60	105	0	0	1	0	0	0	2	0	0	0	0	9	45	16	I	1	43	E	14	90	122	22	9	2	0	1	0	81	38	375	40	1	3	10	2	0	5	74	23	0	0	0	2	0	0	0	0	0	0	0	45	38	0	-2.13780535629195	-3.07753857607638	0.895705167440395
30	C	0.5	13.0	62	136	0	0	1	0	0	4	3	0	1	1	0	9	35	10	I	1	25	B	15	60	164	35	6	3	1	1	0	77	29	450	60	1	8	10	4	0	3	59	19	0	0	0	0	0	0	0	0	0	0	0	47	37	1	4.23207569116948	2.22426141441403	4.35487091369744
23	C	20.0	3.0	60	129	0	0	1	0	0	2	1	1	0	1	0	9	25	12	I	1	23	B	11	50	137	30	5	1	0	0	0	80	28	275	45	1	9	10	1	0	9	64	21	0	0	0	0	0	0	0	0	0	0	0	45	48	0	4.14756551040745	2.29151785193213	9.40015154543312
25	C	5.0	6.0	67	150	0	0	0	0	0	0	0	0	1	0	0	7	45	20	I	1	50	B	12	66	192	34	11	3	0	0	0	77	25	200	34	1	7	10	8	0	9	65	8	0	0	0	0	0	0	0	2	0	0	4	48	32	0	3.13705093962206	2.43927013184573	8.14730723951006
24	C	0.5	6.0	65	190	0	0	0	0	0	2	2	0	0	0	0	9	15	15	I	1	20	B	14	24	209	24	11	0	3	0	0	84	36	425	98	1	9	10	2	0	3	69	22	0	0	0	0	0	0	0	0	0	0	0	47	47	0	-0.605097774991041	-1.11019726924217	2.35532295256591
26	C	0.0	0.0	62	135	0	0	0	0	0	0	0	0	3	0	0	7	55	12	I	1	53	B	13	70	146	29	11	0	0	0	0	88	39	275	57	1	9	10	2	0	5	68	22	0	0	0	0	0	0	0	0	0	0	0	49	42	0	0.21264826460708	-0.966996847455842	1.96378332555027
34	C	30.0	16.0	65	192	0	0	0	1	0	1	1	0	0	1	0	8	35	20	I	1	43	B	13	80	223	39	12	0	0	0	0	84	36	500	51	0	8	9	2	0	3	75	24	0	0	0	0	0	0	0	0	0	0	0	48	42	0	-4.96851811072832	-3.71035282030636	0.174682878429665
23	C	0.0	0.0	64	145	0	0	1	0	0	0	0	0	0	0	0	8	35	15	I	1	33	B	12	60	173	29	8	0	0	0	0	78	38	600	44	1	9	10	1	0	6	58	18	0	1	0	0	0	0	0	0	0	0	0	48	40	1	11.8892856021534	4.43843221558704	11.243473815184
19	C	0.0	0.0	67	130	0	0	0	0	0	2	1	0	0	0	0	10	65	10	I	1	60	E	12	74	168	22	10	0	0	0	0	85	35	400	62	0	9	10	1	0	10	65	22	0	0	0	0	0	0	0	0	0	0	0	49	42	0	3.37129421867194	1.16790867687013	7.27614066703486
16	C	6.0	1.0	63	115	0	0	0	0	0	1	1	0	0	0	1	9	25	7	I	1	17	E	13	60	161	18	8	0	0	0	1	80	34	425	54	0	9	10	2	0	7	70	23	1	0	0	0	0	0	0	0	0	0	0	45	40	0	-3.08281199785289	-2.19761539525949	0.195987458344798
23	C	3.0	1.0	65	137	0	0	1	0	0	2	1	0	0	0	0	8	25	15	I	1	30	B	12	90	166	25	11	0	0	0	1	82	34	300	44	0	3	10	0	0	7	60	20	0	0	0	1	0	0	0	0	0	0	1	46	39	0	4.72202746611983	3.92330531260706	11.0733548907584
21	C	0.5	6.0	62	150	0	0	0	0	0	2	0	0	0	0	0	14	105	8	I	1	70	B	10	70	197	20	12	0	0	0	0	77	35	600	66	0	7	10	1	0	7	62	19	0	0	0	0	0	0	0	0	0	0	0	46	40	0	2.62148970687523	1.16206006636633	5.56996332184855
23	C	20.0	8.0	63	110	0	0	0	0	0	1	0	0	1	0	0	8	25	17	I	1	27	E	11	70	115	29	10	0	0	0	0	82	29	425	71	0	9	10	1	0	4	60	18	0	0	0	0	0	0	0	0	0	0	0	46	40	0	3.02625390288059	3.44845022308334	10.0578177848555
22	C	0.0	0.0	59	182	0	0	2	0	0	2	1	0	1	0	0	16	85	10	I	1	63	B	11	88	185	23	12	0	0	0	0	77	26	325	34	0	9	10	4	0	8	53	14	0	0	0	2	0	0	0	0	0	0	0	43	33	0	5.79998464726167	5.31361931956777	8.43244525801846
22	C	0.0	0.0	59	182	0	0	2	0	0	2	1	0	1	0	0	16	85	10	I	1	63	B	11	88	185	23	12	0	0	0	0	78	29	300	36	0	7	8	4	0	7	54	13	0	0	0	0	0	0	0	0	0	0	0	43	33	0	3.78058501343116	3.56399421515468	7.41139704104049
32	C	0.0	1.0	63	130	1	0	3	0	0	2	0	0	1	0	0	15	45	18	I	1	50	B	12	78	134	31	11	2	2	0	1	78	30	250	41	1	8	10	3	0	5	57	16	0	0	0	0	0	0	0	1	0	0	1	46	35	0	4.59887397720421	4.57010149281474	8.83604757907719
15	C	0.0	1.0	61	115	0	0	0	0	0	2	0	0	0	0	0	8	15	10	I	1	20	E	13	80	127	18	10	0	0	0	0	77	38	275	51	0	7	10	1	0	3	73	24	0	0	0	0	0	0	0	0	0	0	0	44	39	0	-3.48519397803309	-3.76078832915858	0.872196483948977
17	C	8.0	3.0	63	110	0	0	0	0	0	1	0	0	0	0	0	8	45	10	I	1	50	E	12	82	144	22	10	0	0	0	0	78	37	425	64	1	9	10	2	0	3	61	22	0	0	0	0	0	0	0	0	0	0	0	46	36	1	2.92057429946233	1.0958209529405	2.77388107883209
16	C	0.0	0.0	64	115	0	0	0	0	0	0	1	0	0	0	0	9	35	7	I	1	37	E	13	68	138	18	11	0	0	0	0	79	25	400	66	1	5	8	2	0	9	75	25	0	0	0	4	0	0	0	0	0	0	0	47	39	0	-6.37080276491645	-5.62826198200836	-2.06295084274529
17	C	0.0	0.0	61	108	0	0	0	0	0	0	0	1	0	0	0	12	105	10	I	1	80	B	13	70	119	20	12	0	0	0	0	82	30	375	37	1	7	10	2	0	7	62	21	0	0	0	0	0	0	0	0	0	0	0	45	36	0	1.49334407664629	1.39652164965494	3.90826647032848
22	C	0.0	0.0	62	132	0	0	0	0	0	2	0	0	0	0	0	12	35	20	I	1	43	B	12	60	144	22	11	0	1	0	0	76	25	450	62	1	10	10	1	0	3	74	23	0	0	0	0	0	0	0	0	0	0	0	46	40	1	3.90025708311103	-3.04438512362224	3.31103701410274
17	C	0.0	0.5	64	119	0	0	0	0	0	3	1	0	1	0	1	9	5	3	I	1	27	E	11	70	142	33	10	0	1	0	0	80	37	500	57	1	9	9	3	0	3	66	21	0	0	0	0	0	0	0	0	0	0	0	47	40	0	-4.06537486453477	-3.836018921761	-6.15135706717972
18	C	0.0	0.5	61	119	0	0	0	0	0	2	1	0	0	0	0	11	25	8	L	1	43	B	11	50	125	20	10	0	0	0	0	80	33	464	63	1	10	10	1	0	10	60	20	0	0	0	0	0	0	0	0	0	0	0	47	40	1	8.65767069239474	2.96065090504074	8.64260651477941
21	C	0.0	0.0	60	103	0	0	0	0	0	2	0	0	0	1	0	9	55	25	I	1	67	B	13	64	111	29	12	2	0	0	0	83	39	600	59	0	9	10	0	1	3	70	22	0	0	0	0	0	0	0	0	0	0	0	45	40	0	0.684462128055763	-0.964118515477246	5.61994506903278
17	C	0.0	3.0	61	100	0	0	0	0	0	2	0	3	0	0	0	10	25	25	O	1	47	E	10	70	115	23	12	0	0	0	0	81	34	300	47	0	9	10	3	0	3	67	20	0	0	0	0	0	0	0	0	0	0	0	44	37	0	-1.13939082924272	0.508419796318908	4.99108726083156
26	C	0.0	9.0	66	155	0	0	0	0	0	3	1	0	1	0	0	12	35	13	I	1	47	B	13	78	164	33	10	0	0	0	1	78	37	450	64	0	9	10	1	0	9	65	23	1	0	0	0	0	0	0	0	0	0	0	46	38	1	10.1572284783335	1.7262130581135	8.65478846867767
21	C	0.0	1.0	69	135	0	0	0	0	0	1	0	1	0	0	0	8	35	15	H	1	33	E	12	60	164	23	9	0	0	0	0	80	35	425	59	1	9	10	1	0	8	61	20	0	0	0	0	0	0	0	0	0	0	0	46	39	0	2.64186413717226	3.70160032796609	11.073331115833
31	C	0.0	0.0	63	120	0	0	0	0	0	2	1	0	1	0	0	3	35	12	I	1	30	B	12	60	133	33	9	0	0	0	0	78	35	450	47	0	9	10	2	0	4	56	19	0	0	0	0	0	0	0	0	0	0	0	45	36	0	4.48778468569927	4.0480522439778	7.07885596740797
33	C	0.0	10.0	65	159	0	0	1	2	0	2	1	0	0	0	0	10	35	7	I	1	57	B	15	70	174	35	12	4	0	1	0	83	37	490	84	0	10	10	1	0	5	68	20	0	0	0	0	0	0	0	0	0	0	0	47	37	0	-1.44100509742979	-2.11771435498996	1.41605905237286
28	C	0.0	0.0	66	150	0	0	0	0	0	0	1	0	1	0	0	10	55	16	I	1	75	B	11	70	186	28	12	1	2	0	1	77	30	450	53	0	4	6	3	0	8	59	19	0	0	0	3	0	0	0	1	0	0	0	44	34	0	2.71639171286328	2.77965374994819	8.15678579313938
23	C	0.0	0.0	62	154	0	0	0	0	2	2	1	2	0	0	0	12	35	25	I	1	30	B	14	64	165	24	9	1	0	0	0	84	39	450	48	0	9	10	3	0	7	62	21	0	0	0	0	0	0	0	0	0	0	0	46	45	0	4.12841003325722	3.9908147709613	10.1595777086043
29	C	0.0	0.0	65	186	0	0	0	0	0	0	1	0	0	0	0	10	55	33	I	1	43	B	13	80	242	24	11	0	0	0	0	78	34	600	51	1	10	9	1	0	7	73	25	4	0	0	0	0	0	0	0	0	0	0	45	36	1	8.16170566386704	-0.472590147627018	8.64418499506466
18	C	0.0	0.0	63	130	0	0	2	0	0	1	0	0	0	0	0	10	105	10	I	1	63	E	13	82	155	20	11	0	0	0	0	79	36	400	51	0	8	10	1	0	8	56	20	0	0	0	0	0	0	0	0	0	0	0	45	39	0	4.96551476967394	4.3796348698261	9.95498247935862
30	C	19.0	12.0	66	249	0	0	1	0	0	1	1	0	0	0	0	11	35	20	I	1	30	B	13	80	266	39	6	0	0	0	0	78	33	475	72	0	9	10	2	0	3	63	21	0	0	0	0	0	0	0	0	0	0	0	46	41	0	2.35900126199908	2.02737368988968	6.19244646800697
29	C	2.0	8.0	62	138	0	0	3	0	0	0	0	0	0	0	0	7	35	15	I	1	33	B	12	73	150	30	8	0	0	0	0	77	35	475	58	1	8	9	1	3	12	62	21	0	0	0	0	0	0	0	0	0	0	0	47	33	0	3.80402467438613	4.07120800017462	12.4152653101195
17	C	0.0	0.0	61	118	0	0	2	0	0	2	0	0	0	0	0	11	55	8	I	1	47	B	14	50	121	19	11	0	0	0	0	78	34	425	69	1	9	10	1	0	7	52	16	0	0	0	0	0	0	0	0	0	0	0	47	41	1	10.8357578698165	5.28550708359581	10.1319247161598
22	C	13.0	9.0	63	107	0	1	0	0	0	1	1	0	0	0	0	10	35	20	H	1	33	E	11	70	134	29	7	2	0	1	0	84	39	375	52	0	9	10	1	0	3	73	25	0	0	0	0	0	0	0	0	0	0	0	44	40	0	9.13750624348022	8.48354820537745	3.5847865698374
29	C	3.0	8.0	62	180	0	0	0	0	0	2	1	1	0	0	0	11	55	15	I	1	57	B	12	80	190	39	10	0	1	0	0	81	40	450	58	0	9	10	1	0	5	65	20	0	0	0	0	0	0	0	0	0	0	0	46	40	0	1.72806717023987	0.978232345465579	7.01046430498784
22	C	0.0	0.0	63	135	0	1	0	0	0	3	0	0	1	0	0	6	55	10	I	1	47	E	15	70	162	29	9	0	0	0	0	83	40	340	89	0	9	9	0	3	5	68	21	0	0	0	0	0	0	0	0	0	0	0	43	40	0	10.701616813523	9.76440491821375	3.24314396722252
42	C	0.0	0.0	60	120	0	0	0	0	1	1	1	0	0	0	0	7	25	27	I	1	20	B	12	85	160	42	7	0	0	0	0	74	33	450	49	0	8	10	1	0	4	66	21	0	0	0	0	0	0	0	0	0	0	0	47	40	0	3.41328304893295	1.93415735653445	9.97515220459757
15	C	0.0	0.0	60	103	0	0	1	0	1	0	0	0	0	0	0	8	35	13	I	1	30	B	11	65	131	19	8	0	0	0	0	81	39	650	61	1	9	10	2	0	6	58	19	0	0	1	0	0	0	0	0	0	0	0	50	42	1	8.61833843575288	4.00071887109833	7.95119379431285
25	C	0.0	0.0	63	140	0	0	2	0	0	0	0	0	0	0	1	10	45	12	I	1	37	B	12	60	160	30	6	0	0	0	0	79	32	500	75	1	9	10	1	0	6	60	20	0	0	0	0	0	0	0	0	0	0	0	47	40	1	8.43822704012254	3.10394091034328	9.13636260571904
26	C	0.0	6.0	66	240	0	0	2	0	0	2	1	0	1	0	0	11	35	12	I	1	30	B	14	82	278	27	6	0	0	0	0	80	36	900	75	0	8	9	2	0	3	71	23	0	0	0	0	0	0	0	0	0	0	0	48	39	0	-1.95861345117488	-2.67182443312731	-0.0887752391771768
21	C	0.0	0.5	64	262	0	0	0	0	0	0	2	0	1	0	0	11	35	20	I	1	53	E	11	80	261	47	12	0	0	0	0	81	34	420	66	1	9	10	2	0	5	56	19	0	0	0	0	0	0	0	0	0	0	0	46	41	0	8.22121045234386	5.12924620481742	9.65415638888804
22	C	0.0	3.0	64	125	0	0	0	0	0	0	0	0	2	0	0	12	45	13	K	1	83	E	14	70	160	23	16	0	0	0	0	82	34	400	54	1	4	8	5	0	8	54	14	0	0	0	3	0	0	0	1	0	1	3	46	42	0	3.46329466442941	4.12704117667988	8.74265250424683
38	C	20.0	12.0	62	116	0	0	0	0	0	2	0	0	0	0	0	12	55	22	K	1	47	E	13	60	141	40	10	2	0	0	0	84	35	295	51	1	9	10	4	0	6	55	15	0	0	0	0	0	0	0	0	0	0	0	46	35	0	7.42617036437857	6.03075671900255	11.2614380852908
24	B	40.0	14.0	66	117	1	0	0	1	0	1	1	1	0	1	0	9	25	12	K	1	27	E	10	60	142	25	9	0	3	0	0	79	39	540	51	0	9	10	3	3	2	61	19	0	0	0	0	0	0	0	0	0	0	0	45	37	0	3.81681730741007	1.44571170500046	3.67189360627278
23	C	0.0	1.0	61	105	0	0	0	0	0	1	0	0	0	0	0	15	25	13	G	1	70	E	12	70	116	27	15	0	0	0	0	77	28	375	31	1	6	8	3	3	7	43	15	0	0	0	0	0	0	0	0	0	0	0	46	47	0	8.27163059271262	7.6499549092296	12.2452753422295
25	C	10.0	10.0	65	127	0	1	1	0	0	0	2	0	0	0	0	10	55	16	K	1	43	E	13	65	137	29	8	3	0	1	1	80	37	215	56	1	5	9	3	0	10	51	16	0	0	0	1	0	0	0	0	0	0	1	46	41	0	18.9763686761924	18.6251555504666	12.6564732374449
27	C	0.0	0.0	64	130	0	0	0	0	0	1	0	0	0	0	0	16	65	13	K	1	90	E	13	70	155	25	17	0	0	0	0	79	33	530	90	0	6	7	3	3	0	55	19	0	0	0	0	0	0	0	0	0	0	0	45	41	0	0.0564510086640829	0.986636329885052	2.12954148361581
20	C	0.0	1.0	67	139	0	1	2	0	0	1	0	0	1	0	0	11	45	15	I	1	40	E	12	60	163	22	9	0	0	0	0	82	36	462	68	1	8	9	2	0	8	57	18	0	0	0	0	0	0	0	0	0	0	0	47	43	1	9.55600922795772	15.9379648584842	9.2960509368266
24	C	0.0	0.0	62	127	1	0	0	0	0	0	1	0	1	0	0	10	35	20	O	1	70	E	13	80	152	29	12	0	0	0	0	67	29	510	67	0	8	8	3	0	6	49	16	0	0	1	0	0	0	0	0	0	0	0	45	40	0	5.8115630375307	6.47387519761667	12.053537713467
18	C	0.0	0.0	65	118	0	0	0	0	0	1	0	0	0	0	1	12	55	10	K	1	73	E	12	60	145	21	12	0	0	0	0	81	37	440	63	1	9	9	3	0	7	56	12	0	0	0	0	0	0	0	0	0	0	0	45	39	0	5.5068187877556	3.86452547249689	6.51941066567065
22	C	1.0	6.0	61	118	0	0	0	0	0	0	1	0	0	0	0	10	35	23	K	1	33	E	13	45	146	26	10	0	0	0	2	81	32	630	55	1	9	9	3	0	9	37	13	0	0	0	0	0	0	0	0	0	0	0	45	40	1	20.0857861622368	12.5321457591145	19.0263199019783
35	C	25.0	16.0	64	125	0	0	0	0	0	0	0	0	0	1	0	12	75	18	K	1	60	E	12	70	168	37	12	0	1	0	0	80	32	495	74	1	8	9	3	0	1	54	15	0	0	0	0	0	0	0	0	0	0	0	49	41	0	5.08639135281606	4.17117120500245	6.53769479990884
21	C	25.0	3.0	63	140	0	0	0	0	0	0	0	0	0	0	0	12	45	10	K	1	53	E	14	65	156	23	12	0	0	0	0	74	24	505	65	0	9	9	3	0	5	44	14	0	0	0	0	0	0	0	0	0	0	0	45	42	0	8.13264746008676	7.65048153833152	10.0718817632054
28	D	0.0	0.0	66	125	0	0	0	0	0	0	0	0	0	1	0	16	35	10	K	1	77	E	13	60	152	37	18	0	0	0	0	79	31	426	73	0	9	9	3	3	5	50	16	0	0	0	0	0	0	0	0	0	0	0	44	43	0	5.26682700416731	5.45261069983189	7.43577534320546
26	C	1.0	10.0	62	150	0	0	1	0	0	0	0	0	1	0	0	12	35	15	K	1	23	E	11	80	159	32	8	0	0	0	0	49	13	570	64	1	9	9	3	0	9	53	18	0	0	0	0	0	0	0	0	0	0	0	46	39	1	12.8906103224229	6.94205045521917	12.316493761388
26	C	0.0	6.0	62	112	0	0	0	0	0	1	0	0	1	1	1	12	45	13	K	1	83	E	15	70	145	26	15	0	1	0	0	81	29	500	62	1	5	9	3	3	5	52	19	0	0	0	0	0	0	0	0	0	1	1	45	39	0	4.67591514279089	5.28413563051036	7.99628468297107
21	C	20.0	5.0	67	125	0	1	0	4	0	0	0	0	1	0	0	9	35	10	K	1	43	E	13	70	131	23	11	0	1	0	0	19	19	385	55	1	5	7	5	0	8	31	6	0	0	1	0	0	0	1	1	0	2	8	46	33	0	21.8996891036749	21.5070958940357	14.6069618385347
17	C	0.0	0.0	61	103	0	0	4	0	0	1	0	0	0	0	0	11	45	9	K	1	50	E	13	70	122	19	12	0	0	0	0	76	36	518	59	1	3	9	3	0	7	49	17	0	0	0	0	0	0	0	0	0	0	0	46	38	1	6.9038226421306	6.38000594565796	9.11292623075254
20	C	5.0	4.0	70	133	0	0	0	0	0	0	1	0	0	0	1	12	15	15	G	1	57	E	15	70	166	23	14	0	0	0	0	72	31	300	54	0	9	9	3	0	5	52	17	0	0	0	0	0	0	0	0	0	0	0	46	42	0	4.53216779589525	5.92543112585243	9.53591888271916
23	C	0.0	0.0	62	145	0	0	0	0	0	1	0	1	0	0	0	13	65	13	K	1	63	E	13	78	205	25	14	0	0	0	0	83	34	445	62	0	9	9	3	3	10	52	19	0	0	0	0	0	0	0	0	0	0	0	45	44	0	5.04073805972606	6.6693516219761	11.1428670382491
26	C	10.0	9.0	63	195	0	0	0	0	0	1	1	0	2	0	0	10	45	12	K	1	53	E	12	85	201	29	12	0	0	0	1	83	31	570	98	0	8	9	3	0	6	62	21	0	0	0	0	0	0	0	0	0	0	0	43	41	1	3.8468294067294	1.91423618802615	5.18972298077369
35	C	0.0	0.0	64	192	0	0	0	0	0	0	2	0	0	1	0	11	55	18	K	1	33	E	11	68	197	35	9	0	1	0	0	83	37	570	45	0	3	9	3	0	10	42	18	0	0	0	0	0	0	0	1	0	0	1	46	40	0	10.3532425757001	10.9067718777621	16.9289424866492
19	C	0.0	0.0	67	165	0	0	1	0	0	0	0	1	1	0	0	11	25	10	K	1	30	E	16	75	188	22	9	0	0	0	0	77	37	590	55	0	9	9	3	0	5	55	15	0	0	0	0	0	0	0	0	0	0	0	44	41	0	4.82644210399921	4.28907443304827	7.08762161703014
21	C	15.0	1.0	61	114	0	0	0	0	0	4	1	0	1	0	0	12	35	7	K	1	57	E	13	68	133	22	12	0	0	0	0	78	32	225	51	0	8	9	5	0	6	55	19	0	0	0	0	0	0	0	1	0	0	2	46	38	0	4.68615962922987	3.35141906556095	4.78770982560709
19	C	0.0	1.0	65	130	0	0	3	0	0	0	2	0	0	0	0	13	45	30	K	1	83	E	10	70	152	29	17	0	0	0	0	92	40	410	50	1	9	9	3	3	13	49	16	0	0	0	0	0	0	0	0	0	0	0	47	38	0	9.20454590032949	9.69860939674088	16.9475722035313
22	C	0.0	0.0	60	90	0	0	0	1	0	1	0	0	0	0	0	12	25	20	K	1	37	E	19	65	102	28	12	1	0	0	0	75	34	405	36	0	9	9	3	0	7	53	17	0	0	0	0	0	0	0	0	0	0	0	45	40	0	8.25194489450126	6.93037953293363	12.3687830663093
22	C	10.0	5.0	62	100	1	0	0	0	0	1	1	0	2	0	0	11	25	7	K	1	17	E	12	58	122	24	9	0	2	0	0	79	31	340	57	1	6	9	5	3	6	35	13	0	1	0	0	1	0	2	1	0	0	5	45	38	1	12.6332721515569	9.90797262999801	12.110342654691
15	C	0.0	0.0	61	141	0	0	0	0	0	0	0	0	1	0	0	9	35	15	K	1	47	E	10	70	160	19	10	0	0	0	0	61	19	345	44	1	8	9	7	0	11	17	5	0	0	1	0	1	0	3	0	0	0	1	45	35	1	22.3630303132803	15.4707806316438	20.9762373246653
26	C	0.0	11.0	65	157	0	0	0	0	0	1	0	0	0	0	0	12	45	16	K	1	40	E	11	75	170	31	7	2	0	0	0	85	29	395	33	0	7	9	3	0	10	51	19	0	0	0	0	0	0	0	0	0	0	0	45	38	0	8.11530700099968	7.75895936019286	13.2801511853704
24	C	0.0	0.0	63	110	0	3	0	0	0	1	0	0	2	0	0	12	45	13	K	1	40	E	12	80	125	29	8	0	0	0	0	60	23	400	37	1	8	9	3	0	6	53	18	0	0	0	0	0	0	0	0	0	0	0	46	39	0	15.515777217812	16.6412411742025	8.99285381311534
22	C	0.0	0.0	66	138	1	0	0	0	0	0	2	1	0	1	0	12	15	13	K	1	50	E	15	70	166	26	12	0	0	0	0	81	28	390	45	1	8	9	3	2	3	50	15	0	0	0	0	0	0	2	0	0	0	0	45	41	1	8.68737268389848	5.79055334207184	8.34398474148855
18	C	0.0	0.0	61	115	0	0	0	0	0	1	0	0	1	0	0	12	5	10	K	1	60	E	12	60	135	21	15	0	0	0	0	78	32	505	43	0	8	9	3	3	10	51	14	0	0	0	0	0	0	2	0	0	0	4	46	37	0	4.79707085137704	6.46102962025169	10.1505150789816
20	C	0.0	0.0	62	115	0	0	0	0	0	1	0	0	1	0	0	12	85	10	K	1	83	E	12	70	143	23	16	0	0	0	0	87	41	600	59	0	8	9	3	3	1	52	17	0	0	0	0	0	0	0	0	0	0	0	49	39	0	3.56884400195385	3.30145499674498	3.44113692810497
24	C	30.0	8.0	62	115	0	0	0	0	0	0	0	0	0	0	0	10	55	20	K	1	70	E	13	80	137	32	12	1	0	0	0	76	30	276	39	0	8	9	5	0	10	48	14	0	0	0	0	1	0	0	0	0	0	2	44	36	0	8.4002848364439	8.83971754768226	14.5005329586094
18	C	0.0	0.5	62	97	0	0	0	0	0	0	1	0	0	0	0	12	55	10	K	1	80	E	12	70	148	22	12	0	0	0	0	82	40	410	57	0	7	9	3	3	10	53	17	0	0	0	0	0	0	0	2	0	0	2	46	41	0	5.18751204641039	5.50906855110599	8.84164242286343
22	C	0.0	2.0	62	112	0	0	0	0	0	1	0	0	0	0	1	16	5	7	I	1	60	E	13	64	127	21	14	0	0	0	0	80	40	438	75	1	9	9	4	3	9	49	14	0	1	0	0	0	0	2	0	0	0	2	47	37	0	6.06917076357809	6.0829557882631	8.32439364242591
24	C	0.0	2.0	64	115	0	1	0	0	0	1	1	0	1	0	1	16	45	8	I	1	57	E	12	60	128	23	15	0	0	0	0	79	29	370	78	0	6	9	7	1	9	51	8	0	0	0	4	0	0	0	1	0	0	4	46	35	1	8.29232904315005	16.6785606054399	7.99028618000334
19	C	10.0	3.0	66	135	0	0	0	0	0	0	0	0	1	0	1	12	0	7	K	1	60	E	15	65	151	20	13	0	0	0	0	80	39	460	78	0	9	9	3	3	16	40	12	0	0	0	0	0	0	2	0	0	0	3	46	42	0	10.2671702461307	10.0053220431606	13.8082837047977
23	C	6.0	7.0	69	157	0	0	0	0	0	0	0	0	3	0	0	11	65	17	K	1	83	E	13	80	155	23	14	1	0	0	0	85	30	700	67	1	7	8	4	0	11	52	16	0	0	0	0	0	0	0	0	0	0	0	47	40	0	7.66060189583314	6.018617145661	12.2094946114769
26	C	0.0	4.0	63	105	0	0	1	0	0	0	0	0	0	0	0	10	45	15	K	1	40	E	12	64	122	28	10	0	0	0	0	69	23	230	56	1	8	9	7	0	8	36	7	0	1	0	3	0	0	0	0	0	0	2	48	32	1	16.7896445262907	11.589080631303	16.4405424505955
20	C	0.0	2.0	67	125	0	0	0	0	0	0	0	0	0	0	1	12	35	7	G	1	47	E	11	60	142	23	12	0	0	0	0	71	31	374	34	1	1	1	5	0	8	44	15	0	0	0	3	0	0	0	0	0	0	2	47	35	0	5.85618290422811	6.43231706920265	9.6646686974336
24	C	0.0	0.0	60	112	0	0	0	0	0	0	1	0	0	1	0	16	25	13	K	1	70	E	13	76	125	24	16	0	0	0	0	75	30	370	48	0	9	10	3	3	1	60	17	0	0	0	0	0	0	0	0	0	0	0	44	41	0	1.00583320327824	1.04758873277155	2.22854533309136
24	C	0.0	0.0	54	130	0	0	0	0	0	1	0	0	0	0	0	10	75	10	K	1	77	E	12	90	166	29	12	0	0	0	0	80	35	450	64	1	9	9	4	0	2	58	19	0	0	0	0	0	1	0	1	0	0	2	46	42	0	2.85647250303747	1.59241700701996	2.35688234733893
23	C	20.0	9.0	65	185	0	0	0	0	0	0	0	0	1	1	0	10	65	12	O	1	80	E	12	80	209	26	14	0	0	0	0	77	37	575	73	1	9	9	3	0	1	50	15	0	0	0	0	0	0	0	0	0	0	0	47	39	0	4.99671335994679	4.43890262911168	5.2245956142403
42	C	30.0	17.0	68	155	2	0	0	0	0	0	0	1	2	0	0	12	45	8	K	1	63	E	12	65	170	45	11	0	0	0	0	83	30	380	58	1	7	9	3	3	5	48	16	0	0	0	0	0	0	0	0	0	0	0	46	41	0	5.08476378601002	5.76255685355956	7.25201438452359
21	C	0.0	0.0	63	117	0	0	0	0	0	0	0	0	0	0	0	13	35	15	K	1	77	E	13	52	146	21	15	0	0	0	0	83	30	455	55	1	8	9	3	0	1	60	15	0	0	0	0	0	0	0	0	0	0	0	46	42	0	3.79775191279278	1.27092884834742	2.77143976186336
25	C	20.0	11.0	62	105	0	0	0	0	0	0	0	0	1	0	0	11	35	10	K	1	23	E	14	66	125	28	9	0	0	0	0	81	38	390	74	1	9	9	3	0	4	51	18	0	0	0	0	0	0	0	0	0	0	0	44	43	0	4.5360574947206	5.52152449780132	8.10602163834778
28	C	20.0	9.0	67	260	0	0	0	0	0	1	1	0	0	0	0	13	35	13	K	1	37	E	13	60	255	29	8	0	1	0	0	76	29	660	59	0	7	9	3	0	3	49	17	0	0	0	0	0	0	0	0	0	0	0	46	39	1	9.50499684768951	6.28960882908748	9.07668050457662
26	C	8.0	5.0	64	125	0	1	0	0	0	0	1	0	0	0	0	14	55	12	K	1	85	E	14	76	131	27	14	0	0	0	0	65	20	305	64	1	7	8	6	0	10	33	11	0	1	0	1	0	0	0	1	0	0	2	46	30	0	20.7701728171921	21.3700403739953	14.8269294294156
25	C	4.0	2.0	62	118	0	0	0	0	0	0	0	2	0	0	0	13	45	10	K	1	63	E	11	80	159	26	12	0	0	0	1	82	35	225	50	0	6	6	8	0	5	46	8	3	0	0	0	0	0	0	0	0	0	0	44	35	0	5.12554439763767	5.75270678817942	9.00320112367981
25	C	4.0	2.0	62	118	0	0	0	0	0	0	0	2	0	0	0	13	45	10	K	1	63	E	11	80	159	26	12	0	0	0	1	83	39	245	74	0	6	8	8	0	5	44	8	0	0	0	0	0	0	0	0	0	0	0	46	35	0	6.12718124816787	6.35679537623575	9.61252458584626
31	C	0.0	0.0	68	160	1	0	0	0	0	1	1	0	1	1	0	12	35	28	K	1	47	E	12	70	185	37	10	1	0	1	0	82	37	450	74	1	9	9	3	0	9	56	19	0	0	0	0	0	0	0	0	0	0	0	49	41	1	13.8406527296191	6.80744768085471	13.549187742867
36	C	20.0	19.0	65	150	0	0	0	0	0	0	0	0	0	1	0	12	45	16	K	1	55	E	14	70	154	50	10	0	0	1	0	78	30	430	75	0	7	9	3	0	1	59	14	0	0	0	0	0	0	0	0	0	0	0	44	40	0	0.618615327004906	2.08816447632877	4.17452616882088
34	C	10.0	16.0	64	141	1	0	0	0	0	0	0	0	0	0	0	12	35	23	K	1	33	E	12	60	149	36	10	1	0	0	0	78	30	390	41	0	9	9	3	0	8	51	19	0	0	1	0	0	0	0	0	0	0	0	46	35	0	8.09875306043854	8.18705723904826	14.3826477147404
29	C	20.0	11.0	61	95	1	2	0	0	0	1	1	0	1	0	1	13	35	10	K	1	70	E	16	60	102	43	12	1	2	0	0	70	25	385	85	1	9	9	6	0	9	52	11	0	0	0	0	0	0	0	0	0	0	0	46	34	0	18.9865748084429	16.6930454785444	8.5181725721872
21	C	0.0	0.0	65	115	0	0	0	0	0	0	2	0	1	0	1	14	45	10	K	1	83	E	12	50	132	22	15	0	0	0	0	80	38	515	63	0	2	6	3	0	9	40	15	0	0	0	2	0	0	0	0	0	0	0	47	40	0	8.76024543048926	8.1631870430633	12.2400168739641
19	C	10.0	1.0	62	118	0	0	0	0	0	1	0	0	0	1	0	10	55	14	K	1	53	E	11	60	174	21	11	0	0	0	0	77	30	360	52	1	9	10	3	0	2	51	24	0	0	0	0	0	0	0	0	0	0	0	47	40	1	8.58057071144698	5.21518739115713	7.49388821455999
19	C	10.0	4.0	62	103	3	0	0	0	0	1	0	0	0	0	1	13	35	7	K	1	70	E	12	60	122	20	12	0	0	0	0	82	36	410	88	1	6	7	4	2	6	50	16	8	0	0	2	0	0	0	0	0	0	4	46	40	0	2.54612701327236	3.78330195628454	6.01684186848406
23	C	0.0	0.0	61	120	0	1	0	0	0	1	0	0	2	2	0	12	25	13	K	1	70	E	11	65	137	23	16	0	0	0	0	79	30	235	59	1	8	9	3	0	3	56	17	0	0	0	0	0	0	0	0	0	0	0	46	39	0	13.9578375134534	14.3045840414994	5.05072462401958
20	C	20.0	4.0	65	110	0	1	0	0	0	0	0	0	2	0	0	12	25	7	K	1	57	E	15	80	138	22	12	0	0	0	0	80	40	345	72	0	9	8	3	3	3	57	19	0	0	0	0	0	0	0	0	0	0	0	45	42	1	1.93048113334566	11.4813661364741	1.41875119643969
25	C	0.0	0.0	63	136	0	0	0	1	0	1	0	0	2	1	0	14	75	10	G	1	93	E	15	60	154	28	14	0	0	0	0	74	25	360	43	0	9	9	3	0	2	46	17	0	0	0	0	0	0	0	0	0	0	0	45	38	0	6.24646877055153	5.58234623561518	6.10381490430715
23	C	0.0	0.0	61	112	0	0	0	0	0	0	0	0	1	2	0	14	25	15	A	1	70	E	13	70	123	24	18	0	0	0	0	73	26	240	46	0	6	7	2	0	8	39	14	4	0	0	3	0	0	0	1	0	0	4	46	33	0	8.47703297692228	9.28587285329889	14.6118008762918
25	C	0.0	0.0	66	165	0	0	0	0	0	1	0	0	3	2	0	13	45	17	O	1	83	E	14	70	206	26	18	0	0	0	0	81	31	450	63	0	9	9	4	0	7	49	12	0	0	0	0	0	0	0	1	0	0	1	45	41	0	6.9225734867344	7.37772696241996	11.5389414896464
20	C	13.0	3.0	64	152	0	0	0	1	0	0	1	0	0	1	0	12	15	10	K	1	33	E	11	64	174	29	11	1	0	0	0	79	34	495	51	1	5	8	3	3	7	41	20	0	0	0	0	0	0	0	0	0	0	0	46	38	1	11.5377938401324	8.09371883937541	12.5084525112091
25	C	0.0	5.0	63	127	0	0	0	0	1	0	1	1	2	0	1	12	35	20	K	1	60	E	14	58	163	26	13	0	0	0	0	84	43	390	48	1	8	8	3	3	10	58	21	0	0	0	0	0	0	0	0	0	0	0	46	42	0	4.15024267731883	4.23965577257686	11.0559260786007
19	C	0.0	4.0	65	120	0	0	0	0	0	0	0	0	0	1	0	12	95	5	K	1	93	E	12	66	129	18	13	0	0	0	0	77	31	325	37	1	6	10	3	3	7	47	16	0	0	0	0	0	0	0	0	0	0	0	47	38	0	5.66619704665383	5.02437322024856	4.94503822765489
21	C	10.0	3.0	65	125	0	0	0	1	0	5	1	0	0	0	0	14	105	7	K	1	93	E	14	66	148	22	16	0	0	0	0	80	40	345	46	1	9	10	3	0	6	62	22	0	0	0	0	0	0	0	0	0	0	0	46	41	0	1.32963426079456	0.143605366026192	0.925481331664568
16	C	10.0	3.0	64	122	1	2	1	0	0	0	0	0	1	1	0	10	5	10	K	1	30	E	12	75	142	18	11	0	0	0	0	76	37	495	74	1	7	7	3	0	2	59	19	0	0	0	0	0	0	0	0	0	0	0	47	40	0	12.6456250323456	11.5373256995666	2.70305079611009
21	C	1.0	5.0	66	121	0	1	0	0	0	0	1	0	2	0	0	13	35	4	K	1	77	E	15	52	124	23	17	0	0	0	0	74	28	525	44	1	4	4	4	0	8	43	10	0	0	0	5	0	0	0	0	0	1	3	47	34	0	16.3175700630965	15.8036364703582	5.02672218233182
42	C	0.0	17.0	67	170	0	0	0	2	0	1	0	0	2	1	0	11	35	8	G	1	47	E	12	80	201	48	11	0	0	0	0	74	28	770	64	0	7	8	3	1	9	42	12	7	0	0	3	0	1	2	0	0	0	4	47	36	1	13.1672642129441	7.54458849396335	11.5045117148426
20	C	0.0	0.0	63	130	0	0	0	0	0	0	1	0	0	0	1	14	45	5	K	1	83	E	13	66	146	21	15	0	0	0	0	80	34	390	37	0	9	9	3	3	8	59	19	0	0	0	0	0	0	0	0	0	0	0	46	41	0	0.493356084480776	1.10142839806721	1.43836465371915
28	C	0.0	0.0	68	145	0	0	0	0	0	1	0	1	0	2	0	12	55	8	F	1	87	E	14	58	163	32	17	0	0	0	0	76	36	465	52	0	9	9	3	0	7	51	17	0	0	0	0	0	0	0	0	0	0	0	46	42	0	6.29764808569276	4.95943251995142	6.64011868034481
19	C	0.0	2.0	68	135	0	0	0	0	0	0	1	0	0	0	0	12	35	10	K	1	57	E	11	70	168	21	12	0	0	0	0	75	33	370	41	1	8	9	3	3	8	41	15	0	1	2	0	0	0	0	0	0	0	1	45	40	1	12.6575063937987	9.17646942742131	12.4337614064501
34	C	0.0	0.0	62	142	0	0	0	0	0	0	0	0	0	0	0	11	5	22	G	1	17	E	11	65	157	39	8	0	0	0	0	76	31	340	44	0	4	7	3	0	0	67	20	0	0	0	0	0	0	0	0	0	0	0	45	38	1	1.63958950946549	-1.89211200648381	2.07320167820735
23	C	0.0	1.0	65	130	0	1	0	1	0	0	0	0	1	0	0	16	65	6	K	1	90	E	15	55	157	21	15	0	0	0	0	83	36	490	54	1	8	10	3	3	9	44	14	0	0	0	0	0	0	0	0	0	0	0	46	39	0	17.2245138966383	17.7851817832175	7.53391213966056
22	C	0.0	0.0	62	125	0	0	3	0	0	0	1	1	2	0	1	12	55	10	K	1	63	E	16	70	131	27	12	0	0	0	0	79	40	420	45	0	9	9	3	3	1	55	16	3	0	0	4	0	0	0	0	0	0	3	47	41	0	2.87338122111623	2.47626440866652	2.95709180200193
18	C	0.0	0.0	59	125	0	0	1	0	0	1	0	0	0	1	0	12	45	7	K	1	47	E	13	74	157	19	12	0	0	0	0	80	33	360	65	1	7	9	3	3	5	57	17	0	0	0	0	0	0	0	0	0	0	0	45	40	0	2.69892606261971	2.46803598289194	3.75254483164476
21	C	0.0	1.0	65	145	0	0	0	0	0	0	0	1	0	0	0	9	45	12	K	1	30	E	12	60	173	24	9	0	0	0	0	76	38	410	66	1	9	10	3	0	1	54	17	0	0	0	0	0	0	0	0	0	0	0	46	39	0	3.95603187268868	3.67944333298486	5.33616660002795
27	C	0.0	0.0	66	132	0	2	0	0	0	0	1	0	1	0	0	16	75	10	J	1	93	E	12	70	145	27	17	0	0	0	0	80	34	560	70	1	9	9	3	3	6	47	16	0	0	0	0	1	0	0	0	0	0	0	49	41	0	17.110241531697	17.3909615740768	7.98868506300726
25	C	0.0	0.0	65	107	0	0	0	1	0	0	1	0	1	0	0	17	75	7	C	1	93	A	13	34	125	26	18	0	0	0	0	79	34	340	59	1	7	2	4	4	12	60	10	0	0	0	2	0	0	0	2	0	0	2	47	38	0	1.65099584670436	1.04355297256572	4.39610199567113
16	C	12.0	2.0	60	110	0	0	0	0	0	0	0	0	0	1	0	9	45	10	K	1	50	E	12	58	131	18	11	0	0	0	0	80	40	390	71	1	9	9	3	0	3	51	16	0	0	0	0	0	0	0	0	0	0	0	48	41	1	6.04822645746284	4.85901583866985	6.56968682970291
19	C	0.0	0.5	67	130	0	0	0	0	0	0	2	0	0	1	1	13	105	10	K	1	93	E	12	85	155	19	13	0	0	0	0	81	33	450	61	0	7	9	4	4	10	47	15	0	0	0	0	0	0	0	0	0	0	0	46	36	0	5.30267863367611	7.36002580662016	10.4832133493382
22	C	0.0	2.0	62	93	0	0	0	0	0	0	0	0	0	1	1	12	85	15	K	1	93	E	13	72	115	23	15	0	0	0	0	89	40	310	55	0	8	9	3	0	4	50	19	0	0	0	0	0	0	0	0	0	0	0	45	43	0	6.78476684874494	5.87259601357032	8.50629760455525
19	C	0.0	0.0	64	112	0	0	0	0	0	1	0	0	0	1	0	12	65	7	K	1	47	E	12	92	151	19	11	0	0	0	0	83	41	520	63	0	8	10	3	0	10	55	15	1	0	2	0	0	0	0	0	0	0	2	47	40	0	4.74362247455132	4.35278804177924	7.0546957552493
28	C	0.0	0.0	63	130	0	0	0	0	0	0	0	0	0	1	0	12	55	12	G	1	87	E	13	58	147	29	18	0	0	0	0	77	33	500	63	0	8	9	3	2	8	53	18	0	0	0	0	0	0	0	0	0	0	0	45	38	0	4.70670720547285	5.42459515808383	8.71075254473668
19	C	5.0	4.0	64	118	0	0	0	0	0	0	0	0	1	0	1	12	45	10	K	1	83	E	11	64	152	20	14	0	0	0	0	80	40	450	47	0	8	9	3	3	1	52	16	0	0	0	0	0	0	0	0	0	0	0	46	40	0	4.05269047174669	3.30145499674498	3.44113692810497
18	C	0.0	0.0	60	90	0	0	0	0	0	3	2	2	0	0	0	12	65	4	O	1	90	E	11	68	126	19	13	0	0	0	0	81	35	405	63	1	8	10	3	0	3	44	15	0	0	0	0	0	0	0	0	0	0	0	47	40	0	4.51329227553618	4.29072472065992	2.06675691608511
30	C	0.0	12.0	61	145	0	0	0	0	0	1	0	0	1	0	0	12	55	10	K	1	43	E	12	80	172	27	5	0	0	0	0	80	32	450	70	1	8	9	3	0	7	46	16	0	0	0	0	0	0	0	0	0	0	0	44	40	1	12.3899593392157	7.67191109396448	10.8853329221974
22	C	60.0	5.0	67	119	1	0	1	0	0	1	2	0	3	0	0	10	35	12	K	1	57	E	16	70	145	28	12	0	0	0	1	76	28	630	46	1	9	9	4	0	9	51	17	0	0	0	0	0	0	0	0	0	0	0	46	38	0	6.46906603757546	6.7138516230186	10.7947902299032
38	C	0.0	0.0	60	195	0	0	1	0	0	1	1	0	0	1	0	8	55	28	K	1	67	E	13	50	221	37	12	0	2	0	0	82	33	415	63	1	3	5	3	0	15	62	17	0	0	0	2	0	0	0	0	0	0	0	44	42	0	3.3281637817359	4.08420948555906	12.8058910108024
20	C	4.0	3.0	62	125	0	0	0	0	0	0	0	1	0	1	0	12	55	8	K	1	47	E	13	84	157	25	9	0	0	0	0	79	34	330	71	1	6	10	3	3	1	58	16	0	0	0	0	0	0	0	0	0	0	0	47	37	0	-0.42726363655542	1.01560104361351	1.02392836457247
20	C	0.0	0.0	64	118	0	0	3	0	0	0	1	0	0	0	1	12	35	10	I	1	77	B	12	40	131	20	13	3	1	0	1	59	25	350	48	1	2	3	6	0	16	30	11	6	0	0	3	2	0	0	0	0	0	1	48	33	0	12.2798882881277	11.8193689617891	17.5596594934602
24	C	0.0	0.0	66	121	0	0	0	0	0	0	0	1	2	0	1	15	35	8	M	1	77	A	14	65	134	24	17	0	0	0	0	78	32	230	55	1	9	9	4	0	9	60	10	0	0	0	0	0	0	0	0	0	0	5	44	35	0	2.21553592901146	2.16375672748689	4.53171847507595
33	C	30.0	13.0	67	158	0	0	0	0	0	1	2	0	0	0	0	11	35	12	K	1	43	E	13	80	184	38	12	1	1	0	0	78	26	360	47	0	9	9	3	0	4	61	19	0	0	0	0	0	0	0	0	0	0	0	45	37	1	3.72734364514513	1.91464269398108	4.69664340851673
23	C	3.0	5.0	64	118	3	0	0	1	0	0	1	2	0	1	0	12	55	15	K	1	60	E	13	70	136	26	11	0	0	0	0	78	41	470	58	1	9	10	2	0	12	38	13	0	0	0	0	0	0	2	0	0	0	3	47	40	0	11.0102876104615	11.6204905792472	17.0897384858178
29	C	0.0	0.0	65	126	0	0	0	0	0	0	1	1	2	1	0	12	55	8	K	1	87	E	11	70	145	30	18	0	0	0	0	79	34	315	66	0	9	9	3	3	1	69	19	0	0	0	0	0	0	0	0	0	0	0	48	41	0	-3.51438918077665	-4.1888942914621	-4.92395822773537
21	C	15.0	4.0	64	110	0	0	0	0	0	1	0	1	0	0	0	13	55	4	K	1	87	E	12	55	131	22	13	0	0	0	0	75	33	370	65	1	9	9	2	0	8	53	14	0	0	0	5	1	0	0	1	0	0	5	46	41	0	3.59425962246773	2.71624049097506	2.1626656779167
19	C	0.0	0.0	65	112	0	0	0	0	0	1	0	0	0	0	0	12	25	20	K	1	70	E	13	70	124	20	14	0	0	0	0	81	32	350	65	1	2	9	3	3	7	53	16	0	0	0	1	0	0	0	0	0	0	1	45	38	0	6.77033879542634	6.50939956256795	11.3648302532542
26	C	0.0	6.0	65	145	0	0	0	1	0	1	0	0	0	0	0	15	55	20	K	1	57	E	13	90	210	29	8	0	0	0	0	78	38	430	77	1	7	8	3	3	8	62	18	0	0	0	0	0	0	0	0	0	0	0	46	37	0	3.5569708944627	2.25375484603631	8.59709108004142
20	C	10.0	2.0	62	107	0	0	1	0	0	2	1	1	2	0	1	12	25	7	K	1	70	E	11	70	132	22	17	0	1	0	0	82	35	370	57	0	6	9	3	3	7	60	19	0	0	0	0	0	0	0	0	0	0	0	45	42	0	0.598923584937993	1.49337141856042	2.98252772007149
19	C	1.0	2.0	63	113	0	0	0	0	0	0	0	0	0	0	0	12	75	5	K	1	93	E	13	60	136	23	15	0	0	0	0	82	37	560	77	1	7	9	3	3	1	59	19	1	0	0	0	0	0	0	0	0	0	0	48	37	0	1.28802971436531	-1.1362669670369	-3.60546154343703
19	C	0.0	2.0	68	132	0	0	0	0	0	0	1	0	0	0	0	12	85	7	K	1	93	E	13	66	154	19	13	0	0	0	0	83	37	500	61	1	7	9	3	3	13	49	16	0	0	0	0	0	0	0	0	0	0	0	47	43	0	5.76236780063299	6.41273742620601	9.00734938213037
29	C	0.0	0.0	61	140	0	0	0	0	0	0	0	1	0	0	0	16	65	8	O	1	90	E	12	64	163	33	16	0	0	0	0	79	33	445	51	0	8	8	8	0	11	37	6	0	0	0	0	0	0	3	0	0	0	5	46	37	0	8.86763279040328	8.71429850645858	12.4169733357302
17	C	0.0	4.0	62	110	0	0	0	0	0	0	0	0	0	0	0	11	105	10	K	1	93	E	12	68	133	19	13	0	0	0	0	77	35	590	69	1	8	9	3	2	11	60	20	1	0	0	0	0	0	0	0	0	0	1	48	41	0	1.03092527086056	2.87773737011987	6.19765604107898
17	C	10.0	1.0	65	124	0	0	1	0	0	0	0	0	0	0	0	12	75	10	K	1	93	E	14	54	148	21	14	0	0	0	0	81	37	700	67	1	8	9	3	0	4	63	17	4	0	0	0	0	0	0	1	0	0	2	47	42	0	0.336968286314901	0.032233927405974	1.34114304945456
17	C	0.0	0.0	67	130	0	0	1	0	0	1	1	0	0	0	1	11	65	15	K	1	83	E	14	68	148	18	12	0	0	0	0	82	40	410	49	0	9	10	3	3	5	39	13	0	0	0	0	0	0	0	0	0	0	0	46	41	0	9.77308294366822	9.56654866701106	12.7553014609821
25	C	0.0	0.0	67	137	0	0	0	0	0	0	0	0	1	1	1	16	45	10	F	1	83	E	13	68	166	31	18	0	0	0	0	81	35	490	85	1	7	9	3	3	7	65	19	0	0	0	0	0	0	0	0	0	0	0	49	37	0	0.194026092984062	0.0776537414292009	2.52587213525714
22	C	4.0	4.0	64	97	0	0	3	0	0	5	1	0	0	0	0	15	35	20	K	1	60	E	15	65	115	21	14	0	0	0	0	80	35	400	63	1	4	8	3	3	3	51	18	1	0	0	0	0	0	0	0	0	0	0	48	41	0	4.41257839059177	5.07350258038478	9.75669926613077
20	C	0.0	0.0	63	121	0	0	1	0	0	0	0	0	2	2	0	12	45	5	K	1	73	E	11	72	153	19	13	0	0	0	0	81	33	420	76	1	8	9	3	0	7	64	21	0	0	0	0	0	0	0	0	0	0	0	46	45	0	-1.33825085956057	-1.06343623411018	-0.848347058292518
24	C	0.0	0.0	64	135	0	0	0	0	0	0	0	0	1	2	1	14	75	7	K	1	93	E	14	76	160	27	17	0	0	0	0	79	39	380	43	1	7	9	3	3	5	43	16	0	0	0	0	1	0	0	0	0	0	0	46	43	0	5.06332326402894	6.5862718119988	7.10423963839309
20	C	0.0	0.0	64	148	1	0	0	0	0	0	0	0	0	1	0	14	25	10	G	1	70	E	11	70	158	22	17	0	0	0	0	75	31	440	46	0	7	9	3	3	8	49	15	0	0	0	0	0	0	0	0	0	0	0	47	39	0	6.05121852554534	6.59502074526027	9.60277276445801
22	C	0.0	0.0	66	136	0	0	0	0	0	1	0	0	1	0	1	15	45	10	K	1	67	E	10	76	156	24	17	0	0	0	0	79	36	530	52	1	9	10	3	0	8	58	18	0	0	0	0	0	0	0	0	0	0	0	49	41	0	3.17870960389471	3.39815930341164	6.43053123248584
31	C	0.0	0.0	55	115	0	0	1	0	0	0	0	0	0	1	1	10	35	7	K	1	67	E	14	96	125	33	14	0	0	0	0	79	33	390	80	0	6	9	4	0	0	57	17	0	0	0	0	0	0	0	0	0	0	0	47	39	0	-1.10369806875351	0.248779618743467	-1.26769956189266
22	C	0.0	2.0	62	112	0	0	0	1	0	0	0	0	1	0	0	16	95	5	K	1	77	E	14	70	138	23	16	0	0	0	0	80	33	520	57	0	8	9	3	3	9	45	16	0	0	0	0	0	0	0	0	0	0	0	46	41	0	6.21544060325522	6.27828215171481	7.02525351237401
29	C	0.0	0.0	62	105	2	0	2	0	0	0	0	1	0	1	0	12	45	5	P	1	67	E	17	70	115	25	12	0	0	0	0	57	24	320	35	0	7	7	7	0	5	34	6	0	0	0	2	0	0	0	0	0	1	4	44	30	0	6.74383330390021	7.22060007257914	8.01686806895203
17	C	2.0	3.0	62	105	0	0	1	1	0	0	0	0	2	0	0	10	65	11	K	1	43	E	15	58	131	17	11	0	0	0	0	80	34	550	63	1	9	10	3	0	1	54	14	0	0	0	0	0	0	0	0	0	0	0	47	41	0	2.85879446544913	3.31589954392839	4.46272606569012
18	C	0.0	0.0	60	105	0	0	0	0	0	1	1	0	2	0	0	12	55	12	K	1	70	E	15	65	127	19	13	0	0	0	0	82	36	440	61	1	8	8	5	0	8	62	19	0	0	0	0	0	0	0	0	0	0	0	45	34	0	1.84238451095603	0.994833700551638	5.55878909418413
24	C	0.0	4.0	65	118	1	0	0	0	0	1	1	2	1	0	0	15	35	10	K	1	77	E	12	66	137	24	17	0	0	0	0	80	38	540	51	1	8	9	3	0	6	54	15	1	0	0	0	0	0	0	0	0	0	0	47	39	0	5.46845597502701	4.31377605494628	6.60681046029417
24	C	0.0	0.0	64	110	0	0	0	0	0	0	1	0	0	0	0	17	35	20	C	1	77	A	14	64	130	31	18	0	0	0	0	77	31	375	51	1	8	10	3	0	9	65	18	0	0	2	0	0	0	0	0	0	0	1	47	40	0	1.64855747962559	2.0963647171487	7.32954658596191
24	C	20.0	6.0	63	130	0	0	0	0	0	0	0	0	0	1	0	13	105	6	L	1	93	E	12	70	147	25	14	0	1	0	0	77	28	440	56	0	8	8	3	0	1	75	25	0	0	0	0	0	0	0	0	0	0	0	47	40	0	-9.65991407054333	-9.04597295767381	-9.90430448737279
30	C	0.0	8.0	62	105	0	0	0	0	0	0	0	0	2	0	0	14	75	8	K	1	93	E	13	70	132	31	16	1	0	0	0	46	17	360	36	0	6	8	3	0	3	66	23	0	0	0	0	1	0	0	0	1	0	2	41	38	0	-4.51141743381528	-3.2757119415438	-2.10475987594897
19	C	0.0	5.0	67	125	0	0	0	0	0	1	1	0	1	2	0	12	25	20	K	1	20	E	15	48	121	23	8	1	0	0	0	79	35	430	52	1	9	9	8	0	4	49	6	0	0	0	2	0	0	1	0	0	1	6	46	37	0	7.55172648737222	7.74057137499051	12.5234887922956
22	C	0.0	0.0	61	135	0	0	1	0	0	0	0	0	0	0	0	15	105	7	K	1	93	E	13	58	151	23	14	0	0	0	0	80	36	470	61	1	9	9	3	3	7	52	17	0	0	0	0	0	0	0	0	0	0	1	47	41	0	3.44075226112783	4.21365206527651	5.32693469046646
22	C	5.0	2.0	65	115	0	0	0	0	0	0	0	0	0	1	1	16	35	10	K	1	77	E	10	60	147	29	17	0	0	0	0	79	32	510	58	0	8	10	3	3	2	55	19	0	0	0	0	0	0	0	0	0	0	0	47	42	0	3.40151000410627	2.73150215818419	3.50583851325983
17	C	0.0	3.0	61	102	0	0	1	0	0	0	1	0	2	0	0	10	35	10	K	1	57	E	12	60	127	20	12	0	0	0	0	77	31	315	57	1	7	8	3	0	10	64	20	0	0	0	0	0	0	0	0	0	0	0	46	38	1	4.53677377871713	0.30885696256431	5.01823400000829
24	A	1.0	6.0	64	105	0	0	0	0	0	0	2	0	1	0	0	3	35	25	N	1	30	D	17	60	121	35	5	1	0	0	0	80	35	359	38	1	9	10	4	0	8	35	8	0	0	0	0	0	0	2	0	0	0	1	44	33	0	12.9009648985967	13.0082112634784	19.5320542912156
26	C	0.0	0.5	58	135	0	2	0	0	0	0	0	0	0	0	0	1	45	13	N	1	40	D	13	90	143	24	3	1	0	0	0	71	22	606	60	1	8	10	2	0	15	62	16	3	0	1	1	0	0	0	0	0	0	1	45	46	1	11.2676525151912	14.9144485888364	9.41842449059202
23	C	0.0	0.0	63	110	0	0	0	0	0	1	1	0	0	0	0	10	35	17	N	1	40	D	16	68	136	25	8	0	1	0	0	82	38	412	52	0	10	10	3	0	22	32	10	3	1	0	0	0	0	2	0	0	0	1	44	43	1	24.3855466000834	15.0643567402387	23.1645006958247
24	C	0.0	0.0	66	102	0	0	1	0	0	0	2	0	3	0	1	12	55	7	I	1	47	B	13	80	127	24	11	2	0	0	0	80	32	280	37	0	10	10	4	0	12	35	10	0	0	0	0	0	0	2	0	0	0	0	46	34	1	12.8278739446549	10.766341803943	13.9846981915945
21	C	0.0	0.0	63	145	0	0	1	0	1	0	0	0	1	0	0	12	35	10	N	1	43	D	13	50	151	20	11	0	0	0	0	82	36	360	51	1	9	10	2	0	10	47	14	0	0	0	0	0	0	0	0	0	0	0	43	39	1	11.6856757871563	7.99421007056259	11.9956156501585
23	C	9.0	5.0	60	92	0	0	0	0	0	0	1	0	0	0	0	14	35	13	O	1	43	E	13	70	108	25	12	0	0	0	0	77	28	390	49	1	9	9	3	0	2	55	17	5	0	0	0	0	0	0	0	0	0	0	44	38	0	5.03196726268765	3.75634975360145	5.96940512203379
30	C	20.0	5.0	63	130	0	0	0	0	0	1	0	1	1	0	0	11	35	17	H	1	37	B	17	70	161	36	11	1	0	0	0	79	30	285	48	0	7	7	3	0	1	53	17	0	0	0	0	0	0	0	0	0	0	0	45	38	1	6.55626445471901	3.53845186539313	7.15604239848911
18	C	10.0	2.0	60	110	0	1	1	0	0	1	2	0	0	0	0	10	45	13	O	1	30	E	11	70	119	20	9	0	0	0	0	67	22	300	42	1	9	9	3	0	12	62	19	3	0	0	0	0	0	0	0	0	0	0	45	43	0	14.5939246799638	14.5381869027331	8.59111271737348
22	C	0.0	1.0	62	119	0	0	0	0	1	2	0	0	2	0	0	11	35	15	B	1	47	B	12	68	144	28	12	0	1	0	0	80	37	350	35	1	9	9	1	3	6	59	17	0	0	0	0	0	0	0	0	0	0	0	45	38	0	4.06624942141873	3.86539095122154	10.4179927418854
24	C	0.0	0.0	62	140	0	0	1	0	0	0	0	0	1	0	0	10	35	20	K	1	53	E	13	76	162	23	12	0	0	0	0	78	32	310	44	1	9	9	2	0	1	60	19	0	0	0	0	0	0	0	0	0	0	0	45	43	0	1.81655687252615	2.17961254650814	4.9583641942227
21	C	15.0	8.0	63	133	0	0	0	0	0	0	1	0	1	0	0	12	35	13	K	1	43	C	11	56	146	24	10	0	0	0	0	79	31	450	67	1	8	9	3	0	6	57	19	0	0	0	0	1	0	0	0	0	0	1	46	36	0	5.00456764818461	4.21980606890188	7.94186410632147
21	D	10.0	8.0	65	112	0	0	0	0	0	0	2	0	0	0	0	12	15	20	O	1	23	E	13	60	139	23	10	0	0	0	0	79	37	540	59	1	9	9	3	0	3	65	19	4	0	0	0	0	0	0	0	0	0	0	46	40	0	0.672060816940089	1.25742739943629	5.54080948253068
21	C	0.0	0.0	66	111	0	0	1	0	0	0	0	0	0	0	0	12	15	10	O	1	23	E	14	74	147	20	10	0	0	0	0	78	34	450	53	0	9	9	1	2	8	63	20	0	0	0	0	0	0	0	0	0	0	0	44	39	1	8.75125555649315	2.09318083472107	8.35510876006914
18	C	0.0	0.0	64	143	0	0	0	0	0	0	0	0	0	0	0	11	25	12	O	1	40	E	12	64	164	19	11	0	0	0	0	80	24	400	54	1	8	9	0	3	0	56	18	0	0	0	0	0	0	0	0	0	0	0	44	41	0	2.15583322420227	2.40174545255383	5.62397197564135
18	C	0.0	1.0	59	83	0	0	0	0	0	0	1	0	0	1	0	10	45	10	K	1	50	E	12	80	112	23	12	0	0	0	0	78	32	450	52	0	3	8	0	3	5	46	14	0	0	0	0	0	0	0	0	0	0	1	45	39	0	7.08281855634561	6.08283302172992	12.0286344206724
24	C	0.0	0.0	62	123	0	0	0	0	1	0	0	1	0	0	0	12	5	12	O	1	50	E	11	60	146	29	12	1	0	0	0	79	33	465	53	0	8	9	0	3	1	64	19	0	0	0	0	0	0	0	0	0	0	0	45	41	0	-1.02786184006638	-0.37882552736746	3.3537634447451
26	C	10.0	4.0	65	135	2	0	0	0	0	2	2	0	0	1	0	12	35	12	O	1	60	E	12	70	142	27	12	1	4	0	0	76	32	500	49	1	10	9	0	2	13	47	16	7	0	0	0	0	0	0	0	0	0	1	44	37	0	10.4474152159623	8.90337570484117	16.3397798401337
22	C	0.0	0.0	64	110	0	0	2	0	0	2	1	0	0	1	0	12	25	15	H	1	40	E	12	80	122	23	10	0	0	0	0	81	37	450	58	0	7	9	3	0	8	53	16	1	0	0	0	0	0	0	0	0	0	0	48	38	0	6.67192614628118	6.51151941291698	11.3189804113196
17	C	0.0	3.0	66	115	0	0	0	0	0	0	0	0	0	1	0	9	15	12	B	1	33	B	13	75	141	25	12	0	0	0	0	81	34	380	56	1	9	9	3	0	3	40	12	3	1	0	0	0	0	0	0	0	0	0	46	40	1	12.1701374155643	8.8513396911907	11.4809103820269
24	C	0.0	9.0	63	130	0	0	0	0	0	2	0	0	0	0	0	11	25	12	I	1	30	B	12	52	165	28	11	0	0	0	1	78	39	370	49	0	9	9	2	0	1	50	17	4	0	0	0	0	0	0	0	0	0	1	44	42	1	7.72292392523372	5.07663974291327	6.7454707495457
25	C	0.0	0.0	66	116	0	0	0	0	0	1	0	0	0	0	0	12	55	10	B	1	57	B	13	70	135	32	12	0	1	0	0	81	31	300	51	0	9	9	3	0	2	59	19	5	1	0	0	0	0	0	0	0	0	1	45	46	1	2.37612910214639	1.45284984972667	2.56515009777575
17	C	10.0	2.0	67	127	0	0	0	0	0	0	0	0	1	0	0	8	45	8	O	1	53	E	11	55	155	22	11	0	0	0	0	83	36	350	51	0	7	10	1	2	12	63	20	0	0	0	0	0	0	0	0	0	0	0	46	40	0	2.53908375132604	1.96473592208201	7.92297108496495
22	C	0.0	0.0	68	131	0	0	0	0	0	0	1	0	1	0	0	11	55	17	G	1	43	B	12	76	153	27	11	0	0	0	0	81	31	390	60	1	6	9	4	0	2	59	14	5	0	0	0	0	0	0	0	0	0	1	44	40	0	5.20956109331619	2.80248548738224	5.82232257282967
18	C	4.0	2.0	62	155	0	0	2	0	0	0	1	0	1	0	0	10	25	18	B	1	40	B	12	70	139	22	12	1	0	0	0	78	29	280	48	1	9	10	3	0	5	64	18	7	0	0	0	0	0	0	0	0	0	0	46	37	0	0.937443110977281	1.85109160848358	6.26971748098695
21	C	0.0	3.0	65	138	1	0	0	0	0	1	0	2	0	0	1	12	35	10	K	1	23	E	15	60	176	38	9	0	0	0	1	81	32	400	36	1	7	10	3	0	9	54	16	6	0	1	0	0	0	0	0	0	0	1	50	47	0	5.61537520802394	5.67835027430622	9.76766126965496
22	C	0.0	0.0	65	140	1	0	0	0	0	3	0	2	0	0	0	12	25	15	K	1	17	E	15	70	171	39	9	0	0	0	1	82	31	380	34	0	8	9	0	2	4	56	18	0	0	0	0	0	0	0	0	0	0	0	46	42	1	11.5176578238877	4.87159202955942	11.2971131174889
30	C	0.0	0.0	65	143	0	0	0	0	0	1	1	0	0	0	0	10	25	10	P	1	20	E	14	60	155	34	7	0	0	0	0	81	37	280	52	1	9	9	2	0	4	64	19	0	0	0	0	0	0	0	0	0	0	0	46	39	0	0.854422455339026	0.536718374143773	3.13185075381727
23	C	0.0	0.0	64	125	0	0	0	0	0	2	1	0	0	0	0	12	35	17	O	1	33	E	14	60	160	27	8	0	0	0	0	77	33	450	54	0	9	9	2	0	2	52	16	0	0	0	0	0	0	0	0	0	0	0	46	42	0	4.73244444652035	5.54167427055597	8.76222865243306
23	C	10.0	4.0	63	175	0	0	2	0	0	0	2	0	0	0	0	7	15	10	G	1	40	E	13	60	186	22	10	0	0	0	0	82	33	450	75	1	8	9	0	3	1	44	14	0	0	0	2	0	0	0	0	0	0	2	47	40	0	4.73413356074772	6.59109821372315	9.97627197553099
24	C	10.0	5.0	64	165	0	0	0	0	0	0	2	0	1	0	0	7	25	13	G	1	47	E	14	55	183	23	10	0	0	0	0	87	36	500	98	0	9	9	3	0	2	56	17	0	0	0	0	0	0	0	0	0	0	0	44	42	0	3.13977551686689	3.33218480940082	5.4710706932832
33	C	30.0	19.0	65	139	0	0	0	0	0	1	0	0	0	0	0	10	45	15	O	1	60	E	13	60	169	33	12	0	3	1	0	80	40	570	73	1	9	9	2	0	0	57	16	0	0	0	0	0	0	0	0	0	0	0	46	42	0	2.95749375619674	2.09175064638514	3.18519044415719
25	C	0.0	3.0	65	130	0	0	2	0	0	0	1	0	1	0	0	10	35	15	K	1	23	E	12	70	158	43	1	0	2	0	0	83	38	400	48	1	6	5	2	0	1	62	20	4	1	0	0	0	0	0	0	0	0	0	46	44	0	0.152049257652536	-0.0250335940396198	3.43537011474994
22	C	0.0	0.0	62	135	0	0	0	0	0	1	1	0	1	1	0	12	15	12	B	1	40	B	15	64	172	34	10	0	0	0	0	79	34	300	55	0	5	9	1	2	5	59	18	0	0	0	0	0	0	0	0	0	0	0	45	46	0	2.26652685365608	3.20697819164723	8.8674806004647
18	C	0.0	0.0	68	142	0	0	0	0	0	0	1	3	0	0	0	8	15	15	B	1	30	B	13	58	168	25	10	0	0	0	0	76	28	350	48	1	9	10	3	0	2	47	15	5	0	0	0	0	0	0	0	0	0	1	44	36	1	9.08442611879452	6.97599856141897	9.88676347210459
34	C	0.0	0.0	67	125	0	0	0	0	0	0	0	0	1	0	0	10	65	12	H	1	37	B	11	44	174	32	7	0	1	0	0	88	36	330	37	1	9	10	0	2	6	55	17	0	0	0	0	0	0	0	0	0	0	0	46	42	0	6.56224415165282	5.03620073599242	11.0853668909314
40	C	0.0	0.0	66	160	0	0	2	0	0	2	0	0	1	0	0	6	35	12	I	1	27	B	11	78	183	42	7	0	2	0	0	77	35	600	71	0	8	10	2	0	0	49	15	0	0	0	0	0	0	0	0	0	0	0	47	39	0	5.95725680852194	4.87363516670337	5.88347248109648
32	C	0.0	16.0	64	132	0	0	0	0	0	1	1	0	1	0	0	10	55	12	K	1	33	B	13	70	148	33	8	2	0	1	0	78	37	540	61	0	8	8	0	3	7	62	20	0	0	0	0	0	0	0	0	0	0	0	47	39	1	8.40051173083744	1.40814791333628	8.81361827602087
42	C	0.0	0.0	67	140	0	0	2	0	0	0	1	0	0	0	1	12	35	17	B	1	43	B	13	110	186	37	12	0	0	0	0	78	35	320	55	1	9	9	5	0	0	57	18	0	0	0	0	0	0	0	0	0	0	0	47	35	0	3.23133224956397	2.57528627548023	4.34710443450347
23	C	0.0	0.0	63	120	0	0	0	0	0	0	2	0	1	0	0	8	35	13	P	1	60	E	13	65	135	26	12	0	0	0	0	78	33	450	56	1	9	9	0	3	5	56	16	6	0	0	0	0	0	0	0	0	0	1	43	39	0	4.80369732363618	4.2886972393686	9.85759502139859
31	C	0.0	0.0	64	155	1	0	0	0	0	0	1	0	1	0	0	12	45	18	K	1	40	E	12	70	192	34	8	0	0	0	0	78	33	370	41	0	9	9	1	3	0	57	18	0	0	0	0	0	0	0	0	0	0	0	44	41	0	2.27962322557033	2.89815204258666	7.35916885544117
23	C	0.0	0.0	60	97	0	0	0	0	0	0	2	0	1	1	0	9	35	10	P	1	37	E	12	78	116	25	8	0	2	0	0	79	31	340	43	1	8	9	2	0	6	60	21	0	0	0	0	0	0	0	0	0	0	0	44	39	1	4.94742089976181	2.52487545360241	5.50360701442472
27	C	0.0	0.0	64	137	0	1	2	0	0	1	1	0	0	0	0	11	25	12	O	1	33	E	14	75	163	27	12	0	1	0	0	79	34	330	56	0	9	9	2	0	6	52	18	0	0	0	0	0	0	0	0	0	0	1	45	40	1	10.5878743937666	16.9061574157195	9.1334390485168
17	C	0.0	0.0	62	117	0	0	0	0	0	0	0	0	0	0	0	10	25	22	B	1	37	B	13	70	139	25	12	0	0	0	0	80	34	450	39	0	8	9	0	3	3	49	14	1	1	0	0	0	0	0	0	0	0	0	45	39	0	5.69471991082694	7.5637191466191	14.3898711511708
22	C	7.0	4.0	66	120	0	0	2	0	0	1	0	0	0	0	0	12	75	10	B	1	93	B	12	64	138	33	18	0	0	0	0	75	33	440	61	0	9	9	3	0	2	46	14	0	0	0	0	0	0	0	0	0	0	0	46	41	0	5.52008981265306	5.58234623561518	6.10381490430715
33	C	20.0	12.0	63	187	0	1	0	0	0	0	1	1	1	0	0	4	45	10	O	1	50	E	11	65	182	48	11	0	1	0	1	79	29	600	93	1	7	1	3	0	0	56	18	0	0	0	3	0	0	0	0	0	0	1	46	49	0	10.3054719303375	11.4328828293294	0.998071041511047
23	C	5.0	3.0	50	130	0	0	2	0	0	0	0	0	0	1	0	9	15	20	B	1	30	E	12	65	133	28	10	0	0	0	0	76	38	400	44	1	8	9	2	0	0	51	17	0	0	0	0	0	0	0	0	0	0	0	43	41	0	6.17183462777203	5.25703835458921	7.75803403937232
17	C	0.0	2.0	64	122	0	0	0	0	0	1	1	0	0	0	0	10	35	7	O	1	53	E	12	56	147	24	12	0	0	0	0	78	36	540	92	1	9	9	0	3	0	54	16	6	0	0	0	0	0	0	0	0	0	1	47	43	0	1.21142607887673	1.71019375427621	2.91598591169914
27	C	15.0	9.0	60	110	0	0	0	0	0	1	2	0	0	0	0	12	75	7	O	1	83	E	12	70	125	30	15	1	1	0	0	79	30	370	50	0	9	9	0	3	6	57	19	0	0	0	0	0	0	0	0	0	0	0	44	42	0	0.595628252524886	2.43396040710609	5.87362810881364
27	C	0.0	0.0	66	120	0	0	0	0	0	0	0	0	0	0	0	9	35	15	B	1	30	B	12	60	153	36	5	1	0	1	2	79	38	300	56	0	8	9	0	2	10	69	22	0	0	0	0	0	0	0	0	0	0	0	47	41	1	7.72017294013483	0.653879878975469	8.56078826175596
34	C	20.0	17.0	63	115	0	3	0	0	0	0	0	0	0	0	0	10	55	14	K	1	53	E	12	80	134	43	10	3	0	0	1	79	38	350	62	1	9	9	2	0	5	64	20	0	0	0	0	0	0	0	0	0	0	0	44	40	1	4.6549683600909	12.0536833929031	4.04583067306289
18	C	0.0	2.0	61	140	0	0	0	0	0	0	1	0	0	0	0	10	45	18	K	1	30	E	11	60	163	25	8	0	1	0	0	78	31	530	71	1	6	6	3	0	6	52	17	0	0	0	0	0	0	0	0	0	0	0	47	36	0	2.56113062114886	5.74990490246918	11.7200715622613
22	C	14.0	8.0	64	127	0	1	0	0	0	1	0	0	1	0	0	12	0	10	K	1	43	E	11	76	148	30	12	0	0	0	0	80	25	550	50	0	7	10	0	3	5	37	17	0	0	0	0	2	0	0	0	0	0	1	47	38	1	13.0317190968978	20.7494268347168	14.3938529996924
19	C	18.0	3.0	67	140	0	0	0	0	0	3	1	0	0	0	0	9	35	5	O	1	43	E	13	70	180	28	12	0	0	0	0	80	33	450	98	0	10	9	3	0	0	63	20	0	0	0	0	0	0	0	0	0	0	0	46	43	1	-7.05512807100197	-2.71677460379387	-5.03764325387198
29	C	0.0	0.0	69	200	0	0	0	0	0	1	2	1	0	0	0	12	45	18	B	1	30	B	14	70	225	39	9	0	0	0	0	82	35	540	76	1	7	9	3	0	4	68	20	0	0	0	0	0	0	0	0	0	0	0	48	40	0	-0.992332310901514	-0.0782465216615624	4.15128833288978
22	C	0.0	0.0	69	127	0	0	2	1	0	0	0	0	0	0	0	12	25	17	B	1	40	B	14	80	154	25	10	0	0	0	0	79	30	320	59	1	9	10	0	3	4	55	16	0	0	0	0	0	0	0	0	0	0	0	48	39	1	10.9477074911227	5.21298988443443	11.6068431100075
25	C	11.0	1.0	65	135	0	0	0	0	0	0	1	0	0	0	0	12	25	20	B	1	30	B	13	60	188	29	11	0	0	0	0	78	31	420	52	0	6	9	2	0	0	49	16	0	0	0	0	0	0	0	0	0	0	0	47	40	1	8.3516610491852	5.92862594401943	8.43544143164949
31	C	15.0	13.0	67	152	0	0	2	0	0	0	1	0	0	0	0	9	25	14	B	1	30	B	14	70	170	34	7	0	1	0	0	81	39	400	65	0	8	9	4	0	1	56	17	0	0	0	0	0	0	0	0	0	0	0	47	40	1	6.85121847245558	3.28068352413627	5.41354656884636
27	C	18.0	8.0	65	130	0	0	0	0	0	1	1	0	1	0	0	9	15	10	B	1	20	B	11	72	136	34	11	0	1	0	0	77	33	390	37	0	7	9	3	0	3	55	16	0	0	0	0	0	0	0	0	0	0	0	45	42	0	4.03314765064518	3.82168304388201	6.05576023913487
17	C	0.0	0.0	64	145	0	0	2	0	0	0	1	0	0	0	0	9	25	5	L	1	17	E	11	60	152	23	9	0	0	0	0	77	33	370	57	1	9	9	0	3	5	63	16	6	1	0	0	1	0	0	0	0	0	1	45	39	0	0.0113750399568668	-0.251056319709094	2.80851182532728
30	C	0.0	0.0	63	110	0	0	2	0	0	3	2	0	1	0	0	9	55	8	K	1	47	E	19	70	137	39	9	0	1	1	0	82	35	410	48	0	9	9	2	0	2	55	16	0	0	0	0	0	0	0	0	0	0	0	48	41	0	3.1507423536646	2.58727063986	3.14456754853908
19	C	20.0	3.0	66	140	0	0	0	1	0	2	0	0	0	0	0	12	45	7	K	1	40	E	11	70	193	23	9	0	0	0	0	81	37	360	56	1	9	9	2	1	8	71	22	1	0	0	0	0	0	0	0	0	0	1	48	37	1	-0.620055895397882	-2.7462452766022	-0.490639537563699
21	C	0.0	2.0	67	128	0	0	1	0	0	0	0	0	0	0	0	12	35	7	O	1	53	E	10	76	150	27	12	0	0	0	0	78	37	510	73	0	8	9	3	0	0	47	15	0	0	0	0	0	0	0	0	0	0	0	45	41	0	3.40745799726722	3.91982400463818	2.68014890469834
19	C	0.0	0.0	64	110	0	0	1	0	0	1	0	0	0	0	0	12	65	7	O	1	60	E	13	60	143	20	11	0	0	0	0	82	41	520	64	1	9	9	1	2	8	63	19	0	0	0	0	0	0	0	0	0	0	0	47	41	0	1.85411091062844	0.768172028549819	5.16723842623365
43	C	7.0	4.0	65	142	0	0	0	0	0	1	0	0	0	0	0	10	25	8	G	1	40	E	15	94	164	37	10	0	0	0	0	77	39	640	87	1	9	9	0	3	2	60	18	0	0	0	0	0	0	0	0	0	0	0	48	42	0	1.05663320791167	0.909300352669212	4.04014124954426
19	C	2.0	1.0	60	106	0	0	1	0	0	0	1	0	0	0	0	10	35	8	B	1	37	B	12	70	122	23	10	1	1	0	0	76	32	380	49	0	7	8	4	0	2	56	17	0	0	0	2	0	0	0	0	0	0	1	45	43	0	0.970864476014785	1.17620185025167	2.91849025074672
17	C	0.0	0.0	60	98	0	0	0	0	0	1	0	0	0	0	0	9	25	10	B	1	37	B	11	58	117	21	11	0	0	0	0	79	32	400	45	0	9	9	3	0	7	64	19	0	0	0	0	0	0	0	0	0	0	0	44	37	0	0.107937515598971	1.09671163219672	4.35920379456588
25	C	0.0	0.0	63	167	0	0	0	1	0	0	0	0	0	0	0	11	55	12	B	1	63	E	15	63	206	27	12	0	1	0	0	85	38	460	51	1	9	9	2	0	3	58	19	0	0	0	1	0	0	0	0	0	0	0	46	42	0	3.15987703572049	2.5446594127904	4.59150062354983
33	C	10.0	10.0	67	165	0	1	0	0	0	0	0	0	2	0	0	14	25	15	B	1	17	B	13	70	157	44	8	0	2	1	0	81	38	400	60	1	9	9	3	0	0	52	18	0	0	0	0	0	0	0	0	0	0	0	47	40	1	6.89620302690433	15.3809378505244	5.82026645783704
22	C	10.0	3.0	66	125	0	0	0	0	0	1	0	0	0	0	0	14	25	5	O	1	50	E	12	72	148	26	12	0	0	0	0	80	31	520	58	1	9	9	3	0	5	51	18	0	0	0	0	0	0	0	0	0	0	0	47	40	0	3.80682833242483	3.7551598636649	3.79840696409754
31	C	0.0	0.0	64	153	0	0	0	0	0	0	1	0	0	0	0	8	75	17	B	1	67	B	15	70	181	37	13	3	0	0	0	75	27	450	64	0	9	9	3	0	0	53	16	8	0	0	0	0	0	0	0	0	0	1	46	40	0	3.64235470349408	3.74763812351313	5.10866321219706
16	C	8.0	3.0	64	102	0	0	0	0	0	0	0	0	1	0	0	10	35	10	O	1	70	E	11	72	130	21	12	0	0	0	0	79	39	480	71	0	6	9	2	1	0	53	17	0	0	0	0	0	0	0	0	0	0	0	44	46	0	2.22017544472609	2.53881915310079	2.1873102515041
20	C	0.0	0.0	66	137	0	0	1	0	2	0	1	1	1	0	0	12	35	8	O	1	37	B	12	70	166	22	11	0	0	0	0	79	38	600	65	1	10	10	4	0	5	50	14	0	0	0	0	0	0	0	0	0	0	0	46	43	0	5.8087105661791	5.43666836904177	7.3804483657901
43	C	0.0	0.0	60	110	0	0	0	0	0	0	0	0	1	0	0	3	55	17	K	1	33	E	15	94	144	50	9	1	0	0	0	79	24	450	40	1	9	9	3	0	3	69	21	0	1	0	0	0	0	0	0	0	0	0	44	41	0	-2.44160436446498	-1.01236757049067	2.59740564204502
23	C	0.0	0.0	67	202	0	0	0	1	0	5	0	0	0	0	0	12	25	20	O	1	27	E	13	85	183	24	10	0	0	0	0	71	18	400	78	1	6	9	2	1	5	46	15	0	0	0	0	0	0	0	0	0	0	0	44	39	1	12.7587221340373	8.88881588674433	13.9060472178174
33	C	0.0	15.0	65	147	0	0	0	0	1	0	1	1	0	0	0	9	25	12	H	1	50	B	13	70	170	18	12	0	0	0	0	80	37	360	39	1	9	9	0	3	7	60	20	0	0	0	0	0	0	0	0	0	0	0	47	37	0	3.62162772987505	3.17659379837982	9.27646618995999
41	C	0.0	24.0	60	114	0	0	0	1	0	0	0	0	0	0	0	8	45	18	K	1	33	E	11	70	143	44	8	2	0	1	0	77	31	485	53	0	9	9	2	0	0	55	18	0	0	0	0	0	0	0	0	0	0	0	47	41	0	3.83263375073982	3.5763291181034	5.70261197844511
29	C	0.0	0.0	66	200	0	0	0	0	0	1	0	0	0	0	0	7	25	22	B	1	13	B	11	110	244	34	2	0	0	0	0	82	35	460	70	0	9	9	3	0	1	68	20	0	0	0	0	0	0	0	0	0	0	1	45	39	0	0.212313022142423	-0.552857138007123	3.18648510495805
20	C	0.0	0.0	64	130	0	0	0	0	0	1	0	0	0	0	0	10	25	17	O	1	60	E	12	60	159	26	14	0	0	0	0	79	32	420	85	1	9	9	3	0	2	59	19	0	0	0	0	0	0	0	0	0	0	0	46	46	0	1.42221377256266	2.58547607115345	5.30479863055494
27	C	4.0	13.0	64	168	0	0	0	2	0	0	0	0	1	0	1	10	15	15	O	1	10	E	11	100	204	29	8	0	0	0	0	81	39	485	57	0	8	8	3	0	2	63	19	0	0	0	0	0	0	0	0	0	0	0	44	47	1	4.24988625683606	0.158000753775069	4.39023682865769
22	C	0.0	0.0	61	155	0	0	0	0	0	1	0	0	0	0	1	14	35	6	O	1	70	E	11	65	162	25	14	0	1	0	0	82	35	600	51	0	7	7	0	3	2	49	16	0	0	0	0	0	0	0	0	0	0	0	45	40	0	2.50174165290076	2.68031792222923	5.32301553457585
21	C	20.0	5.0	62	120	0	0	0	0	0	0	0	0	0	0	0	12	15	15	O	1	20	E	13	75	140	21	7	0	0	0	0	80	37	450	58	0	9	9	3	0	7	61	18	0	0	0	0	0	0	0	0	0	0	0	45	41	1	8.4896909477399	3.4819524434767	8.34237576336856
21	C	20.0	7.0	63	107	0	0	0	0	0	0	0	0	0	0	0	10	5	10	P	1	10	E	12	60	121	20	9	0	0	0	0	78	29	340	45	0	8	9	5	0	15	55	18	0	0	0	0	0	0	0	0	0	0	0	45	29	0	7.93928298854097	6.56023817212405	12.2254102592202
15	C	0.0	0.0	65	150	0	0	0	0	0	2	0	0	0	1	0	9	35	10	O	1	33	E	11	60	173	20	9	0	0	0	0	83	34	379	79	1	6	9	2	2	11	65	19	0	0	0	0	0	0	0	0	0	0	0	46	41	0	2.00708463789242	1.53931033227163	5.8973331062113
23	C	10.0	5.0	65	110	0	1	0	0	0	1	0	0	1	0	0	12	45	20	P	1	43	E	12	70	134	26	8	0	1	0	0	76	34	400	60	0	6	9	3	0	6	57	17	0	0	0	0	0	0	0	0	0	0	0	45	42	0	16.5584549876172	16.0404712933812	9.62457247420518
27	C	0.0	0.0	62	110	0	1	0	0	0	0	0	0	1	0	0	3	15	17	P	1	33	E	11	54	131	23	11	0	0	0	0	80	31	400	23	0	8	9	2	3	7	52	17	0	0	0	0	0	0	0	0	0	0	0	44	39	0	17.2338406334589	17.90174711201	11.4994717976282
20	C	10.0	7.0	66	112	0	0	2	0	0	0	1	0	1	0	0	10	25	10	O	1	50	E	13	58	140	23	12	0	0	0	0	81	38	580	59	0	9	9	3	0	4	58	17	0	0	0	0	0	0	0	0	0	0	0	46	39	0	2.37311262547787	2.61046963176908	4.69117713924199
20	C	0.0	0.5	63	130	0	0	0	0	0	1	1	0	1	0	0	12	35	15	O	1	23	E	11	70	161	24	9	0	0	0	0	81	30	280	61	0	8	9	2	0	2	60	19	0	0	0	0	0	0	0	0	0	0	0	43	42	0	2.87244363157181	2.39417792508913	5.3902194321082
20	C	0.0	1.0	64	130	0	0	0	0	0	0	0	0	1	0	0	10	0	17	P	1	17	E	12	70	167	22	8	0	0	0	0	78	35	560	63	0	5	8	8	2	17	59	19	0	0	0	0	0	0	0	0	0	0	0	44	39	0	5.67182597870477	5.24900874023769	13.8286001121762
30	C	0.0	0.0	62	106	0	0	0	0	2	0	0	0	1	0	0	2	25	10	I	1	20	E	13	60	143	33	8	3	1	0	0	76	28	300	42	1	9	9	0	3	4	54	17	0	0	0	0	0	0	0	0	0	0	0	47	43	0	3.95848351962014	4.66718376767679	9.76272501956566
21	C	0.0	0.0	63	110	0	0	0	0	0	1	2	1	0	0	0	12	25	13	H	1	57	B	13	72	128	23	12	0	0	0	0	78	29	270	43	1	5	6	0	3	2	44	15	0	0	0	1	0	0	0	0	0	0	0	46	35	0	8.112136414135	6.23229696210021	11.7059943027206
19	C	0.125	2.0	66	148	0	0	0	0	0	4	1	0	1	0	0	14	5	7	O	1	53	E	11	70	161	19	13	0	0	0	0	77	31	410	61	1	7	9	2	3	11	56	16	0	0	0	0	0	0	0	0	0	0	0	47	40	0	4.06906460789384	4.09356203945488	6.92333002244553
29	C	0.0	0.0	66	172	0	1	0	0	0	1	1	0	2	0	0	12	35	5	P	1	27	E	11	80	185	31	9	0	1	0	0	81	28	450	46	1	9	10	3	0	4	52	18	4	0	0	0	0	0	0	0	0	0	1	47	45	0	15.1637282532286	14.327139370878	2.9882742508785
26	C	4.0	5.0	63	104	0	0	2	0	0	1	0	0	0	1	0	12	15	30	L	1	57	E	13	60	128	40	12	1	0	0	0	78	31	370	40	0	8	9	2	0	11	62	19	0	0	0	0	0	0	0	0	0	0	0	44	39	0	4.54262734850816	4.82297909590707	12.0414705323944
22	C	0.0	0.0	62	130	0	0	1	0	0	1	0	0	0	0	0	12	35	10	B	1	53	B	13	80	171	22	14	0	1	0	0	79	27	400	50	0	5	9	2	0	2	54	18	5	0	0	1	0	0	0	0	0	0	3	44	40	0	4.12429384645779	3.40229978284357	4.60163850132964
16	C	0.0	0.0	67	155	0	0	1	0	0	0	0	0	0	0	0	9	25	10	P	1	37	E	12	74	188	20	12	0	0	0	0	80	37	620	66	1	6	8	2	0	3	57	17	1	0	0	0	0	0	0	0	0	0	2	45	41	0	1.96394778374574	1.68239010311754	4.61552524234454
21	C	5.0	2.0	63	118	0	0	0	0	0	1	1	0	0	0	0	12	55	10	O	1	57	E	13	70	152	23	12	0	0	0	0	79	27	380	30	0	8	9	0	2	0	62	19	0	0	0	0	0	0	0	0	0	0	0	45	39	0	-0.520210177826298	-0.609615932990281	1.70337678398075
29	C	10.0	10.0	57	99	0	0	0	1	1	0	0	0	0	0	0	12	25	13	M	1	17	A	18	58	120	31	9	0	0	0	0	80	32	400	46	0	7	8	3	0	3	60	18	0	0	0	1	0	0	0	0	0	0	1	42	27	0	1.99861900711603	1.35463208732514	5.47672184932014
22	C	0.0	12.0	65	109	0	0	0	0	0	0	1	0	0	0	0	11	35	10	O	1	40	E	13	64	139	25	12	0	1	0	0	78	32	350	53	0	9	9	3	0	7	69	22	0	0	0	0	0	0	0	0	0	0	0	48	44	0	-0.716084554275531	-1.17829269340857	2.01141130012673
26	C	20.0	10.0	62	98	1	0	0	0	0	0	2	0	0	0	0	10	25	17	O	1	37	E	15	60	111	24	12	5	1	1	0	80	30	350	54	1	8	9	0	3	2	60	18	0	0	0	0	0	0	0	0	0	0	0	46	38	0	3.61024981258293	2.64415001222697	8.2332796377604
17	C	20.0	1.0	63	128	0	0	0	0	0	0	0	1	1	0	0	10	15	7	O	1	47	E	12	60	141	23	14	0	0	0	0	75	36	400	57	1	6	9	0	4	6	57	17	0	0	0	0	0	0	0	0	0	0	0	47	40	0	3.4019662176302	2.89096526235279	6.96349304848344
28	C	20.0	11.0	65	125	0	0	0	0	0	1	1	0	0	0	0	12	0	13	P	1	50	E	13	70	173	28	14	0	3	0	0	79	32	415	50	1	8	9	2	0	3	52	18	0	0	0	0	0	0	0	0	0	0	0	45	40	1	6.5359959260743	5.10546149984664	7.65295607208466
20	C	20.0	4.0	63	110	0	0	0	0	0	0	0	0	0	0	0	12	65	10	P	1	57	E	12	56	135	23	11	0	0	0	0	81	38	490	82	0	7	9	2	0	6	56	18	0	0	0	0	0	0	0	0	0	0	0	45	40	0	4.27413439223058	3.82829461815597	6.4661663283296
19	C	2.0	3.0	67	115	0	0	2	0	0	0	0	0	2	0	0	11	0	10	O	1	17	E	13	56	148	22	10	0	1	0	0	78	27	350	71	1	8	10	3	0	5	54	18	4	0	0	0	0	0	0	0	0	0	1	45	42	0	5.11762418076141	4.82445745284768	7.86048492628403
19	C	0.0	0.5	66	130	0	1	0	0	0	0	0	0	0	0	0	12	25	13	B	1	47	B	12	60	153	28	14	0	0	0	0	79	32	410	40	0	9	9	0	3	2	49	15	0	0	0	0	0	0	0	0	0	0	0	44	42	0	16.2150775714106	16.8701816351356	10.0599375672676
20	C	0.0	0.0	62	125	0	0	0	0	0	0	0	0	0	0	0	12	45	12	P	1	40	E	13	60	140	20	8	0	0	0	0	79	30	420	63	1	6	9	4	0	1	54	17	1	1	0	0	0	0	0	0	0	0	1	47	40	1	3.65098609553843	3.55057525065158	5.02884206470829
27	C	5.0	6.0	65	145	0	0	0	0	0	0	0	0	0	0	0	11	35	15	B	1	33	B	12	62	175	28	11	0	0	0	0	82	32	350	63	1	6	8	0	3	10	66	20	4	0	0	0	0	0	0	0	0	0	0	46	40	0	1.78911296527315	0.810851793730509	9.68646158359754
35	C	13.0	10.0	60	115	0	0	3	0	0	0	0	0	0	0	0	13	15	10	H	1	20	B	14	74	130	37	10	1	1	0	0	78	34	330	65	1	9	9	0	2	1	54	17	0	0	0	0	0	0	0	0	0	0	0	47	41	0	1.89809639394491	3.55945211254243	7.27450786316505
19	E	0.0	0.0	64	102	0	0	0	0	0	0	0	0	0	0	0	12	15	15	H	1	40	B	15	62	125	30	14	0	0	0	0	84	40	330	52	0	9	9	2	0	2	62	19	0	0	0	0	0	0	0	0	0	0	0	47	39	0	0.411736698081473	1.354281047611	4.03898990510577
18	C	0.0	0.0	62	137	0	0	0	0	0	1	0	0	0	0	0	12	25	7	O	1	27	E	11	64	168	21	9	0	0	0	0	79	31	450	56	0	6	7	1	2	6	52	16	4	0	0	0	0	0	0	0	0	0	1	44	38	1	9.35125104267562	3.81291059964736	9.26837897110774
22	C	0.0	0.0	63	145	0	0	0	0	0	0	2	0	0	0	0	12	15	15	B	1	47	B	14	60	164	26	14	2	0	1	0	76	27	360	44	1	6	6	4	0	3	65	21	0	0	0	0	0	1	0	0	0	0	1	46	41	0	-1.09155562924912	-0.822472269161945	3.18659472179767
37	C	7.0	19.0	65	117	0	0	0	0	2	1	1	0	1	1	0	12	25	20	H	1	50	E	11	70	156	44	12	2	0	1	0	80	38	380	53	0	7	9	2	0	0	50	16	0	0	0	0	0	0	0	0	0	0	0	46	43	0	4.65261756315473	5.33926953816428	7.48739608456187
19	C	0.0	0.0	62	107	0	0	1	0	0	0	1	0	0	0	0	12	15	20	O	1	20	E	11	64	139	20	11	0	0	0	0	73	24	500	71	0	8	9	1	3	2	64	19	0	0	0	0	0	0	0	0	0	0	0	48	41	1	6.55580548090463	1.53447948011338	7.89269558205038
28	F	20.0	4.0	66	130	0	0	0	0	0	0	1	0	0	0	0	10	15	10	K	1	30	E	13	64	146	34	10	0	1	0	0	80	36	460	62	0	8	9	0	1	7	62	18	0	0	0	0	0	0	0	0	0	0	0	45	41	0	1.49585371331283	2.19882627787459	8.05975055586611
23	C	0.0	0.0	64	135	0	0	0	1	0	1	0	0	1	0	0	15	25	15	O	1	60	E	13	60	166	23	17	0	0	0	0	74	28	495	52	1	7	9	3	1	6	46	14	0	0	0	0	0	0	0	0	0	0	0	47	37	0	7.77150027226145	8.11988217377786	12.0165967415439
33	C	6.0	13.0	60	130	0	0	0	0	0	0	0	0	1	0	1	11	15	15	B	1	33	B	14	60	135	41	12	0	0	0	0	83	33	380	41	0	8	10	3	0	4	55	16	0	0	0	0	0	0	0	0	0	0	0	45	39	1	7.93015798506336	4.87200693283089	8.54674024239789
34	C	0.0	0.0	63	198	0	0	0	0	0	1	1	0	1	0	0	12	35	20	B	1	37	B	13	70	217	44	10	0	0	0	0	76	31	360	51	1	8	10	3	0	5	60	18	0	0	0	0	0	0	0	0	0	0	0	45	40	0	3.40454810147416	3.77485449016325	8.57003776417403
21	C	0.0	0.0	69	180	0	0	0	0	0	1	0	0	0	1	0	13	35	7	B	1	47	E	13	65	214	20	10	0	1	0	0	80	38	450	72	1	8	9	2	1	1	62	20	4	0	0	0	0	0	0	0	0	0	1	43	42	0	-2.05517526158381	-0.922110911934945	-1.38757797232523
28	C	17.0	9.0	65	170	0	0	0	0	0	1	1	0	0	0	0	11	25	17	K	1	43	E	13	70	212	28	11	0	0	0	0	78	36	380	55	1	9	9	2	0	6	54	18	0	0	0	0	0	0	0	0	0	0	0	45	41	1	9.25952342155693	5.91705299995295	10.4688665924041
16	C	0.0	1.0	64	110	0	0	0	0	0	3	0	0	0	0	0	10	35	20	O	1	63	E	14	58	147	21	13	0	1	0	0	76	31	360	83	1	7	8	3	3	2	54	16	5	0	0	0	0	0	0	0	0	0	2	46	38	0	4.20645611450823	3.61695442235144	7.78905134032625
18	C	7.0	2.0	64	120	0	0	0	0	0	0	1	0	0	0	0	11	15	10	B	1	23	B	13	58	142	19	10	0	0	0	0	81	32	390	59	0	6	9	3	0	4	31	10	0	0	0	0	0	0	0	0	0	0	0	44	39	1	14.2190701813198	11.02299723907	13.6551687071739
34	C	0.0	0.0	66	133	0	0	0	0	0	1	0	0	0	0	0	10	35	16	I	1	43	B	13	70	158	34	12	0	0	0	0	82	39	480	63	0	8	8	0	2	5	49	16	0	0	0	0	0	0	0	0	0	0	0	46	41	1	14.0986776945036	6.25808116242576	13.7975166544848
19	C	0.0	0.0	62	140	0	0	0	0	0	3	1	0	0	0	0	11	25	10	O	1	47	E	12	58	171	21	12	0	0	0	0	77	36	500	57	1	7	8	4	0	10	49	15	0	0	0	0	0	0	0	0	0	0	0	47	43	0	6.2801713679771	6.13198165843517	11.067432237317
21	C	3.0	4.0	65	165	0	0	0	0	0	0	0	0	1	0	0	10	25	20	O	1	27	E	13	95	217	27	8	0	0	0	0	68	23	460	88	0	9	9	3	0	2	57	18	5	0	0	0	0	0	0	0	0	0	1	45	36	1	7.67712829247228	4.12590513785106	7.91661445536136
26	C	20.0	9.0	62	130	0	1	2	0	0	0	0	0	2	0	0	16	45	10	K	1	83	B	13	68	143	31	16	0	0	0	0	79	33	580	49	0	7	8	2	0	11	46	14	5	0	0	0	0	0	0	0	0	0	2	46	40	0	18.6286468307405	17.726772454164	10.8383120990412
21	C	30.0	7.0	62	135	0	0	0	0	0	1	0	0	1	0	0	9	45	23	K	1	43	E	13	58	159	31	8	1	1	0	0	66	19	550	40	1	8	8	8	0	7	59	17	6	1	0	2	0	0	0	0	0	0	3	47	39	0	4.97341176564321	3.71175040848505	10.4353175238151
21	C	0.0	2.0	64	190	0	0	0	0	0	0	0	0	0	0	0	10	65	13	O	1	70	E	13	65	178	28	12	1	1	0	0	82	35	360	52	0	9	9	2	0	5	69	20	0	0	0	0	0	0	0	0	0	0	0	46	39	0	-0.478535082709326	-1.46598990600422	1.4137824581421
39	C	0.0	0.0	65	164	0	0	0	0	0	0	1	0	0	1	0	6	105	17	B	1	50	E	15	80	170	43	10	1	1	0	0	83	31	470	53	1	8	9	1	0	6	55	16	0	0	0	0	0	0	0	0	0	0	0	49	38	1	12.6121031828155	5.62586239061462	12.516501643803
26	C	0.5	2.0	63	130	0	0	0	0	0	0	0	0	0	0	0	8	25	10	B	1	27	B	12	60	138	29	10	0	0	0	0	79	33	340	56	0	7	8	3	1	3	39	13	0	0	0	0	0	0	0	1	0	0	5	47	40	0	9.41961220046658	7.61297515286426	10.7752349966919
22	C	15.0	5.0	64	118	0	0	0	0	0	0	0	0	1	0	0	11	55	20	K	1	73	E	11	80	137	25	12	0	0	0	0	81	42	340	52	0	10	10	3	0	7	64	19	0	0	0	0	0	0	0	0	0	0	0	44	41	0	0.885219183532007	2.14609113912699	6.91144315553085
22	C	21.0	6.0	67	115	0	0	0	0	0	1	0	0	1	0	0	11	35	13	K	1	47	E	13	70	141	26	10	0	0	0	0	82	36	400	63	1	3	4	3	0	2	50	16	0	0	0	4	0	0	0	0	0	0	1	45	37	0	4.74421692789893	4.302084963262	7.47005211553971
31	C	30.0	18.0	69	185	0	0	0	0	0	1	2	0	1	0	0	11	45	12	O	1	50	E	13	80	178	32	12	1	1	0	0	81	34	470	56	0	9	10	0	2	2	54	16	0	0	0	0	0	0	0	0	0	0	0	44	41	0	5.57347541514443	4.01965679682976	8.32571177830697
18	C	10.0	1.0	63	119	0	0	0	0	0	1	0	1	0	0	0	11	45	7	O	1	50	E	11	68	144	21	12	0	0	0	0	85	39	300	61	1	9	9	2	0	2	60	18	0	0	0	0	0	0	0	0	0	0	0	46	41	0	-0.0805577148193314	0.292333217703321	0.319967610057222
25	C	0.0	0.0	64	140	0	0	0	0	0	0	1	0	0	0	0	8	25	12	O	1	27	E	12	64	165	30	7	1	2	0	0	79	32	450	63	0	7	9	2	0	6	64	17	0	0	0	0	0	0	0	0	0	0	0	43	39	0	0.931959921262112	1.40107211047135	5.13185365412786
20	C	0.0	0.0	63	117	0	0	0	0	0	0	0	0	1	0	0	10	25	15	P	1	47	E	12	50	148	27	10	0	0	0	0	82	35	360	63	1	8	8	0	3	1	66	19	0	0	0	0	0	0	0	0	0	0	0	47	40	0	-0.837853255724728	-1.8914120602178	3.59164275758662
19	C	13.0	3.0	66	129	0	0	0	0	0	1	1	0	0	0	0	11	25	10	O	1	30	E	13	76	160	20	10	0	0	0	0	79	38	500	49	1	10	9	2	0	5	46	17	0	0	0	0	0	0	0	0	0	0	0	50	47	0	7.0283782533038	7.34162300317593	10.1666227767209
35	C	0.0	17.0	60	105	0	0	0	0	0	1	1	0	0	0	0	11	45	20	K	1	40	E	13	60	136	43	5	3	2	1	0	82	37	360	42	0	9	9	2	0	5	60	17	0	1	0	0	0	0	0	0	0	0	0	45	40	0	3.57035051831536	3.73628732666948	8.47806281285391
39	C	0.0	0.0	61	148	0	0	1	0	0	0	2	0	4	0	0	11	35	15	K	1	23	E	13	80	164	34	7	0	1	0	0	79	37	560	69	1	3	3	2	0	2	62	19	0	0	0	3	0	0	0	0	0	0	1	49	39	1	3.3065426302673	0.407550851042643	4.40705313279565
20	C	0.0	0.0	67	130	0	0	1	0	0	0	0	0	0	0	0	12	65	8	O	1	57	E	16	60	155	21	12	0	0	0	0	79	32	510	55	0	8	9	3	0	3	47	14	0	1	0	0	0	0	0	0	0	0	1	42	39	0	6.60908394514117	5.56043744310297	6.41390162515006
19	C	10.0	4.0	63	110	0	0	0	0	0	0	0	0	0	0	0	10	15	10	O	1	13	B	12	60	127	20	8	1	0	0	0	72	26	340	46	1	3	7	7	0	9	32	9	6	0	0	1	0	0	0	0	0	0	2	44	33	1	15.7107967010824	10.9913915441889	16.3276788003628
17	C	0.0	0.0	66	138	0	0	0	0	0	0	0	0	0	1	0	10	15	10	O	1	50	E	12	78	168	21	12	0	0	0	0	77	32	550	64	0	7	7	2	3	4	40	13	0	0	0	1	0	0	0	0	0	0	1	45	43	0	7.41657588375112	7.36699100182535	10.5095936493034
21	C	12.0	3.0	60	106	0	0	0	0	0	1	0	0	0	0	0	9	35	10	P	1	43	E	10	60	133	28	11	0	0	0	0	79	37	420	50	1	8	9	0	2	0	59	19	0	0	0	0	0	0	0	0	0	0	0	46	41	0	-0.603362491078635	0.789396814582723	3.36061865480447
21	C	15.0	3.0	65	110	1	0	0	0	0	0	1	0	0	0	0	11	75	10	G	1	73	E	14	70	129	23	11	0	1	0	0	81	34	350	52	0	9	10	3	0	4	62	19	4	0	0	0	0	0	0	0	0	0	0	45	39	0	0.0881686030543365	0.704763165588876	2.36667978752841
19	C	2.0	2.0	64	130	0	0	1	0	0	2	0	0	0	0	0	10	25	10	P	1	47	E	12	60	157	22	12	0	0	0	0	81	37	510	42	1	9	9	0	2	4	61	18	5	0	0	0	0	0	0	0	0	0	1	45	44	1	6.20643816478867	1.61348629880945	6.20294205775221
46	C	0.0	0.0	64	234	0	0	0	0	1	0	1	0	0	0	0	8	15	10	G	1	33	E	14	94	237	63	12	0	0	0	0	79	37	360	67	1	9	9	3	0	1	57	18	0	0	0	0	0	0	0	0	0	0	0	46	42	1	2.61682933671937	2.10737050254792	3.1130785915937
17	C	3.0	1.0	63	112	0	0	0	0	0	0	0	1	0	1	0	12	65	20	O	1	77	B	13	70	134	21	12	0	0	0	0	78	33	450	46	0	4	7	4	0	4	32	9	8	0	0	0	0	0	1	0	0	0	2	46	38	0	9.87732358383782	10.4632261470576	15.2861345774374
27	C	45.0	14.0	67	140	0	1	0	0	0	0	2	0	2	0	0	12	65	12	O	1	70	E	12	60	161	30	12	1	1	0	0	79	29	530	40	1	2	7	2	0	3	38	12	5	0	0	2	0	0	0	0	0	0	1	44	37	0	19.1943545963434	18.6402325790625	10.1939899477255
19	C	8.0	6.0	61	108	0	0	1	0	0	0	0	0	0	1	0	11	25	13	L	1	57	B	13	80	116	22	12	0	0	0	0	80	26	250	55	0	2	9	5	0	2	52	17	0	0	0	2	0	0	0	0	0	0	0	43	40	0	3.52918786860173	4.65579962461768	6.63054374723152
29	C	6.0	8.0	60	102	0	0	0	0	0	1	0	0	0	0	0	11	35	6	I	1	47	B	13	80	117	35	11	2	0	1	2	80	33	292	42	1	7	9	5	0	4	32	10	0	0	0	0	0	0	0	0	0	0	0	47	33	0	8.56610684961969	9.26886429099406	9.72168276366768
24	C	0.0	0.0	60	92	2	0	0	0	0	0	1	0	0	0	1	13	95	10	I	1	77	B	13	60	128	32	14	0	1	0	0	79	29	300	43	0	4	8	5	0	4	54	17	0	0	0	0	0	0	0	0	0	0	0	44	35	0	3.79482967161512	2.6064141352353	5.23587915553756
18	C	5.0	3.0	62	128	0	0	0	0	0	2	0	0	2	0	0	10	15	10	I	1	33	B	12	70	139	22	12	0	1	0	0	84	35	370	33	1	8	9	5	0	8	57	19	0	0	0	0	0	0	0	0	0	0	0	45	33	1	8.82170162569119	4.21911242622319	7.85653108753408
32	C	7.0	16.0	64	162	0	0	0	0	2	1	1	0	1	0	0	12	25	18	I	1	30	B	12	84	197	58	3	0	0	0	0	83	37	410	72	1	6	8	3	0	3	58	21	0	0	0	0	0	0	0	0	0	0	0	45	42	0	4.61929047680431	2.67683905472269	7.56140329755317
31	C	7.0	13.0	62	190	0	0	0	0	0	1	1	0	0	0	0	12	45	18	L	1	30	B	11	92	210	32	5	0	0	0	0	82	34	437	96	0	3	8	3	0	7	54	17	0	0	0	0	0	0	0	0	0	0	0	46	38	0	6.57749095979696	5.27709079961842	11.5392968723877
32	E	20.0	17.0	64	132	0	0	0	0	0	0	2	0	0	0	0	11	45	20	L	1	60	B	12	70	153	39	12	1	0	0	0	75	29	380	50	1	4	7	5	0	12	33	10	0	0	0	0	0	0	0	0	0	0	0	45	36	0	12.3444308736236	12.2480340121131	19.5945733251832
22	C	0.0	0.0	65	150	0	0	0	0	0	0	0	0	0	0	0	12	35	10	I	1	53	B	13	80	166	30	12	0	1	0	1	77	32	350	30	1	8	9	4	0	12	63	20	0	0	0	0	0	0	0	0	0	0	0	46	30	0	1.00311506226469	2.32565372996702	6.56284697169561
27	C	3.0	12.0	60	110	0	0	0	0	0	0	1	0	1	0	0	12	35	12	L	1	37	E	12	70	145	27	10	0	1	0	1	79	30	300	54	0	9	10	4	0	5	50	16	0	0	0	0	0	0	0	1	0	0	0	45	38	0	5.99422934854802	6.37665163366765	9.65307984381509
24	C	0.0	0.0	62	118	0	0	2	0	0	0	0	0	0	0	0	13	15	17	L	1	40	B	12	60	143	27	12	1	0	0	0	78	32	375	56	1	5	10	5	0	14	42	17	0	0	0	0	0	0	0	0	0	0	0	47	39	1	18.7355070107456	11.4121253183056	18.0310472492294
21	C	2.0	2.0	60	90	0	0	0	0	0	0	0	0	1	0	0	11	15	17	L	1	10	B	12	68	106	20	6	1	0	0	0	80	32	380	43	0	7	9	5	0	7	27	7	0	0	0	0	1	0	2	0	0	0	4	43	33	0	13.1575842731968	13.9215004267409	19.4290083951797
24	C	10.0	9.0	65	135	0	0	1	0	0	0	0	0	1	1	0	9	35	12	L	1	53	B	11	76	164	31	12	1	0	0	0	81	32	230	39	1	9	9	3	0	14	64	11	0	0	0	0	0	0	0	0	0	0	0	47	38	1	7.40382976190728	2.65601286733569	7.90444145609062
27	C	10.0	12.0	67	155	0	0	0	0	0	0	1	0	0	0	0	11	45	12	L	1	50	E	12	70	169	34	11	0	0	0	0	81	33	320	75	0	9	10	3	0	7	29	7	0	0	0	2	0	0	2	0	0	0	4	44	38	1	15.8852066373733	12.2718234402187	15.9858973824548
32	C	0.0	8.0	55	200	0	0	1	0	0	1	1	1	1	0	0	5	25	23	I	1	17	B	10	82	213	36	4	0	0	0	0	80	36	490	78	1	9	9	3	0	2	58	23	0	0	0	0	0	0	0	0	0	0	0	43	39	0	4.69646499560268	4.15256067062966	8.52130443006564
30	C	0.0	0.0	65	124	0	0	0	0	0	0	1	0	0	0	0	12	45	10	L	1	33	B	12	80	148	33	8	2	0	0	0	70	27	280	61	1	9	9	4	0	9	56	17	0	0	0	0	0	0	0	0	0	0	0	46	37	1	8.07718772761638	4.80964950220533	8.71311586735683
19	C	0.0	2.0	67	112	0	0	1	0	0	3	1	0	0	0	0	10	35	17	I	1	23	B	11	70	127	26	7	1	0	0	0	74	23	430	47	1	9	9	6	0	8	43	14	0	0	0	0	0	0	0	0	0	0	0	44	36	0	8.91227193565946	10.220681753726	15.7381607483787
18	C	0.0	0.0	66	134	0	0	1	0	0	4	1	0	0	1	0	11	25	15	L	1	57	B	11	80	177	20	12	0	0	0	0	69	31	244	50	0	9	9	6	0	4	40	13	0	0	0	0	0	0	0	0	0	0	0	40	36	0	10.0240803929139	9.3484168555827	12.6388557209547
38	C	30.0	22.0	61	201	3	1	1	0	0	2	1	0	1	0	0	8	55	18	L	1	53	B	13	74	209	42	10	1	0	0	1	80	34	380	56	1	9	10	6	0	8	59	19	6	0	0	0	0	0	0	0	0	1	1	46	35	0	15.5050230087413	15.3782714951433	9.04693500919263
19	C	5.0	2.0	65	136	3	0	0	0	0	0	0	0	0	0	0	9	65	14	L	1	57	B	12	70	153	24	12	0	0	0	0	73	28	325	66	0	8	5	4	0	6	48	15	0	0	0	4	0	0	0	0	0	0	3	46	32	0	9.26520044707621	6.21114043009894	10.9539897209804
26	C	0.0	0.0	61	105	1	0	2	0	0	0	0	0	1	0	0	12	35	17	L	1	47	E	10	58	122	28	12	0	3	0	0	80	26	388	79	1	7	7	5	0	8	40	12	0	0	0	0	0	0	0	0	0	0	0	47	40	1	16.622820039692	9.58014683340903	15.6869608074703
21	C	15.0	4.0	62	97	0	1	1	0	0	0	1	0	1	0	0	11	25	20	L	1	47	B	12	64	112	22	11	2	1	0	0	83	36	290	46	1	9	10	4	0	4	52	20	0	0	0	0	0	0	0	0	0	0	0	44	38	0	16.5628896163978	17.2792245557769	10.1341164686563
22	C	0.0	0.0	64	143	0	0	0	0	0	0	0	0	2	0	0	9	35	17	I	1	23	B	12	80	184	27	8	4	0	0	0	50	17	350	69	1	9	9	5	0	10	40	12	0	0	0	0	0	0	0	0	0	0	0	45	38	0	12.5555059656699	11.4666657918502	17.5031952671002
20	C	0.0	2.0	63	139	0	0	0	0	0	2	1	0	0	0	0	12	25	13	L	1	47	B	14	62	161	25	12	0	0	0	0	82	34	262	44	1	8	9	5	0	6	62	13	0	0	0	0	0	0	0	0	0	0	0	45	38	0	0.171193300120321	2.168746016402	5.80253632068576
32	C	13.0	15.0	65	142	2	0	1	1	0	0	2	0	0	0	0	8	25	15	L	1	30	B	11	58	169	32	11	0	0	0	0	82	34	410	75	1	6	9	3	0	9	57	18	0	0	0	0	0	0	0	0	0	0	0	46	43	0	4.14418595672826	5.37298293243218	10.6088476501178
19	C	10.0	3.0	65	145	0	0	0	1	0	1	1	0	0	0	0	11	25	22	I	1	40	B	12	64	172	27	12	0	0	0	0	81	34	420	45	0	7	10	3	0	6	52	20	0	0	0	0	0	0	0	0	0	0	0	45	38	1	12.8864796857611	7.19876707795372	12.5630396215946
26	C	25.0	9.0	59	150	0	0	0	0	0	0	0	0	0	1	0	11	35	5	L	1	50	B	12	74	167	33	10	6	0	1	6	67	20	320	43	0	8	9	5	0	10	32	10	5	0	0	0	1	0	0	0	0	0	3	42	37	1	12.3592324133567	10.177722587819	11.6776920363749
41	C	20.0	33.0	60	105	0	0	0	0	0	0	1	0	3	0	0	2	25	12	N	1	13	D	12	50	124	44	5	0	4	0	7	60	20	320	33	1	6	8	5	0	5	36	13	0	0	0	1	0	0	0	0	0	0	0	45	35	1	13.9578922575765	9.56213736195407	14.3163525912601
17	C	0.0	0.0	61	110	0	0	2	0	0	0	0	0	0	0	0	12	25	10	I	1	35	B	13	80	142	25	10	0	0	0	0	83	34	800	79	0	7	9	5	0	4	46	14	0	0	0	0	0	0	0	1	0	0	1	47	32	0	5.542353511557	6.99449468785531	9.37794921940464
27	D	5.0	13.0	63	128	0	0	1	0	1	0	0	0	1	0	0	5	25	18	I	1	37	B	13	92	140	31	12	4	1	0	0	73	25	300	53	1	4	4	8	0	8	33	10	0	0	0	4	0	0	0	1	0	0	1	45	30	0	10.7382300818225	11.5412740328096	18.0104354268682
25	C	10.0	7.0	64	185	0	0	2	0	1	1	0	0	0	0	0	12	25	13	L	1	33	B	13	90	215	29	8	1	0	0	0	76	33	540	74	1	9	9	3	0	10	43	13	0	0	0	0	0	0	0	0	0	0	0	48	41	1	14.4422229366119	9.92336350672903	14.9531547751563
16	C	6.0	1.0	60	110	0	0	0	0	0	1	0	0	2	1	0	9	25	8	L	1	57	B	12	70	130	20	12	0	0	0	0	81	31	275	52	0	9	9	5	0	7	48	15	0	0	0	0	0	0	0	0	0	0	0	42	35	1	7.99763231894429	6.33650369524133	8.55180179163859
33	C	0.0	0.0	65	138	0	0	0	0	0	0	1	1	1	0	0	10	35	10	F	1	23	E	12	90	154	45	5	1	0	0	1	56	24	450	50	1	1	4	2	0	10	56	16	8	0	0	5	0	0	0	0	0	0	0	45	43	0	2.87712797708512	3.9726554218462	9.31518452164696
25	E	4.0	7.0	63	136	0	0	2	0	0	0	1	0	2	0	1	11	75	13	L	1	70	B	14	70	157	37	10	0	0	0	0	85	38	270	42	0	7	9	4	0	8	58	17	0	0	0	0	0	0	0	0	0	0	0	46	40	0	5.64594746029771	3.95250533093173	7.77204594832317
32	D	8.0	23.0	62	163	0	0	2	0	0	1	2	0	0	0	0	12	35	10	I	1	45	B	12	68	194	27	11	0	0	0	0	79	29	710	93	0	4	9	3	0	2	48	15	0	0	0	1	0	0	0	0	0	0	0	44	41	1	7.54589322084713	5.55981986866877	6.91854948666824
34	C	6.0	16.0	63	148	1	0	4	0	2	1	2	0	2	0	1	10	25	17	I	1	47	B	13	110	166	38	12	0	0	0	1	87	40	290	65	0	1	1	5	0	6	52	17	0	0	0	3	0	0	0	0	0	0	2	47	38	1	12.7184923394577	5.41151260018064	10.9091278963015
34	C	6.0	16.0	63	148	1	0	4	0	2	1	2	0	2	0	1	10	25	17	I	1	47	B	13	110	166	38	12	0	0	0	1	81	40	355	59	0	1	2	5	0	5	48	15	0	0	0	3	0	0	0	0	0	0	0	46	38	0	5.38626925802349	6.49632745782919	11.6836048705921
22	C	11.0	12.0	58	113	0	0	2	0	0	2	2	0	1	1	0	11	25	13	L	1	47	B	11	70	116	34	12	0	0	0	0	83	32	450	68	1	8	8	3	0	2	47	18	0	0	0	0	0	0	0	0	0	0	0	44	39	1	7.76029917213781	5.27908631811362	8.4555199092534
21	C	2.0	3.0	63	110	0	0	0	0	0	0	0	0	2	0	1	12	45	10	I	1	40	B	13	90	135	26	11	0	0	0	0	82	36	250	52	0	8	9	4	0	6	46	15	0	0	0	0	0	0	0	0	0	0	0	44	35	0	7.74152394184598	7.47111668588544	10.4396375080077
34	C	0.0	0.0	58	110	0	0	2	0	0	0	1	0	3	0	0	8	35	6	L	1	27	E	11	90	126	39	7	0	2	0	0	59	20	286	48	1	7	6	7	0	5	29	8	5	0	0	0	1	0	0	0	0	0	1	45	30	0	8.1880331224393	9.2553509867647	11.4327151970658
26	C	0.0	0.0	66	145	0	0	2	0	0	0	1	0	0	0	0	12	55	6	L	1	80	B	12	40	178	28	12	0	0	0	0	82	41	475	71	0	9	9	3	0	13	40	13	0	0	0	0	0	0	2	0	0	0	0	45	39	0	8.91991827038059	8.88072651809975	11.1812386782273
34	C	0.0	2.0	64	160	0	0	2	0	0	0	1	0	0	0	0	12	35	10	H	1	47	B	12	56	197	34	12	0	0	0	0	76	28	492	51	0	8	9	4	0	17	55	12	0	0	0	0	0	0	2	0	0	0	2	44	38	0	5.36459172684291	6.38913482352871	11.7745442407108
39	C	20.0	4.0	65	142	0	0	1	0	0	1	2	0	3	0	0	12	35	12	L	1	40	B	15	88	170	43	11	0	2	0	0	86	40	390	75	1	6	8	3	0	1	47	17	0	0	0	0	0	0	0	0	0	0	0	46	43	0	5.48055088262971	4.75835401522296	7.26776349165789
17	C	15.0	2.0	62	146	0	0	0	0	0	0	0	0	0	1	0	10	15	30	L	1	23	B	13	70	174	17	10	0	0	0	0	82	36	260	58	1	9	9	3	0	7	57	21	0	0	0	0	0	0	0	0	0	0	0	46	40	0	5.2507383427039	6.4350175695738	13.2481167886337
34	C	0.0	0.0	62	149	0	2	0	0	1	1	2	0	1	0	0	7	35	10	I	1	53	B	15	70	166	41	12	0	0	0	0	78	32	401	51	0	9	4	4	0	13	44	13	0	0	0	0	1	0	0	0	0	0	3	43	35	1	14.1607876815362	19.0679826235699	13.1560861970668
19	C	0.5	0.5	61	105	0	0	0	0	0	2	3	0	0	0	0	12	15	10	L	1	43	B	13	80	131	23	12	0	0	0	0	79	30	392	64	0	8	9	4	0	10	44	13	0	0	0	0	0	0	0	0	0	0	0	46	36	1	11.5623318949418	8.91046569675889	12.9198113085796
19	C	0.0	1.0	60	146	0	0	0	0	0	0	0	0	0	0	0	12	25	30	L	1	37	B	11	90	155	20	11	0	0	0	0	80	30	473	65	0	5	7	3	0	10	39	13	0	0	0	0	0	0	0	0	0	0	0	45	38	0	11.0635826362423	11.5233749928992	19.9371881495232
24	C	7.0	4.0	63	116	0	0	0	0	0	0	1	0	1	0	0	12	65	6	L	1	70	B	11	72	140	25	12	0	0	0	0	79	32	300	42	0	8	9	8	0	5	35	10	0	0	0	0	0	0	0	0	0	0	0	42	46	0	7.43653496557132	8.5852513940396	8.97907578758117
19	C	5.0	4.0	64	120	0	0	0	0	0	0	0	0	0	0	0	12	35	6	I	1	57	B	11	62	133	28	12	0	0	0	0	74	36	278	56	0	8	9	3	0	9	56	24	0	0	0	0	0	0	0	0	0	0	0	46	38	0	5.37694815830384	3.26851034720901	4.99717429955338
22	C	20.0	5.0	64	120	0	0	0	0	0	1	0	0	4	0	0	12	25	13	I	1	50	B	11	60	135	30	12	2	0	0	0	68	26	350	37	0	9	9	4	0	4	51	14	0	0	0	3	0	0	0	0	0	0	1	46	29	0	5.61526548604401	5.7661331050104	8.70887471629397
23	C	3.0	7.0	64	109	0	0	0	0	0	2	0	1	0	0	0	11	25	16	L	1	30	B	12	80	123	22	11	3	0	0	0	82	33	284	66	0	9	9	4	0	12	50	19	0	0	2	0	0	0	0	0	0	0	1	44	36	0	9.92618133878448	8.59939917507645	14.7660842386801
24	C	3.0	8.0	63	109	0	0	0	0	0	1	0	0	0	0	0	11	35	18	L	1	43	B	12	70	124	23	11	4	0	0	0	76	25	200	31	0	8	7	8	0	10	46	8	0	0	0	3	0	0	0	0	0	0	3	44	32	0	8.74806184952708	8.43055747816979	15.2749660247193
24	C	3.0	8.0	63	109	0	0	0	0	0	1	0	0	0	0	0	11	35	18	L	1	43	B	12	70	124	23	11	4	0	0	0	74	23	190	34	0	5	5	8	0	9	58	11	0	0	0	3	0	0	0	0	0	0	1	43	32	0	5.08390128950676	4.03907686498786	10.5981071418132
23	C	0.0	3.0	66	177	0	0	0	0	0	1	1	0	2	0	0	12	25	7	I	1	40	B	12	90	206	25	12	0	2	0	0	81	34	362	67	1	9	9	3	0	4	53	17	0	0	0	0	0	0	2	0	0	0	0	46	38	1	5.80689197576531	3.75342365395268	4.82282924837985
26	C	3.0	6.0	65	178	0	0	0	0	0	1	1	0	1	0	1	12	45	8	I	1	63	B	15	70	196	27	12	0	2	0	0	77	34	315	56	0	3	9	4	0	6	38	8	0	0	0	1	0	0	2	0	0	0	3	44	34	0	8.17606981743139	8.90645210368683	10.7428924166214
16	C	5.0	3.0	64	110	0	0	0	0	0	2	0	0	0	0	0	10	25	17	L	1	30	B	11	68	126	18	11	0	0	0	1	79	30	420	43	0	7	9	3	0	2	48	17	0	0	0	0	0	0	0	0	0	0	0	44	40	1	9.28331603083052	6.92360819989979	10.2094732979557
18	C	10.0	4.0	64	105	0	0	0	0	0	1	0	0	0	0	0	10	25	13	L	1	30	B	12	60	128	21	11	1	0	0	1	77	36	395	50	1	9	10	4	0	10	30	9	0	0	0	0	0	0	0	0	0	0	0	45	39	0	10.5313526282949	13.1435374652792	18.2545691584202
16	C	1.0	2.0	62	102	0	0	0	0	0	3	0	0	0	0	0	10	25	10	L	1	40	B	13	60	112	20	12	0	0	0	0	73	31	450	46	1	5	9	5	0	5	56	16	0	0	0	0	0	0	0	0	0	0	0	45	40	0	4.22325680072522	3.78726737378124	6.40412631289454
21	C	0.0	0.0	58	118	0	0	1	0	0	2	0	0	0	0	0	11	0	17	I	1	27	B	12	70	132	24	10	1	0	0	0	85	38	430	48	0	7	9	3	0	8	47	16	0	0	0	0	0	0	0	0	0	0	0	45	40	1	14.9625194793437	8.96053433484303	14.3955774228115
22	C	10.0	5.0	66	125	0	0	0	0	0	1	0	0	3	1	0	11	25	15	L	1	50	B	12	54	137	26	12	3	0	0	0	78	29	380	60	1	8	9	5	0	7	44	14	0	0	0	0	0	0	0	0	0	0	0	45	35	1	13.8539821097487	9.09069628636671	13.4673280575968
42	C	0.0	0.0	62	158	1	0	0	0	0	0	0	0	0	0	0	11	75	14	I	1	60	B	11	98	194	43	12	4	0	1	0	81	38	425	55	1	6	8	3	0	7	50	25	3	0	0	1	0	0	0	0	0	0	1	47	38	0	4.92722871324518	5.7541751621511	10.7366728725736
24	C	0.0	7.0	59	102	0	0	0	0	0	0	0	0	0	0	0	11	35	17	L	1	43	B	15	70	114	25	10	1	0	0	0	79	31	320	64	1	8	9	3	0	7	50	16	0	0	0	2	0	0	0	0	0	0	2	45	30	0	6.1309199770774	7.55353987473382	12.4156715321622
25	C	0.0	0.0	60	125	0	0	0	0	0	3	0	0	1	0	0	12	55	10	L	1	53	B	12	64	141	26	11	0	1	0	0	78	34	352	63	1	7	9	1	2	1	53	18	0	0	1	0	0	0	0	0	0	0	0	47	42	0	3.58209023593641	3.49371207219769	6.62310837338764
23	C	16.0	6.0	65	135	0	1	0	0	0	1	1	1	1	0	0	11	25	10	L	1	30	B	15	50	136	27	9	3	1	0	0	75	30	390	41	0	9	9	5	0	7	38	12	0	0	0	0	0	0	0	0	0	0	0	42	42	1	12.0688221041612	20.9984173526774	13.026576608709
24	C	10.0	7.0	59	105	0	0	1	0	0	0	0	1	0	0	0	11	45	8	I	1	50	B	13	70	110	26	10	4	0	1	0	73	27	320	65	0	4	9	5	0	9	54	16	0	0	0	0	0	0	0	0	0	0	0	44	38	1	7.65205767420942	4.80510573504073	7.6678404340411
22	C	0.0	3.0	58	98	0	0	1	0	0	1	1	0	1	0	0	12	15	13	L	1	20	B	16	68	118	30	11	1	0	0	1	84	35	420	79	1	8	9	4	0	16	42	19	0	0	0	0	0	0	0	0	0	0	0	45	43	0	10.2653521447322	11.411699077615	17.9667475987169
21	C	0.0	0.0	62	130	0	0	1	0	0	0	0	0	0	0	0	10	35	10	I	1	53	B	12	80	169	22	12	0	0	0	0	73	31	240	42	0	6	8	7	0	9	49	13	0	0	0	0	0	0	0	0	0	0	0	44	30	1	12.1461831149607	5.85549482001797	10.4357597756456
38	C	20.0	20.0	64	162	0	0	1	0	0	3	1	0	0	0	0	11	45	12	L	1	37	B	13	90	155	41	6	3	0	0	2	76	27	200	51	0	9	9	8	0	1	46	10	0	0	0	0	0	0	0	0	0	0	0	44	37	0	5.6760597053128	6.27550721706534	7.83046115551452
20	C	0.0	0.0	62	125	0	0	0	0	0	4	0	0	1	0	0	12	85	14	N	1	70	D	14	68	148	20	11	0	0	0	0	83	32	344	57	1	9	9	5	0	11	45	14	0	0	0	0	0	1	2	0	0	0	3	44	38	0	8.50086524538338	9.21309243513783	14.0510106529187
21	C	20.0	9.0	62	130	0	0	1	0	0	1	1	0	1	0	0	4	25	17	L	1	30	B	11	74	117	29	11	1	0	0	0	81	32	250	39	0	2	10	6	0	2	38	8	0	0	0	2	0	0	1	0	0	0	2	42	30	0	9.41737236980057	9.80914168498426	13.120012063447
20	C	20.0	4.0	62	120	0	0	0	0	0	3	0	0	2	0	0	12	25	10	L	1	27	B	14	70	139	20	11	0	0	0	0	76	28	225	80	1	6	9	4	0	9	48	8	4	0	0	3	0	0	0	0	0	0	1	47	31	0	10.0736076896897	7.68166282535854	11.7168182067545
27	C	10.0	5.0	63	140	0	0	0	0	0	1	0	0	0	0	0	10	25	30	L	1	23	E	13	70	160	41	4	1	1	0	1	42	12	450	55	1	9	9	5	0	8	48	13	0	0	0	0	0	0	0	0	0	0	0	45	31	1	18.0767642954237	9.83289322561614	16.9523752332159
23	C	10.0	10.0	68	110	0	0	1	0	0	1	0	0	0	0	0	10	25	30	L	1	37	C	16	104	145	37	10	4	0	0	0	83	35	300	37	0	8	9	5	0	9	39	14	0	0	1	0	0	0	0	0	0	0	1	43	37	1	18.6654584251993	12.4899471012178	19.6441371085106
19	C	0.0	8.0	62	108	0	0	0	0	0	1	1	0	0	0	0	9	35	20	L	1	53	B	12	84	131	22	12	1	0	0	0	80	26	460	73	1	9	9	3	0	8	52	13	0	0	0	0	0	0	0	0	0	0	0	45	41	0	5.0613671287297	7.30190263074342	12.7384534756939
28	C	10.0	7.0	61	112	0	0	2	0	0	0	1	0	0	0	0	12	25	10	I	1	27	B	13	60	126	44	7	0	1	0	0	56	24	440	56	1	8	9	4	0	9	39	12	0	0	0	0	0	0	2	0	0	0	2	46	36	1	13.4780909966407	10.3089961024448	14.3669192686041
16	C	2.0	5.0	65	126	0	0	0	0	0	0	0	0	1	0	0	11	55	8	L	1	63	B	11	80	126	20	11	0	0	0	0	79	37	370	62	0	5	9	4	0	9	55	17	0	0	0	0	0	0	0	0	0	0	0	44	38	0	4.70884595147999	4.27336324870061	6.9036590670761
28	C	0.0	14.0	60	123	0	0	2	0	0	1	0	0	1	1	0	8	35	28	N	1	23	D	16	70	141	38	4	1	2	0	0	72	28	340	66	1	10	10	3	0	6	61	22	0	0	0	0	0	0	1	0	0	0	0	44	41	1	11.5159907054138	4.47690350994479	10.7902337181414
18	E	8.0	4.0	62	102	0	0	2	1	0	0	1	0	0	0	0	10	35	15	L	1	63	B	13	50	124	19	12	0	0	0	0	75	30	400	65	1	9	9	2	0	4	48	17	0	0	0	0	0	0	0	0	0	0	0	44	38	0	7.86688653064487	6.90973198229772	10.0740462514797
19	C	4.0	2.0	63	125	0	0	1	0	0	0	0	0	3	0	0	12	25	10	L	1	47	B	13	70	129	24	12	0	1	0	0	62	18	318	63	0	6	10	7	0	10	38	13	0	0	0	0	0	0	0	0	0	0	0	45	33	1	14.3839570665145	10.5096010139947	14.4623105334947
23	E	0.5	3.0	63	127	0	0	0	0	0	1	0	0	0	0	0	14	55	6	I	1	47	B	12	76	163	23	11	2	0	0	0	86	38	290	58	0	10	10	3	0	17	33	10	0	0	0	0	0	0	2	0	0	0	2	44	39	1	16.7515703071369	11.6523319999335	15.3449894526329
31	C	10.0	10.0	65	126	0	0	0	0	0	1	0	0	1	0	0	12	35	60	I	1	43	B	15	70	145	33	11	4	1	1	0	83	36	448	39	0	9	9	3	0	2	59	22	0	0	0	0	0	0	0	0	0	0	0	47	38	0	5.71430091479029	5.18826072991745	11.59049751777
20	C	0.0	0.5	62	132	0	0	1	0	0	2	1	0	1	0	0	12	35	10	I	1	43	B	11	70	160	23	12	0	0	0	0	81	30	400	53	1	6	9	3	0	7	50	17	0	0	0	0	0	0	0	0	0	0	0	46	38	0	6.94968911622453	6.3827427009729	9.58499293222905
23	C	5.0	4.0	61	104	0	0	1	1	0	0	1	0	2	0	0	12	25	6	L	1	37	B	14	74	104	26	11	0	0	0	0	75	33	250	42	0	4	2	6	0	6	43	10	0	0	0	6	0	0	0	0	0	0	3	44	26	1	9.23112292390737	6.00558273192388	8.29679210250926
33	E	0.0	6.0	58	128	0	0	1	1	0	1	1	0	0	0	0	7	25	7	J	1	50	E	15	70	151	28	12	0	0	0	0	72	26	400	48	0	1	9	4	0	11	51	15	0	0	0	5	0	0	0	0	0	0	0	43	34	1	9.63154754536062	5.92900307153953	8.8273708114784
33	E	0.0	6.0	58	128	0	0	1	1	0	1	1	0	0	0	0	7	25	7	J	1	50	E	15	70	151	28	12	0	0	0	0	78	29	370	52	0	8	9	4	0	8	52	12	0	0	0	0	0	0	0	0	0	0	0	44	34	1	6.72539204032364	4.98203885685634	7.12837387348273
19	C	0.0	0.0	62	110	0	2	2	0	0	0	0	0	1	0	1	12	45	13	I	1	50	B	11	76	134	22	11	0	0	0	0	81	33	455	40	0	9	9	3	0	2	55	15	0	0	0	0	0	0	0	0	0	0	0	47	36	1	6.52968354030696	14.5714676440999	5.22391567153026
21	C	0.0	0.0	59	95	0	0	0	0	0	0	0	0	1	0	0	12	45	8	L	1	43	B	13	70	120	25	11	2	0	0	1	73	35	405	50	0	3	6	2	1	4	45	21	0	0	0	0	0	0	0	0	0	0	0	44	40	0	5.69182544104597	5.50519166487958	8.01448094313723
19	C	3.0	2.0	58	120	0	0	1	0	0	0	1	0	1	0	0	12	25	15	L	1	30	B	10	50	125	20	11	0	0	0	0	76	27	325	47	0	8	8	1	0	10	49	17	0	0	0	1	0	0	0	0	0	0	4	45	36	0	6.70300981841268	7.41941024012143	16.4056233107158
25	C	0.0	0.0	66	113	0	0	2	0	2	0	1	0	0	0	0	9	45	13	I	1	30	B	16	58	151	25	5	0	2	0	0	83	26	295	41	0	9	9	5	0	8	48	15	0	0	0	0	0	0	0	0	0	0	0	43	43	0	9.54128074798042	8.02433632890337	12.5827532525144
19	C	6.0	3.0	63	140	1	1	1	0	0	0	1	0	0	0	0	10	55	10	L	1	70	B	13	70	172	24	12	0	0	0	0	76	26	470	57	1	9	9	5	0	5	57	19	3	0	0	0	0	0	0	0	0	0	2	46	40	0	13.2297740304671	13.9298519766363	4.57729070555857
18	C	3.0	3.0	62	110	0	0	1	0	0	0	0	0	1	0	0	11	25	15	L	1	47	B	13	66	126	20	12	0	0	0	0	83	39	360	47	1	9	9	5	0	8	53	15	0	0	0	0	0	0	0	0	0	0	0	45	36	0	8.10546406297988	6.42179738887669	11.1050113753344
31	C	10.0	7.0	64	109	3	0	0	0	0	0	0	0	1	0	0	12	25	14	L	1	37	B	12	90	130	28	11	1	0	0	0	67	18	290	36	1	3	6	6	0	10	46	17	3	1	0	1	0	0	0	0	0	0	2	46	35	0	8.98004452643962	7.97188220637673	14.1634720564032
27	C	0.5	4.0	65	217	2	1	2	0	0	0	2	0	0	0	0	12	35	20	L	1	33	B	13	80	223	27	11	0	1	0	0	76	27	580	86	1	9	9	8	0	12	44	13	0	0	0	2	0	0	2	1	0	0	3	45	29	1	15.163288586937	21.8245076311837	17.1779099426069
27	C	0.0	1.0	62	126	0	0	0	0	0	0	1	0	1	0	0	12	35	12	L	1	57	E	13	74	153	27	12	0	0	0	0	84	31	780	61	1	8	9	3	0	9	52	12	3	0	0	0	0	0	0	0	0	0	2	46	40	0	7.24837979895581	6.36792946002389	10.4458703956878
24	C	35.0	12.0	61	160	0	0	0	0	0	2	0	1	3	0	0	8	25	20	L	1	27	E	11	74	176	33	10	0	0	0	0	73	28	401	69	1	8	8	4	0	18	63	17	0	0	0	0	0	0	0	0	0	0	0	45	37	1	12.4977992190907	3.96340616810984	13.0107911749869
25	C	0.0	0.0	64	170	0	0	0	0	0	0	0	0	0	0	0	11	65	8	I	1	63	B	13	60	181	28	14	0	0	0	0	74	29	445	56	1	6	9	4	0	11	45	15	0	0	0	0	0	0	0	0	0	0	0	46	36	0	7.5839761018143	8.02152990963645	11.1672026773501
20	C	0.0	2.0	60	123	0	0	0	0	0	0	0	0	0	0	0	12	15	20	I	1	40	B	15	92	136	26	12	0	0	0	0	79	27	445	76	1	9	10	3	0	5	52	19	0	0	0	0	0	0	0	0	0	0	0	45	39	1	11.6205848519929	6.7468354872295	11.5146995983848
21	C	25.0	7.0	63	100	0	1	1	0	0	1	0	0	3	0	0	11	35	8	L	1	67	B	11	66	109	28	12	2	0	0	0	81	35	240	35	0	9	10	6	0	6	62	20	0	0	0	0	0	0	0	0	0	0	0	43	35	0	11.194702711392	11.7009161307944	1.96065537026092
23	C	0.0	0.0	59	108	0	0	2	0	0	0	1	0	2	0	0	11	35	20	L	1	47	B	11	70	129	26	10	0	0	0	0	79	40	305	70	0	8	9	4	0	7	58	18	0	0	0	0	0	0	0	0	0	0	0	45	42	0	4.35618755907478	4.93739220700934	10.1819819530069
23	C	20.0	8.0	63	97	0	0	1	0	0	2	1	0	0	1	0	11	45	15	L	1	50	B	13	60	106	29	11	1	0	0	0	63	26	410	56	1	8	10	6	0	6	58	16	0	0	0	0	0	0	0	0	0	0	0	44	34	0	4.79694237804585	4.05568351216604	8.09254647957834
21	C	10.0	4.0	63	109	0	0	1	0	0	0	3	0	2	0	1	12	55	16	L	1	63	B	12	58	123	22	12	2	0	0	0	67	23	350	34	0	7	6	8	0	7	53	9	4	0	0	3	0	0	0	0	0	0	2	45	29	0	3.31289197504016	4.96584770211197	10.2942477689754
23	C	0.0	5.0	62	111	0	0	1	0	0	0	0	0	2	0	0	12	45	10	L	1	60	B	11	70	136	23	12	3	0	0	0	73	30	300	44	1	7	8	4	0	8	54	19	0	0	0	0	0	0	0	0	0	0	0	45	34	0	3.07688922682754	3.82589475879318	8.00496808497941
26	C	10.0	11.0	65	95	0	0	0	0	0	0	1	0	0	0	0	12	25	15	L	1	27	E	12	50	111	30	8	1	0	0	1	80	37	250	38	0	9	9	4	0	9	28	8	0	0	0	0	0	0	2	0	0	0	4	45	40	0	14.0229497801628	13.6828343896155	19.0441757729332
21	C	0.0	0.0	63	120	0	0	0	0	0	2	1	0	0	0	0	12	35	10	I	1	23	B	15	70	121	21	4	1	1	0	0	77	36	300	47	1	9	9	4	0	6	58	15	0	0	0	1	0	0	0	0	0	0	1	44	35	0	4.57304734100881	3.49917176823384	6.73559392636773
30	C	0.0	8.0	60	115	0	0	1	0	0	0	0	0	1	0	0	12	45	5	L	1	77	B	15	88	155	30	14	0	0	0	0	83	38	300	62	1	8	9	7	0	8	52	15	0	0	0	0	0	0	0	0	0	0	1	44	35	0	2.83647963011577	3.78776140005455	4.25222029400542
30	C	0.0	8.0	60	115	0	0	1	0	0	0	0	0	1	0	0	12	45	5	L	1	77	B	15	88	155	30	14	0	0	0	0	84	35	300	42	0	8	9	7	0	5	46	14	0	0	0	0	0	0	0	0	0	0	0	44	35	0	5.56788426066352	5.04059252118994	4.62309513570623
24	C	0.0	0.0	66	155	0	0	1	1	0	1	0	0	1	1	0	12	35	15	I	1	63	B	13	80	174	26	12	0	0	0	0	80	34	280	35	0	10	10	5	0	6	49	14	0	0	0	0	0	0	0	0	0	0	0	43	34	0	6.5946201713995	7.12500803153363	10.96063802555
30	C	0.0	0.0	64	148	0	1	2	0	0	0	1	0	1	0	0	12	45	18	L	1	50	B	14	70	178	35	11	1	0	0	0	82	32	500	86	0	9	10	3	0	6	56	20	0	0	0	0	0	0	0	0	0	0	0	44	35	0	15.0140775470666	16.112850342225	9.26749944753483
24	C	1.0	4.0	61	113	0	0	0	0	0	2	2	1	1	0	0	5	25	30	L	1	40	B	11	70	138	29	12	2	1	0	0	73	26	350	36	0	9	10	5	0	7	38	19	0	0	0	0	0	0	0	0	0	0	0	44	36	0	10.628597738144	12.2749610228742	18.8363464939109
21	C	0.0	0.0	62	97	0	1	0	0	0	1	0	0	0	0	0	8	25	8	N	1	17	D	15	50	125	25	5	1	0	0	0	75	30	440	43	0	5	9	5	0	14	42	10	0	0	0	3	0	0	0	1	0	0	5	43	37	0	20.9289650520076	20.9186024042139	14.1088420648274
34	C	0.0	0.0	66	207	0	0	0	1	0	2	2	0	1	0	0	13	25	10	I	1	17	B	13	78	200	36	9	0	0	0	0	84	33	460	55	0	8	10	3	0	1	53	18	0	0	0	0	0	0	0	0	0	0	0	47	39	0	2.98809838997254	3.79357386327212	5.10007018788658
25	C	0.0	0.0	60	130	0	0	0	0	0	0	1	0	1	0	0	12	25	10	L	1	30	B	11	68	154	27	11	1	0	0	0	76	31	305	78	1	8	8	5	0	9	59	17	0	0	0	0	0	0	0	0	0	0	0	47	28	0	2.381738885557	2.52263316977427	7.48029245197633
37	C	0.0	0.0	63	170	0	0	1	0	0	0	0	0	1	0	0	8	55	15	L	1	47	B	12	90	196	29	9	0	1	0	0	79	29	535	70	0	9	9	4	0	13	38	13	0	0	0	0	0	0	0	0	0	0	0	47	36	1	16.7060790784896	11.9609815686558	17.8775316263118
22	C	10.0	8.0	64	143	0	0	1	0	0	0	0	0	0	0	0	11	35	5	L	1	23	B	13	60	151	43	9	0	0	0	0	87	41	300	91	0	7	9	3	0	2	50	18	0	0	0	0	0	0	0	0	0	0	0	43	40	1	1.55368300213265	3.4843603953462	2.81857613771376
32	C	10.0	16.0	63	123	0	0	1	0	0	1	0	0	0	0	0	7	25	10	I	1	17	B	16	92	163	34	8	2	0	0	0	76	21	380	56	1	4	9	4	0	8	55	20	0	0	0	0	0	0	0	0	0	0	0	44	30	1	9.68208071184803	5.17970279972139	9.11162172375082
22	C	0.0	0.0	64	122	0	0	0	0	0	1	2	0	2	0	0	11	35	13	I	1	33	B	12	84	128	27	8	1	1	0	1	77	29	390	62	0	7	9	5	0	10	57	20	0	0	0	0	0	0	0	0	0	0	0	45	34	1	10.7336030152667	5.22216938094663	10.2112213275223
21	C	15.0	5.0	66	160	0	0	0	0	0	0	0	0	1	0	0	12	55	3	I	1	63	B	13	78	166	25	12	0	0	0	0	77	28	265	60	0	4	6	8	0	15	32	8	0	0	0	3	0	0	1	0	0	0	2	46	33	0	10.2879869571391	8.331851474125	9.73405418073338
20	C	0.0	0.0	64	150	0	0	2	0	0	1	1	0	0	0	1	12	35	10	I	1	47	B	11	76	172	22	12	0	0	0	0	82	34	650	87	1	6	9	3	0	14	60	17	0	0	0	0	0	0	0	0	0	0	0	48	42	1	10.3353296122026	3.98560915779819	8.7669697295047
18	C	20.0	2.0	63	112	0	0	1	0	0	0	1	0	2	0	0	11	35	10	L	1	63	B	12	60	124	20	12	1	0	0	0	31	16	390	46	0	5	8	5	0	7	63	17	0	0	0	0	0	0	0	0	0	0	0	43	36	0	0.0698303528265462	0.0250994998133689	3.84183518731911
33	C	10.0	15.0	60	102	0	0	1	0	0	0	1	0	1	0	0	11	45	10	H	1	37	B	11	52	119	41	5	2	1	0	0	80	33	420	52	1	8	9	3	0	6	32	10	0	0	0	0	0	0	2	0	0	0	3	46	42	0	12.2564239092905	11.1717902566779	14.2254537253857
21	C	3.0	4.0	65	121	0	1	0	0	0	1	0	0	0	0	0	12	45	4	L	1	73	B	16	80	116	27	13	0	0	0	0	73	28	210	35	0	8	9	3	0	7	50	7	0	0	0	0	0	0	1	0	0	0	2	43	34	0	14.7961915425537	14.6116801488279	2.5964298065762
17	C	3.0	2.0	64	106	0	0	1	0	0	2	1	0	0	1	0	9	25	13	L	1	37	B	12	60	132	20	11	1	0	0	0	78	31	440	48	1	10	10	3	0	1	53	19	0	0	0	0	0	0	0	0	0	0	0	45	35	1	8.06507744382041	4.12644151601236	5.91340339143497
19	C	3.0	3.0	60	92	0	0	1	0	0	2	0	0	3	0	0	12	5	12	L	1	30	B	13	70	104	23	12	0	0	0	0	73	26	210	40	1	2	5	5	0	4	41	9	0	0	0	3	0	0	0	0	0	0	3	45	36	1	9.78697624139378	7.76674070399591	11.8504459781816
27	C	30.0	11.0	64	128	0	1	1	0	0	1	2	1	2	0	0	11	25	10	L	1	30	B	11	50	140	28	11	1	0	0	0	56	19	325	47	0	5	9	4	0	6	30	7	0	0	0	3	0	0	0	0	0	0	6	46	36	1	14.501647101205	22.5821054085643	14.3278517954921
27	C	3.0	11.0	64	110	0	0	0	0	0	1	2	0	1	0	1	12	65	8	L	1	70	B	11	84	187	37	12	0	1	0	0	75	30	260	60	1	10	10	3	0	2	52	20	0	0	0	0	0	0	0	0	0	0	0	47	33	0	3.63864536739797	3.37286819193927	3.53419122310786
26	C	0.0	0.0	66	215	0	0	0	0	0	0	0	0	0	0	1	7	35	15	I	1	20	B	12	80	211	31	6	0	0	0	0	77	24	315	58	1	9	10	6	0	9	48	10	0	0	0	0	0	0	0	0	0	0	0	48	36	0	9.14954991114337	8.67702091175072	14.1203312878424
23	C	2.0	6.0	67	140	0	0	0	0	0	0	0	0	0	0	0	9	35	17	L	1	37	B	11	70	169	25	11	0	0	0	0	66	22	300	41	0	9	10	4	0	2	48	17	0	0	0	0	0	0	0	0	0	0	0	48	33	0	6.58597289160074	6.83330728106028	9.99412371395612
23	C	2.0	6.0	67	140	0	0	0	0	0	0	0	0	0	0	0	9	35	17	L	1	37	B	11	70	169	25	11	0	0	0	0	78	24	300	54	1	2	6	4	0	2	46	16	0	0	0	1	0	0	0	0	0	0	0	48	33	1	10.1935425386601	6.29797189337707	10.4748256161494
21	C	20.0	3.0	61	122	0	0	1	0	0	0	0	0	0	0	0	12	15	10	L	1	10	B	11	70	153	24	4	0	0	0	0	80	35	260	59	1	9	10	3	0	3	59	22	0	0	0	0	0	0	0	0	0	0	0	44	37	0	1.44034820691683	2.42096389329714	4.82396688241555
25	E	30.0	13.0	66	172	1	0	0	0	0	0	1	0	0	0	0	12	25	20	L	1	37	B	16	58	160	30	10	1	0	0	0	79	24	340	74	0	5	10	4	0	7	52	12	0	0	0	0	0	0	0	0	0	0	0	41	40	0	9.70722172371361	7.28305488061852	12.7245146065517
19	C	0.0	0.0	63	118	0	0	0	0	0	0	1	0	1	0	0	12	25	8	L	1	37	B	13	80	136	21	11	0	0	0	0	77	28	270	57	1	5	3	4	0	6	14	14	0	0	0	5	0	0	0	0	0	0	0	45	33	1	14.4894106713007	12.2491270271875	15.5923569860379
19	C	0.0	0.0	64	183	0	0	1	0	0	0	1	0	2	0	0	12	15	15	I	1	20	B	9	80	192	18	10	0	0	0	0	76	36	700	32	1	9	9	3	0	7	34	11	0	0	0	1	0	0	2	0	0	0	3	45	38	0	12.6926683254963	12.0933271352273	17.0283743816716
16	C	3.0	1.0	64	123	0	0	0	0	0	0	0	0	0	0	0	11	45	4	I	1	70	B	12	74	134	18	12	0	0	0	0	71	30	270	33	0	9	10	5	0	10	54	14	0	0	0	0	0	0	0	0	0	0	0	44	28	0	3.99876600129133	2.9822388308981	3.23473099548478
19	C	0.0	0.0	61	110	0	0	1	0	0	3	0	0	0	0	0	10	35	15	I	1	23	B	12	78	124	23	8	1	0	0	0	73	29	410	36	0	7	10	4	0	6	54	15	0	0	0	0	0	0	0	0	0	0	0	44	35	0	6.73371114827134	5.90871164750036	10.4401956643549
21	C	5.0	1.0	61	120	0	0	1	0	0	0	1	0	0	0	1	10	25	8	L	1	43	B	11	60	145	26	14	0	0	0	0	77	34	400	76	0	7	9	3	0	4	51	20	0	0	0	0	0	0	0	0	0	0	0	44	39	1	7.80173816544916	4.73785431508456	6.21981768136256
16	C	0.0	2.0	68	154	0	0	0	0	0	0	0	0	2	0	0	9	25	14	L	1	30	B	11	70	164	18	11	0	0	0	0	83	37	320	62	0	9	9	5	0	2	51	8	0	0	0	0	0	0	0	0	0	0	0	42	36	0	5.38687349840429	5.51041744405787	8.19795269024193
20	C	6.0	8.0	66	130	0	0	0	0	0	0	0	1	1	0	0	10	25	15	L	1	47	B	13	70	130	21	10	0	0	0	0	77	30	360	49	0	9	9	3	0	8	52	20	0	0	0	0	0	0	0	0	0	0	0	44	27	1	10.7249107415585	6.77447273656158	11.4607429155767
36	D	20.0	24.0	61	124	0	0	0	2	0	1	0	0	0	0	1	8	25	20	L	1	27	B	11	90	127	39	8	0	1	0	0	78	32	385	54	0	5	10	4	0	7	52	14	0	0	0	0	0	0	0	0	0	0	0	44	41	0	6.55890986810599	7.4122078814228	13.0325186152919
22	C	0.0	0.0	60	130	0	0	0	1	0	1	0	0	1	0	0	11	25	13	L	1	53	B	11	70	184	21	11	0	1	0	0	86	41	680	82	1	9	10	4	0	21	61	14	0	0	1	0	0	0	0	0	0	0	3	47	41	1	11.2282356939804	5.13297494886242	11.9385369776584
24	C	5.0	6.0	63	145	0	0	1	1	0	0	1	2	0	0	0	11	15	20	I	1	30	B	12	68	157	29	10	2	1	0	0	59	19	345	42	1	7	8	4	0	8	36	9	0	0	0	2	0	0	0	0	0	0	6	48	36	0	12.1935928591145	11.1555995541367	18.0524979341275
20	C	10.0	4.0	64	119	0	0	0	0	0	2	0	0	0	0	0	12	15	14	L	1	50	B	14	78	140	26	12	0	0	0	0	77	31	350	57	1	8	9	5	0	6	55	18	0	0	0	0	0	0	0	0	0	0	0	45	32	0	5.26447734133027	5.04535858005128	8.88026849253876
17	C	0.0	0.0	64	120	2	0	1	0	0	0	0	0	1	0	0	11	25	13	I	1	37	B	14	70	135	20	11	1	0	0	0	76	31	340	60	0	9	8	5	0	7	45	13	0	0	0	2	0	0	0	0	0	0	5	44	32	0	6.9462993006928	7.48034141597611	12.6535167627831
19	C	0.0	0.0	62	108	0	0	1	0	0	1	0	0	0	0	0	12	25	10	I	1	47	B	13	70	119	20	12	0	0	0	0	73	31	450	51	0	9	9	5	0	6	49	14	0	0	0	0	0	0	0	0	0	0	0	44	33	1	7.45083172330123	6.42464417905329	9.26062703914275
18	C	6.0	4.0	61	128	0	0	0	1	0	1	1	0	1	0	0	11	25	8	L	1	47	B	12	60	154	23	12	1	0	0	0	73	20	380	40	1	9	9	6	0	7	42	10	0	0	0	0	0	0	0	0	0	0	0	45	32	0	7.18361029057598	8.27638837132397	10.6841088642031
21	C	0.0	0.0	63	115	0	0	0	0	0	0	1	0	0	0	0	12	25	10	L	1	47	B	11	70	154	22	12	0	0	0	0	73	33	600	66	1	7	8	4	0	6	48	15	0	0	0	3	0	0	0	0	0	0	2	46	39	0	6.81724583303087	5.58389204911106	9.43326553726544
41	C	5.0	24.0	66	124	0	0	0	0	0	0	0	0	1	0	0	10	25	15	I	1	27	B	13	74	133	41	7	0	7	1	0	83	36	265	79	0	7	9	4	0	7	54	22	0	0	0	1	0	0	0	0	0	0	0	46	32	0	5.67687366462544	6.09603347301058	10.8537616706838
24	C	0.0	0.0	62	110	0	0	0	0	0	2	0	3	0	0	0	3	5	15	L	1	20	E	13	80	123	30	11	1	0	0	0	73	30	440	46	1	9	10	3	0	9	50	14	5	0	0	0	0	0	0	0	0	0	1	44	37	0	8.32155972207242	8.01893613128458	13.4565437163492
21	C	8.0	3.0	58	105	0	0	1	0	0	2	0	0	1	0	0	10	15	20	L	1	33	B	12	70	127	24	12	2	0	0	0	75	32	320	45	1	9	9	4	0	5	60	21	0	0	0	0	0	0	0	0	0	0	0	43	35	0	3.90416048404076	3.82639810235029	8.69295894354808
22	C	0.0	0.0	61	175	0	0	0	0	0	3	1	0	2	0	0	11	35	8	L	1	57	B	11	72	194	22	12	1	1	0	0	79	32	460	68	1	5	6	3	0	6	52	17	1	0	0	1	0	0	0	0	0	0	1	45	38	1	4.62482176497778	3.58761760748889	6.50363424421932
17	C	0.0	0.0	56	88	0	0	0	0	0	0	0	0	0	1	0	10	25	27	N	1	35	D	13	60	117	20	10	0	0	0	0	80	35	380	71	1	9	10	7	0	14	52	9	3	0	0	0	0	0	0	0	0	0	4	43	37	1	16.0577502963248	9.25736067233868	17.2655258518107
22	C	10.0	3.0	63	128	0	0	0	1	0	1	1	0	0	0	0	12	35	20	L	1	33	B	16	60	140	26	11	1	1	0	0	74	29	230	35	0	9	9	6	0	7	49	9	0	0	0	0	0	0	0	0	0	0	0	43	33	0	7.56487660913678	8.35210824523049	13.8737630124183
17	C	0.0	0.0	60	102	0	0	1	0	0	0	0	0	0	0	0	10	35	10	N	1	25	D	16	50	108	20	6	0	0	0	0	81	37	350	98	0	9	10	5	0	4	59	15	0	0	0	0	0	0	0	0	0	0	0	44	41	1	4.88160675425212	2.53901085658309	5.06186972369134
38	C	10.0	24.0	59	146	0	0	0	2	3	2	1	0	1	0	0	6	45	7	H	1	40	B	15	78	173	31	9	0	1	0	0	80	38	410	55	1	9	10	5	0	6	46	15	0	0	0	0	0	0	0	1	0	0	2	44	41	0	5.65050810868794	6.62130215635668	8.38501023646926
16	C	4.0	1.0	66	150	3	0	0	0	0	0	2	0	2	0	0	11	55	9	L	1	53	B	11	80	166	30	10	0	0	0	0	87	37	260	50	1	4	8	5	0	8	60	17	0	0	0	0	0	0	0	0	0	0	0	46	34	0	0.595218037678547	1.37101435940519	5.30544777758893
17	C	0.0	0.0	67	139	0	0	0	1	0	2	0	0	0	0	0	12	15	7	L	1	23	B	11	60	149	22	10	0	0	0	0	75	33	230	38	1	5	2	6	0	10	41	8	0	0	0	5	0	0	1	0	0	0	5	44	29	0	7.95811631195539	8.00794835254419	12.187997777164
19	C	0.0	1.0	63	142	0	0	1	0	0	2	1	0	1	0	0	11	45	15	L	1	70	B	14	70	165	23	12	0	0	0	0	72	29	210	42	0	3	7	7	0	8	39	6	0	0	0	1	0	0	1	0	0	0	2	43	27	0	9.85672368160092	9.28587285329889	14.6118008762918
20	C	0.0	0.0	64	111	0	0	0	0	0	2	0	0	0	0	0	12	55	10	L	1	75	B	13	80	125	22	12	0	0	0	0	80	37	340	72	1	9	10	4	0	10	55	15	0	0	0	0	0	0	0	0	0	0	0	46	39	0	3.01605988345565	4.84663122957843	8.26040275728897
20	C	0.0	1.0	61	110	0	0	2	0	0	1	1	0	0	0	0	12	45	10	L	1	43	B	13	50	128	22	10	0	0	0	0	86	34	435	50	0	10	10	4	0	2	54	15	0	0	0	0	0	0	0	0	0	0	0	43	38	1	4.6074553028254	3.53016569663762	4.90657306564129
30	C	20.0	13.0	62	147	0	0	2	0	0	0	1	0	2	0	0	10	45	10	J	1	43	E	15	60	167	34	9	0	2	0	1	81	32	739	59	1	8	10	4	0	11	56	15	0	0	0	0	0	0	0	0	0	0	0	49	42	0	4.77023510328204	5.07124248277769	9.28289185829563
23	C	0.0	0.0	63	135	0	0	2	0	0	0	0	0	0	0	0	12	35	12	I	1	33	B	13	75	159	23	10	0	0	0	0	73	28	352	19	0	9	10	3	0	3	67	17	8	0	1	0	0	0	0	0	1	0	0	43	30	1	0.984846301874413	-0.853805469141948	1.69166296560269
20	C	10.0	4.0	59	95	1	0	0	0	0	0	1	1	2	1	0	7	55	17	J	1	53	E	13	90	115	26	12	2	0	0	0	80	30	329	46	0	7	9	2	0	4	75	17	0	0	0	0	0	0	2	0	0	0	0	43	42	1	-0.891721586176531	-3.86101291977407	-0.239344292310736
25	C	0.0	3.0	63	146	0	0	0	2	0	1	1	0	0	0	0	12	55	18	J	1	57	E	11	72	167	32	12	0	0	0	0	79	32	472	43	1	9	9	2	0	8	49	14	3	0	0	0	0	1	0	0	0	0	0	44	38	1	12.8976720402398	8.05069840113999	13.1167800696096
20	C	0.0	0.0	62	110	0	0	2	0	0	0	0	0	1	1	1	12	25	13	J	1	27	B	13	70	135	21	10	0	0	0	0	76	30	344	61	1	5	9	2	0	8	59	18	0	0	0	0	0	0	0	0	0	0	0	49	39	1	8.41315659353169	4.10942983745729	8.68738686349932
38	C	0.0	0.0	64	124	0	3	0	0	0	1	2	0	0	1	0	9	45	18	J	1	60	E	13	70	152	38	11	1	1	0	1	81	32	423	90	1	8	9	3	0	8	61	15	4	0	0	0	0	0	0	0	0	0	1	49	40	0	14.7187180538629	14.4824372206935	8.02066428743277
30	C	0.0	0.0	63	128	0	0	0	0	0	0	0	0	0	1	0	10	25	8	A	1	27	E	15	60	145	25	9	0	0	0	0	80	39	474	44	0	8	10	2	0	8	60	17	0	1	0	0	0	0	0	0	0	0	0	47	40	0	2.93268083220845	2.59161048114221	5.58128073726703
29	C	4.0	10.0	63	100	0	0	1	0	0	1	1	0	2	0	0	8	25	20	J	1	27	C	13	50	135	32	8	1	0	1	1	78	25	665	54	0	5	9	5	0	9	63	15	3	0	0	0	0	0	0	0	0	0	0	44	35	0	2.72818133823374	3.59582772122631	9.72093464837799
29	C	4.0	10.0	63	100	0	0	1	0	0	1	1	0	2	0	0	8	25	20	J	1	27	C	13	50	135	32	8	1	0	1	1	61	20	665	54	0	1	3	5	0	6	49	15	5	0	0	2	0	0	0	1	0	0	2	44	35	0	7.17105200896331	7.02400816878663	13.3654945352623
16	C	10.0	2.0	66	118	0	0	1	0	0	0	0	0	0	0	0	9	25	5	J	1	27	E	13	60	151	22	9	0	0	0	0	82	39	507	52	1	9	10	1	2	6	66	18	4	0	0	0	0	0	0	0	0	0	0	48	40	0	-2.17967524944346	-1.42433382956228	1.76543046546028
25	C	13.0	10.0	63	132	0	0	0	0	0	1	1	1	1	1	0	10	35	12	J	1	50	E	14	70	160	26	10	0	0	0	0	79	40	375	44	0	6	9	3	0	5	57	14	0	0	0	0	0	0	0	0	0	0	0	47	41	0	2.58744385987413	3.69400006546167	6.7178655255513
19	C	0.0	0.0	62	132	0	0	1	0	0	0	0	0	0	0	0	11	15	10	J	1	33	E	12	60	159	23	10	0	0	0	0	78	34	629	62	1	8	10	3	0	8	45	14	6	0	0	0	0	0	0	0	0	0	0	46	40	0	7.02342672472832	8.32971308838643	12.0027531426665
23	C	20.0	7.0	62	100	0	0	1	0	0	0	1	0	0	0	0	12	35	13	J	1	47	E	12	60	122	23	10	1	1	0	0	85	38	427	53	0	10	10	2	0	7	54	18	0	0	0	0	0	0	0	0	0	0	0	44	40	0	7.70288751917672	5.5266881479491	9.48571419937381
20	C	0.0	3.0	65	110	0	0	1	0	0	0	0	0	0	0	0	8	25	10	J	1	37	E	14	60	137	26	10	0	0	0	0	73	30	373	55	1	8	10	0	3	6	57	14	0	0	0	0	0	0	0	0	0	0	0	45	40	0	3.39919414005239	3.86906897941562	9.32406430732728
22	C	0.0	2.0	64	117	0	0	0	0	0	0	0	0	2	1	0	8	25	15	J	1	37	E	14	70	141	27	10	0	1	0	0	78	34	436	54	0	9	9	3	0	3	47	14	0	0	0	0	0	0	0	0	0	0	0	44	39	0	8.3606702670117	7.2460954104625	10.480949216466
19	C	2.0	2.0	62	105	0	0	1	0	0	1	1	0	0	0	0	11	35	10	J	1	53	B	13	60	136	22	12	0	1	0	0	79	29	480	36	1	6	9	2	0	4	55	15	0	0	0	0	0	0	2	0	0	0	0	46	43	0	4.32946008211556	3.71126322568799	5.74881561947987
20	C	0.0	0.0	61	115	0	0	1	0	0	0	1	0	1	0	0	10	45	10	J	1	40	E	14	70	130	22	9	0	0	0	0	77	30	346	61	1	9	10	3	0	8	52	15	5	0	0	0	0	0	0	0	0	0	0	47	34	1	8.83082190119433	5.95992379970724	9.48842339970043
22	C	20.0	5.0	63	135	0	0	0	0	0	1	1	0	0	0	0	9	25	15	J	1	27	E	13	60	149	26	10	0	0	0	0	80	35	528	41	1	5	8	2	0	9	57	16	4	0	0	0	0	0	0	0	0	0	0	47	37	0	5.18801537117869	4.24541601418831	10.5456515585767
20	C	6.0	1.0	60	122	0	0	4	0	0	0	0	0	0	0	0	10	45	10	J	1	53	E	12	60	152	23	10	0	0	0	0	80	38	587	62	1	9	10	3	0	7	66	17	0	0	0	0	0	0	0	0	0	0	0	46	40	1	3.01514032670157	0.0174935576401327	2.98862360251336
39	C	18.0	20.0	60	128	0	0	0	0	0	0	0	0	1	0	0	12	15	23	J	1	20	E	10	70	143	43	8	1	0	0	0	80	35	455	61	1	2	5	3	0	5	53	14	5	1	0	3	0	0	0	0	0	0	0	46	39	1	12.0208403675533	5.76930812819344	12.3039593649218
16	C	0.0	0.5	60	100	0	0	1	0	0	0	0	0	0	0	0	9	85	10	J	1	40	E	13	60	97	19	8	0	0	0	0	89	39	327	38	1	9	10	2	0	8	43	11	6	0	0	0	0	0	0	1	0	0	0	46	33	1	12.1614695616323	8.83019577632478	12.3835684044738
25	C	0.0	0.0	62	135	0	0	0	0	0	1	0	0	0	0	0	10	35	10	I	1	23	B	11	60	163	28	9	0	0	0	0	82	34	350	52	0	9	9	3	0	11	59	14	4	0	0	0	0	0	0	0	0	0	0	44	37	1	9.58618622933086	4.17007270431651	8.72920967459379
25	C	0.0	0.0	62	135	0	0	0	0	0	1	0	0	0	0	0	10	35	10	I	1	23	B	11	60	163	28	9	0	0	0	0	81	34	376	45	0	5	7	3	0	11	63	14	7	0	1	3	0	0	0	0	0	0	0	43	37	0	1.42802276147042	1.36323637178285	6.91872639733534
27	C	0.0	0.0	61	145	0	0	0	0	0	2	1	0	1	1	0	10	45	14	I	1	40	B	12	70	164	30	9	2	0	1	0	81	37	455	67	1	9	9	2	0	9	54	13	0	0	0	0	0	0	0	0	0	0	0	50	41	0	5.63839925847059	6.21352234828157	11.0688019245843
19	C	18.0	2.0	65	132	0	0	0	0	0	0	0	0	0	1	0	8	45	10	H	1	40	E	15	70	153	22	8	1	0	0	0	80	35	441	27	1	9	10	1	2	11	55	15	5	0	0	0	1	0	0	1	0	0	1	46	39	1	12.3920384788133	5.6472450309029	12.3814769533944
38	C	7.0	21.0	59	115	0	0	0	0	0	0	0	0	1	1	0	7	35	16	J	1	43	B	11	64	123	43	11	0	1	0	1	63	28	490	53	1	2	9	3	0	7	59	15	4	0	0	4	1	0	0	0	0	0	0	44	42	0	2.97164545260224	4.12949317496716	8.78106647802998
17	C	2.0	2.0	63	108	0	0	0	0	0	0	0	0	0	0	0	11	35	8	J	1	43	B	12	70	136	19	10	0	0	0	0	84	41	375	33	0	2	8	3	0	7	60	18	7	0	0	2	0	0	0	0	0	0	0	45	39	0	0.0127793613715987	0.995198375675967	4.43099212404959
21	C	0.0	0.0	59	96	0	0	1	0	0	0	0	0	2	1	0	11	25	17	J	1	27	E	12	70	119	23	11	0	0	0	0	83	37	339	52	1	6	10	3	0	6	67	20	0	0	0	0	0	0	0	0	0	0	0	46	38	0	-0.101550593174127	0.835795512584783	5.62735735230858
30	C	0.0	0.0	61	130	0	0	2	0	0	1	0	0	0	0	0	9	25	10	J	1	13	E	13	60	147	35	4	0	0	0	0	79	34	380	89	1	9	10	3	0	7	68	17	0	1	0	0	0	0	0	0	0	0	0	42	41	0	-2.2530423080952	-0.36680272580305	3.31251306711463
20	C	0.5	4.0	64	145	0	0	0	0	0	0	1	0	1	0	0	10	15	13	J	1	20	E	11	80	165	24	10	1	0	0	0	83	39	303	47	1	3	9	2	0	5	59	17	0	0	0	0	0	0	0	0	0	0	0	46	41	0	3.75945054174273	3.47908784887347	7.28411757505415
42	C	0.0	22.0	65	208	0	0	0	0	1	0	1	0	0	0	0	5	65	10	J	1	33	B	14	90	218	44	5	0	1	0	0	75	37	353	78	1	9	9	3	0	15	70	14	8	0	0	0	0	0	0	0	0	0	1	46	40	0	0.704630960323031	-0.0437595884804862	5.15097095176405
27	C	0.0	0.0	61	240	0	0	2	0	0	0	1	0	0	1	1	12	65	15	J	1	47	E	11	80	206	37	8	0	2	0	0	79	43	558	52	0	9	9	2	0	7	67	23	0	0	0	0	0	0	0	0	0	0	0	46	42	0	-0.969000860691226	0.551117576232595	4.90652009843175
26	C	30.0	1.0	64	126	0	0	2	0	0	1	1	0	0	0	0	12	45	18	J	1	43	B	16	70	141	25	8	1	0	0	0	80	34	410	26	1	9	9	3	0	7	56	17	5	0	0	0	0	0	0	0	0	0	0	45	39	0	5.02448061125571	5.53702291657895	10.5504896882787
23	C	20.0	8.0	63	129	0	2	0	0	0	1	0	0	1	1	0	7	35	12	J	1	45	E	13	70	141	28	10	0	0	0	0	83	25	435	49	0	9	9	2	0	4	48	15	0	0	0	0	0	0	0	0	0	0	0	44	40	1	9.57333033822599	17.5541572680909	8.90535769421033
24	C	2.0	9.0	63	149	0	0	2	0	0	0	1	0	1	1	0	4	25	10	I	1	37	B	12	60	167	26	11	0	2	0	0	78	30	460	89	0	6	9	2	0	3	41	12	0	0	1	0	1	0	0	0	0	0	0	46	40	0	8.3259134626309	8.11361140087318	10.0818014594079
24	C	0.0	0.0	62	126	0	0	0	5	0	0	1	0	0	0	0	8	35	13	J	1	47	E	13	76	151	29	10	0	1	0	0	81	36	502	43	1	9	9	2	0	8	50	15	0	0	0	2	0	0	0	0	0	0	0	45	37	0	6.50138634162417	7.14766144206365	11.3976721097162
17	C	0.0	0.0	62	135	0	0	1	0	0	0	0	1	3	1	0	10	25	7	J	1	53	E	12	64	140	24	12	0	0	0	0	87	41	502	66	1	8	10	2	0	3	48	18	3	0	0	0	0	0	0	0	0	0	0	49	38	0	5.01934877318591	4.96816421159241	5.42963827916315
43	C	2.0	25.0	64	105	0	0	0	2	0	1	2	0	0	0	0	12	55	26	J	1	73	B	12	60	122	49	14	7	1	0	2	80	31	271	82	0	10	10	5	0	7	59	11	8	0	0	0	0	0	0	0	0	0	0	34	37	0	4.38700033067796	4.7387289004296	10.2666161239381
34	C	0.0	3.0	63	122	0	0	0	0	0	0	1	0	0	0	0	10	35	20	J	1	33	E	13	70	144	37	8	0	2	0	0	82	36	507	73	0	9	9	3	0	1	64	17	7	0	0	2	1	0	0	0	0	0	2	45	43	0	-0.174406775090373	0.768631006498258	3.88809625517998
23	C	0.5	10.0	63	128	0	0	2	0	0	0	0	0	0	1	0	16	35	10	J	1	47	E	11	70	163	25	11	0	1	0	0	85	34	511	60	1	2	9	3	0	8	47	11	4	0	0	0	0	0	0	0	0	0	0	47	40	0	8.16604289316116	7.53229497274377	10.9509508268327
20	C	0.0	0.0	63	127	0	0	0	0	0	0	0	0	0	1	0	12	25	10	J	1	43	E	12	74	156	20	10	0	0	0	0	77	36	321	64	0	9	10	3	0	3	69	20	0	0	0	0	0	0	0	1	0	0	1	42	43	0	-3.83611261527296	-2.31177157670581	-0.539974464632899
30	C	0.0	0.0	67	131	0	0	1	0	0	0	1	0	0	1	1	9	55	16	I	1	47	B	13	68	148	30	10	0	0	0	0	83	35	469	37	1	3	9	4	0	11	54	15	8	0	0	4	0	0	2	0	0	0	0	49	40	0	8.27929038652386	6.80156352659119	12.426562775445
39	C	20.0	23.0	67	150	0	2	2	0	0	1	2	0	1	1	0	11	45	20	J	1	33	E	13	66	177	49	8	1	4	0	0	76	28	477	46	1	8	10	2	0	2	45	13	4	0	0	0	0	0	0	0	0	0	0	49	40	0	18.7438832765736	19.0635886584442	11.3458811092527
22	C	8.0	7.0	55	105	0	0	2	0	0	0	0	0	1	1	0	12	35	15	J	1	57	E	13	70	132	26	12	0	0	0	0	81	36	425	53	0	8	9	2	0	2	45	14	0	0	0	0	0	0	0	0	0	0	0	45	42	0	7.95108721721212	7.24738127433918	9.68407683476786
30	C	0.0	12.0	61	143	0	0	1	0	0	1	3	0	3	0	0	9	35	20	J	1	43	E	15	70	165	32	11	1	0	0	0	79	24	422	59	1	9	10	2	0	10	53	14	3	0	0	2	0	0	0	0	0	0	1	47	41	0	8.49283642233135	7.48778232740452	13.6101576631543
27	C	0.0	0.0	64	182	0	0	0	0	0	1	0	0	0	0	0	9	45	17	J	1	50	E	11	70	206	30	12	0	0	0	0	80	36	487	79	1	9	10	3	0	13	70	21	3	1	0	0	2	0	0	2	0	0	0	46	41	1	7.7731181520499	0.578434168287606	6.71912771593954
37	C	0.0	13.0	63	123	0	1	0	0	0	0	0	0	0	0	0	12	35	8	H	1	37	B	17	72	144	36	11	0	0	0	0	83	36	428	78	0	9	10	3	0	1	62	15	4	0	0	0	0	0	0	0	0	0	0	45	40	1	-0.099644156659346	10.435199729872	-0.829364122319177
18	C	4.0	2.0	61	118	0	0	3	0	0	1	0	1	1	2	0	12	25	10	J	1	37	E	11	60	139	20	11	0	0	0	0	89	36	345	50	1	7	9	3	0	5	44	14	0	0	0	0	0	0	0	0	0	0	0	43	41	0	5.85970017862312	7.85541067239275	10.5605966548878
20	C	5.0	3.0	64	124	0	0	2	0	0	0	0	0	0	1	0	12	35	15	J	1	37	E	14	60	153	25	9	0	0	0	0	80	32	381	42	1	6	9	3	0	7	55	16	0	0	0	0	0	0	0	0	0	0	0	46	41	0	7.75989408068968	5.60069670499863	10.176400641739
19	C	0.0	0.0	63	114	0	0	0	0	0	0	1	0	0	0	0	12	35	10	J	1	30	E	12	70	140	24	4	0	0	0	0	80	26	534	35	1	9	9	4	0	10	33	10	0	0	0	0	0	0	2	0	0	0	2	47	41	1	16.4477212253221	11.9180837127338	16.1838079959527
24	C	20.0	14.0	62	153	0	0	0	0	0	0	0	0	0	0	0	9	25	13	J	1	53	E	13	78	177	33	12	0	0	0	0	81	37	485	53	0	8	9	2	0	6	42	11	0	0	0	0	0	0	2	0	0	0	1	46	38	0	9.49504760515338	9.07831110641892	12.6665110831458
23	C	0.0	0.0	66	115	0	0	0	0	0	0	1	1	1	1	1	12	35	10	K	1	63	E	13	80	128	24	12	0	0	0	0	79	33	482	33	1	6	6	4	0	10	49	14	3	0	0	4	0	0	0	1	0	0	3	45	38	0	5.46460580853159	5.92807455002089	10.5811546718627
17	C	15.0	3.0	62	110	0	0	1	0	0	2	1	0	4	0	0	10	55	12	J	1	47	E	13	80	137	22	9	0	0	0	0	82	36	364	64	0	9	10	4	0	7	63	13	5	0	0	0	0	0	0	1	0	0	1	46	38	1	5.55102537719647	1.80992355075911	5.48610991011736
23	C	0.0	5.0	61	96	0	0	0	5	0	0	1	0	1	0	0	9	45	12	J	1	50	E	12	78	132	25	11	0	0	0	0	80	31	536	64	1	8	10	2	0	15	69	21	7	0	0	0	0	0	0	0	0	0	0	46	40	0	2.13622678143998	0.620132672086561	6.10442660206511
25	C	20.0	8.0	64	140	0	0	0	0	0	0	1	1	0	0	0	12	35	13	J	1	53	E	13	70	159	25	12	0	0	0	0	83	35	539	45	1	9	10	0	2	2	48	13	0	0	0	0	1	0	0	0	0	0	0	46	39	1	11.1265064176734	6.21451631182769	10.73752824917
30	C	0.0	0.0	63	135	0	0	0	0	0	0	1	0	1	1	0	6	45	17	F	1	37	E	16	70	147	35	6	0	0	0	0	80	28	300	37	0	9	9	1	2	6	63	16	0	0	0	0	0	0	0	0	0	0	0	47	39	0	4.40513025506064	2.61978901929689	9.7136940162857
24	C	0.0	0.0	65	122	0	0	2	0	0	0	1	0	1	1	0	12	45	8	I	1	70	B	12	70	142	48	14	0	1	0	0	79	30	496	35	0	4	1	2	1	8	61	19	8	0	0	4	0	0	0	0	0	0	0	46	41	0	1.51822651480726	0.468333947588979	3.7032242680653
20	C	0.0	4.0	62	119	0	0	1	0	0	1	0	0	0	0	1	9	35	10	J	1	57	E	13	90	134	21	12	0	0	0	0	80	38	406	35	0	8	10	3	0	4	62	18	0	0	0	0	0	0	0	0	0	0	1	44	40	0	0.20631656311164	0.907822776100407	2.8509362404277
23	C	0.0	0.0	65	191	0	1	1	0	0	1	0	0	0	0	1	11	75	17	J	1	63	E	13	62	207	30	10	0	0	0	0	78	36	550	43	1	9	9	3	0	6	51	17	0	0	0	0	0	0	0	0	0	0	0	46	41	0	18.7596225425969	17.6246389020169	10.3957481094695
20	C	0.0	4.0	61	100	0	0	0	0	0	0	0	0	1	1	0	9	45	10	J	1	33	E	11	60	116	22	9	0	0	0	0	76	28	337	49	1	5	7	3	0	9	46	12	0	0	0	0	0	0	0	0	0	0	0	46	34	1	13.0609134620301	7.06871804905809	12.0124372795817
23	C	55.0	8.0	61	145	0	0	0	1	0	1	2	0	1	2	0	8	35	5	J	1	33	E	12	60	150	23	9	1	1	0	0	79	32	315	36	1	4	9	6	0	10	49	10	4	0	0	3	0	0	0	0	0	0	0	45	38	1	9.85885914047695	5.77704688673139	7.53912772281068
16	C	0.0	0.0	62	116	0	0	1	2	0	2	0	0	0	0	0	10	25	10	J	1	30	E	12	70	136	21	11	0	0	0	0	79	32	359	51	0	5	5	4	0	6	59	18	7	0	0	2	1	0	0	0	0	0	1	45	37	1	4.962939867672	1.84872358207379	5.96653829481466
20	C	0.0	0.0	59	101	2	0	1	0	0	0	0	1	1	0	0	10	75	10	J	1	50	E	11	60	119	23	9	0	0	0	1	75	26	470	42	0	2	6	2	0	14	57	15	5	1	1	3	0	0	0	0	0	0	1	46	36	1	8.19176476837093	3.96046777970285	9.70951433719921
19	C	25.0	4.0	61	90	0	0	0	0	0	0	0	0	1	0	0	9	35	8	J	1	47	B	12	60	114	32	12	0	0	0	0	82	31	384	54	1	9	9	3	0	12	66	18	0	0	0	0	0	0	0	0	0	0	0	46	40	0	2.17728460302108	0.575516249922107	4.16256427694481
22	C	7.0	5.0	66	117	0	0	0	0	0	0	0	0	0	0	1	12	45	8	J	1	60	B	14	60	133	22	12	0	0	0	0	80	27	328	27	0	4	2	2	0	9	50	14	8	0	0	4	0	0	0	0	0	0	1	44	32	0	4.6912760564712	4.90844808508043	8.61738700363093
24	C	20.0	9.0	66	190	0	0	0	0	0	1	0	0	0	2	0	12	35	13	J	1	37	E	13	50	216	28	10	0	0	0	0	77	36	480	67	0	9	9	3	0	6	58	19	0	0	0	0	0	0	0	1	0	0	0	44	42	1	6.68730977535701	3.91041795225882	7.73584421031331
25	C	20.0	10.0	62	107	0	0	0	0	0	0	1	0	0	0	0	12	35	10	J	1	43	E	14	70	126	27	12	0	0	0	0	81	33	549	46	1	9	9	3	0	2	56	13	0	0	0	0	0	0	0	0	0	0	0	46	40	0	2.50259368977807	2.7910429524962	4.1610452766207
21	C	0.0	0.0	63	120	0	0	0	0	0	0	0	0	1	0	0	14	45	10	J	1	60	E	13	60	148	24	12	0	0	0	0	76	33	511	70	0	9	9	3	0	11	61	17	1	0	0	0	0	0	0	0	0	0	0	47	40	0	3.23143323377343	2.88818765565888	6.78228526849994
21	C	0.0	3.0	61	110	0	0	0	0	0	0	0	0	0	1	0	9	35	10	J	1	53	E	12	70	130	20	11	0	0	0	0	78	35	444	54	0	9	9	2	0	3	60	20	0	0	0	0	0	0	0	0	0	0	0	46	40	0	1.82054347212322	1.4642539578698	3.09281252427364
25	C	0.0	7.0	62	215	0	0	1	0	0	0	0	0	2	0	0	11	45	12	J	1	50	B	13	90	224	27	11	0	0	0	0	78	34	325	50	0	3	8	2	0	5	47	14	5	0	0	4	0	0	0	0	0	0	0	46	38	0	5.17063195359226	6.02059641149471	10.0852999152476
18	C	0.0	1.0	60	140	0	0	1	0	0	1	0	0	0	0	0	8	35	13	J	1	47	B	11	76	164	24	12	1	0	0	0	78	30	419	47	1	9	10	5	0	10	50	13	0	0	0	2	0	0	0	0	0	0	0	48	37	1	13.0736627147538	7.55835057261559	12.3201732731073
32	C	0.0	0.0	66	150	0	0	0	0	0	1	0	0	0	0	0	12	25	18	J	1	63	E	14	64	154	32	14	0	0	0	0	83	40	630	69	0	9	10	2	0	2	56	19	0	0	0	0	0	0	0	0	0	0	0	47	40	0	2.70783263811647	3.82650924649092	6.6729327458197
22	C	0.0	6.0	61	140	0	0	1	2	0	0	0	0	0	1	1	9	55	7	J	1	67	E	18	70	153	21	12	1	0	0	0	76	37	549	98	0	9	9	2	0	5	64	22	0	0	0	0	0	0	0	0	0	0	0	43	43	0	-0.994545441509189	-0.633713300941555	0.273458013885359
37	C	20.0	18.0	63	138	0	0	1	0	0	2	1	0	1	0	0	12	35	20	J	1	57	E	14	64	154	39	10	0	1	0	0	91	34	499	52	1	5	9	4	0	12	61	16	0	0	0	0	0	0	0	0	0	0	0	45	40	1	10.1231125085211	4.61674854177992	10.9290090944221
20	C	20.0	5.0	62	165	0	0	0	0	0	0	0	0	0	0	0	8	25	8	L	1	57	E	12	78	194	21	12	0	0	0	0	84	30	474	60	0	9	9	3	0	11	60	17	5	1	1	0	0	0	0	0	0	0	0	41	41	1	4.5782053691162	2.80759784786458	6.01307962981556
21	C	0.0	0.0	68	133	0	0	0	0	0	0	0	0	0	0	0	10	35	12	J	1	53	E	14	60	156	23	12	0	0	0	0	79	31	452	48	0	9	9	2	0	12	54	16	0	0	0	0	0	0	0	0	0	0	0	45	41	0	5.53161504712366	6.27904638763113	11.1345554664791
32	C	0.0	2.0	64	110	0	0	1	0	0	1	0	0	0	1	0	8	25	25	J	1	43	E	12	90	131	34	7	3	0	1	0	80	32	345	52	1	8	9	2	0	12	64	17	0	0	0	0	0	0	0	0	0	0	0	43	44	0	4.24792226240598	3.98307248749218	11.1675141771829
18	C	20.0	2.0	63	150	0	0	0	0	0	0	1	1	1	1	0	9	25	10	J	1	47	E	11	90	186	24	12	0	0	0	0	84	36	531	54	0	6	7	2	0	3	52	17	3	0	0	0	0	0	0	0	0	0	0	46	42	0	3.77776984507742	3.38502306474834	6.15636969789965
31	C	0.0	0.0	60	110	0	1	2	0	0	0	1	0	0	0	0	9	55	27	J	1	43	E	13	60	125	32	9	1	0	0	1	80	31	534	64	1	9	9	4	0	8	49	16	3	0	1	0	0	0	0	1	0	0	2	46	40	0	20.335542923119	19.9507901508739	14.9856304791857
19	C	0.0	0.0	63	105	0	0	1	0	0	0	0	0	0	1	0	11	105	7	J	1	63	E	14	94	141	18	11	0	0	0	0	82	40	419	55	1	9	9	2	0	4	54	16	0	0	0	0	0	0	0	0	0	0	0	47	41	0	4.17345578937671	3.10036530147978	3.76003870706876
16	C	0.0	0.0	68	128	0	0	1	0	0	1	1	0	0	0	0	10	65	10	J	1	47	E	12	70	154	18	9	0	0	0	0	82	40	537	56	0	9	10	2	0	8	55	15	0	0	0	0	0	0	0	0	0	0	0	46	39	0	5.69863047802015	4.79191344075607	8.18682186339664
27	C	20.0	11.0	66	149	0	0	1	0	0	0	1	0	0	1	0	10	15	7	J	1	20	E	13	70	157	49	8	0	1	0	0	85	37	459	48	1	7	10	3	0	3	61	17	0	0	0	0	0	0	0	0	0	0	0	46	41	0	-0.366053328687843	0.632884126529478	1.64187955125953
38	C	20.0	27.0	65	125	0	0	2	0	0	0	0	1	0	0	0	12	45	13	L	1	50	E	11	60	149	38	10	0	0	0	0	82	27	360	61	0	9	10	3	0	6	60	17	0	0	1	0	0	0	0	0	0	0	0	47	39	0	3.93929929709948	2.950605700958	6.53839888502249
20	C	10.0	4.0	62	93	0	0	2	0	0	0	0	0	1	2	0	11	45	10	J	1	50	E	14	60	112	21	10	0	0	0	0	86	35	515	45	0	9	9	3	0	5	63	18	0	0	0	0	0	0	0	0	0	0	0	46	43	0	0.0476526241711362	0.859424989259209	3.2746699935145
27	C	20.0	10.0	64	116	0	0	0	0	0	0	0	0	0	1	0	11	35	18	J	1	53	E	11	50	136	22	10	0	1	0	0	84	40	384	44	1	9	9	2	0	8	44	12	0	0	0	0	0	0	0	0	0	0	0	45	40	0	10.7812564664696	9.66251002208879	14.8127042754648
27	C	40.0	11.0	62	112	0	0	2	0	0	0	0	1	1	0	0	10	25	20	J	1	40	E	14	60	128	31	10	0	0	0	0	83	34	427	52	0	9	9	2	0	8	48	14	0	0	0	0	0	0	0	0	0	0	0	47	41	0	9.10790008917576	8.81144122400223	14.4900096569533
25	C	50.0	12.0	68	223	0	0	0	0	0	0	0	1	2	0	0	4	45	12	J	1	63	E	12	90	223	41	12	1	0	0	0	64	21	283	49	0	9	10	5	0	16	55	9	0	0	0	2	0	0	0	0	0	0	3	47	33	0	6.39947863429691	6.44765563645907	11.9488294738616
22	C	0.0	0.0	64	135	1	0	2	0	0	0	0	0	1	1	0	9	55	5	J	1	43	E	11	70	158	24	10	0	0	0	0	79	38	357	68	0	6	9	3	0	10	61	17	0	0	0	0	0	0	0	0	0	0	0	45	45	0	1.6028170434043	1.21365757911759	2.7592130729179
25	C	0.0	0.0	57	118	0	0	0	0	0	1	1	1	1	1	0	12	25	15	J	1	27	B	16	58	121	28	7	0	1	0	0	83	36	390	56	0	9	9	2	0	9	64	21	0	0	0	0	0	0	0	0	0	0	0	46	41	0	0.77528166318188	2.56475471674365	7.82974972208901
18	C	0.0	0.0	59	115	0	0	0	0	0	0	0	1	1	0	0	8	25	10	J	1	27	E	13	50	144	19	7	0	0	0	0	77	32	352	51	0	5	9	3	0	8	66	17	3	0	0	3	1	0	2	0	0	0	0	45	39	0	-0.0423035278822788	0.575352576691771	4.28799626376064
21	C	6.0	4.0	64	135	0	0	0	0	0	0	0	1	0	0	0	12	45	8	J	1	57	E	15	78	149	20	11	0	0	0	0	81	39	518	50	0	6	9	3	0	9	48	14	0	0	0	0	0	0	0	0	0	0	0	45	39	1	10.7517991330919	6.77112281808936	9.52805515855992
20	C	8.0	4.0	61	112	0	0	1	0	0	0	1	0	0	0	0	11	45	8	J	1	50	B	15	80	123	25	11	1	0	0	0	82	31	460	36	1	6	9	6	0	7	50	15	0	0	0	2	0	0	0	0	0	0	0	47	34	1	8.34684030353029	5.7676830221211	8.10089121663751
19	C	0.0	1.0	66	124	0	0	0	0	0	1	1	0	0	1	0	9	15	7	I	1	30	E	11	80	166	20	8	0	0	0	0	81	35	480	47	1	8	9	2	0	5	59	18	3	1	0	0	0	0	0	0	0	0	0	44	41	0	2.30134182664328	1.90696628771088	3.4874222729516
18	C	0.0	0.0	61	124	0	0	0	0	0	0	1	0	0	0	0	9	35	8	J	1	33	E	13	78	137	21	6	0	0	0	0	78	27	285	47	1	9	9	2	0	9	32	9	0	0	0	0	0	0	0	0	0	0	0	46	37	0	10.014050087586	11.3717581342623	14.5916442249586
24	C	0.5	5.0	64	117	0	0	0	0	0	0	0	0	1	0	0	10	45	13	J	1	50	E	15	68	135	34	10	0	0	0	0	83	39	449	57	0	9	10	2	0	12	60	18	0	0	0	0	0	0	0	0	0	0	0	45	41	0	5.40631876547333	4.19676423386833	9.33755428228017
23	C	12.0	6.0	66	142	0	0	0	0	0	0	0	0	0	1	0	12	35	10	J	1	53	E	14	74	146	23	12	0	0	0	0	83	35	401	45	1	9	9	3	0	5	49	13	0	0	0	0	0	0	0	0	0	0	0	48	41	1	7.98200145298722	6.08964246748334	8.49751686815929
25	C	5.0	9.0	65	125	0	0	0	0	0	0	0	0	0	0	0	12	35	10	J	1	53	E	14	62	148	25	12	0	0	0	0	77	27	354	50	0	7	9	2	0	4	51	17	0	0	0	0	0	0	0	0	0	0	0	46	38	1	7.36228635765978	5.13547372359358	7.18536795401379
20	C	0.0	0.5	61	110	0	0	2	0	0	2	0	0	0	2	0	11	45	10	J	1	53	B	12	76	136	21	12	0	0	0	0	79	34	483	50	0	6	8	3	0	3	48	14	6	0	0	0	0	0	0	0	0	0	0	46	43	0	5.2465566523975	4.65155974091252	7.32841503441976
18	C	15.0	3.0	64	110	0	0	1	0	0	0	1	0	0	0	0	8	25	10	J	1	27	E	15	68	147	20	9	0	1	0	0	79	32	745	54	0	9	2	3	0	1	63	21	0	0	0	4	0	0	0	0	0	0	0	45	42	0	-2.00149515714849	-1.40151624292313	0.701262013703328
18	C	5.0	3.0	61	148	0	0	2	0	0	0	0	0	0	0	0	8	25	13	J	1	40	E	12	70	160	21	11	0	0	0	0	79	40	471	64	0	9	9	2	0	8	60	16	0	0	0	0	0	0	0	0	0	0	0	46	42	0	3.83231966286992	3.54174346331872	7.88397569076674
18	C	0.0	0.0	61	110	0	0	0	0	0	1	0	0	1	1	0	12	65	10	J	1	80	E	13	70	132	20	12	0	0	0	0	65	34	397	50	0	9	9	3	0	10	50	14	0	0	0	0	0	0	2	2	0	0	1	45	39	0	6.21515335557334	6.54683574101608	9.88840263250968
19	C	0.0	0.0	61	112	0	0	2	0	0	1	0	0	1	0	0	12	45	15	J	1	77	E	13	60	132	21	12	0	0	0	0	84	36	588	41	1	9	9	2	0	13	54	16	4	0	0	0	0	0	1	0	0	0	0	48	38	0	6.15275069564554	6.63891308919793	11.9846872675674
22	C	7.0	5.0	64	130	0	0	0	0	0	0	0	0	0	0	0	12	45	8	J	1	43	E	12	50	152	22	9	0	0	0	0	80	34	497	47	1	9	9	3	0	6	56	17	0	0	0	0	0	0	0	0	0	0	0	46	39	0	2.85793240445928	3.48164775974755	5.62217536648749
39	C	30.0	21.0	54	90	0	0	0	0	0	0	0	0	0	1	0	8	55	16	J	1	40	E	15	64	100	35	5	7	0	0	0	82	40	264	52	0	9	9	6	0	6	74	21	3	0	0	0	0	0	0	0	0	0	0	44	43	1	2.7823621481706	-2.78068075426017	1.56784981009746
17	C	0.0	6.0	61	107	0	0	1	0	0	0	0	0	0	1	0	9	35	10	J	1	33	E	11	54	137	29	9	0	0	0	0	77	33	545	72	1	9	9	2	0	4	71	23	3	0	0	0	0	0	0	0	0	0	0	46	42	0	-3.10059780698865	-2.81033023993353	-0.476351474870867
22	C	20.0	7.0	64	106	0	0	1	0	0	1	0	0	0	1	0	9	35	7	J	1	33	E	11	62	140	23	9	0	0	0	0	82	35	336	48	0	6	10	3	0	1	66	20	0	0	0	0	0	0	0	0	0	0	0	43	40	1	-3.12823271411377	-2.4638132651295	-2.69516633308436
20	C	0.0	0.0	62	130	0	1	2	0	0	0	0	0	0	1	0	9	45	17	I	1	50	B	12	80	160	24	11	0	0	0	0	74	30	585	42	1	5	7	3	0	5	58	16	0	0	0	3	0	0	0	0	0	0	1	48	34	0	12.9477096063988	13.8021212068281	7.46887417288672
22	C	25.0	6.0	68	110	0	0	0	0	0	0	0	0	2	1	0	8	45	18	J	1	40	E	11	60	140	24	9	0	0	0	0	78	30	520	49	0	8	8	2	0	4	63	17	0	0	0	0	0	0	0	0	0	0	0	44	37	0	0.420359031342319	0.829094617589051	5.90982890463158
24	C	3.0	9.0	61	115	0	0	0	0	0	0	0	0	0	0	0	12	45	17	J	1	63	E	11	70	134	27	12	0	0	0	0	74	26	375	36	0	9	9	2	0	5	50	14	3	0	0	2	0	0	0	0	0	0	1	44	38	0	8.33722831395071	6.80075456915741	10.6893902499264
21	C	25.0	11.0	63	120	0	0	0	0	0	0	0	0	0	0	0	10	35	10	J	1	43	E	12	70	150	28	10	0	0	0	0	76	32	456	33	0	5	10	3	0	10	57	17	0	0	0	4	0	0	0	0	0	0	0	47	38	0	4.06183701254973	4.5011947243209	8.47233074418039
22	C	0.0	0.0	63	165	0	0	1	0	0	1	0	0	0	0	0	12	45	13	O	1	50	E	12	80	179	22	11	2	0	1	0	75	36	489	69	0	9	10	2	0	7	55	18	3	0	0	0	0	0	2	0	0	0	0	49	38	0	4.55527121479387	5.12215599145959	9.02490396047516
17	C	0.0	0.0	62	110	0	0	2	3	0	0	0	0	0	0	0	12	45	10	J	1	77	E	12	72	134	20	12	0	0	0	0	81	33	411	57	0	8	9	3	0	12	59	18	0	0	0	0	0	0	0	0	0	0	0	46	40	0	5.27839165040354	3.66145720484032	7.49103676480708
19	C	0.0	2.0	64	128	0	0	0	0	0	1	0	1	0	0	1	11	55	10	J	1	60	E	13	60	159	19	11	1	0	0	0	77	32	482	27	1	7	9	2	0	13	52	15	4	0	0	2	1	0	0	0	0	0	1	44	38	0	6.6640837914801	6.66221705102349	11.0305277857218
22	C	20.0	6.0	59	90	0	0	1	0	0	0	0	1	1	1	0	10	35	8	J	1	43	E	11	70	114	22	10	1	0	0	0	78	27	412	53	0	8	9	4	0	8	65	18	0	0	1	0	0	0	0	0	0	0	0	44	36	0	1.94232286192346	0.284176125825855	2.97006965872337
17	C	10.0	1.0	61	115	0	0	0	0	0	0	0	0	0	0	0	10	65	5	J	1	57	E	12	78	170	20	12	0	0	0	0	77	26	365	42	1	6	9	6	0	13	56	17	3	0	0	2	0	0	0	1	0	0	2	46	36	0	2.96805364936082	3.54797411987947	5.54473438627367
17	C	0.0	1.0	59	100	4	0	1	0	0	1	0	0	2	0	0	11	55	8	J	1	63	E	13	78	108	18	10	0	0	0	0	78	32	355	56	0	9	9	5	0	13	46	14	0	0	0	0	1	0	0	0	0	1	0	43	37	0	6.38915764787197	8.07286830448482	11.6604943250169
40	C	10.0	17.0	65	138	0	0	0	2	0	1	1	0	1	0	0	11	45	15	J	1	60	B	13	70	162	43	12	1	1	0	0	76	36	527	47	0	7	9	3	0	12	57	16	0	0	0	0	0	0	0	0	0	0	0	44	37	0	4.5701766266317	5.56085832230655	10.9775950365688
20	C	5.0	3.0	60	118	0	0	0	0	0	1	0	1	0	0	0	11	35	10	J	1	57	E	10	98	136	21	12	0	0	0	0	86	39	338	54	0	9	9	3	0	3	48	13	0	0	0	0	0	0	0	1	0	0	0	42	41	0	4.99508049148951	5.76700619102056	7.36270623989247
36	C	20.0	16.0	63	132	0	0	1	0	0	0	1	0	0	0	0	12	25	23	J	1	57	E	12	60	138	39	16	3	2	0	0	77	27	456	32	1	9	10	3	0	10	59	17	0	0	0	0	0	0	0	0	0	0	0	47	33	1	10.981785195484	5.33379695953712	11.5898290891919
32	C	0.0	0.5	63	118	0	0	0	3	0	0	0	0	1	1	0	13	45	14	J	1	50	E	14	62	143	39	11	0	0	0	0	83	28	314	89	0	9	9	2	0	6	68	19	0	0	0	2	0	0	0	0	0	0	0	44	39	1	3.06418775448211	-0.3299805898749	3.45834803567874
23	C	20.0	9.0	64	114	0	1	0	0	0	0	0	0	0	2	0	12	65	8	L	1	80	E	12	70	143	26	12	0	0	0	0	83	34	552	61	0	9	8	3	0	8	60	16	0	0	0	0	0	0	0	0	0	0	0	44	41	0	13.3295569791368	11.6532945322144	3.28002808906424
23	C	0.0	0.0	64	135	0	0	0	0	0	0	0	0	0	1	0	11	55	13	J	1	53	E	12	60	153	25	10	1	0	0	0	54	20	177	46	0	6	9	5	0	10	58	8	5	1	0	2	0	0	0	1	0	0	0	43	40	0	4.44480317593237	4.57924529778812	9.209785033087
29	C	27.0	13.0	65	120	0	0	0	0	0	0	0	0	1	1	0	9	55	10	J	1	53	E	13	70	143	30	11	0	0	0	0	75	31	488	57	1	9	9	4	0	10	37	11	3	0	0	2	0	0	2	0	0	0	4	46	39	1	15.4292379988228	10.6844194040908	14.5331770380859
25	C	0.0	0.0	66	118	0	0	0	0	0	0	1	0	0	0	0	16	55	8	J	1	87	E	12	60	143	27	16	0	1	0	0	85	38	553	85	0	9	10	3	0	5	60	20	0	0	0	0	0	0	0	0	0	0	0	45	43	0	0.244529086705394	1.10530996650145	2.13672200375176
30	C	20.0	15.0	65	142	0	0	0	0	0	0	2	1	0	0	0	12	65	8	J	1	80	E	11	60	160	38	12	0	0	0	0	81	40	448	50	1	9	9	0	2	13	66	19	0	0	0	0	0	0	0	0	0	0	0	44	37	0	-2.21893536217815	0.49564429735885	6.18602452133058
31	C	0.0	0.0	67	143	0	0	1	0	0	1	1	0	0	2	0	12	65	12	J	1	83	E	13	60	173	33	12	0	1	0	0	87	41	352	77	0	6	7	0	3	5	68	18	3	1	1	2	0	0	0	1	0	0	2	46	42	0	-2.57788161785658	-2.34921324196598	3.53144772420788
27	C	20.0	11.0	62	95	0	0	0	0	0	0	0	0	1	0	0	11	25	8	J	1	50	E	16	40	111	28	12	0	0	0	0	74	24	360	48	1	9	9	3	0	8	56	16	0	0	0	0	0	0	0	0	0	0	0	43	37	0	5.4515287816594	3.85514075223741	6.44871303892384
26	C	0.0	0.0	66	125	0	2	2	0	0	1	1	0	0	0	0	9	45	8	J	1	40	E	12	70	154	27	9	0	0	0	0	84	40	568	75	1	9	9	2	0	5	56	15	0	0	0	0	0	0	0	0	0	0	0	47	41	0	11.8582713767415	14.1664742985254	4.60176890405675
29	C	0.0	12.0	61	108	0	0	0	0	0	1	2	0	0	0	0	16	95	10	L	1	83	E	11	60	126	34	16	1	1	0	0	72	29	348	50	1	10	10	3	0	9	50	9	6	0	0	0	0	1	2	0	0	0	2	45	40	0	7.51329556834406	6.30913100130734	9.34921769954592
32	C	12.0	16.0	60	108	0	0	1	1	0	1	2	0	2	0	0	16	105	10	L	1	83	E	11	60	125	37	16	1	1	0	0	75	24	445	50	0	9	9	4	0	8	24	5	6	0	0	4	1	1	3	0	0	0	5	43	37	0	12.2116114485054	12.5492916633208	15.3825237023311
25	C	0.0	0.0	63	125	0	0	0	0	0	0	0	0	0	0	0	15	85	7	J	1	70	E	13	60	144	28	12	0	0	0	0	84	38	336	57	1	9	9	0	3	10	63	18	0	0	0	2	0	0	0	0	0	0	0	46	41	0	2.15560247943846	1.05195382523205	5.78709104621509
22	C	15.0	3.0	62	144	0	0	1	0	0	0	0	0	2	0	0	12	35	13	J	1	57	E	15	60	160	25	12	0	0	0	0	82	32	510	84	1	9	9	3	0	9	59	14	4	0	0	0	0	0	0	0	0	0	0	47	42	0	5.98890569101076	3.93521739115307	8.24270825836426
23	C	0.0	0.0	61	117	0	0	0	0	0	0	1	0	0	1	0	8	45	10	J	1	40	E	13	60	127	25	9	0	0	0	0	85	33	364	37	1	9	9	4	0	6	60	16	0	0	0	0	0	0	0	2	0	0	2	47	41	0	2.71211052345156	2.48630829010864	5.41163206310459
22	C	0.0	2.0	61	127	0	0	0	0	0	1	0	0	0	0	1	12	55	10	J	1	70	E	12	70	143	23	14	0	0	0	0	80	36	425	74	1	8	9	2	0	8	58	17	4	0	0	0	0	0	0	0	0	0	0	48	37	0	1.32715958800002	3.36013750676023	6.33985687172601
23	C	0.0	0.0	60	135	0	0	0	0	0	0	0	0	0	1	0	12	45	17	J	1	40	E	14	50	162	25	7	0	1	0	0	80	35	450	40	1	9	9	1	2	8	43	13	0	0	0	0	0	0	0	0	0	0	0	46	39	0	9.09356965478258	10.1655604645038	17.8448559546392
28	C	0.0	1.0	60	145	0	0	0	0	0	1	0	0	1	1	0	16	45	13	J	1	77	E	12	70	159	31	14	0	0	0	0	84	39	605	92	1	9	9	3	0	10	56	16	3	0	0	0	0	0	0	0	0	0	0	45	43	0	2.7835837314784	5.04077761456689	9.25612746232683
26	C	0.0	0.0	66	122	0	0	1	0	0	1	0	1	0	0	1	16	65	4	G	1	90	E	12	60	137	34	18	0	0	0	0	83	40	614	98	1	9	9	0	3	4	58	19	0	0	0	0	0	0	0	0	0	0	0	47	43	0	1.25238367062363	-0.0256806321011913	0.567083888533115
36	C	15.0	20.0	66	120	0	0	0	0	0	1	2	0	1	1	0	16	105	7	J	1	93	E	10	86	142	31	17	0	1	0	0	80	30	418	44	1	8	10	0	3	6	57	16	0	0	0	0	0	0	0	0	0	0	0	45	39	0	1.36403296048262	2.30800696567725	5.57325440759784
30	C	0.0	0.0	60	118	0	0	1	0	0	0	0	0	1	0	0	12	45	8	J	1	70	E	12	76	148	38	13	1	1	0	0	80	33	375	49	0	9	9	1	0	1	62	21	4	0	0	0	0	0	0	0	0	0	0	45	38	0	-2.222558004429	-0.725904973122802	1.32916458673282
24	C	20.0	9.0	63	100	0	0	0	0	0	1	2	1	0	2	1	12	65	7	J	1	70	E	13	70	122	26	12	0	0	0	0	88	39	471	72	1	9	9	0	3	10	75	18	0	0	0	0	0	0	0	0	0	0	0	48	39	0	-4.9868413991661	-4.51840854585729	0.168457368008066
25	C	0.0	2.0	60	107	0	0	1	0	0	0	1	0	2	0	0	12	45	8	J	1	30	E	13	70	125	28	8	0	3	0	0	79	38	586	55	0	5	9	2	0	2	46	14	0	0	0	0	0	0	2	0	0	0	0	44	41	0	7.49370439310958	5.85840931636123	6.7448622795348
32	C	10.0	16.0	64	150	0	0	0	0	0	0	0	0	0	2	0	12	65	12	J	1	67	E	16	70	155	35	12	0	0	0	0	80	31	453	61	0	9	9	3	0	3	73	20	0	0	1	0	0	0	0	0	0	0	0	44	41	0	-4.44978789422906	-4.11405620126992	-2.19477281548296
33	C	10.0	14.0	65	156	0	0	0	0	0	0	0	0	0	0	0	12	75	10	J	1	83	E	16	50	163	36	12	0	0	0	0	84	37	486	59	1	9	9	2	0	4	65	20	0	0	0	0	0	0	0	0	0	0	0	48	40	0	-0.589891495794511	-0.702579642925579	0.773290556542028
20	C	0.0	0.0	64	125	0	0	0	0	0	0	0	0	0	1	1	15	45	7	A	1	83	E	12	60	148	26	18	0	0	0	0	80	38	493	47	0	8	9	3	0	12	62	17	0	0	2	0	0	0	0	0	0	0	1	47	42	0	2.05108909837402	1.51571734036536	4.02501043013804
24	C	1.0	8.0	66	126	0	0	0	0	0	2	1	0	2	1	0	15	85	8	L	1	93	E	12	70	146	25	18	0	0	0	0	87	39	422	58	1	9	9	0	2	4	59	19	6	0	0	0	0	0	0	0	0	0	0	50	40	0	-0.0165390524828979	1.31173345184598	4.35589992370051
38	C	0.0	19.0	69	132	0	0	0	0	0	1	1	0	1	1	0	14	105	8	J	1	93	E	13	60	160	38	18	2	0	1	0	76	23	430	49	0	9	9	0	4	10	50	13	0	0	0	0	0	0	0	0	0	0	0	47	36	0	5.07908077024462	6.02210664388353	10.8578696688939
18	C	20.0	4.0	64	124	0	0	0	0	0	0	0	0	0	1	0	12	45	10	J	1	83	E	12	64	153	22	16	0	0	0	0	82	40	311	46	0	9	9	2	0	7	62	16	5	1	2	0	0	0	0	1	0	0	2	47	37	0	3.06351216407708	1.35866380183624	3.81798309465914
23	C	0.0	5.0	66	122	0	0	0	2	0	0	0	0	0	0	0	16	25	10	J	1	70	E	13	60	149	22	16	0	0	0	0	79	36	387	60	0	6	10	3	0	6	55	16	0	0	0	2	0	0	0	1	0	0	2	46	40	0	1.78628870482842	4.03615530888587	6.44865848658192
31	C	20.0	12.0	64	135	0	0	0	0	0	1	0	0	0	0	0	14	65	10	J	1	83	E	13	60	156	32	12	0	0	0	0	82	36	459	68	0	9	9	0	2	15	71	20	0	0	0	0	0	0	0	0	0	0	0	46	41	0	-1.1826007657828	-0.990369159634052	5.78439986328278
35	C	0.0	0.0	60	140	0	0	1	0	0	0	0	0	1	0	0	7	65	12	J	1	47	E	11	70	157	37	8	0	0	0	0	81	37	468	69	1	9	9	2	0	10	63	20	0	0	0	0	0	0	0	0	0	0	0	47	40	0	2.26102876134181	2.44438956549718	6.91126483433311
35	C	0.0	16.0	66	130	0	1	1	0	0	1	1	0	0	1	0	16	45	6	J	1	80	E	13	70	154	36	16	0	1	0	0	82	26	558	72	1	9	9	0	3	8	67	23	4	0	0	2	0	0	0	0	0	0	1	48	41	0	8.15635190737834	9.28704239491389	1.33929393581382
17	C	0.0	2.0	64	110	0	0	1	0	0	0	0	0	0	0	0	11	65	8	J	1	80	E	14	60	138	18	12	0	0	0	0	83	41	473	68	1	9	9	2	0	8	51	15	3	0	0	0	0	0	0	0	0	0	0	44	38	0	5.51295201979926	5.27149160893058	7.35330779696722
34	C	0.0	4.0	63	150	0	0	0	0	0	1	0	0	2	0	0	13	105	7	G	1	93	E	12	80	170	41	18	0	0	0	0	75	30	353	44	0	6	8	4	0	10	49	11	0	0	0	2	0	0	0	0	0	0	0	44	37	0	4.91798084102906	4.69920883223086	7.62256632489297
21	C	0.0	0.0	64	128	0	0	1	0	0	0	0	0	0	0	1	12	65	10	J	1	60	E	12	70	165	23	11	0	0	0	0	78	35	469	51	0	5	9	3	0	2	59	17	6	0	0	2	0	0	0	1	0	0	1	42	42	0	3.4523736697536	1.41467889739253	2.47412003062181
25	C	0.0	0.0	62	200	0	0	1	0	0	1	0	0	1	0	0	11	85	8	J	1	83	E	13	70	241	33	12	0	0	0	0	75	31	419	72	0	9	9	4	0	9	13	13	0	0	0	0	0	0	0	0	0	0	0	47	36	0	14.4423615925636	13.5941936794069	15.9569650343497
18	C	0.0	0.0	67	123	0	0	0	0	0	0	0	0	1	0	1	12	75	5	J	1	80	E	11	70	132	21	13	0	0	0	0	78	27	323	87	0	8	8	5	0	18	62	16	0	0	0	2	0	0	0	0	0	0	0	46	36	0	-1.12434235599996	0.497532647752971	4.06135616639115
27	C	10.0	7.0	65	125	0	0	1	0	0	0	3	0	0	0	1	11	45	10	H	1	53	B	12	70	139	32	11	0	1	0	0	77	38	340	30	1	8	10	3	0	6	57	20	0	0	0	0	0	0	0	0	0	0	0	51	39	0	4.20728691933463	3.49957233093634	6.20474046541265
23	C	0.0	0.0	61	125	0	0	2	0	0	0	0	0	0	1	0	10	35	13	H	1	43	B	11	70	154	34	12	0	0	0	0	79	30	410	65	1	6	8	3	0	13	58	21	0	0	0	2	0	0	0	0	0	0	1	46	38	0	4.48602646102322	4.08780180514002	10.5878016220724
18	C	0.0	0.0	66	105	0	0	0	0	0	1	0	0	0	0	0	8	15	50	H	1	20	B	13	72	133	21	9	0	0	0	0	83	34	420	43	1	8	10	3	0	12	60	25	0	0	0	0	0	0	0	0	0	0	0	46	38	0	8.53764459778189	7.23437658368556	16.6689568892877
20	C	0.0	0.0	66	140	0	0	0	0	0	2	1	0	1	0	0	10	35	27	H	1	63	B	8	70	162	25	12	0	1	0	0	78	39	430	53	0	8	9	2	0	4	61	20	0	0	0	0	0	0	0	0	0	0	0	45	36	0	3.85873300736393	3.35217208444509	8.18061334298384
19	C	20.0	2.0	60	106	0	0	0	0	1	0	0	0	0	0	0	9	25	15	H	1	27	B	11	50	125	25	11	1	0	0	0	76	34	480	67	0	9	10	3	0	5	61	19	0	0	0	0	0	0	0	0	0	0	0	46	42	1	6.91041482250784	2.8932130880839	7.00731117729549
21	C	2.0	5.0	61	98	0	0	2	1	0	0	0	0	0	0	0	6	15	23	H	1	13	B	12	60	111	38	7	0	0	0	0	66	21	515	75	0	10	10	2	0	5	61	19	0	0	0	0	0	0	0	0	0	0	0	45	33	0	4.08196568020573	3.96300032706962	9.58774840092136
25	C	0.0	0.0	66	115	0	0	0	0	0	0	2	0	1	0	0	9	25	17	H	1	13	B	12	60	127	25	6	0	0	0	0	55	24	650	42	1	9	10	4	0	8	51	17	0	0	0	0	0	0	0	0	0	0	0	44	38	1	14.554417908533	7.82732099997577	13.5043182192664
25	C	0.0	0.0	60	96	0	0	0	0	0	0	0	0	0	0	0	12	25	30	H	1	27	B	15	56	126	32	8	0	0	0	0	77	31	390	51	0	9	9	4	0	13	63	21	0	0	1	0	0	0	0	0	0	0	2	48	40	0	4.45174294458656	5.14454740485649	13.3372205789189
22	C	2.0	4.0	67	124	0	0	0	0	1	0	1	1	2	1	0	11	15	13	H	1	20	B	14	80	149	25	8	0	1	0	0	84	39	375	40	1	10	10	3	0	3	54	18	0	0	0	0	0	0	0	0	0	0	0	46	38	1	7.69738443977787	4.78023463526118	7.85730633593669
21	C	0.0	0.0	66	117	0	0	1	0	0	1	0	0	1	1	0	12	25	15	H	1	37	B	14	68	134	28	10	0	0	0	0	76	32	410	62	0	9	10	3	0	8	48	15	0	0	0	0	0	0	0	0	0	0	0	42	40	1	13.9368354388267	8.24593854678699	13.1215031437792
30	C	0.0	0.0	61	110	0	0	0	0	0	2	1	0	1	1	0	10	35	13	H	1	43	B	12	72	135	34	10	0	0	0	0	77	35	490	45	0	9	10	3	0	14	50	18	0	0	0	0	0	0	0	0	0	0	0	45	38	0	8.41481743749587	8.32484295202178	14.0489879209712
23	C	0.0	0.0	65	180	0	0	1	0	0	2	0	0	0	0	0	9	15	17	H	1	10	B	11	58	204	29	9	0	0	0	0	78	35	650	79	1	10	10	3	0	6	48	16	0	0	0	0	0	0	0	0	0	0	0	50	41	1	14.0648274356145	8.40121200214029	13.5647458945731
20	C	0.0	0.0	65	165	0	0	0	0	0	2	2	0	0	0	0	10	35	17	H	1	63	B	13	70	177	22	12	0	0	0	0	76	27	600	56	1	10	10	2	0	5	56	17	0	0	1	0	0	0	0	0	0	0	1	47	39	0	4.73090214291697	4.66443541508758	8.53455831138807
19	C	0.0	0.0	70	120	0	0	0	0	0	5	0	0	0	0	0	12	15	13	H	1	33	B	11	60	129	22	12	1	0	0	0	78	28	230	52	0	5	6	6	0	7	54	14	0	0	0	0	0	0	0	0	0	0	0	47	31	0	5.91125102320956	4.54010194746156	9.75872884977142
23	C	0.0	0.0	62	118	0	0	2	0	1	0	1	0	0	0	0	9	25	40	H	1	17	B	12	40	127	26	8	1	0	0	0	75	30	275	48	0	10	10	3	0	9	66	20	0	0	0	0	0	0	0	0	0	0	0	44	38	0	4.24692211434435	3.76223873179309	11.9525915035559
23	C	0.0	0.0	63	170	0	0	0	1	0	1	3	0	2	0	0	12	15	13	H	1	23	B	12	70	189	23	11	0	0	0	0	83	36	450	75	1	8	10	2	0	7	57	19	0	0	0	0	0	0	0	0	0	0	0	48	39	0	4.21644306970378	4.71728139416803	9.09508401658412
17	C	0.0	0.0	64	136	0	0	0	0	0	0	0	0	1	0	0	10	5	10	H	1	27	B	13	60	147	21	12	0	0	0	0	77	32	505	45	1	10	10	3	0	12	60	20	0	0	0	0	0	0	0	0	0	0	0	46	43	1	8.35781773003451	3.90018698731702	8.61076642042261
33	C	3.0	15.0	64	185	0	1	1	0	0	2	3	0	0	0	0	7	25	13	H	1	30	B	12	80	215	49	9	1	0	0	4	82	29	470	52	0	10	10	3	0	4	58	17	0	0	0	0	0	0	0	0	0	0	0	44	37	0	15.0416522956856	14.3644681986432	6.20424043396318
32	C	0.0	0.0	65	114	0	0	2	0	0	0	0	0	0	0	0	9	25	30	H	1	13	B	12	70	125	33	6	0	0	0	0	74	33	380	51	0	10	10	4	0	10	54	19	0	0	0	0	0	0	0	0	0	0	0	43	40	1	15.7485644253668	8.31929022564614	16.1141673170418
41	C	10.0	23.0	63	168	0	0	2	0	0	3	1	0	0	0	1	5	45	30	B	1	40	B	13	90	189	46	8	0	0	0	0	79	39	650	62	0	9	10	3	0	8	64	19	0	0	0	0	0	0	0	0	0	0	0	46	38	1	11.5700646460205	3.59202535246634	10.3551044527171
25	C	0.0	0.0	63	160	0	0	0	0	0	2	2	0	0	0	0	12	25	20	H	1	30	B	13	50	177	26	8	0	0	0	0	83	38	570	66	1	9	9	3	0	6	54	18	0	0	0	0	0	0	0	0	0	0	0	49	41	0	5.76193364051302	6.42196076690237	11.684087920197
22	C	0.0	0.0	66	145	0	0	0	0	0	0	1	1	0	0	0	12	25	30	H	1	27	B	14	60	157	26	8	0	1	0	0	77	35	490	55	1	10	10	2	0	3	49	17	0	0	0	0	0	0	0	0	0	0	1	45	40	0	7.64037745749	8.13649800529752	13.5377172853664
22	C	0.0	0.0	64	130	0	0	0	0	0	1	0	0	1	0	0	8	35	18	H	1	37	B	11	50	164	27	8	0	0	0	0	83	32	430	76	0	9	10	3	0	7	62	20	0	0	0	0	0	0	0	0	0	0	0	47	38	0	3.02753846679328	3.2345572142929	8.33412071622232
19	C	0.0	0.0	66	153	0	0	0	0	0	0	0	0	1	0	0	12	5	15	H	1	30	B	11	68	180	21	12	0	0	0	0	77	33	480	58	0	10	10	2	0	4	72	23	0	0	0	0	0	0	0	0	0	0	1	46	39	0	-3.47012697897003	-2.34840583920859	1.31709249419404
22	C	0.0	0.0	62	96	0	0	1	0	0	1	0	0	0	0	0	10	35	10	H	1	63	B	15	58	112	25	14	0	0	0	0	82	35	410	63	1	9	10	3	0	3	53	15	0	0	0	0	0	0	0	0	0	0	1	41	41	0	0.909870543188028	3.99485960885781	5.47021110848479
16	C	0.0	0.0	63	102	0	0	1	0	1	1	0	0	1	0	0	9	15	15	G	1	23	B	13	70	125	18	8	0	0	0	0	79	31	360	48	1	10	10	3	0	4	53	16	0	0	0	0	0	0	0	0	0	0	0	46	37	1	12.2101774407665	5.72719794801635	9.58765881575158
25	C	1.0	3.0	67	178	0	0	1	0	2	0	0	0	0	0	0	10	25	13	H	1	17	B	13	54	201	30	8	2	0	0	0	77	33	375	46	0	10	10	2	0	7	58	17	0	0	0	0	0	0	0	0	0	0	0	47	41	1	6.28732698556297	4.40920858854253	8.89220087360241
29	C	0.0	9.0	66	187	0	0	1	0	2	0	2	1	0	0	0	10	45	20	H	1	47	B	13	80	209	34	7	2	1	0	0	79	39	300	47	1	9	10	3	0	8	65	18	0	0	0	0	0	0	0	0	0	0	0	47	38	1	10.4431356798522	2.26677628246568	7.76516085210737
19	C	0.0	0.0	64	135	0	0	2	0	1	0	0	0	1	0	0	11	25	30	H	1	40	B	12	58	160	22	12	0	1	0	0	72	31	300	53	1	10	10	3	0	5	54	14	0	0	0	0	0	0	0	0	0	0	0	44	37	0	7.06520077380622	6.83649411749992	12.7348759505618
29	C	0.0	0.0	67	182	0	0	0	0	0	0	1	0	0	1	0	8	45	35	H	1	30	B	16	54	195	29	8	0	0	0	0	72	28	525	59	0	10	10	3	0	3	67	19	0	0	0	0	0	0	0	0	0	0	1	45	41	0	-1.32243502838191	1.3708720798592	7.06906966523096
25	C	0.0	0.0	60	140	0	0	0	0	0	2	1	0	1	0	0	11	25	12	H	1	13	B	12	80	160	29	6	0	1	0	0	78	35	390	63	0	10	10	3	0	3	67	20	0	0	0	0	0	0	0	0	0	0	0	46	40	1	3.45432455845412	-0.593238381309861	2.31306322032591
22	C	0.0	0.0	64	132	0	1	0	0	0	2	0	0	0	1	0	7	35	17	H	1	30	B	12	92	164	31	6	0	0	0	0	80	34	300	60	1	8	9	3	0	4	58	18	0	0	0	0	0	0	0	0	0	0	0	46	42	0	16.8024420717449	14.9428975482326	7.60272995729915
29	C	2.0	10.0	65	118	0	0	2	0	1	0	1	0	0	0	0	10	15	15	H	1	20	B	12	78	148	33	7	0	0	0	0	77	34	275	62	0	10	10	3	0	8	73	25	0	0	1	0	0	0	0	0	0	0	0	45	39	0	-2.1416841295174	-1.70232517197205	3.39011023511199
21	C	0.0	0.0	62	135	0	0	0	0	0	0	2	0	1	0	0	10	25	10	H	1	17	B	13	64	148	25	9	0	1	0	0	78	33	375	49	1	9	10	3	0	8	57	17	0	0	0	0	0	0	0	0	0	0	0	50	40	0	5.20273458129832	4.42706898546741	8.35246578120881
21	C	0.0	0.0	63	122	0	0	2	0	1	0	1	0	0	0	0	12	25	15	H	1	20	B	13	50	134	23	9	0	0	0	0	76	34	515	51	1	10	10	3	0	8	58	19	0	0	0	0	0	0	0	0	0	0	0	46	40	1	11.4284856484717	4.90562856432237	10.0553267746092
29	C	3.0	9.0	61	130	0	0	2	0	0	1	1	0	0	0	0	6	25	30	H	1	47	B	12	96	165	40	12	3	0	1	1	82	36	370	45	1	6	10	3	0	2	61	20	0	0	0	0	0	0	0	0	0	0	1	47	38	0	1.90046268992712	3.08387557391657	7.64102081781179
25	C	0.0	0.0	64	160	0	0	0	0	2	2	0	0	0	0	0	12	25	20	H	1	17	B	15	80	181	26	9	0	0	0	0	79	34	445	62	0	8	10	3	0	11	65	23	0	0	0	0	0	0	0	0	0	0	0	46	42	0	1.5717073698592	3.25560769311948	10.0400378162418
17	C	0.0	0.0	62	135	0	0	1	0	0	0	0	0	0	0	0	9	5	15	H	1	37	B	13	40	154	22	12	0	0	0	0	78	35	425	50	0	9	10	3	0	5	69	22	0	0	0	0	0	0	0	0	0	0	0	45	45	0	0.816171560790832	-0.733106798915416	3.17183474646164
16	C	0.0	0.0	64	115	0	0	2	0	1	0	0	0	1	0	0	9	35	22	H	1	47	B	12	54	158	21	10	0	0	0	0	79	32	445	53	1	9	10	3	0	2	52	17	0	0	0	0	0	0	0	0	0	0	0	48	40	1	9.44759052167408	5.89295492435901	9.61745565877963
21	C	0.0	0.0	63	112	0	0	2	0	0	2	0	0	0	0	0	11	25	18	H	1	53	B	14	40	136	24	12	0	0	0	1	78	36	378	46	0	9	10	2	0	8	65	19	0	0	0	0	0	0	0	0	0	0	0	44	36	0	3.08048720281981	1.97239490401076	7.05594862596258
19	C	6.0	4.0	66	155	0	0	1	0	0	0	1	0	0	0	0	12	25	7	H	1	53	B	13	54	178	26	14	0	0	0	0	78	30	470	72	0	4	6	3	0	7	74	22	0	0	0	0	0	0	0	0	0	0	0	45	39	0	-7.22524285620009	-5.76641005665155	-3.02217391590818
21	C	1.0	3.0	65	143	0	1	1	0	1	0	0	0	0	0	0	10	15	23	H	1	33	B	12	70	153	25	12	0	0	0	0	79	41	560	47	0	10	10	3	0	2	64	20	0	0	0	0	0	0	0	0	0	0	0	47	42	0	12.4363968541242	12.3886673976896	5.01154503512542
19	C	0.0	0.0	62	115	0	0	0	0	0	0	0	0	0	0	0	10	25	13	H	1	40	B	13	50	135	21	12	0	0	0	0	78	30	375	37	0	9	9	3	0	7	61	20	0	0	0	0	0	0	0	0	0	0	0	44	39	0	1.98127926463345	2.91124201695796	6.97107279881752
23	C	9.0	5.0	65	192	0	0	3	0	2	0	0	0	0	0	0	12	15	20	H	1	33	B	10	70	212	24	12	0	0	0	0	79	33	625	73	1	10	10	3	0	10	59	19	0	0	0	0	0	0	0	0	0	0	2	47	41	0	5.21176331400448	5.35848255682412	11.6393861372829
34	C	4.0	4.0	65	130	0	0	2	0	0	1	3	0	2	0	0	5	25	35	H	1	30	B	14	48	143	38	7	0	0	0	0	78	36	460	45	0	10	10	2	0	7	50	16	0	0	0	0	0	0	0	0	0	0	0	45	36	0	8.61341181349502	9.15052502475108	16.2712477796642
17	C	2.0	3.0	62	100	0	0	2	1	1	0	0	0	0	0	0	9	25	23	H	1	37	B	13	44	117	26	11	0	0	0	0	80	34	545	48	0	9	9	3	0	8	57	16	0	0	0	0	0	0	0	0	0	0	0	46	36	1	14.0507862715143	5.95866931470165	12.0640182582904
27	C	0.0	0.0	63	108	0	0	2	0	0	1	1	0	1	0	0	12	35	20	H	1	33	B	13	62	134	23	10	0	1	0	0	79	38	575	59	1	9	9	3	0	4	49	13	0	0	1	0	0	0	0	0	0	0	1	45	40	0	5.98565226633308	7.57187486087571	12.1211814337032
26	C	5.0	6.0	69	177	0	0	0	0	0	0	0	0	1	0	0	11	25	15	H	1	37	B	13	60	218	28	10	0	0	0	0	77	35	625	55	1	9	9	3	0	1	77	20	0	0	0	0	0	0	0	0	0	0	0	48	46	1	-4.51012033189224	-6.05344175201724	-3.9152026219509
29	C	0.0	0.0	60	165	0	0	2	0	0	1	0	0	0	0	0	8	25	20	H	1	17	B	14	54	183	31	7	0	0	0	0	80	34	740	73	1	2	4	3	0	7	68	21	6	0	0	4	0	0	0	0	0	0	1	46	43	0	-0.943346433378451	-0.0774914529959272	6.67796700614009
19	C	0.0	0.0	62	122	0	0	0	0	0	2	0	0	0	0	0	9	55	20	H	1	37	B	12	48	149	22	9	0	0	0	0	78	33	560	48	1	7	10	3	0	6	68	21	0	0	0	0	0	0	0	0	0	0	0	48	43	0	0.78768486520232	0.590136910929009	5.67746085913281
18	C	2.0	1.0	53	127	0	0	1	0	0	2	1	0	0	0	1	9	15	33	H	1	30	B	14	64	140	20	12	0	0	0	0	76	33	400	50	0	10	10	2	0	2	65	18	0	0	0	0	0	0	0	0	0	0	0	44	41	0	1.25373424767507	1.78838681021936	6.88933191690578
17	C	0.0	0.0	64	160	0	0	0	0	0	2	0	0	0	0	0	9	5	20	H	1	30	B	11	44	170	23	12	0	0	0	0	81	30	410	29	0	10	10	3	0	7	55	19	0	0	0	2	0	0	0	0	0	0	3	45	37	0	6.00779247210192	6.29506746454715	11.8522316902327
30	C	10.0	12.0	64	140	0	0	1	0	0	2	0	0	1	0	1	9	35	20	H	1	30	B	13	86	161	31	4	1	0	0	0	76	36	590	59	1	10	10	3	0	3	65	20	0	0	0	0	0	0	0	0	0	0	0	46	42	0	2.14171552399424	1.16660667812929	5.32422027387864
21	C	0.0	0.0	65	98	0	0	2	0	0	2	0	0	0	0	0	12	15	10	H	1	23	B	13	66	110	22	11	0	0	0	0	82	35	340	52	0	8	10	3	0	5	58	19	0	0	0	0	0	0	0	0	0	0	1	45	37	0	1.49815302073952	3.24081000319104	6.15525465976128
23	C	0.0	0.0	63	138	0	0	2	0	0	0	2	0	0	0	0	7	35	60	H	1	23	B	13	50	150	37	8	0	1	0	0	76	35	475	38	0	10	10	2	0	4	69	20	0	0	0	0	0	0	0	0	0	0	0	45	41	0	-0.174138861151308	1.81773514217307	9.3815970102568
26	C	0.0	0.0	64	143	0	0	2	0	0	2	1	0	0	0	0	12	35	15	H	1	33	B	18	68	156	26	9	0	0	0	0	76	34	515	58	1	9	10	3	0	8	59	18	0	0	0	0	0	0	0	0	0	0	0	48	39	0	3.84896931340265	4.34372358556317	9.25640350939756
26	C	6.0	6.0	67	190	0	0	1	0	0	2	0	0	0	0	0	10	25	25	K	1	17	B	13	68	205	31	9	0	0	0	0	78	36	465	73	1	10	10	3	0	7	70	22	0	0	0	0	0	0	0	0	0	0	0	49	41	0	1.48284095279937	0.608755141774047	6.98105083285364
20	C	0.0	0.0	64	104	0	0	0	0	1	2	0	0	0	0	0	12	35	20	H	1	47	B	12	50	125	20	12	0	0	0	0	78	33	250	38	0	10	10	7	0	4	61	13	0	0	0	0	0	0	0	0	0	0	0	45	28	0	4.06513800621026	2.95725958599503	7.21910312387575
21	C	0.0	0.0	64	111	0	0	0	0	1	2	0	0	1	0	0	12	15	10	H	1	33	B	12	64	127	21	12	1	0	0	0	76	28	275	44	1	9	9	3	0	10	48	15	0	0	0	0	0	0	0	0	0	0	0	47	39	1	12.3085349665466	7.80390032863134	11.9806369346828
17	C	0.0	0.0	65	115	0	0	2	0	0	2	1	0	0	0	0	9	25	10	H	1	30	B	13	54	147	21	11	0	0	0	0	79	35	430	58	0	10	10	3	0	5	62	19	0	0	0	0	0	0	0	0	0	0	0	46	41	0	1.635810274732	1.53660653356128	4.31130154878709
30	C	0.0	0.0	66	127	0	0	0	0	0	0	1	0	0	0	1	14	35	17	H	1	33	B	13	68	142	39	7	1	0	0	0	76	30	350	43	0	10	10	2	0	9	56	19	0	1	0	0	0	0	0	0	0	0	1	47	36	0	3.91793683900308	5.98044667596625	11.54379446729
25	C	0.0	0.0	61	147	0	0	1	0	3	0	1	0	1	0	0	10	5	60	H	1	17	B	13	60	168	31	7	0	0	0	0	75	27	450	50	0	10	10	2	0	2	50	15	0	0	0	0	0	0	0	0	0	0	0	44	40	0	10.2278046516962	8.8204979145606	15.717366960452
30	C	0.0	0.0	64	179	0	0	2	0	2	0	3	0	0	0	0	10	35	27	H	1	33	B	12	80	185	35	7	0	0	0	0	76	39	475	75	0	9	10	3	0	4	66	20	0	0	0	0	0	0	0	0	0	0	0	46	39	0	3.29957145413306	1.6008933280016	6.94223589577288
34	C	10.0	19.0	69	119	0	0	0	0	0	0	0	0	1	0	0	12	25	12	H	1	47	B	16	64	140	34	12	0	1	0	0	82	38	440	49	0	9	10	3	0	3	55	17	0	0	0	0	0	0	0	0	0	0	0	46	41	0	4.03257941783972	3.88765167236891	6.22673435492506
25	C	0.0	0.0	66	125	0	0	0	0	0	0	0	0	0	0	0	12	25	20	H	1	47	B	12	62	144	26	12	0	0	0	0	76	32	340	47	0	9	10	4	0	10	60	20	0	0	0	0	0	0	0	0	0	0	0	46	38	0	4.38319333334088	4.77868354726251	10.8070887579312
19	C	0.0	0.0	65	145	0	0	2	0	0	3	0	0	0	0	0	9	45	30	H	1	50	B	12	50	159	25	10	1	0	0	0	73	29	290	41	1	9	10	2	0	7	56	16	0	0	0	0	0	0	0	0	0	0	0	47	38	1	11.9416908873427	6.46695318993161	12.8017659637088
20	C	6.0	2.0	64	155	0	1	1	0	0	0	0	0	0	0	0	12	35	15	H	1	47	B	12	60	202	23	12	0	0	0	0	79	33	425	39	0	8	10	3	0	11	37	11	0	0	0	0	0	0	2	0	0	0	1	44	41	0	22.0332699248383	22.7603754796963	16.7979398628388
22	C	5.0	4.0	62	120	0	0	2	0	0	2	0	0	0	0	0	12	25	13	H	1	57	B	13	48	141	22	12	0	0	0	0	78	29	450	74	1	10	10	3	0	8	68	22	0	0	0	0	0	0	0	0	0	0	0	45	40	0	-1.08479691494331	-0.118670401626378	3.89276026794767
25	C	0.0	0.0	64	123	0	0	0	0	0	0	0	0	1	0	1	12	25	20	H	1	37	B	14	60	139	23	11	0	0	0	0	79	35	570	55	1	10	10	3	0	2	66	21	0	1	0	0	0	0	0	0	0	0	1	47	42	0	3.10080434819727	0.275382898898127	3.85499279348152
23	C	0.0	4.0	66	121	0	0	2	0	0	0	1	0	2	0	0	11	45	20	H	1	60	B	13	60	159	28	12	0	0	0	0	77	32	565	66	1	10	10	4	0	6	50	15	0	0	0	2	0	0	0	0	0	0	2	46	41	0	7.72636810281971	7.4347836214953	12.1767382160698
19	C	2.0	1.0	63	120	0	0	0	1	0	5	0	0	0	0	0	12	35	7	H	1	37	B	11	30	122	44	10	0	0	0	0	78	35	450	52	1	10	10	3	0	1	68	18	0	0	0	0	0	0	0	0	0	0	0	44	38	1	-3.1162421227145	-3.41669299484007	-3.7272343736368
25	C	0.0	0.0	65	130	0	0	1	0	0	0	0	0	0	0	0	12	25	20	H	1	40	B	14	74	143	25	11	0	0	0	0	78	33	490	65	0	9	9	3	0	5	63	19	0	0	0	0	0	0	0	0	0	0	0	44	38	1	8.32064644078744	2.49583620418498	7.22686226454953
26	C	3.0	18.0	64	120	0	0	2	0	0	2	0	0	0	0	0	9	25	10	H	1	27	B	11	38	144	33	7	0	0	0	0	81	32	475	49	1	9	10	2	0	7	49	15	0	0	0	0	0	0	0	0	0	0	0	47	37	0	5.7114376387484	6.92137683224409	10.4120758254287
27	C	10.0	12.0	61	133	0	0	2	0	1	0	0	0	0	0	0	9	25	70	H	1	27	B	14	50	144	30	8	2	1	0	0	75	25	300	57	1	9	10	3	0	7	77	24	0	0	0	0	0	0	0	0	0	0	1	45	40	0	-0.136345339672706	-1.12661796101246	7.66850077355537
16	C	0.0	0.0	63	110	0	0	2	0	0	2	1	0	0	0	0	7	15	20	H	1	43	B	12	70	127	22	12	0	0	0	0	82	30	350	36	1	10	10	3	0	5	60	16	0	0	0	0	0	0	0	0	0	0	1	46	43	0	3.55838005628187	3.69779126989607	8.3862574368033
20	C	0.0	0.0	65	134	0	0	2	0	0	1	1	0	1	0	0	12	25	20	H	1	47	B	13	64	152	24	12	0	0	0	0	79	39	525	46	1	10	10	4	0	2	43	14	0	0	0	0	0	0	0	0	0	0	0	48	39	0	9.75472707567901	8.56965707529512	12.0445999069497
28	C	0.0	0.0	66	126	0	0	1	0	0	3	1	0	0	0	0	11	35	30	H	1	43	B	15	60	135	35	10	1	0	0	0	68	33	380	72	0	9	10	3	0	10	55	19	0	0	0	0	0	0	0	0	0	0	0	45	37	0	8.25403744825354	7.56393253815215	14.8167085353691
17	C	3.0	1.0	67	118	0	0	3	0	0	0	1	0	1	0	0	9	15	35	H	1	23	B	14	50	153	20	10	1	0	0	0	77	35	395	61	1	10	10	3	0	8	68	22	0	0	0	0	0	0	0	0	0	0	0	46	41	0	0.72738819646169	2.32640328318196	9.78990912255848
23	C	0.0	0.0	64	118	0	0	1	0	0	3	1	0	1	0	0	10	25	20	B	1	47	B	16	84	137	24	12	0	0	0	0	79	31	550	80	0	10	10	4	0	5	60	16	0	0	0	0	0	0	0	0	0	0	0	46	47	0	4.12599513038766	3.64656530262919	8.26409377686864
25	C	0.0	6.0	65	176	0	0	2	0	0	0	0	0	0	0	0	9	25	20	H	1	17	B	13	60	188	27	5	0	0	0	0	76	31	430	75	0	10	10	3	0	1	66	19	0	0	0	0	0	0	0	0	0	0	0	46	40	0	1.40104215176557	0.102298625247121	3.50216564848458
24	C	0.0	0.0	66	160	0	0	0	0	0	1	0	0	1	0	0	8	15	23	H	1	17	B	13	82	170	28	6	0	1	0	0	76	36	490	68	0	10	10	2	0	7	67	20	0	0	0	0	0	0	0	0	0	0	0	45	41	0	2.77351094348306	1.8257364749688	7.97543975705474
25	C	0.0	0.0	66	124	0	0	0	0	0	0	1	0	0	0	0	9	35	17	H	1	37	B	11	56	141	41	8	0	0	0	0	77	31	500	46	1	10	10	4	0	5	43	14	0	0	0	0	0	0	0	0	0	0	0	48	39	0	8.87179263911502	9.3181309994981	13.6857281380557
22	C	0.0	1.0	66	115	0	0	1	0	0	0	0	0	0	0	0	10	15	30	H	1	23	B	16	64	135	36	11	0	0	0	0	77	31	350	43	1	9	10	3	0	7	58	17	0	0	0	0	0	0	0	0	0	0	2	46	47	0	5.76616039019687	6.04856623266355	12.8583165652548
18	C	0.0	0.0	61	86	0	0	0	0	0	2	1	0	0	0	0	11	25	10	H	1	40	B	11	40	101	19	12	1	0	0	0	78	29	300	54	0	10	10	5	0	8	52	18	0	0	0	0	0	0	0	0	0	0	0	44	34	0	6.25215663350583	5.95992379970724	9.48842339970043
33	C	10.0	8.0	63	112	0	0	0	0	0	2	0	0	0	0	0	4	35	25	H	1	27	B	13	70	134	40	8	0	1	0	0	79	34	490	61	1	10	10	3	0	6	65	20	0	0	0	0	0	0	0	0	0	0	0	47	40	0	2.70803700001439	2.50936632766657	8.42262038370262
41	C	3.0	21.0	62	101	0	0	2	0	1	0	0	0	1	0	0	8	25	7	H	1	17	B	11	54	114	44	9	1	0	0	0	79	36	400	36	0	10	10	3	0	1	71	21	0	0	0	0	0	0	0	0	0	0	0	43	39	0	-6.26004336809347	-4.55991986535243	-4.52326120913519
25	C	0.0	0.0	64	122	0	1	0	0	0	0	0	0	0	0	0	12	15	20	H	1	20	B	12	56	136	27	10	2	0	0	0	76	33	410	40	1	10	10	2	0	9	49	18	0	0	0	0	0	0	0	0	0	0	0	48	34	1	14.45428067123	19.8601161292405	14.7204511660572
20	C	0.0	0.0	63	120	0	0	0	0	0	2	0	0	0	0	0	12	25	18	H	1	13	B	13	76	140	23	6	0	0	0	0	76	33	375	64	1	10	10	3	0	8	64	20	0	0	0	0	0	0	0	0	0	1	0	45	44	0	4.27940301095855	2.92319858607786	8.72650768407579
22	C	0.0	0.0	63	135	0	0	0	0	0	2	0	0	1	0	0	12	35	13	H	1	20	B	13	60	141	24	6	0	0	0	0	83	39	390	61	0	9	9	3	0	9	65	21	0	0	0	0	0	0	0	0	0	0	0	45	38	0	1.67136488503825	1.91017485753134	6.85535204371733
18	C	0.0	0.0	64	145	0	0	1	0	0	0	1	0	0	0	0	11	15	60	H	1	10	B	15	70	197	25	8	0	1	0	0	76	30	580	53	1	10	10	3	0	2	58	17	0	0	0	0	0	0	0	0	0	0	0	46	46	0	6.80722240878745	6.01034700635463	13.0099010055472
29	C	0.0	0.0	63	165	0	0	0	0	0	2	1	0	0	1	0	8	25	30	H	1	27	B	12	70	168	37	8	0	0	0	0	77	35	375	63	1	10	10	3	0	6	65	19	0	0	0	0	0	0	0	0	0	0	0	48	39	0	3.2243216807179	2.86291431973907	9.27740612937893
22	C	0.0	0.0	66	160	0	0	0	0	0	2	0	0	0	0	0	9	25	13	H	1	37	B	14	52	180	25	12	0	0	0	0	80	35	635	74	0	10	10	3	0	5	52	15	0	0	0	0	0	0	0	0	0	0	0	45	40	0	6.09646957308731	5.86942967329114	9.39209360994626
20	C	0.0	0.0	64	155	0	0	2	0	0	0	1	0	0	0	1	9	25	30	H	1	17	B	12	58	160	24	8	0	0	0	0	81	32	360	41	0	9	10	3	0	7	64	19	0	0	0	0	0	0	0	0	0	0	0	44	40	0	3.42316008610038	3.66631580320524	10.5632815162614
25	C	1.0	1.0	66	130	0	0	2	0	0	0	2	0	0	0	0	10	25	30	H	1	15	B	12	70	146	26	5	0	0	0	0	79	33	400	48	0	10	10	3	0	5	46	13	0	0	0	0	0	0	0	0	0	0	0	47	39	0	11.0993508370647	9.84718998251275	16.2179846372244
23	C	0.0	0.0	64	118	0	0	2	0	0	0	0	0	0	0	0	12	35	17	H	1	33	B	13	70	142	27	10	0	0	0	0	81	35	490	47	0	10	10	4	0	8	43	15	0	0	0	0	0	0	0	0	0	0	0	46	39	1	15.6702405314529	10.0911037257665	15.4291431351011
25	C	0.0	0.0	62	130	0	0	1	0	0	1	0	0	0	0	0	11	15	35	H	1	7	B	14	84	152	28	2	0	0	0	1	77	36	350	63	0	9	10	3	0	4	70	22	0	0	0	0	0	0	0	0	0	0	0	42	39	0	-0.326779985729042	0.604679593262102	7.1006567048216
29	C	0.0	0.0	63	132	0	0	1	0	0	2	0	0	0	0	1	9	25	20	H	1	23	B	14	52	147	43	4	0	0	0	0	78	36	450	65	0	10	10	3	0	7	58	17	0	0	0	0	0	0	0	0	0	0	0	47	42	0	4.55619476558611	5.24680303468992	10.9198647329638
25	C	9.0	4.0	64	137	0	0	1	0	0	2	0	0	0	0	0	10	35	20	H	1	23	B	13	60	152	43	8	0	0	0	0	77	30	385	44	0	10	10	2	0	5	60	18	0	0	0	0	0	0	0	0	0	0	0	44	45	1	7.35034494265636	3.95597613030977	9.00197655682562
24	C	0.0	0.0	64	154	0	0	0	0	1	2	1	1	0	0	0	11	25	23	H	1	30	B	9	40	167	36	11	0	0	0	0	77	31	530	30	0	9	10	3	0	6	50	20	0	0	0	0	0	0	0	0	0	0	0	46	40	1	13.8655102703341	8.10191687589264	13.7770304034894
32	C	0.0	0.0	64	132	0	0	0	0	0	2	0	0	0	0	1	10	25	30	H	1	13	B	13	64	154	33	6	0	0	0	0	75	31	440	48	0	10	10	2	0	7	70	21	0	0	0	0	0	0	0	0	0	0	0	46	40	0	1.34929769874222	1.01491366243441	7.96130213957843
21	C	5.0	5.0	60	115	0	0	1	0	0	2	1	0	0	0	0	7	25	40	H	1	23	B	14	60	137	24	6	0	0	0	0	76	22	520	73	1	10	10	5	0	10	60	18	0	0	0	0	0	0	0	0	0	0	0	47	42	0	7.19233516279372	6.42545031915189	14.7783452909224
18	C	0.0	0.0	63	105	0	0	0	0	0	2	0	0	0	0	0	10	15	15	H	1	33	B	12	56	123	26	10	0	0	0	0	82	33	415	81	1	10	10	3	0	5	64	18	0	0	0	0	0	0	0	0	0	0	0	49	43	0	2.02063260916304	1.55487397538313	5.55057346895472
20	C	4.0	1.0	64	120	0	0	3	0	0	3	0	0	0	0	0	12	15	30	H	1	20	B	15	46	134	21	11	1	0	0	0	81	35	480	48	1	5	10	3	0	11	50	18	0	0	0	0	0	0	0	0	0	0	0	48	39	1	15.2577986183817	9.8149689829938	17.7319545108179
17	C	0.0	1.0	64	137	0	0	0	0	0	0	1	0	1	0	0	9	35	20	H	1	30	B	11	70	168	28	5	0	0	0	0	88	33	580	56	1	10	10	3	0	6	52	16	0	0	0	0	0	0	0	0	0	0	0	49	37	0	6.99274232163728	7.13406533460558	12.4023634003109
27	C	6.0	8.0	66	126	0	0	0	0	0	1	0	0	1	0	0	8	25	23	H	1	27	B	15	68	152	48	7	0	1	0	0	76	30	365	72	1	10	10	3	0	2	73	26	0	0	0	0	0	0	0	0	0	0	0	48	39	1	1.22035951676164	-2.58574023629173	1.54523602625986
27	C	20.0	8.0	66	99	0	0	2	0	0	0	1	0	1	0	0	9	15	70	H	1	20	B	17	50	125	31	7	0	0	0	0	80	30	450	55	1	10	10	3	0	8	65	20	0	0	0	0	0	0	0	0	0	0	1	46	40	0	4.48486257591308	4.92094150630394	14.1707525645354
19	C	0.0	0.5	62	141	0	0	0	0	0	0	0	0	1	0	0	11	25	10	H	1	57	B	15	70	151	25	12	0	0	0	0	80	35	450	42	0	10	10	3	0	6	58	17	0	0	0	0	0	0	0	0	0	0	0	44	41	0	3.821742699634	3.06214844392549	5.69338093122463
38	C	0.0	0.0	63	150	0	2	1	0	0	0	0	0	0	0	0	9	15	55	H	1	20	B	13	60	201	66	3	0	0	0	0	74	32	250	57	1	9	10	3	0	6	50	16	0	0	0	0	0	0	0	0	0	0	0	43	38	0	21.5598674659043	20.7536566044218	17.4647778471677
27	C	15.0	9.0	62	106	0	0	0	0	0	2	1	0	1	0	0	12	35	20	H	1	37	B	15	52	132	35	10	0	1	0	0	77	35	320	40	0	10	10	2	0	7	62	20	0	0	0	0	0	0	0	0	0	0	0	45	39	1	9.30417715362687	3.45229864622066	8.86056203799011
21	C	0.0	0.0	64	128	0	0	2	0	0	0	0	0	0	0	0	14	25	30	H	1	47	B	11	58	143	24	12	0	0	0	0	75	30	570	78	1	10	10	3	0	5	53	17	0	0	0	0	0	0	0	0	0	0	0	46	41	0	6.65349202827122	7.10620131347795	12.8834508544481
22	C	0.0	0.0	65	125	0	0	0	0	0	1	1	0	1	0	0	11	25	17	H	1	17	B	13	54	133	30	8	0	0	0	0	80	38	350	50	0	10	10	3	0	6	58	19	0	1	0	0	0	0	0	0	0	0	6	46	36	0	5.53300371921874	4.7483474732795	9.75318960669805
19	C	0.0	0.0	61	100	0	0	0	0	0	0	0	0	0	0	0	9	45	28	H	1	50	B	14	70	141	20	11	0	0	0	0	82	34	375	55	0	10	10	3	0	7	60	17	0	0	0	0	0	0	0	0	0	0	0	45	40	0	6.28830845225795	4.77515932000944	10.9086476408553
21	C	10.0	4.0	66	101	0	0	0	0	0	2	3	0	0	0	0	12	15	20	H	1	30	B	13	70	121	23	10	0	0	0	0	77	34	450	71	1	8	10	3	0	8	53	17	0	0	1	0	0	0	0	0	0	0	0	44	41	0	5.97075781917746	7.24445733595927	13.0867864111335
22	C	0.0	4.0	64	121	0	0	2	0	0	2	0	0	0	0	0	12	25	13	H	1	47	B	12	66	134	28	12	0	0	0	0	81	31	375	63	0	10	10	3	0	2	63	19	0	0	0	0	0	0	0	0	0	0	0	47	44	1	2.39419261906948	0.532412838200928	2.64703662858242
24	C	0.0	0.0	64	144	0	0	0	0	0	0	0	0	1	0	0	9	25	30	H	1	23	B	13	64	180	34	5	0	0	0	0	83	34	435	42	0	10	10	3	0	5	51	17	0	0	0	0	0	0	0	0	0	0	0	48	44	0	10.8093405581881	8.11420965183813	14.3259850088628
22	C	0.0	3.0	64	115	0	0	2	0	0	1	0	0	1	0	0	13	15	15	H	1	43	B	14	50	134	24	12	0	0	0	0	78	30	420	64	1	10	10	3	0	1	68	21	0	0	0	0	0	0	0	0	0	0	0	46	39	0	-2.48293797352133	-1.73967072468387	0.329901122392481
18	C	3.0	1.0	66	135	0	0	0	0	1	0	1	0	0	0	0	12	45	10	H	1	53	B	13	48	158	21	12	0	0	0	0	83	37	375	56	0	10	10	2	0	12	75	22	0	0	0	0	0	0	0	0	0	0	0	43	40	0	-4.32972950961693	-3.24470864112233	0.944213293488587
16	C	0.0	0.0	57	83	0	0	1	0	0	0	0	0	0	0	0	9	15	27	H	1	23	B	14	40	100	28	10	0	0	0	0	78	35	320	43	0	4	9	3	0	3	58	18	0	0	0	0	0	0	0	0	0	0	0	43	38	0	5.58088107750888	4.75063981503043	9.90807212881725
17	C	0.0	0.0	54	76	0	0	2	0	0	0	0	0	0	0	0	9	5	15	H	1	0	B	14	60	96	20	5	1	0	0	0	72	38	330	61	1	8	9	3	0	5	66	22	0	0	0	0	0	0	0	0	0	0	0	45	39	1	4.87712653003028	1.11620461340599	5.70757351150189
21	C	2.0	1.0	67	137	0	0	1	0	0	2	1	0	0	0	0	12	25	18	H	1	47	B	16	60	172	27	12	0	1	0	0	78	31	445	58	0	10	10	3	0	2	70	22	0	0	0	0	0	0	0	0	0	0	0	45	42	1	1.58776693652651	-1.90037144942704	1.17702784704704
22	C	0.0	0.0	64	128	0	0	0	0	0	2	0	0	1	0	0	9	35	13	H	1	23	B	12	70	145	32	7	0	0	0	0	78	33	480	57	1	10	10	3	0	5	61	18	0	0	0	0	0	0	0	0	0	0	1	46	39	0	4.14967298510582	2.633278590703	6.37714648594244
17	C	0.0	0.0	63	116	0	0	1	0	0	2	0	0	0	0	0	10	5	25	H	1	17	B	12	50	140	21	11	0	0	0	0	79	35	425	52	0	9	10	3	0	5	63	18	0	0	0	0	0	0	0	0	0	0	0	45	39	1	8.87490476493325	3.24211874501115	9.02135917553305
31	C	0.0	0.0	65	175	0	0	2	0	0	0	1	0	0	0	0	6	15	45	H	1	17	B	13	60	185	33	3	1	0	0	0	78	32	530	50	0	10	10	3	0	2	60	18	0	0	0	0	0	0	0	0	0	0	0	44	40	0	5.05795501059041	4.62566437598052	10.7827832700894
25	C	0.0	3.0	62	119	0	0	1	0	0	0	2	0	1	0	0	10	15	18	H	1	30	B	13	68	145	31	12	1	1	0	0	78	28	385	49	0	9	10	3	0	1	53	16	0	0	0	0	0	0	0	0	0	0	0	43	39	0	5.92096609399338	4.91497398035625	7.81689259342533
31	C	0.0	8.0	64	130	0	0	0	0	1	0	1	0	1	0	0	10	45	27	H	1	30	B	12	70	173	34	8	0	0	0	0	79	30	340	52	1	4	8	2	0	6	66	21	0	0	0	0	0	0	0	0	0	0	0	45	38	0	1.93735702204947	1.01417455394775	8.09389457259133
30	C	0.0	0.0	62	110	0	0	2	0	0	0	1	0	1	0	0	7	45	30	H	1	37	B	14	68	131	35	6	2	0	0	0	72	27	375	49	0	10	10	2	0	5	62	19	0	0	0	0	0	0	0	0	0	0	0	47	42	0	3.65645307390105	3.75640961429904	9.68117381343425
22	C	0.0	0.0	64	150	0	0	0	0	0	0	1	1	0	0	0	8	25	11	H	1	20	B	13	60	185	37	8	0	0	0	0	80	34	460	50	0	10	10	3	0	10	40	14	0	0	0	0	0	0	2	0	0	0	1	47	39	1	14.33904447645	10.5533053966176	15.2936424305765
21	C	0.0	0.0	63	105	0	0	0	0	0	1	0	0	1	0	1	8	35	25	H	1	20	B	12	40	115	26	6	0	0	0	0	67	23	420	62	1	10	10	3	0	2	65	22	0	0	0	0	0	0	0	0	0	0	0	45	38	0	1.04588126493879	1.38436332360971	5.90822998609923
30	C	0.0	0.0	65	160	0	0	0	0	0	0	0	0	0	0	0	6	25	18	H	1	27	B	11	60	159	31	8	1	1	1	0	77	36	525	58	0	10	10	3	0	2	65	23	0	0	0	0	0	0	0	0	0	0	0	44	39	1	4.21504118488551	0.627319560283266	4.08089804849053
29	C	10.0	11.0	64	126	0	0	2	0	0	0	0	0	1	0	0	10	25	37	H	1	30	B	12	50	156	14	8	0	0	0	0	82	40	465	62	1	10	10	3	0	10	60	19	0	0	0	0	0	0	0	0	0	0	0	45	40	1	14.6859143758279	6.19211620745474	14.21719631272
21	C	0.0	0.0	60	95	0	0	1	0	0	1	0	0	1	0	0	9	25	30	H	1	13	B	14	64	110	23	6	0	0	0	0	80	34	375	68	1	10	10	3	0	5	56	18	0	0	0	0	0	0	0	0	0	0	0	44	45	1	12.3953233594594	6.4480492368714	12.8256445469586
22	C	0.0	0.0	63	115	0	0	2	0	0	0	0	0	0	0	1	12	15	20	H	1	43	B	13	40	127	22	13	0	0	0	0	79	35	600	68	0	10	10	3	0	6	61	21	0	0	0	0	0	0	0	0	0	0	0	47	39	1	9.50140206771808	3.54942847276424	8.55634757228519
21	C	0.0	0.0	66	117	0	3	1	0	0	0	0	0	3	0	0	12	5	15	H	1	17	B	14	54	141	23	9	0	1	0	0	67	30	500	48	0	6	10	3	0	1	53	13	0	0	0	1	0	0	0	0	0	0	2	45	39	1	5.55268743545682	15.6025370712139	6.75448616787326
30	C	2.0	7.0	61	115	0	0	1	0	0	0	0	0	0	0	1	8	25	20	H	1	17	B	12	70	117	25	9	0	0	0	0	78	31	300	56	1	10	10	3	0	4	73	25	0	0	0	0	0	0	0	0	0	0	0	48	33	0	-3.98238395574522	-2.06300555467452	2.68898369514869
18	C	0.0	0.0	68	127	0	0	2	1	0	2	0	0	0	0	0	12	35	25	H	1	57	B	12	90	153	19	12	0	0	0	0	68	25	380	45	0	7	10	3	0	9	68	19	0	0	0	0	0	0	0	0	0	0	0	45	38	1	8.73143089812195	1.45636002036879	7.66460690041758
22	C	10.0	2.0	65	105	0	0	0	0	0	2	0	0	0	0	0	12	25	13	H	1	43	B	13	50	122	24	14	0	0	0	0	78	35	325	40	1	9	10	3	0	6	57	17	0	0	0	0	0	0	0	0	0	0	0	47	38	0	3.76836816414912	4.21980606890188	7.94186410632147
22	D	0.0	4.0	63	135	0	0	1	0	0	4	1	2	1	1	0	10	15	40	H	1	20	B	14	60	170	24	8	0	0	0	0	80	29	625	56	1	9	9	3	0	10	55	21	0	0	1	0	0	0	0	0	0	0	1	48	38	0	7.39976402522442	8.39682863095635	16.8206393214496
20	C	0.0	0.0	64	109	0	0	0	0	0	0	0	0	1	0	0	12	15	20	H	1	20	B	15	60	132	24	11	0	0	0	0	78	32	400	57	1	10	10	3	0	3	62	18	0	0	0	0	0	0	0	0	0	0	0	45	44	0	1.63988598316131	2.57755594599866	6.92621018724759
30	C	0.0	0.0	63	129	0	0	0	0	0	1	0	0	0	0	0	11	25	33	H	1	37	B	11	84	161	31	8	1	0	1	0	79	31	400	49	0	10	10	3	0	9	63	20	0	0	0	0	0	0	0	0	0	0	0	45	35	0	3.03280398256299	4.44885262039515	11.7875776110259
17	C	0.0	0.0	61	105	0	0	0	0	1	0	0	0	0	0	0	10	15	10	H	1	30	B	12	70	129	22	12	0	0	0	0	78	34	295	52	1	5	9	3	0	6	65	21	0	0	0	3	0	0	0	0	0	0	2	47	38	0	-1.10409933209291	0.513958238197034	3.59952985599155
21	C	1.0	1.0	64	145	0	0	3	0	0	0	0	0	0	0	1	11	45	10	H	1	60	B	12	60	157	24	15	0	0	0	0	77	28	425	51	1	9	10	3	0	2	53	18	0	0	0	0	0	0	0	0	0	0	0	47	38	0	4.6033372484485	3.67258550042715	4.75159306323806
18	C	3.0	1.0	67	160	0	0	1	0	0	5	1	0	0	0	0	10	35	18	H	1	23	B	10	78	186	23	9	0	0	0	0	79	30	400	50	0	7	9	4	0	7	49	16	0	0	0	2	0	0	0	0	0	0	1	45	44	0	8.5592054823394	8.26394484126221	13.656339303928
21	C	0.0	0.0	63	127	0	0	0	0	0	2	0	0	0	0	0	11	25	15	H	1	47	B	15	70	147	23	13	1	0	0	0	79	32	280	48	0	10	10	3	0	4	61	19	0	0	0	0	0	0	0	0	0	0	0	44	41	0	1.55669229599291	2.35318974528602	5.75862165938155
24	C	0.0	0.0	65	145	0	0	0	0	0	2	0	0	0	0	0	10	25	23	H	1	63	B	14	36	161	26	14	0	0	0	0	72	28	475	75	0	5	9	3	0	4	57	17	0	0	0	0	0	0	0	0	0	0	0	46	37	0	3.7477578428284	4.62246275021239	9.01656136599093
33	C	0.0	0.0	67	113	0	0	1	0	0	1	0	0	0	0	0	11	15	12	H	1	37	B	14	60	140	31	14	0	0	0	0	79	30	440	80	1	8	9	3	0	7	62	21	0	0	0	0	0	0	0	0	0	0	0	46	40	0	3.60439234778266	2.35845578693983	6.21593866269642
22	C	0.0	0.0	66	114	0	0	2	0	0	2	0	0	1	0	0	11	25	30	H	1	27	B	13	50	135	31	7	0	0	1	0	78	34	680	77	0	10	10	2	0	8	66	21	0	0	0	0	0	0	0	0	0	0	0	48	39	0	1.54378842479122	2.88545657626904	9.87321811240734
27	C	0.0	0.0	60	186	0	0	2	0	0	0	1	0	0	0	0	7	25	45	H	1	13	B	12	96	187	31	6	0	1	0	0	79	33	480	48	0	10	10	3	0	5	57	17	0	0	0	0	0	0	0	0	0	0	0	45	40	0	5.83716439385496	6.81562928047516	14.2493728340315
21	C	0.0	0.0	67	140	0	0	2	0	0	1	1	0	1	0	0	12	25	15	H	1	27	B	14	60	157	33	8	0	0	0	0	82	34	470	53	1	10	10	2	0	1	56	18	4	0	0	0	0	0	0	0	0	0	1	47	39	1	6.8611453734396	3.46894568938003	5.86743514654752
24	E	0.0	0.0	62	130	0	0	0	0	0	2	0	0	0	0	0	12	25	20	H	1	17	B	14	80	153	44	9	1	0	0	0	81	37	520	49	1	10	10	3	0	5	58	17	0	0	1	2	0	0	0	0	0	0	1	46	40	1	9.79645684097724	4.82752933607942	9.98894175651424
33	C	5.0	15.0	63	137	0	0	0	0	0	0	2	0	0	0	0	11	25	18	H	1	27	B	11	50	152	35	7	2	1	1	0	80	28	340	51	0	9	10	3	0	7	60	18	0	0	1	0	0	0	0	0	0	0	0	46	38	1	10.9102217929334	4.18391828893503	9.46944050799325
36	C	10.0	22.0	60	110	0	0	1	0	0	2	1	0	0	0	0	6	35	45	H	1	23	B	11	90	129	36	7	0	0	0	0	79	32	350	63	1	8	9	2	0	5	62	20	0	0	0	0	0	0	0	0	0	0	0	46	38	1	12.444005276395	4.68480613536955	11.9198260668847
18	C	0.0	0.0	65	110	0	0	0	0	0	2	1	0	0	0	0	11	45	20	H	1	53	B	12	70	114	20	12	1	1	0	0	80	33	375	40	0	8	10	4	0	6	63	20	0	0	0	0	0	0	0	0	0	0	0	45	37	0	1.91901639417223	2.58783599866032	7.41046159079371
